{
  "average_entropy_rate": 0.0,
  "entropy_rate": [
    0.0,
    0.0,
    0.0,
    0.0,
    0.0,
    0.0,
    0.0,
    0.0,
    0.0,
    0.0,
    0.0,
    0.0,
    0.0,
    0.0,
    0.0,
    0.0,
    0.0,
    0.0,
    0.0,
    0.0,
    0.0,
    0.0,
    0.0,
    0.0,
    0.0,
    0.0,
    0.0,
    0.0,
    0.0,
    0.0,
    0.0,
    0.0,
    0.0,
    0.0,
    0.0,
    0.0,
    0.0,
    0.0,
    0.0,
    0.0,
    0.0
  ],
  "estimated_posterior_probability": 50.0,
  "input": "./smaller_in/Guten_index2790.txt",
  "prevalence_assumed": 0.5,
  "process_length": 80000,
  "gutenberg": {
    "id": 2790,
    "title": "Христо Ботев, Стихотворения",
    "authors": [
      {
        "name": "Botev, Khristo",
        "birth_year": 1848,
        "death_year": 1876
      }
    ],
    "summaries": [
      "\"Христо Ботев, Стихотворения\" by Khristo Botev is a collection of poems written during the late 19th century, specifically around the time of Bulgaria's struggle for independence from Ottoman rule. This work encapsulates themes of patriotism, sacrifice, and the emotional turmoil of a nation yearning for freedom. Botev, a notable figure in Bulgarian literature and a revolutionary, uses his poetry to convey deep feelings of love for his homeland, the pain of separation, and the noble quest for liberty.  The collection consists of various poignant pieces showcasing Botev's mastery of language and emotional depth. Through intimate verses like \"On Parting,\" the poet expresses a heartfelt farewell to his mother as he embarks on a fight for freedom, while in \"Elegy,\" he reflects on the pain and suffering of his people under oppression. The poem \"The Hanging of Vassil Levski\" pays tribute to a national hero, emphasizing themes of martyrdom and national identity. Overall, Botev's work captures the essence of the Bulgarian fight for independence, intertwining personal grief with national struggle, and leaving a lasting impact on Bulgarian literature and cultural consciousness. (This is an automatically generated summary.)"
    ],
    "editors": [],
    "translators": [],
    "subjects": [
      "Poetry"
    ],
    "bookshelves": [
      "Category: Poetry"
    ],
    "languages": [
      "bg"
    ],
    "copyright": false,
    "media_type": "Text",
    "formats": {
      "text/html": "https://www.gutenberg.org/ebooks/2790.html.images",
      "application/epub+zip": "https://www.gutenberg.org/ebooks/2790.epub3.images",
      "application/x-mobipocket-ebook": "https://www.gutenberg.org/ebooks/2790.kf8.images",
      "text/plain; charset=us-ascii": "https://www.gutenberg.org/ebooks/2790.txt.utf-8",
      "application/rdf+xml": "https://www.gutenberg.org/ebooks/2790.rdf",
      "image/jpeg": "https://www.gutenberg.org/cache/epub/2790/pg2790.cover.medium.jpg",
      "application/octet-stream": "https://www.gutenberg.org/files/2790/2790-0.zip"
    },
    "download_count": 345
  }
}