{
  "average_entropy_rate": 0.3621716023924128,
  "entropy_rate": [
    0.6787581202300783,
    0.0,
    0.6745556495420746,
    0.0,
    0.0,
    0.0,
    0.0,
    0.0,
    0.0,
    0.662266172104766,
    0.0,
    0.7974991576237571,
    0.0,
    0.0,
    0.0,
    0.0,
    0.0,
    0.6801804476494479,
    0.0,
    0.0,
    0.0,
    0.0,
    0.8821573728487523,
    0.6670812078834137,
    0.0,
    0.0,
    0.844215345137098,
    0.0,
    0.0,
    0.971486716977554,
    0.0,
    0.8982516905594792,
    0.8152316140554237,
    0.7055917196004955,
    0.6671568496357946,
    0.837529601540524,
    0.6613815668878971,
    0.6829947747255943,
    0.8651421893468091,
    0.9249398721962155,
    0.9326156295437508
  ],
  "estimated_posterior_probability": 63.57396697998047,
  "input": "./smaller_in/Guten_index1132.txt",
  "prevalence_assumed": 0.5,
  "process_length": 80000,
  "gutenberg": {
    "id": 1132,
    "title": "Timon of Athens",
    "authors": [
      {
        "name": "Shakespeare, William",
        "birth_year": 1564,
        "death_year": 1616
      }
    ],
    "summaries": [
      "\"Timon of Athens\" by William Shakespeare is a play written around 1606. A generous Athenian nobleman lavishes his fortune on friends and flatterers until his wealth runs dry. When he seeks help in his time of need, those he once enriched turn their backs on him. Betrayed and embittered, Timon renounces humanity itself, retreating to a desolate cave where he discovers gold and confronts those who wronged him. This dark exploration of friendship, ingratitude, and misanthropy follows one man's devastating fall from grace. (This is an automatically generated summary.)"
    ],
    "editors": [],
    "translators": [],
    "subjects": [
      "Athens (Greece) -- Drama",
      "Timon of Athens (Legendary character) -- Drama",
      "Tragedies (Drama)"
    ],
    "bookshelves": [
      "Category: British Literature",
      "Category: Classics of Literature",
      "Category: Plays/Films/Dramas"
    ],
    "languages": [
      "en"
    ],
    "copyright": false,
    "media_type": "Text",
    "formats": {
      "text/html": "https://www.gutenberg.org/ebooks/1132.html.images",
      "application/epub+zip": "https://www.gutenberg.org/ebooks/1132.epub3.images",
      "image/jpeg": "https://www.gutenberg.org/files/1132/cover.jpg",
      "application/x-mobipocket-ebook": "https://www.gutenberg.org/ebooks/1132.kf8.images",
      "text/plain; charset=us-ascii": "https://www.gutenberg.org/ebooks/1132.txt.utf-8",
      "application/rdf+xml": "https://www.gutenberg.org/ebooks/1132.rdf",
      "application/octet-stream": "https://www.gutenberg.org/cache/epub/1132/pg1132-h.zip"
    },
    "download_count": 262
  }
}