{
  "average_entropy_rate": 0.27654833451065697,
  "entropy_rate": [
    0.0,
    0.0,
    0.0,
    0.0,
    0.0,
    0.0,
    0.0,
    0.6507222555531306,
    0.8539312417916594,
    0.0,
    0.0,
    0.0,
    0.0,
    0.0,
    0.0,
    0.0,
    0.0,
    0.0,
    0.0,
    0.6962230654522927,
    0.0,
    0.8446198934908545,
    0.7282823847025551,
    0.9222679604531441,
    0.0,
    0.0,
    0.6288056290641627,
    0.0,
    0.0,
    0.0,
    0.0,
    0.6385949110675541,
    0.8320380172638956,
    0.8961976115244726,
    0.0,
    0.7179236109039018,
    0.7463070429764411,
    0.892738356463277,
    0.0,
    0.6537258236355633,
    0.6361039105940309
  ],
  "estimated_posterior_probability": 59.48754119873047,
  "input": "./smaller_in/Guten_index4189.txt",
  "prevalence_assumed": 0.5,
  "process_length": 80000,
  "gutenberg": {
    "id": 4189,
    "title": "Diary of Samuel Pepys — Volume 65: May 1668",
    "authors": [
      {
        "name": "Pepys, Samuel",
        "birth_year": 1633,
        "death_year": 1703
      }
    ],
    "summaries": [
      "\"Diary of Samuel Pepys — Volume 65: May 1668\" by Samuel Pepys is a historical account written during the 17th century, specifically the Restoration period in England. The book is structured as a diary, chronicling Pepys' daily life, experiences, and observations, providing insight into the political, social, and cultural landscape of his time. It likely covers topics such as the events of the English Parliament, personal anecdotes involving prominent figures, and reflections on theater productions.  In this volume, Pepys documents a variety of activities throughout May 1668, including his work at the Admiralty, social outings, and the political tensions between the Houses of Lords and Commons regarding the East India Company. The diary entries reflect Pepys' engagement with daily life, from attending plays and dining with friends to noting significant moments in Parliament, such as debates and the implications of laws being passed. Pepys shares his thoughts on personal matters, including his observations on friends and acquaintances, as well as his interactions with notable figures like Sir W. Pen and the Duke of York. Through his meticulous account of the month's events, readers gain a vivid portrayal of life in Restoration England, marked by both public affairs and private reflections. (This is an automatically generated summary.)"
    ],
    "editors": [
      {
        "name": "Wheatley, Henry B. (Henry Benjamin)",
        "birth_year": 1838,
        "death_year": 1917
      },
      {
        "name": "Braybrooke, Richard Griffin, Baron",
        "birth_year": 1783,
        "death_year": 1858
      }
    ],
    "translators": [
      {
        "name": "Bright, Mynors",
        "birth_year": 1818,
        "death_year": 1883
      }
    ],
    "subjects": [
      "Cabinet officers -- Great Britain -- Diaries",
      "Diarists -- Great Britain -- Diaries",
      "Great Britain -- History -- Charles II, 1660-1685 -- Sources",
      "Great Britain -- Social life and customs -- 17th century -- Sources",
      "Pepys, Samuel, 1633-1703 -- Diaries"
    ],
    "bookshelves": [
      "Category: Biographies",
      "Category: History - British",
      "Category: History - Early Modern (c. 1450-1750)"
    ],
    "languages": [
      "en"
    ],
    "copyright": false,
    "media_type": "Text",
    "formats": {
      "text/html": "https://www.gutenberg.org/ebooks/4189.html.images",
      "application/epub+zip": "https://www.gutenberg.org/ebooks/4189.epub3.images",
      "application/x-mobipocket-ebook": "https://www.gutenberg.org/ebooks/4189.kf8.images",
      "text/plain; charset=us-ascii": "https://www.gutenberg.org/ebooks/4189.txt.utf-8",
      "application/rdf+xml": "https://www.gutenberg.org/ebooks/4189.rdf",
      "image/jpeg": "https://www.gutenberg.org/cache/epub/4189/pg4189.cover.medium.jpg",
      "application/octet-stream": "https://www.gutenberg.org/files/4189/4189.zip"
    },
    "download_count": 241
  }
}