{
  "average_entropy_rate": 0.3413261489287291,
  "entropy_rate": [
    0.0,
    0.0,
    0.0,
    0.0,
    0.0,
    0.0,
    0.0,
    0.9160696414557582,
    0.0,
    0.6101515173001751,
    0.0,
    0.0,
    0.900881232930201,
    0.0,
    0.0,
    0.0,
    0.6978477068080376,
    0.855945575940741,
    0.0,
    0.8490557423197314,
    0.0,
    0.0,
    0.7979908485312844,
    0.0,
    0.0,
    0.6577580596760608,
    0.0,
    0.0,
    0.0,
    0.0,
    0.6384525286012193,
    0.0,
    0.9117086012606829,
    0.7821512091253222,
    0.8220747541390232,
    0.9251128015465241,
    0.7455999921430975,
    0.6893559596569031,
    0.830013722950893,
    0.6831286787129728,
    0.6810735329792654
  ],
  "estimated_posterior_probability": 62.511573791503906,
  "input": "./smaller_in/Guten_index2284.txt",
  "prevalence_assumed": 0.5,
  "process_length": 80000,
  "gutenberg": {
    "id": 2284,
    "title": "Animal Heroes",
    "authors": [
      {
        "name": "Seton, Ernest Thompson",
        "birth_year": 1860,
        "death_year": 1946
      }
    ],
    "summaries": [
      "\"Animal Heroes\" by Ernest Thompson Seton is a collection of animal stories that was likely written in the late 19th century, showcasing tales of bravery and loyalty in the animal kingdom. Each story draws from real-life accounts of animal heroes, illustrating their remarkable abilities and emotional depth, making this work appealing to those interested in both nature and storytelling.  The beginning of \"Animal Heroes\" introduces the reader to the central premise of the book, emphasizing the concept of heroism across species. It highlights a diverse range of animal characters, starting with the tale of a stray Slum Cat navigating the challenges of survival in a harsh urban environment, offering a glimpse into the emotional struggles and determination of the character. The narrative weaves vivid descriptions of life in Scrimper's Alley, where the cat strives to care for its offspring amidst the trials presented by competition and danger. This opening sets the stage for a journey through various animal stories that celebrate courage, resourcefulness, and the bonds of family, enticing readers with adventure and sentimentality. (This is an automatically generated summary.)"
    ],
    "editors": [],
    "translators": [],
    "subjects": [
      "Animals -- Anecdotes",
      "Animals -- Fiction",
      "Animals -- Folklore"
    ],
    "bookshelves": [
      "Category: Nature/Gardening/Animals",
      "Category: Short Stories",
      "Children's Instructional Books"
    ],
    "languages": [
      "en"
    ],
    "copyright": false,
    "media_type": "Text",
    "formats": {
      "text/html": "https://www.gutenberg.org/ebooks/2284.html.images",
      "text/html; charset=iso-8859-1": "https://www.gutenberg.org/files/2284/2284-h/2284-h.htm",
      "application/epub+zip": "https://www.gutenberg.org/ebooks/2284.epub3.images",
      "application/x-mobipocket-ebook": "https://www.gutenberg.org/ebooks/2284.kf8.images",
      "text/plain; charset=us-ascii": "https://www.gutenberg.org/ebooks/2284.txt.utf-8",
      "text/plain; charset=iso-8859-1": "https://www.gutenberg.org/files/2284/2284-8.txt",
      "application/rdf+xml": "https://www.gutenberg.org/ebooks/2284.rdf",
      "image/jpeg": "https://www.gutenberg.org/cache/epub/2284/pg2284.cover.medium.jpg",
      "application/octet-stream": "https://www.gutenberg.org/cache/epub/2284/pg2284-h.zip"
    },
    "download_count": 492
  }
}