{
  "average_entropy_rate": 0.21709700939008397,
  "entropy_rate": [
    0.0,
    0.3904510104473236,
    0.6269043870081308,
    0.0,
    0.0,
    0.0,
    0.0,
    0.0,
    0.0,
    0.0,
    0.0,
    0.0,
    0.6322001738362754,
    0.6619494979419774,
    0.6194506245053597,
    0.4527936001422219,
    0.0,
    0.0,
    0.6194506245053597,
    0.0,
    0.0,
    0.0,
    0.0,
    0.0,
    0.6794453157892173,
    0.0,
    0.0,
    0.0,
    0.0,
    0.0,
    0.0,
    0.0,
    0.6060877992655025,
    0.6403169418696844,
    0.6366309667865114,
    0.6022011252587198,
    0.666454960012292,
    0.0,
    0.4527936001422219,
    0.613846757482644,
    0.0
  ],
  "estimated_posterior_probability": 57.03675079345703,
  "input": "./smaller_in/Guten_index1582.txt",
  "prevalence_assumed": 0.5,
  "process_length": 80000,
  "gutenberg": {
    "id": 1582,
    "title": "The Bible, Douay-Rheims, New Testament",
    "authors": [],
    "summaries": [
      "\"The Bible, Douay-Rheims, New Testament\" is an English translation published in 1582. Created by English Catholic scholars at the College of Douai as part of the Counter-Reformation, this translation rendered the Latin Vulgate into Early Modern English. Published in Rheims with extensive commentary and notes, it represented the first authorized Catholic Bible translation for English-speaking believers during a turbulent religious era. The work influenced later English Bibles, including the King James Version, and continues to hold significance for traditional Catholic readers today. (This is an automatically generated summary.)"
    ],
    "editors": [],
    "translators": [],
    "subjects": [
      "Bible. New Testament"
    ],
    "bookshelves": [
      "Category: Religion/Spirituality"
    ],
    "languages": [
      "en"
    ],
    "copyright": false,
    "media_type": "Text",
    "formats": {
      "text/html": "https://www.gutenberg.org/ebooks/1582.html.images",
      "application/epub+zip": "https://www.gutenberg.org/ebooks/1582.epub3.images",
      "application/x-mobipocket-ebook": "https://www.gutenberg.org/ebooks/1582.kf8.images",
      "text/plain; charset=us-ascii": "https://www.gutenberg.org/ebooks/1582.txt.utf-8",
      "application/rdf+xml": "https://www.gutenberg.org/ebooks/1582.rdf",
      "image/jpeg": "https://www.gutenberg.org/cache/epub/1582/pg1582.cover.medium.jpg",
      "application/octet-stream": "https://www.gutenberg.org/cache/epub/1582/pg1582-h.zip"
    },
    "download_count": 330
  }
}