{
  "average_entropy_rate": 0.19241631980471657,
  "entropy_rate": [
    0.0,
    0.0,
    0.0,
    0.0,
    0.0,
    0.0,
    0.0,
    0.5180876604242608,
    0.741835833631456,
    0.0,
    0.0,
    0.0,
    0.0,
    0.0,
    0.0,
    0.6244480278769239,
    0.0,
    0.0,
    0.0,
    0.0,
    0.0,
    0.0,
    0.0,
    0.0,
    0.0,
    0.0,
    0.6140420438102856,
    0.7455205393852339,
    0.0,
    0.0,
    0.6866623230179882,
    0.0,
    0.6604804812879731,
    0.6924894748823217,
    0.0,
    0.6403360549131812,
    0.0,
    0.0,
    0.6252705785304935,
    0.704043586789515,
    0.6358525074437466
  ],
  "estimated_posterior_probability": 56.09514236450195,
  "input": "./smaller_in/Guten_index679.txt",
  "prevalence_assumed": 0.5,
  "process_length": 80000,
  "gutenberg": {
    "id": 679,
    "title": "Poems",
    "authors": [
      {
        "name": "Harper, Frances Ellen Watkins",
        "birth_year": 1825,
        "death_year": 1911
      }
    ],
    "summaries": [
      "\"Poems by Frances Ellen Watkins Harper\" is a collection of poetry written in the late 19th century. This book showcases the works of Frances E. W. Harper, an influential African American poet, author, and activist who addressed social issues such as racial injustice and women's rights in her writing. Through her poems, Harper explores themes of hope, struggle, and the pursuit of freedom, reflecting the societal climate of her time.  The collection features a wide range of poems that convey poignant messages and personal reflections, often drawing from personal experiences and broader social commentary. From nostalgic pieces about motherhood and childhood to powerful critiques of societal oppression, such as the poem \"A Double Standard,\" which discusses gender inequality, Harper's writing is characterized by lyrical beauty and emotional depth. Other notable poems in the collection tackle issues like the plight of African Americans in \"The Dying Bondman,\" celebrating resilience and the longing for freedom. Overall, Harper's poetry serves as both a celebration of life and a compelling call for social justice, making this collection an important contribution to American literature. (This is an automatically generated summary.)"
    ],
    "editors": [],
    "translators": [],
    "subjects": [
      "Poetry"
    ],
    "bookshelves": [
      "Category: American Literature",
      "Category: Poetry"
    ],
    "languages": [
      "en"
    ],
    "copyright": false,
    "media_type": "Text",
    "formats": {
      "text/html": "https://www.gutenberg.org/ebooks/679.html.images",
      "application/epub+zip": "https://www.gutenberg.org/ebooks/679.epub3.images",
      "application/x-mobipocket-ebook": "https://www.gutenberg.org/ebooks/679.kf8.images",
      "text/plain; charset=us-ascii": "https://www.gutenberg.org/ebooks/679.txt.utf-8",
      "text/plain; charset=iso-8859-1": "https://www.gutenberg.org/files/679/679-8.txt",
      "application/rdf+xml": "https://www.gutenberg.org/ebooks/679.rdf",
      "image/jpeg": "https://www.gutenberg.org/cache/epub/679/pg679.cover.medium.jpg",
      "application/octet-stream": "https://www.gutenberg.org/cache/epub/679/pg679-h.zip"
    },
    "download_count": 340
  }
}