{
  "average_entropy_rate": 0.18303168302307518,
  "entropy_rate": [
    0.0,
    0.43389376856327155,
    0.0,
    0.0,
    0.0,
    0.6780865303433542,
    0.0,
    0.0,
    0.0,
    0.0,
    0.0,
    0.0,
    0.0,
    0.0,
    0.0,
    0.0,
    0.0,
    0.0,
    0.0,
    0.0,
    0.6823545443982298,
    0.0,
    0.0,
    0.0,
    0.0,
    0.0,
    0.47283015667505657,
    0.5963294209031534,
    0.6174631106376625,
    0.0,
    0.0,
    0.0,
    0.5756594647554405,
    0.6235857752262828,
    0.0,
    0.0,
    0.0,
    0.7727563440043226,
    0.7681877559451946,
    0.610475264603611,
    0.6726768678905026
  ],
  "estimated_posterior_probability": 55.749755859375,
  "input": "./smaller_in/Guten_index3057.txt",
  "prevalence_assumed": 0.5,
  "process_length": 80000,
  "gutenberg": {
    "id": 3057,
    "title": "The Common Edition: New Testament",
    "authors": [],
    "summaries": [
      "\"The Common Edition: New Testament\" by T. E. Clontz is a religious text that presents the New Testament writings of Christianity. Though the specific time period of its composition is not specified, it reflects early Christian traditions and teachings prevalent in the first few centuries CE. This edition likely serves to provide insights into the life, teachings, and resurrection of Jesus Christ, as well as the early Church's formation and guidance for Christian living.  The opening of the New Testament begins with the genealogy of Jesus Christ, tracing his lineage back to David and Abraham. This section is crucial as it establishes Jesus's legitimate claim to the Messiahship. It then narrates the miraculous birth of Jesus, through the Holy Spirit, and Joseph's role as his earthly guardian following an angel's message in a dream. The introduction of significant figures, such as John the Baptist, and early events in Jesus's ministry, including his baptism and teachings, lay the foundation for the messages that will unfold in the subsequent passages. This beginning emphasizes Jesus's divine authority and his mission to save humanity, central themes that resonate throughout the text. (This is an automatically generated summary.)"
    ],
    "editors": [],
    "translators": [
      {
        "name": "Clontz, T. E. (Timothy E.)",
        "birth_year": 1964,
        "death_year": null
      }
    ],
    "subjects": [
      "Bible. New Testament"
    ],
    "bookshelves": [
      "Category: Religion/Spirituality"
    ],
    "languages": [
      "en"
    ],
    "copyright": true,
    "media_type": "Text",
    "formats": {
      "text/html": "https://www.gutenberg.org/ebooks/3057.html.images",
      "application/epub+zip": "https://www.gutenberg.org/ebooks/3057.epub3.images",
      "application/x-mobipocket-ebook": "https://www.gutenberg.org/ebooks/3057.kf8.images",
      "text/plain; charset=us-ascii": "https://www.gutenberg.org/ebooks/3057.txt.utf-8",
      "application/rdf+xml": "https://www.gutenberg.org/ebooks/3057.rdf",
      "image/jpeg": "https://www.gutenberg.org/cache/epub/3057/pg3057.cover.medium.jpg",
      "application/octet-stream": "https://www.gutenberg.org/files/3057/3057-0.zip"
    },
    "download_count": 1017
  }
}