{
  "average_entropy_rate": 0.342814063770593,
  "entropy_rate": [
    0.0,
    0.0,
    0.0,
    0.7594413589370265,
    0.0,
    0.0,
    0.0,
    0.6005864123981496,
    0.0,
    0.0,
    0.8748765608883199,
    0.0,
    0.8249129647107853,
    0.7194567187278728,
    0.7852258030251861,
    0.0,
    0.0,
    0.7404873852362248,
    0.0,
    0.0,
    0.0,
    0.0,
    0.750445530198668,
    0.832909141034826,
    0.0,
    0.0,
    0.0,
    0.0,
    0.0,
    0.0,
    0.0,
    0.0,
    0.7590296102065301,
    0.9374311135423535,
    0.7189412982056597,
    0.8029537195731302,
    0.779435923648553,
    0.8700447786657441,
    0.7790998809541507,
    0.6960548200239347,
    0.8240435946171937
  ],
  "estimated_posterior_probability": 62.5875358581543,
  "input": "./smaller_in/Guten_index1310.txt",
  "prevalence_assumed": 0.5,
  "process_length": 80000,
  "gutenberg": {
    "id": 1310,
    "title": "The Annals of the Parish: Or, the Chronicle of Dalmailing During the Ministry of the Rev. Micah Balwhidder",
    "authors": [
      {
        "name": "Galt, John",
        "birth_year": 1779,
        "death_year": 1839
      }
    ],
    "summaries": [
      "\"The Annals of the Parish\" by John Galt is a novel published in 1821. Written as a fictional first-person chronicle, it follows Reverend Micah Balwhidder's fifty-year ministry in rural Scotland from 1760 to 1810. Through the minister's proud yet flawed narration, the novel humorously captures the realities of parish life and the profound social changes brought by the Industrial Revolution. Balwhidder observes political upheaval, including reactions to the French Revolution and emerging utilitarian philosophy, while revealing his own human vanities and economic interests. (This is an automatically generated summary.)"
    ],
    "editors": [],
    "translators": [],
    "subjects": [
      "Clergy -- Fiction",
      "Scotland -- Fiction"
    ],
    "bookshelves": [
      "Category: British Literature",
      "Category: Novels"
    ],
    "languages": [
      "en"
    ],
    "copyright": false,
    "media_type": "Text",
    "formats": {
      "text/html": "https://www.gutenberg.org/ebooks/1310.html.images",
      "application/epub+zip": "https://www.gutenberg.org/ebooks/1310.epub3.images",
      "application/x-mobipocket-ebook": "https://www.gutenberg.org/ebooks/1310.kf8.images",
      "text/plain; charset=us-ascii": "https://www.gutenberg.org/ebooks/1310.txt.utf-8",
      "text/plain; charset=utf-8": "https://www.gutenberg.org/files/1310/1310-0.txt",
      "application/rdf+xml": "https://www.gutenberg.org/ebooks/1310.rdf",
      "image/jpeg": "https://www.gutenberg.org/cache/epub/1310/pg1310.cover.medium.jpg",
      "application/octet-stream": "https://www.gutenberg.org/cache/epub/1310/pg1310-h.zip"
    },
    "download_count": 359
  }
}