{
  "average_entropy_rate": 0.12199614897929072,
  "entropy_rate": [
    0.0,
    0.41943068122698957,
    0.0,
    0.0,
    0.8593854981424517,
    0.0,
    0.0,
    0.0,
    0.0,
    0.0,
    0.0,
    0.0,
    0.0,
    0.0,
    0.0,
    0.0,
    0.0,
    0.0,
    0.0,
    0.0,
    0.0,
    0.0,
    0.0,
    0.0,
    0.0,
    1.1509774910557047,
    0.0,
    0.0,
    0.0,
    0.0,
    0.0,
    0.0,
    0.5027751282438944,
    0.0,
    0.9182958184261748,
    0.0,
    0.0,
    0.0,
    0.0,
    1.1509774910557047,
    0.0
  ],
  "estimated_posterior_probability": 53.631038665771484,
  "input": "./smaller_in/Guten_index1489.txt",
  "prevalence_assumed": 0.5,
  "process_length": 80000,
  "gutenberg": {
    "id": 1489,
    "title": "The New McGuffey First Reader",
    "authors": [
      {
        "name": "McGuffey, William Holmes",
        "birth_year": 1800,
        "death_year": 1873
      }
    ],
    "summaries": [
      "\"The New McGuffey First Reader\" by William Holmes McGuffey is an educational text written during the late 19th century. This book serves as an instructional primer designed for early readers, introducing them to the fundamentals of reading through engaging stories and exercises. It reflects the educational philosophies prevalent in its time, emphasizing gradual learning through repetition and the importance of phonics and context in mastering reading skills.  The book contains a series of simple narratives and exercises that feature children in various relatable scenarios, allowing young readers to connect with the characters and themes. Through short sentences and repetitive vocabulary, it builds reading confidence, focusing on common words and sounds. The stories feature interactions among children, their pets, and nature, illustrating the joy of discovery and the importance of kindness, friendship, and learning. As students progress through the lessons, they encounter increasingly complex concepts, paving the way for their literacy development in a structured and supportive manner. (This is an automatically generated summary.)"
    ],
    "editors": [],
    "translators": [],
    "subjects": [
      "Readers"
    ],
    "bookshelves": [
      "Category: Children & Young Adult Reading",
      "Category: Teaching & Education"
    ],
    "languages": [
      "en"
    ],
    "copyright": false,
    "media_type": "Text",
    "formats": {
      "text/html": "https://www.gutenberg.org/ebooks/1489.html.images",
      "application/epub+zip": "https://www.gutenberg.org/ebooks/1489.epub3.images",
      "application/x-mobipocket-ebook": "https://www.gutenberg.org/ebooks/1489.kf8.images",
      "text/plain; charset=us-ascii": "https://www.gutenberg.org/ebooks/1489.txt.utf-8",
      "application/rdf+xml": "https://www.gutenberg.org/ebooks/1489.rdf",
      "image/jpeg": "https://www.gutenberg.org/cache/epub/1489/pg1489.cover.medium.jpg",
      "application/octet-stream": "https://www.gutenberg.org/cache/epub/1489/pg1489-h.zip"
    },
    "download_count": 285
  }
}