{
  "average_entropy_rate": 0.2379925045692605,
  "entropy_rate": [
    0.8127369748133185,
    0.0,
    0.0,
    0.0,
    0.5009372891765914,
    0.0,
    0.0,
    0.0,
    0.9040289619890388,
    0.0,
    0.0,
    0.0,
    0.8436371150319532,
    0.0,
    0.8145671277138002,
    0.8470804377193792,
    0.0,
    0.0,
    0.8603911263668301,
    0.0,
    0.0,
    0.0,
    0.0,
    0.0,
    0.0,
    0.0,
    0.0,
    0.0,
    0.0,
    0.0,
    0.0,
    0.0,
    0.0,
    0.786121967307929,
    0.9266660262645458,
    0.0,
    0.8001031541591919,
    0.8433054700612683,
    0.8181170367358325,
    0.0,
    0.0
  ],
  "estimated_posterior_probability": 57.868106842041016,
  "input": "./smaller_in/Guten_index782.txt",
  "prevalence_assumed": 0.5,
  "process_length": 80000,
  "gutenberg": {
    "id": 782,
    "title": "The Travels of Sir John Mandeville",
    "authors": [
      {
        "name": "Mandeville, John, Sir",
        "birth_year": null,
        "death_year": null
      }
    ],
    "summaries": [
      "\"The Travels of Sir John Mandeville\" by Sir John Mandeville is a travelogue written between 1357 and 1371 that claims to chronicle an Englishman's journey across the Near East to India and China. Blending fact with fantasy, this extraordinarily popular medieval work drew from various sources including Odoric of Pordenone and Armenian monk Hetoum. Though \"Sir John Mandeville\" was likely an invented author and many travels described are unreliable or fantastical, the book profoundly influenced explorers like Christopher Columbus, serving as a curious mix of pilgrimage guide and exotic wonder tale. (This is an automatically generated summary.)"
    ],
    "editors": [],
    "translators": [],
    "subjects": [
      "Geography, Medieval",
      "Mandeville, John, Sir -- Travel",
      "Orient -- Description and travel -- Early works to 1800",
      "Palestine -- Description and travel -- Early works to 1800",
      "Voyages and travels -- Early works to 1800"
    ],
    "bookshelves": [
      "Category: History - Medieval/Middle Ages",
      "Category: Travel Writing"
    ],
    "languages": [
      "en"
    ],
    "copyright": false,
    "media_type": "Text",
    "formats": {
      "text/html": "https://www.gutenberg.org/ebooks/782.html.images",
      "application/epub+zip": "https://www.gutenberg.org/ebooks/782.epub3.images",
      "application/x-mobipocket-ebook": "https://www.gutenberg.org/ebooks/782.kf8.images",
      "text/plain; charset=us-ascii": "https://www.gutenberg.org/ebooks/782.txt.utf-8",
      "text/plain; charset=utf-8": "https://www.gutenberg.org/files/782/782-0.txt",
      "application/rdf+xml": "https://www.gutenberg.org/ebooks/782.rdf",
      "image/jpeg": "https://www.gutenberg.org/cache/epub/782/pg782.cover.medium.jpg",
      "application/octet-stream": "https://www.gutenberg.org/cache/epub/782/pg782-h.zip"
    },
    "download_count": 2281
  }
}