{
  "average_entropy_rate": 0.0,
  "entropy_rate": [
    0.0,
    0.0,
    0.0,
    0.0,
    0.0,
    0.0,
    0.0,
    0.0,
    0.0,
    0.0,
    0.0,
    0.0,
    0.0,
    0.0,
    0.0,
    0.0,
    0.0,
    0.0,
    0.0,
    0.0,
    0.0,
    0.0,
    0.0,
    0.0,
    0.0,
    0.0,
    0.0,
    0.0,
    0.0,
    0.0,
    0.0,
    0.0,
    0.0,
    0.0,
    0.0,
    0.0,
    0.0,
    0.0,
    0.0,
    0.0,
    0.0
  ],
  "estimated_posterior_probability": 50.0,
  "input": "./smaller_in/Guten_index3009.txt",
  "prevalence_assumed": 0.5,
  "process_length": 80000,
  "gutenberg": {
    "id": 3009,
    "title": "Truth and the Myth: Couplet Quips",
    "authors": [
      {
        "name": "Narayanan, A. R.",
        "birth_year": null,
        "death_year": null
      }
    ],
    "summaries": [
      "\"Truth and the Myth: Couplet Quips\" by A. R. Narayanan is a collection of satirical couplets that examine various philosophical themes and social issues. Written in the late 20th century, the book reflects the author's observations and critiques of human behavior, societal norms, and the nature of truth and myth. Through these quips, Narayanan engages readers in a dialogue about the contradictions found within various aspects of life, encouraging a deeper understanding of the world around them.  The content of the book spans a range of topics including spirituality, the nature of man, societal hypocrisy, and the pursuit of wealth, all presented in a witty and thought-provoking manner. Each couplet serves as a commentary on the complexities of existence, often highlighting the stark contrasts between ideals and reality. The author critiques the superficiality of societal interactions and the absurdity of human pursuits, particularly concerning money and faith. The quips are laced with irony and sarcasm, prompting readers to reflect critically on their own lives and the universal truths that govern human behavior. (This is an automatically generated summary.)"
    ],
    "editors": [],
    "translators": [],
    "subjects": [
      "Indic poetry (English)"
    ],
    "bookshelves": [
      "Category: Humour",
      "Category: Philosophy & Ethics",
      "Category: Poetry"
    ],
    "languages": [
      "en"
    ],
    "copyright": true,
    "media_type": "Text",
    "formats": {
      "text/html": "https://www.gutenberg.org/ebooks/3009.html.images",
      "application/epub+zip": "https://www.gutenberg.org/ebooks/3009.epub3.images",
      "application/x-mobipocket-ebook": "https://www.gutenberg.org/ebooks/3009.kf8.images",
      "text/plain; charset=us-ascii": "https://www.gutenberg.org/ebooks/3009.txt.utf-8",
      "application/rdf+xml": "https://www.gutenberg.org/ebooks/3009.rdf",
      "image/jpeg": "https://www.gutenberg.org/cache/epub/3009/pg3009.cover.medium.jpg",
      "application/octet-stream": "https://www.gutenberg.org/files/3009/3009.zip"
    },
    "download_count": 195
  }
}