{
  "average_entropy_rate": 0.24977394367127861,
  "entropy_rate": [
    0.5745811208580348,
    0.6848930677392101,
    0.5667739307349943,
    0.7457551720197296,
    0.7282823847025551,
    0.0,
    0.0,
    0.0,
    0.0,
    0.0,
    0.0,
    0.0,
    0.0,
    0.0,
    0.0,
    0.0,
    0.0,
    0.0,
    0.0,
    0.0,
    0.0,
    0.0,
    0.0,
    0.0,
    0.0,
    0.0,
    0.0,
    0.0,
    0.0,
    0.7282823847025551,
    0.7282823847025551,
    0.7282823847025551,
    0.6733372510055095,
    0.5848853524923379,
    0.0,
    0.5667739307349943,
    0.7457551720197296,
    0.0,
    0.7282823847025551,
    0.7282823847025551,
    0.7282823847025551
  ],
  "estimated_posterior_probability": 58.34827423095703,
  "input": "./smaller_in/Guten_index994.txt",
  "prevalence_assumed": 0.5,
  "process_length": 80000,
  "gutenberg": {
    "id": 994,
    "title": "Riders to the Sea",
    "authors": [
      {
        "name": "Synge, J. M. (John Millington)",
        "birth_year": 1871,
        "death_year": 1909
      }
    ],
    "summaries": [
      "\"Riders to the Sea\" by J. M. Synge is a one-act tragedy first performed in 1904. Set on the Aran Islands off the Irish coast, the play depicts a family's hopeless struggle against the relentless cruelty of the sea. Maurya, a grief-stricken mother who has already lost her husband and five sons to drowning, faces the unbearable possibility of losing her last remaining son. Written in the poetic dialect of rural Ireland, this work explores themes of fate, tradition, and acceptance in the face of inevitable loss. (This is an automatically generated summary.)"
    ],
    "editors": [],
    "translators": [],
    "subjects": [
      "Drowning victims -- Drama",
      "Ireland -- Drama",
      "Mothers and sons -- Drama",
      "Seafaring life -- Drama"
    ],
    "bookshelves": [
      "Category: British Literature",
      "Category: Plays/Films/Dramas",
      "One Act Plays",
      "Opera"
    ],
    "languages": [
      "en"
    ],
    "copyright": false,
    "media_type": "Text",
    "formats": {
      "text/html": "https://www.gutenberg.org/ebooks/994.html.images",
      "text/html; charset=utf-8": "https://www.gutenberg.org/files/994/994-h/994-h.htm",
      "application/epub+zip": "https://www.gutenberg.org/ebooks/994.epub3.images",
      "application/x-mobipocket-ebook": "https://www.gutenberg.org/ebooks/994.kf8.images",
      "text/plain; charset=us-ascii": "https://www.gutenberg.org/ebooks/994.txt.utf-8",
      "text/plain; charset=utf-8": "https://www.gutenberg.org/files/994/994-0.txt",
      "application/rdf+xml": "https://www.gutenberg.org/ebooks/994.rdf",
      "image/jpeg": "https://www.gutenberg.org/cache/epub/994/pg994.cover.medium.jpg",
      "application/octet-stream": "https://www.gutenberg.org/cache/epub/994/pg994-h.zip"
    },
    "download_count": 5647
  }
}