{
  "average_entropy_rate": 0.0,
  "entropy_rate": [
    0.0,
    0.0,
    0.0,
    0.0,
    0.0,
    0.0,
    0.0,
    0.0,
    0.0,
    0.0,
    0.0,
    0.0,
    0.0,
    0.0,
    0.0,
    0.0,
    0.0,
    0.0,
    0.0,
    0.0,
    0.0,
    0.0,
    0.0,
    0.0,
    0.0,
    0.0,
    0.0,
    0.0,
    0.0,
    0.0,
    0.0,
    0.0,
    0.0,
    0.0,
    0.0,
    0.0,
    0.0,
    0.0,
    0.0,
    0.0,
    0.0
  ],
  "estimated_posterior_probability": 50.0,
  "input": "./smaller_in/Guten_index4505.txt",
  "prevalence_assumed": 0.5,
  "process_length": 80000,
  "gutenberg": {
    "id": 4505,
    "title": "Die drei Nüsse",
    "authors": [
      {
        "name": "Brentano, Clemens",
        "birth_year": 1778,
        "death_year": 1842
      }
    ],
    "summaries": [
      "\"Die drei Nüsse\" by Clemens Brentano is a story published in August 1817.\n\nIn 1665 Colmar, a Latin phrase about three nuts triggers a mysterious alchemist's panicked flight from the mayor's home. A year later, a woman named Amelie arrives seeking refuge, only to be confronted by a painting of that strange scene. Her confession unveils a tragic tale of forbidden love, murder, and mistaken identity—culminating in a shocking revelation that binds her fate to the mayor's family forever. (This is an automatically generated summary.)"
    ],
    "editors": [],
    "translators": [],
    "subjects": [
      "Chemists -- Fiction",
      "Colmar (Alsace, France and Elsass, Germany) -- Fiction",
      "Short stories"
    ],
    "bookshelves": [
      "Category: German Literature",
      "Category: Mythology, Legends & Folklore",
      "Category: Novels",
      "DE Prosa"
    ],
    "languages": [
      "de"
    ],
    "copyright": false,
    "media_type": "Text",
    "formats": {
      "text/html": "https://www.gutenberg.org/ebooks/4505.html.images",
      "application/epub+zip": "https://www.gutenberg.org/ebooks/4505.epub3.images",
      "application/x-mobipocket-ebook": "https://www.gutenberg.org/ebooks/4505.kf8.images",
      "text/plain; charset=us-ascii": "https://www.gutenberg.org/ebooks/4505.txt.utf-8",
      "application/rdf+xml": "https://www.gutenberg.org/ebooks/4505.rdf",
      "image/jpeg": "https://www.gutenberg.org/cache/epub/4505/pg4505.cover.medium.jpg",
      "application/octet-stream": "https://www.gutenberg.org/files/4505/4505-8.zip"
    },
    "download_count": 214
  }
}