{
  "average_entropy_rate": 0.22877067232152318,
  "entropy_rate": [
    0.0,
    0.7420707384227903,
    0.0,
    0.0,
    0.768450262304751,
    0.0,
    0.0,
    0.72081793246916,
    0.0,
    0.0,
    0.7267152055783206,
    0.539849763855126,
    0.758562515881862,
    0.0,
    0.0,
    0.0,
    0.0,
    0.0,
    0.7388682294740808,
    0.0,
    0.0,
    0.0,
    0.0,
    0.0,
    0.0,
    0.0,
    0.0,
    0.0,
    0.0,
    0.0,
    0.0,
    0.0,
    0.7507131110111999,
    0.7189757224754943,
    0.6722004951669145,
    0.7412199499273162,
    0.7614916567356896,
    0.0,
    0.739661981879745,
    0.0,
    0.0
  ],
  "estimated_posterior_probability": 57.495235443115234,
  "input": "./smaller_in/Guten_index3334.txt",
  "prevalence_assumed": 0.5,
  "process_length": 80000,
  "gutenberg": {
    "id": 3334,
    "title": "Drake's Great Armada",
    "authors": [
      {
        "name": "Bigges, Walter",
        "birth_year": null,
        "death_year": 1586
      }
    ],
    "summaries": [
      "\"Drake's Great Armada\" by Captain Walter Biggs is a historical account detailing Sir Francis Drake's remarkable West Indian voyage that began in 1585. Written in the early 20th century, the book explores the significant military endeavors against Spain, a backdrop of rising tensions between England and Spain, leading up to the famous events of Drake's plundering of Spanish territories and shipping. The narrative chronicles the audacity and adventurous spirit of the time, punctuated by Drake’s strategies and the considerable challenges his fleet faced.  In this detailed narrative, Biggs recounts the events of the expedition, from the meticulous preparations of a fleet of 25 ships and 2,300 men to the conquest of key locations like Santiago, Santo Domingo, and Cartagena. As Drake and his men engage in fierce battles, suffer from deadly fevers, and grapple with the challenges of colonial warfare, the story emphasizes Drake's leadership and the camaraderie among the captains. The narrative serves both as a thrilling account of naval warfare and an insightful look into the implications of the actions taken during this expedition, which contributed to the shift in power dynamics between England and Spain in the late 16th century. Despite the high stakes and numerous casualties faced, including the loss of many men to disease, the voyage culminated in significant treasure and resources for England, marking a decisive period in British maritime history. (This is an automatically generated summary.)"
    ],
    "editors": [],
    "translators": [],
    "subjects": [
      "Drake, Francis, approximately 1540-1596 -- Travel -- West Indies",
      "Explorers -- America -- Biography",
      "Explorers -- Great Britain -- Biography",
      "West Indies Expedition, 1585-1586"
    ],
    "bookshelves": [
      "Category: Adventure",
      "Category: History - British",
      "Category: History - Early Modern (c. 1450-1750)",
      "Category: History - European",
      "Category: History - Royalty",
      "Category: History - Warfare"
    ],
    "languages": [
      "en"
    ],
    "copyright": false,
    "media_type": "Text",
    "formats": {
      "text/html": "https://www.gutenberg.org/ebooks/3334.html.images",
      "application/epub+zip": "https://www.gutenberg.org/ebooks/3334.epub3.images",
      "application/x-mobipocket-ebook": "https://www.gutenberg.org/ebooks/3334.kf8.images",
      "text/plain; charset=us-ascii": "https://www.gutenberg.org/ebooks/3334.txt.utf-8",
      "application/rdf+xml": "https://www.gutenberg.org/ebooks/3334.rdf",
      "image/jpeg": "https://www.gutenberg.org/cache/epub/3334/pg3334.cover.medium.jpg",
      "application/octet-stream": "https://www.gutenberg.org/files/3334/3334-h.zip"
    },
    "download_count": 330
  }
}