{
  "average_entropy_rate": 0.10342873253756807,
  "entropy_rate": [
    0.0,
    0.0,
    0.0,
    0.0,
    0.6166897659628839,
    0.0,
    0.5181180405416156,
    0.0,
    0.0,
    0.5358585569920655,
    0.0,
    0.37892509889020914,
    0.0,
    0.0,
    0.0,
    0.0,
    0.0,
    0.0,
    0.0,
    0.0,
    0.0,
    0.0,
    0.0,
    0.0,
    0.0,
    0.0,
    0.0,
    0.0,
    0.0,
    0.0,
    0.0,
    0.0,
    0.5401118541278889,
    0.4310482149465491,
    0.0,
    0.6524916225528832,
    0.5673348800261959,
    0.0,
    0.0,
    0.0,
    0.0
  ],
  "estimated_posterior_probability": 53.03048324584961,
  "input": "./smaller_in/Guten_index2402.txt",
  "prevalence_assumed": 0.5,
  "process_length": 80000,
  "gutenberg": {
    "id": 2402,
    "title": "Briefe aus der Schweiz",
    "authors": [
      {
        "name": "Goethe, Johann Wolfgang von",
        "birth_year": 1749,
        "death_year": 1832
      }
    ],
    "summaries": [
      "\"Briefe aus der Schweiz\" by Johann Wolfgang von Goethe is a travelogue written in the late 18th century. The book captures Goethe's observations and reflections during his journey through Switzerland, focusing on the landscapes he encounters and the emotions these vistas evoke. This collection of letters provides insight into his experiences and the sublime beauty of nature, showcasing both the geography and culture of the regions he explores.  At the start of the text, Goethe is in Switzerland, specifically near the city of Basel, and he recounts the beginning of his journey through the picturesque Birsch Valley towards Biel. He describes the dramatic landscapes of steep mountains and rushing rivers, emphasizing the sense of peace and magnificent elevation he feels amidst the natural beauty. Along with his companions, he reflects on the transformative power of nature on the human spirit, hinting at deeper emotional and philosophical musings throughout his exploration. This opening sets the tone for a rich narrative that intertwines the external journey with internal contemplation. (This is an automatically generated summary.)"
    ],
    "editors": [],
    "translators": [],
    "subjects": [
      "Authors, German -- 18th century -- Correspondence",
      "Authors, German -- 19th century -- Correspondence",
      "Goethe, Johann Wolfgang von, 1749-1832 -- Correspondence",
      "Switzerland -- Description and travel"
    ],
    "bookshelves": [
      "Category: German Literature",
      "Category: Travel Writing",
      "DE Prosa"
    ],
    "languages": [
      "de"
    ],
    "copyright": false,
    "media_type": "Text",
    "formats": {
      "text/html": "https://www.gutenberg.org/ebooks/2402.html.images",
      "application/epub+zip": "https://www.gutenberg.org/ebooks/2402.epub3.images",
      "application/x-mobipocket-ebook": "https://www.gutenberg.org/ebooks/2402.kf8.images",
      "text/plain; charset=us-ascii": "https://www.gutenberg.org/ebooks/2402.txt.utf-8",
      "application/rdf+xml": "https://www.gutenberg.org/ebooks/2402.rdf",
      "image/jpeg": "https://www.gutenberg.org/cache/epub/2402/pg2402.cover.medium.jpg",
      "application/octet-stream": "https://www.gutenberg.org/cache/epub/2402/pg2402-h.zip"
    },
    "download_count": 237
  }
}