{
  "average_entropy_rate": 0.32044529301174185,
  "entropy_rate": [
    0.6020547129488004,
    0.0,
    0.0,
    0.0,
    0.9112424101635634,
    0.7305911328099082,
    0.0,
    0.0,
    0.0,
    0.7231903619764241,
    0.0,
    0.0,
    0.0,
    0.0,
    0.0,
    0.0,
    0.0,
    0.0,
    0.0,
    0.7422353839454278,
    0.0,
    0.0,
    0.0,
    0.0,
    0.7186997871529496,
    0.8460486928678363,
    0.7479121158874895,
    0.8711276296555426,
    0.0,
    0.0,
    0.0,
    0.0,
    0.763001828382311,
    0.7405890502412746,
    0.8742195121501055,
    0.7249772457185562,
    0.7406102016942174,
    0.722368714095306,
    0.9508769085465754,
    0.0,
    0.7285113252451276
  ],
  "estimated_posterior_probability": 61.494903564453125,
  "input": "./smaller_in/Guten_index4172.txt",
  "prevalence_assumed": 0.5,
  "process_length": 80000,
  "gutenberg": {
    "id": 4172,
    "title": "Diary of Samuel Pepys — Volume 49: January 1666-67",
    "authors": [
      {
        "name": "Pepys, Samuel",
        "birth_year": 1633,
        "death_year": 1703
      }
    ],
    "summaries": [
      "\"Diary of Samuel Pepys — Volume 49: January 1666-67\" by Samuel Pepys is a historical account written in the 17th century. This work represents the detailed and personal reflections of Pepys, who served as a clerk and secretary to the Admiralty during a tumultuous period in England marked by political intrigue and societal change. The diary entries provide insight into Pepys's daily life and the events of the time, including the looming threat of foreign invasion, governmental debates, and personal relationships.  Throughout this volume, readers are invited into Pepys's world as he notes significant occurrences such as fears of French aggression, the complexities of political maneuvering in Parliament, and his various social interactions that range from dinner parties to theatrical performances. Key characters in his life include members of the court, fellow officials, and friends, all of whom populate his reflections on the political landscape, maritime affairs, and personal entanglements. Pepys showcases a blend of humor, concern, and candidness about his observations, from mundane domestic details to grave national issues, all of which offer a fascinating glimpse into life during the restoration period in England. (This is an automatically generated summary.)"
    ],
    "editors": [
      {
        "name": "Wheatley, Henry B. (Henry Benjamin)",
        "birth_year": 1838,
        "death_year": 1917
      },
      {
        "name": "Braybrooke, Richard Griffin, Baron",
        "birth_year": 1783,
        "death_year": 1858
      }
    ],
    "translators": [
      {
        "name": "Bright, Mynors",
        "birth_year": 1818,
        "death_year": 1883
      }
    ],
    "subjects": [
      "Cabinet officers -- Great Britain -- Diaries",
      "Diarists -- Great Britain -- Diaries",
      "Great Britain -- History -- Charles II, 1660-1685 -- Sources",
      "Great Britain -- Social life and customs -- 17th century -- Sources",
      "Pepys, Samuel, 1633-1703 -- Diaries"
    ],
    "bookshelves": [
      "Category: Biographies",
      "Category: History - British"
    ],
    "languages": [
      "en"
    ],
    "copyright": false,
    "media_type": "Text",
    "formats": {
      "text/html": "https://www.gutenberg.org/ebooks/4172.html.images",
      "application/epub+zip": "https://www.gutenberg.org/ebooks/4172.epub3.images",
      "application/x-mobipocket-ebook": "https://www.gutenberg.org/ebooks/4172.kf8.images",
      "text/plain; charset=us-ascii": "https://www.gutenberg.org/ebooks/4172.txt.utf-8",
      "application/rdf+xml": "https://www.gutenberg.org/ebooks/4172.rdf",
      "image/jpeg": "https://www.gutenberg.org/cache/epub/4172/pg4172.cover.medium.jpg",
      "application/octet-stream": "https://www.gutenberg.org/files/4172/4172.zip"
    },
    "download_count": 189
  }
}