{
  "average_entropy_rate": 0.3474747283568099,
  "entropy_rate": [
    0.0,
    0.0,
    0.7874938252662955,
    0.8092956237521399,
    0.0,
    0.0,
    0.8315694272604772,
    0.0,
    0.0,
    0.0,
    0.0,
    0.8200180558529855,
    0.7074770872948655,
    0.0,
    0.0,
    0.0,
    0.0,
    0.0,
    0.0,
    0.9459287254444813,
    0.0,
    0.0,
    0.917141440369854,
    0.0,
    0.0,
    0.0,
    0.8743644269126406,
    0.0,
    0.0,
    0.0,
    0.0,
    0.8211642517262986,
    0.8259799634469737,
    0.0,
    0.7800340977978981,
    0.8203803200721639,
    0.8511829170374551,
    0.9574723048829307,
    0.8180047051200686,
    0.8747844213328702,
    0.8041722690588059
  ],
  "estimated_posterior_probability": 62.820743560791016,
  "input": "./smaller_in/Guten_index3110.txt",
  "prevalence_assumed": 0.5,
  "process_length": 80000,
  "gutenberg": {
    "id": 3110,
    "title": "The American Newspaper",
    "authors": [
      {
        "name": "Warner, Charles Dudley",
        "birth_year": 1829,
        "death_year": 1900
      }
    ],
    "summaries": [
      "\"The American Newspaper\" by Charles Dudley Warner is a critical exploration of the American newspaper's role in society, written in the late 19th century. The book serves as a philosophical and practical examination of journalism, focusing on its impact on public education and civic responsibility. Warner delves into the complexities of newspapers as private enterprises driven by profit, while also considering their ethical obligations to serve the public good.  In this work, Warner discusses various aspects of newspapers, including their functions of collecting and disseminating news, shaping public opinion, and providing reading material. He critiques the reliance on sensationalism and trivial local news, arguing that this undermines the intellectual engagement of the readership. Warner highlights the challenges faced by journalists in balancing the demands of subscribers and advertisers while maintaining editorial integrity. Ultimately, he advocates for a more discerning and responsible approach to journalism, emphasizing the power of the press as a means of informing and educating the public rather than merely catering to their base interests. (This is an automatically generated summary.)"
    ],
    "editors": [],
    "translators": [],
    "subjects": [
      "Essays",
      "Mass media"
    ],
    "bookshelves": [
      "Category: American Literature",
      "Category: Essays, Letters & Speeches",
      "Category: Journalism/Media/Writing"
    ],
    "languages": [
      "en"
    ],
    "copyright": false,
    "media_type": "Text",
    "formats": {
      "text/html": "https://www.gutenberg.org/ebooks/3110.html.images",
      "application/epub+zip": "https://www.gutenberg.org/ebooks/3110.epub3.images",
      "application/x-mobipocket-ebook": "https://www.gutenberg.org/ebooks/3110.kf8.images",
      "text/plain; charset=us-ascii": "https://www.gutenberg.org/ebooks/3110.txt.utf-8",
      "application/rdf+xml": "https://www.gutenberg.org/ebooks/3110.rdf",
      "image/jpeg": "https://www.gutenberg.org/cache/epub/3110/pg3110.cover.medium.jpg",
      "application/octet-stream": "https://www.gutenberg.org/files/3110/3110.zip"
    },
    "download_count": 305
  }
}