{
  "average_entropy_rate": 0.2888362065964886,
  "entropy_rate": [
    0.0,
    0.0,
    0.0,
    0.6736413839419915,
    0.6926546567415449,
    0.6837351309019161,
    0.5563298836975278,
    0.0,
    0.0,
    0.63254886636409,
    0.6885464737999905,
    0.0,
    0.6248120438939684,
    0.0,
    0.0,
    0.0,
    0.0,
    0.0,
    0.0,
    0.0,
    0.6170227881342588,
    0.0,
    0.6803426775799685,
    0.0,
    0.0,
    0.0,
    0.0,
    0.0,
    0.0,
    0.0,
    0.0,
    0.0,
    0.6623596346929442,
    0.655768662423361,
    0.6948077538759708,
    0.6478836316423239,
    0.6447886882004344,
    0.6725572935993775,
    0.6481969367864354,
    0.7313776070906992,
    0.6349103570892308
  ],
  "estimated_posterior_probability": 60.03235626220703,
  "input": "./smaller_in/Guten_index3325.txt",
  "prevalence_assumed": 0.5,
  "process_length": 80000,
  "gutenberg": {
    "id": 3325,
    "title": "Locrine: A Tragedy",
    "authors": [
      {
        "name": "Swinburne, Algernon Charles",
        "birth_year": 1837,
        "death_year": 1909
      }
    ],
    "summaries": [
      "\"Locrine: A Tragedy\" by Algernon Charles Swinburne is a dramatic play written during the late 19th century. The story revolves around King Locrine of Britain and his tumultuous relationships with his wife Guendolen and his lover Estrild. As themes of love, betrayal, and vengeance unfold, the characters are caught in a tragic web that explores the complexities of honor and desire within the constraints of royal duty.  The opening of \"Locrine\" introduces a rich tapestry of emotions and conflicts. It begins with a dedication to Alice Swinburne and moves into a poetic exploration of love’s depths versus its surface expressions. The dialogue quickly establishes tension between Guendolen and her son Madan as they grapple with the recent death of Guendolen's father and the implications for their family. Through their exchanges, it emerges that Guendolen feels betrayed by Locrine, suspecting infidelity with Estrild, a captured warrior's widow. Despite the pain, Madan strives to understand his mother’s sorrow while wrestling with his own identity linked to his father. This poignant beginning sets the stage for themes of rivalry and vengeance that are poised to dominate the narrative as familial ties are put to the ultimate test. (This is an automatically generated summary.)"
    ],
    "editors": [],
    "translators": [],
    "subjects": [
      "Britons -- Drama",
      "Tragedies (Drama)"
    ],
    "bookshelves": [
      "Category: British Literature",
      "Category: Plays/Films/Dramas"
    ],
    "languages": [
      "en"
    ],
    "copyright": false,
    "media_type": "Text",
    "formats": {
      "text/html": "https://www.gutenberg.org/ebooks/3325.html.images",
      "application/epub+zip": "https://www.gutenberg.org/ebooks/3325.epub3.images",
      "application/x-mobipocket-ebook": "https://www.gutenberg.org/ebooks/3325.kf8.images",
      "text/plain; charset=us-ascii": "https://www.gutenberg.org/ebooks/3325.txt.utf-8",
      "application/rdf+xml": "https://www.gutenberg.org/ebooks/3325.rdf",
      "image/jpeg": "https://www.gutenberg.org/cache/epub/3325/pg3325.cover.medium.jpg",
      "application/octet-stream": "https://www.gutenberg.org/files/3325/3325-0.zip"
    },
    "download_count": 258
  }
}