{
  "average_entropy_rate": 0.3639111845673468,
  "entropy_rate": [
    0.7452690536955103,
    0.0,
    0.0,
    0.7489183603270514,
    0.0,
    0.0,
    0.7759002520405663,
    0.9107574774366586,
    0.644537713606411,
    0.0,
    0.8751555427716734,
    0.7383745724807497,
    0.0,
    0.0,
    0.0,
    0.7302683770008307,
    0.7857475563453004,
    0.7905154786191543,
    0.0,
    0.0,
    0.0,
    0.8367208053984211,
    0.0,
    0.0,
    0.0,
    0.0,
    0.0,
    0.0,
    0.0,
    0.0,
    0.0,
    0.0,
    0.0,
    0.7480794404188319,
    0.7273262952629955,
    0.8078973425535316,
    0.7363361226230392,
    0.9256524825791689,
    0.911851495881839,
    0.7507305622821899,
    0.7303196359372963
  ],
  "estimated_posterior_probability": 63.66532897949219,
  "input": "./smaller_in/Guten_index1794.txt",
  "prevalence_assumed": 0.5,
  "process_length": 80000,
  "gutenberg": {
    "id": 1794,
    "title": "King Lear",
    "authors": [
      {
        "name": "Shakespeare, William",
        "birth_year": 1564,
        "death_year": 1616
      }
    ],
    "summaries": [
      "\"King Lear\" by William Shakespeare is a tragedy written in late 1605 or early 1606. Set in pre-Roman Britain, the play follows an aging king who divides his kingdom among his daughters based on their declarations of love, triggering devastating consequences. Known for its dark tone and exploration of blindness and madness, the work depicts family betrayal, political chaos, and human suffering. Regarded as one of Shakespeare's supreme achievements, it is regularly cited as one of the greatest works of literature ever written. (This is an automatically generated summary.)"
    ],
    "editors": [],
    "translators": [],
    "subjects": [
      "Aging parents -- Drama",
      "Britons -- Drama",
      "Fathers and daughters -- Drama",
      "Inheritance and succession -- Drama",
      "Kings and rulers -- Drama",
      "Lear, King (Legendary character) -- Drama",
      "Tragedies (Drama)"
    ],
    "bookshelves": [
      "Best Books Ever Listings",
      "Category: British Literature",
      "Category: Classics of Literature",
      "Category: Plays/Films/Dramas"
    ],
    "languages": [
      "en"
    ],
    "copyright": false,
    "media_type": "Text",
    "formats": {
      "text/html": "https://www.gutenberg.org/ebooks/1794.html.images",
      "application/epub+zip": "https://www.gutenberg.org/ebooks/1794.epub3.images",
      "application/x-mobipocket-ebook": "https://www.gutenberg.org/ebooks/1794.kf8.images",
      "text/plain; charset=us-ascii": "https://www.gutenberg.org/ebooks/1794.txt.utf-8",
      "application/rdf+xml": "https://www.gutenberg.org/ebooks/1794.rdf",
      "image/jpeg": "https://www.gutenberg.org/cache/epub/1794/pg1794.cover.medium.jpg",
      "application/octet-stream": "https://www.gutenberg.org/cache/epub/1794/pg1794-h.zip"
    },
    "download_count": 482
  }
}