{
  "average_entropy_rate": 0.34548521316797753,
  "entropy_rate": [
    0.5355265542478083,
    0.0,
    0.0,
    0.0,
    0.0,
    0.0,
    0.0,
    0.0,
    0.0,
    0.0,
    0.0,
    0.0,
    0.8678862517936122,
    0.0,
    0.8251218330292425,
    0.8697271006926932,
    0.0,
    0.0,
    0.0,
    0.8035154699840209,
    0.0,
    0.0,
    0.9054069594235501,
    0.8736592941302941,
    0.8535616638800884,
    0.8482225223263072,
    0.0,
    0.0,
    0.719460704346628,
    0.0,
    0.0,
    0.8550606402551514,
    0.0,
    0.0,
    0.9125297061203114,
    0.851567014310548,
    0.8352928851828808,
    0.0,
    0.8615892359915813,
    0.8650405950080587,
    0.8817253091642987
  ],
  "estimated_posterior_probability": 62.7210693359375,
  "input": "data/human/Gutenberg//Guten_index2229.txt",
  "prevalence_assumed": 0.5,
  "process_length": 80000,
  "gutenberg": {
    "id": 2229,
    "title": "Faust: Der Tragödie erster Teil",
    "authors": [
      {
        "name": "Goethe, Johann Wolfgang von",
        "birth_year": 1749,
        "death_year": 1832
      }
    ],
    "summaries": [
      "\"Faust: Der Tragödie erster Teil\" by Johann Wolfgang von Goethe is a tragedy published in 1808. The renowned scholar Dr. Heinrich Faust, disillusioned with knowledge and unable to enjoy life, makes a wager with the devil Mephistopheles. Transformed into a young man, Faust embarks on a journey that leads to a passionate affair with the innocent Margarete, called Gretchen. Their relationship spirals into tragedy, bringing death and destruction to those around them, while Mephistopheles schemes to win Faust's soul. (This is an automatically generated summary.)"
    ],
    "editors": [],
    "translators": [],
    "subjects": [
      "Faust, -approximately 1540 -- Drama",
      "German poetry",
      "Legends -- Germany -- Drama",
      "Magicians -- Drama"
    ],
    "bookshelves": [
      "Best Books Ever Listings",
      "Category: Classics of Literature",
      "Category: German Literature",
      "Category: Plays/Films/Dramas",
      "DE Drama",
      "Harvard Classics"
    ],
    "languages": [
      "de"
    ],
    "copyright": false,
    "media_type": "Text",
    "formats": {
      "text/html": "https://www.gutenberg.org/ebooks/2229.html.images",
      "application/epub+zip": "https://www.gutenberg.org/ebooks/2229.epub3.images",
      "application/x-mobipocket-ebook": "https://www.gutenberg.org/ebooks/2229.kf8.images",
      "text/plain; charset=us-ascii": "https://www.gutenberg.org/ebooks/2229.txt.utf-8",
      "text/plain; charset=utf-8": "https://www.gutenberg.org/files/2229/2229-0.txt",
      "application/rdf+xml": "https://www.gutenberg.org/ebooks/2229.rdf",
      "image/jpeg": "https://www.gutenberg.org/cache/epub/2229/pg2229.cover.medium.jpg",
      "application/octet-stream": "https://www.gutenberg.org/cache/epub/2229/pg2229-h.zip"
    },
    "download_count": 3077
  }
}