{
  "average_entropy_rate": 0.23369732746742258,
  "entropy_rate": [
    0.0,
    1.1017269846628917,
    1.1035078279261519,
    0.0,
    0.0,
    0.0,
    0.0,
    0.0,
    0.0,
    0.0,
    0.0,
    0.0,
    0.0,
    0.463727208175729,
    0.0,
    0.0,
    0.0,
    0.0,
    0.0,
    1.1103825711352542,
    0.0,
    0.0,
    0.0,
    0.0,
    0.0,
    0.8282866574036943,
    0.0,
    0.0,
    0.0,
    0.0,
    0.0,
    0.0,
    1.075799471796458,
    1.1232196794201126,
    0.6609231156892292,
    0.0,
    0.0,
    1.101882381921079,
    0.0,
    0.0,
    1.0121345280337248
  ],
  "estimated_posterior_probability": 57.69306945800781,
  "input": "./smaller_in/Guten_index2408.txt",
  "prevalence_assumed": 0.5,
  "process_length": 80000,
  "gutenberg": {
    "id": 2408,
    "title": "Die Leiden des jungen Werther — Band 2",
    "authors": [
      {
        "name": "Goethe, Johann Wolfgang von",
        "birth_year": 1749,
        "death_year": 1832
      }
    ],
    "summaries": [
      "\"Die Leiden des jungen Werther — Band 2\" by Johann Wolfgang von Goethe is a novel written during the late 18th century, embodying the themes of romanticism and existential angst. The story primarily revolves around Werther, a passionate and sensitive young man, whose intense emotional experiences lead to conflict and turmoil in his life, particularly regarding his unrequited love for Lotte and the societal constraints he grapples with.  At the start of this volume, we see Werther reflecting on his situation as he comes to terms with his feelings of isolation and despair. Specifically, he describes the challenges he encounters with other people, including a frustrating relationship with a minister and his growing admiration for Count C..., a figure of emotional depth and connection. As he navigates the complexities of love, social expectations, and personal ambition, Werther's emotional state oscillates between hope and despair, as he longs for deeper connections and struggles against the feelings of inadequacy that plague him. This beginning sets the stage for the deeper explorations of love and existential discontent that are central to the narrative. (This is an automatically generated summary.)"
    ],
    "editors": [],
    "translators": [],
    "subjects": [
      "Germany -- Social life and customs -- Fiction",
      "Unrequited love -- Fiction",
      "Young men -- Germany -- Fiction"
    ],
    "bookshelves": [
      "Banned Books from Anne Haight's list",
      "Category: German Literature",
      "Category: Novels",
      "DE Prosa",
      "Harvard Classics",
      "Opera"
    ],
    "languages": [
      "de"
    ],
    "copyright": false,
    "media_type": "Text",
    "formats": {
      "text/html": "https://www.gutenberg.org/ebooks/2408.html.images",
      "application/epub+zip": "https://www.gutenberg.org/ebooks/2408.epub3.images",
      "application/x-mobipocket-ebook": "https://www.gutenberg.org/ebooks/2408.kf8.images",
      "text/plain; charset=us-ascii": "https://www.gutenberg.org/ebooks/2408.txt.utf-8",
      "text/plain; charset=iso-8859-1": "https://www.gutenberg.org/files/2408/2408-8.txt",
      "application/rdf+xml": "https://www.gutenberg.org/ebooks/2408.rdf",
      "image/jpeg": "https://www.gutenberg.org/cache/epub/2408/pg2408.cover.medium.jpg",
      "application/octet-stream": "https://www.gutenberg.org/cache/epub/2408/pg2408-h.zip"
    },
    "download_count": 322
  }
}