{
  "average_entropy_rate": 0.3719245616148705,
  "entropy_rate": [
    0.0,
    0.0,
    0.0,
    0.799719986599062,
    0.5386682405263428,
    0.7993697869587458,
    0.0,
    1.0678242340218176,
    0.0,
    0.0,
    0.0,
    0.9725806246751957,
    0.7906492439417588,
    0.0,
    0.0,
    0.0,
    0.0,
    0.6772723098773828,
    0.0,
    0.0,
    0.0,
    0.0,
    0.0,
    0.0,
    0.0,
    0.0,
    0.0,
    0.0,
    0.9772373410451785,
    0.9975833858970695,
    0.0,
    0.0,
    0.8014818675431588,
    0.6082777615972563,
    0.8604013270291957,
    0.7485309307763098,
    1.060467016734584,
    0.75823650842612,
    0.8404230185168137,
    0.9686886817353262,
    0.9814947603083699
  ],
  "estimated_posterior_probability": 64.08682250976562,
  "input": "./smaller_in/Guten_index3834.txt",
  "prevalence_assumed": 0.5,
  "process_length": 80000,
  "gutenberg": {
    "id": 3834,
    "title": "Hassan : the story of Hassan of Bagdad, and how he came to make the golden journey to Samarkand : a play in five acts",
    "authors": [
      {
        "name": "Flecker, James Elroy",
        "birth_year": 1884,
        "death_year": 1915
      }
    ],
    "summaries": [
      "\"Hassan: the story of Hassan of Bagdad, and how he came to make the golden journey to Samarkand\" by James Elroy Flecker is a play in five acts written during the early 20th century. The narrative revolves around Hassan, a humble confectioner in Baghdad, who finds himself entwined in a tumultuous pursuit of love and respect. The story explores the dynamics of ambition, enchantment, and the complexities of human desire against a vividly portrayed Middle Eastern backdrop.  The opening of the play introduces Hassan, who is in despair over his unrequited love for Yasmin, a beautiful widow. His friend Selim insists on lightening his mood, but Hassan is determined to pursue Yasmin, leading to discussions about magic and a love potion that might win her heart. His longing is intense, yet he is conflicted by his humble status and sense of self-worth. As he prepares elaborate sweets infused with magic to impress Yasmin, he showcases both his artistic spirit and vulnerability. The stage is set for a tale of love, ambition, and the interplay of destiny as Hassan's life unfurls amidst comedic and tragic elements. (This is an automatically generated summary.)"
    ],
    "editors": [],
    "translators": [],
    "subjects": [
      "Iraq -- Drama"
    ],
    "bookshelves": [
      "Category: Novels",
      "Category: Plays/Films/Dramas"
    ],
    "languages": [
      "en"
    ],
    "copyright": false,
    "media_type": "Text",
    "formats": {
      "text/html": "https://www.gutenberg.org/ebooks/3834.html.images",
      "application/epub+zip": "https://www.gutenberg.org/ebooks/3834.epub3.images",
      "application/x-mobipocket-ebook": "https://www.gutenberg.org/ebooks/3834.kf8.images",
      "text/plain; charset=us-ascii": "https://www.gutenberg.org/ebooks/3834.txt.utf-8",
      "application/rdf+xml": "https://www.gutenberg.org/ebooks/3834.rdf",
      "image/jpeg": "https://www.gutenberg.org/cache/epub/3834/pg3834.cover.medium.jpg",
      "application/octet-stream": "https://www.gutenberg.org/files/3834/3834.zip"
    },
    "download_count": 418
  }
}