{
  "average_entropy_rate": 0.0,
  "entropy_rate": [
    0.0,
    0.0,
    0.0,
    0.0,
    0.0,
    0.0,
    0.0,
    0.0,
    0.0,
    0.0,
    0.0,
    0.0,
    0.0,
    0.0,
    0.0,
    0.0,
    0.0,
    0.0,
    0.0,
    0.0,
    0.0,
    0.0,
    0.0,
    0.0,
    0.0,
    0.0,
    0.0,
    0.0,
    0.0,
    0.0,
    0.0,
    0.0,
    0.0,
    0.0,
    0.0,
    0.0,
    0.0,
    0.0,
    0.0,
    0.0,
    0.0
  ],
  "estimated_posterior_probability": 50.0,
  "input": "./smaller_in/Guten_index2144.txt",
  "prevalence_assumed": 0.5,
  "process_length": 80000,
  "gutenberg": {
    "id": 2144,
    "title": "Det Gamle Testamente af 1931",
    "authors": [],
    "summaries": [
      "\"Det Gamle Testamente af 1931\" is a religious text, specifically a translation of the Old Testament, likely prepared during the early 20th century. The work comprises the sacred scriptures central to Judaism and Christianity, detailing historical accounts, religious laws, and moral teachings. This publication captures various significant narratives, such as the creation of the world, the stories of the patriarchs, and pivotal events like the Exodus.  The opening of the text presents a table of contents listing the canonical books of the Old Testament, followed by the beginning of the Book of Genesis. It describes the creation of the world in a systematic manner, detailing timeless accounts such as the formation of light, the creation of man and woman, Adam and Eve's life in Eden, and the story of the fall and the early generations of humanity. The simplicity and profound themes of creation, human relationships, and the divine covenant are established, demonstrating the text's foundational significance in religious literature. (This is an automatically generated summary.)"
    ],
    "editors": [],
    "translators": [],
    "subjects": [
      "Bible. Old Testament"
    ],
    "bookshelves": [
      "Category: History - Religious",
      "Category: Religion/Spirituality",
      "Christianity"
    ],
    "languages": [
      "da"
    ],
    "copyright": true,
    "media_type": "Text",
    "formats": {
      "text/html": "https://www.gutenberg.org/ebooks/2144.html.images",
      "application/epub+zip": "https://www.gutenberg.org/ebooks/2144.epub3.images",
      "application/x-mobipocket-ebook": "https://www.gutenberg.org/ebooks/2144.kf8.images",
      "text/plain; charset=us-ascii": "https://www.gutenberg.org/ebooks/2144.txt.utf-8",
      "text/plain; charset=iso-8859-1": "https://www.gutenberg.org/files/2144/2144-8.txt",
      "application/rdf+xml": "https://www.gutenberg.org/ebooks/2144.rdf",
      "image/jpeg": "https://www.gutenberg.org/cache/epub/2144/pg2144.cover.medium.jpg",
      "application/octet-stream": "https://www.gutenberg.org/cache/epub/2144/pg2144-h.zip"
    },
    "download_count": 203
  }
}