{
  "average_entropy_rate": 0.07212950868876448,
  "entropy_rate": [
    0.39999999765575284,
    0.0,
    0.0,
    0.8571428504450082,
    0.0,
    0.0,
    0.0,
    0.0,
    0.0,
    0.0,
    0.0,
    0.0,
    0.0,
    0.0,
    0.0,
    0.0,
    0.0,
    0.0,
    0.0,
    0.0,
    0.0,
    0.0,
    0.0,
    0.0,
    0.0,
    0.0,
    0.0,
    0.0,
    0.0,
    0.0,
    0.0,
    0.0,
    0.8888888836794504,
    0.8112781244591326,
    0.0,
    0.0,
    0.0,
    0.0,
    0.0,
    0.0,
    0.0
  ],
  "estimated_posterior_probability": 52.060325622558594,
  "input": "./smaller_in/Guten_index3485.txt",
  "prevalence_assumed": 0.5,
  "process_length": 80000,
  "gutenberg": {
    "id": 3485,
    "title": "Annajanska, the Bolshevik Empress",
    "authors": [
      {
        "name": "Shaw, Bernard",
        "birth_year": 1856,
        "death_year": 1950
      }
    ],
    "summaries": [
      "\"Annajanska, the Bolshevik Empress\" by Bernard Shaw is a one-act play written in 1917. Set in an imaginary country fresh from revolution, the play centers on a clash between a loyal general hoping to restore the old regime and the Grand Duchess Annajanska, the ruler's daughter who once ran away to join the circus. Now the Duchess has escaped captivity and mysteriously eloped with an officer whose identity and revolutionary plans remain unknown—until a dramatic revelation changes everything. (This is an automatically generated summary.)"
    ],
    "editors": [],
    "translators": [],
    "subjects": [
      "Communism -- Drama",
      "English drama (Comedy)",
      "Nobility -- Drama",
      "Soviet Union -- Drama",
      "World War, 1914-1918 -- Drama"
    ],
    "bookshelves": [
      "Category: British Literature",
      "Category: Plays/Films/Dramas",
      "Nobel Prizes in Literature"
    ],
    "languages": [
      "en"
    ],
    "copyright": false,
    "media_type": "Text",
    "formats": {
      "text/html": "https://www.gutenberg.org/ebooks/3485.html.images",
      "application/epub+zip": "https://www.gutenberg.org/ebooks/3485.epub3.images",
      "application/x-mobipocket-ebook": "https://www.gutenberg.org/ebooks/3485.kf8.images",
      "text/plain; charset=us-ascii": "https://www.gutenberg.org/ebooks/3485.txt.utf-8",
      "application/rdf+xml": "https://www.gutenberg.org/ebooks/3485.rdf",
      "image/jpeg": "https://www.gutenberg.org/cache/epub/3485/pg3485.cover.medium.jpg",
      "application/octet-stream": "https://www.gutenberg.org/files/3485/3485-h.zip"
    },
    "download_count": 255
  }
}