{
  "average_entropy_rate": 0.2340490796412735,
  "entropy_rate": [
    0.0,
    0.5819757427806579,
    0.8152937622612699,
    0.0,
    0.0,
    0.5205391709162936,
    0.0,
    0.0,
    0.7718727391981718,
    0.0,
    0.0,
    0.0,
    0.0,
    0.0,
    0.0,
    0.0,
    0.0,
    0.0,
    0.0,
    0.849148549719085,
    0.0,
    0.0,
    0.6391592884360355,
    0.0,
    0.0,
    0.0,
    0.6805102605182527,
    0.0,
    0.0,
    0.5807670746110901,
    0.0,
    0.0,
    0.0,
    0.5721361562921884,
    0.5958667888501458,
    0.0,
    0.8554145434277526,
    0.0,
    0.8407091517334294,
    0.7121913662230743,
    0.5804276703247663
  ],
  "estimated_posterior_probability": 57.708370208740234,
  "input": "./smaller_in/Guten_index868.txt",
  "prevalence_assumed": 0.5,
  "process_length": 80000,
  "gutenberg": {
    "id": 868,
    "title": "The Philosopher's Joke",
    "authors": [
      {
        "name": "Jerome, Jerome K. (Jerome Klapka)",
        "birth_year": 1859,
        "death_year": 1927
      }
    ],
    "summaries": [
      "\"The Philosopher's Joke\" by Jerome K. Jerome is a novel published in the early 20th century, specifically around the late 1900s. The story delves into themes of perception, regret, and the philosophical contemplation of life choices. It presents a thought-provoking narrative that explores the nature of reality and human relationships through a blend of humor and depth.  The plot revolves around a group of six friends who experience a collective dream or vision during a ball, where they are mysteriously presented with the opportunity to relive their youth with the knowledge of their future selves. This strange phenomenon forces them to confront their regrets and the choices they made in life. Each character grapples with the impact of their past decisions on their current happiness and relationships, questioning whether knowledge of the future would have changed their decisions. The story reveals the complications of love, the passage of time, and the essence of human experience, ultimately leading the reader to reflect on their own life journeys. (This is an automatically generated summary.)"
    ],
    "editors": [],
    "translators": [],
    "subjects": [
      "Fiction",
      "Short stories"
    ],
    "bookshelves": [
      "Category: British Literature",
      "Category: Humour",
      "Category: Novels",
      "Category: Philosophy & Ethics"
    ],
    "languages": [
      "en"
    ],
    "copyright": false,
    "media_type": "Text",
    "formats": {
      "text/html": "https://www.gutenberg.org/ebooks/868.html.images",
      "application/epub+zip": "https://www.gutenberg.org/ebooks/868.epub3.images",
      "application/x-mobipocket-ebook": "https://www.gutenberg.org/ebooks/868.kf8.images",
      "text/plain; charset=us-ascii": "https://www.gutenberg.org/ebooks/868.txt.utf-8",
      "application/rdf+xml": "https://www.gutenberg.org/ebooks/868.rdf",
      "image/jpeg": "https://www.gutenberg.org/cache/epub/868/pg868.cover.medium.jpg",
      "application/octet-stream": "https://www.gutenberg.org/files/868/868-h.zip"
    },
    "download_count": 452
  }
}