{
  "average_entropy_rate": 0.10527358864406676,
  "entropy_rate": [
    0.4811278115917825,
    0.4056390622295663,
    0.6363636348106708,
    0.0,
    0.0,
    0.0,
    0.0,
    0.0,
    0.5748370821223765,
    0.0,
    0.0,
    0.0,
    0.0,
    0.0,
    0.0,
    0.0,
    0.0,
    0.0,
    0.0,
    0.0,
    0.0,
    0.0,
    0.0,
    0.0,
    0.0,
    0.0,
    0.0,
    0.0,
    0.0,
    0.0,
    0.0,
    0.0,
    0.4056390622295663,
    0.5748370821223765,
    0.6014097644897274,
    0.0,
    0.6363636348106708,
    0.0,
    0.0,
    0.0,
    0.0
  ],
  "estimated_posterior_probability": 53.09115219116211,
  "input": "./smaller_in/Guten_index3257.txt",
  "prevalence_assumed": 0.5,
  "process_length": 80000,
  "gutenberg": {
    "id": 3257,
    "title": "New Thought Pastels",
    "authors": [
      {
        "name": "Wilcox, Ella Wheeler",
        "birth_year": 1850,
        "death_year": 1919
      }
    ],
    "summaries": [
      "\"New Thought Pastels\" by Ella Wheeler Wilcox is a collection of poems written during the early 20th century. This book reflects the author's philosophical musings and spiritual insights, emphasizing themes of love, consciousness, and the power of thought. It's an exploration of New Thought principles, aiming to inspire readers to embrace positive thinking and self-empowerment.  The poems within \"New Thought Pastels\" touch on various aspects of human experience and spirituality. In pieces like \"Fear,\" Wilcox personifies fear as an adversary to faith, urging readers to confront it bravely. Other poems, such as \"Affirm\" and \"The Law,\" highlight the importance of affirming one's existence and harnessing the creative force of thought. Through allegorical dialogues and thought-provoking reflections, Wilcox encourages readers to draw strength from love and embrace an eternal perspective, culminating in the poignant realization that love transcends earthly existence, suggesting that \"there is no death, there are no dead.\" The work celebrates the inner strength of individuals and their connection to the divine, advocating for a life full of hope, positivity, and spiritual awareness. (This is an automatically generated summary.)"
    ],
    "editors": [],
    "translators": [],
    "subjects": [
      "American poetry"
    ],
    "bookshelves": [
      "Category: Philosophy & Ethics",
      "Category: Poetry",
      "Category: Religion/Spirituality"
    ],
    "languages": [
      "en"
    ],
    "copyright": false,
    "media_type": "Text",
    "formats": {
      "text/html": "https://www.gutenberg.org/ebooks/3257.html.images",
      "application/epub+zip": "https://www.gutenberg.org/ebooks/3257.epub3.images",
      "application/x-mobipocket-ebook": "https://www.gutenberg.org/ebooks/3257.kf8.images",
      "text/plain; charset=us-ascii": "https://www.gutenberg.org/ebooks/3257.txt.utf-8",
      "application/rdf+xml": "https://www.gutenberg.org/ebooks/3257.rdf",
      "image/jpeg": "https://www.gutenberg.org/cache/epub/3257/pg3257.cover.medium.jpg",
      "application/octet-stream": "https://www.gutenberg.org/files/3257/3257-0.zip"
    },
    "download_count": 249
  }
}