{
  "average_entropy_rate": 0.14361549497847917,
  "entropy_rate": [
    0.8999999999999996,
    0.0,
    0.0,
    0.75,
    0.75,
    0.0,
    0.0,
    0.0,
    0.0,
    0.0,
    0.0,
    0.0,
    0.0,
    0.0,
    0.5,
    0.0,
    0.0,
    0.0,
    0.0,
    0.0,
    0.0,
    0.0,
    0.0,
    0.0,
    0.0,
    0.0,
    0.0,
    0.0,
    0.0,
    0.0,
    0.0,
    0.0,
    0.8999999999999996,
    0.0,
    0.75,
    0.0,
    0.75,
    0.0,
    0.588235294117647,
    0.0,
    0.0
  ],
  "estimated_posterior_probability": 54.357139587402344,
  "input": "./smaller_in/Guten_index4207.txt",
  "prevalence_assumed": 0.5,
  "process_length": 80000,
  "gutenberg": {
    "id": 4207,
    "title": "Aesthetic Poetry",
    "authors": [
      {
        "name": "Pater, Walter",
        "birth_year": 1839,
        "death_year": 1894
      }
    ],
    "summaries": [
      "\"Aesthetic Poetry\" by Walter Pater is an analytical essay written in the late 19th century that explores the concept of aestheticism in poetry, focusing primarily on its evolution and characteristics. This work examines how aesthetic poetry differs from previous poetic forms, emphasizing its capacity to transcend mere reality and evoke an idealized experience that combines elements from Greek, medieval, and modern influences. Pater's writing delves into the emotional nuances and artistic intricacies that define aesthetic poetry, presenting it as an art form embodying beauty and sensory experience.  In the essay, Pater discusses various themes and poets who embody the aesthetic spirit, particularly the intersection of love, beauty, and the fleeting nature of life. He analyzes works ranging from William Morris’s \"The Defence of Guenevere\" to the timeless allure of the medieval poetic tradition, suggesting a complex dialogue between romantic ideals and a newfound clarity in the portrayal of human emotions. Pater's exploration highlights the tension between passionate longing and the contemplative appreciation of beauty, portraying aesthetic poetry as a reflection of deeper psychological and artistic aspirations that contrast with the harsher realities of life. Through this, Pater presents a rich, layered understanding of poetry that seeks to elevate both the emotional and sensory experience of existence. (This is an automatically generated summary.)"
    ],
    "editors": [],
    "translators": [],
    "subjects": [
      "Aesthetics",
      "English poetry -- 19th century"
    ],
    "bookshelves": [
      "Category: Essays, Letters & Speeches",
      "Category: Poetry"
    ],
    "languages": [
      "en"
    ],
    "copyright": false,
    "media_type": "Text",
    "formats": {
      "text/html": "https://www.gutenberg.org/ebooks/4207.html.images",
      "application/epub+zip": "https://www.gutenberg.org/ebooks/4207.epub3.images",
      "application/x-mobipocket-ebook": "https://www.gutenberg.org/ebooks/4207.kf8.images",
      "text/plain; charset=us-ascii": "https://www.gutenberg.org/ebooks/4207.txt.utf-8",
      "application/rdf+xml": "https://www.gutenberg.org/ebooks/4207.rdf",
      "image/jpeg": "https://www.gutenberg.org/cache/epub/4207/pg4207.cover.medium.jpg",
      "application/octet-stream": "https://www.gutenberg.org/files/4207/4207-h.zip"
    },
    "download_count": 245
  }
}