{
  "average_entropy_rate": 0.18927365631561568,
  "entropy_rate": [
    0.785475300375399,
    0.6243856186156943,
    0.8116466925217979,
    0.0,
    0.0,
    0.785475300375399,
    0.785475300375399,
    0.0,
    0.0,
    0.0,
    0.0,
    0.0,
    0.0,
    0.0,
    0.0,
    0.0,
    0.0,
    0.0,
    0.0,
    0.0,
    0.0,
    0.0,
    0.0,
    0.0,
    0.0,
    0.0,
    0.0,
    0.0,
    0.0,
    0.0,
    0.0,
    0.0,
    0.785475300375399,
    0.7897757710560213,
    0.8215600244943351,
    0.0,
    0.0,
    0.785475300375399,
    0.785475300375399,
    0.0,
    0.0
  ],
  "estimated_posterior_probability": 55.9793586730957,
  "input": "./smaller_in/Guten_index879.txt",
  "prevalence_assumed": 0.5,
  "process_length": 80000,
  "gutenberg": {
    "id": 879,
    "title": "The Boy Captives: An Incident of the Indian War of 1695",
    "authors": [
      {
        "name": "Whittier, John Greenleaf",
        "birth_year": 1807,
        "death_year": 1892
      }
    ],
    "summaries": [
      "\"The Boy Captives: An Incident of the Indian War of 1695\" by John Greenleaf Whittier is a historical account written in the late 19th century. The book tells the story of a perilous event during the Indian wars, specifically focusing on the capture and escape of two young boys from the frontier settlement of Haverhill, Massachusetts. Whittier’s narrative reflects the dangers faced by early settlers in New England and the impacts of conflicts with Native Americans during this tumultuous period.  The story centers around two boys, Isaac Bradley and Joseph Whittaker, who are captured by a group of Native Americans while working in a field. Despite their initial fears of being taken to Canada, where they would face a terrifying fate, they endure the hardships of captivity through resilience and cleverness. As they struggle for survival, Isaac devises a plan to escape, and the boys embark on a grueling journey through the wilderness. Relying on their instincts, resourcefulness, and sheer willpower, they navigate numerous obstacles, including what seems to be an impossible pursuit by their captors. Ultimately, their determination leads them to safety as they reach Saco Fort, where they are welcomed and cared for, showcasing themes of bravery, resilience, and the power of friendship amid adversity. (This is an automatically generated summary.)"
    ],
    "editors": [],
    "translators": [],
    "subjects": [
      "Haverhill (Mass.) -- History",
      "Indian captivities"
    ],
    "bookshelves": [
      "Category: History - American",
      "Category: History - Warfare"
    ],
    "languages": [
      "en"
    ],
    "copyright": false,
    "media_type": "Text",
    "formats": {
      "text/html": "https://www.gutenberg.org/ebooks/879.html.images",
      "text/html; charset=us-ascii": "https://www.gutenberg.org/files/879/879-h/879-h.htm",
      "application/epub+zip": "https://www.gutenberg.org/ebooks/879.epub3.images",
      "application/x-mobipocket-ebook": "https://www.gutenberg.org/ebooks/879.kf8.images",
      "text/plain; charset=us-ascii": "https://www.gutenberg.org/ebooks/879.txt.utf-8",
      "application/rdf+xml": "https://www.gutenberg.org/ebooks/879.rdf",
      "image/jpeg": "https://www.gutenberg.org/cache/epub/879/pg879.cover.medium.jpg",
      "application/octet-stream": "https://www.gutenberg.org/cache/epub/879/pg879-h.zip"
    },
    "download_count": 343
  }
}