{
  "average_entropy_rate": 0.2673909212388126,
  "entropy_rate": [
    0.6935440227836351,
    0.0,
    0.0,
    0.0,
    0.0,
    0.7157801466810908,
    0.7157801466810908,
    0.7157801466810908,
    0.0,
    0.0,
    0.0,
    0.0,
    0.0,
    0.0,
    0.0,
    0.0,
    0.0,
    0.0,
    0.0,
    0.0,
    0.0,
    0.0,
    0.8249644739787858,
    0.9137020395533698,
    0.9410983188971223,
    0.0,
    0.0,
    0.0,
    0.0,
    0.0,
    0.0,
    0.0,
    0.8091346932475749,
    0.7157801466810908,
    0.7157801466810908,
    0.7157801466810908,
    0.0,
    0.8290248766660684,
    0.0,
    0.9410983188971223,
    0.7157801466810908
  ],
  "estimated_posterior_probability": 59.092437744140625,
  "input": "./smaller_in/Guten_index2532.txt",
  "prevalence_assumed": 0.5,
  "process_length": 80000,
  "gutenberg": {
    "id": 2532,
    "title": "The Half-Brothers",
    "authors": [
      {
        "name": "Gaskell, Elizabeth Cleghorn",
        "birth_year": 1810,
        "death_year": 1865
      }
    ],
    "summaries": [
      "\"The Half-Brothers\" by Elizabeth Cleghorn Gaskell is a poignant short story written during the Victorian era. The narrative explores themes of family, love, jealousy, and the depths of human emotion through the lens of two half-brothers, Gregory and the unnamed narrator. Set against the backdrop of rural England, the story delves into the complexities of familial relationships and the impact of societal expectations.  The tale begins with the backstory of the narrator’s mother, who faces great hardship after the death of her first husband. She remarries a wealthy farmer, William Preston, but her heart remains tied to her firstborn son, Gregory. The tension arises from William's resentment towards Gregory, whom he views as a reminder of his wife's past. As the boys grow up, their contrasting personalities lead to a complex relationship marked by neglect and misunderstanding. In a climactic moment, the narrator gets lost in a snowstorm, and it is Gregory who selflessly comes to his rescue. Tragically, Gregory sacrifices himself, leading to a moment of deep realization and regret for their father, emphasizing the story's exploration of grief, love, and the bonds that transcend despair. (This is an automatically generated summary.)"
    ],
    "editors": [],
    "translators": [],
    "subjects": [
      "England -- Social life and customs -- 19th century -- Fiction"
    ],
    "bookshelves": [
      "Category: British Literature",
      "Category: Short Stories"
    ],
    "languages": [
      "en"
    ],
    "copyright": false,
    "media_type": "Text",
    "formats": {
      "text/html": "https://www.gutenberg.org/ebooks/2532.html.images",
      "application/epub+zip": "https://www.gutenberg.org/ebooks/2532.epub3.images",
      "application/x-mobipocket-ebook": "https://www.gutenberg.org/ebooks/2532.kf8.images",
      "text/plain; charset=us-ascii": "https://www.gutenberg.org/ebooks/2532.txt.utf-8",
      "text/plain; charset=utf-8": "https://www.gutenberg.org/files/2532/2532-0.txt",
      "application/rdf+xml": "https://www.gutenberg.org/ebooks/2532.rdf",
      "image/jpeg": "https://www.gutenberg.org/cache/epub/2532/pg2532.cover.medium.jpg",
      "application/octet-stream": "https://www.gutenberg.org/cache/epub/2532/pg2532-h.zip"
    },
    "download_count": 413
  }
}