{
  "average_entropy_rate": 0.0,
  "entropy_rate": [
    0.0,
    0.0,
    0.0,
    0.0,
    0.0,
    0.0,
    0.0,
    0.0,
    0.0,
    0.0,
    0.0,
    0.0,
    0.0,
    0.0,
    0.0,
    0.0,
    0.0,
    0.0,
    0.0,
    0.0,
    0.0,
    0.0,
    0.0,
    0.0,
    0.0,
    0.0,
    0.0,
    0.0,
    0.0,
    0.0,
    0.0,
    0.0,
    0.0,
    0.0,
    0.0,
    0.0,
    0.0,
    0.0,
    0.0,
    0.0,
    0.0
  ],
  "estimated_posterior_probability": 50.0,
  "input": "./smaller_in/Guten_index4578.txt",
  "prevalence_assumed": 0.5,
  "process_length": 80000,
  "gutenberg": {
    "id": 4578,
    "title": "粉妝樓61-70回",
    "authors": [
      {
        "name": "Luo, Guanzhong",
        "birth_year": null,
        "death_year": null
      }
    ],
    "summaries": [
      "\"粉妝樓61-70回\" by Guanzhong Luo is a historical novel likely written during the late 19th century. The narrative revolves around a rich tapestry of characters embroiled in dramatic events, focusing specifically on the exploits and turmoil faced by the main character, 柏玉霜 (Bai Yushuang), as she navigates challenges of identity and survival amidst treachery and conflict.   The opening of the narrative introduces a chaotic situation where沈廷芳 (Shen Tingfang) mistakenly confronts柏玉霜, leading to a series of misunderstandings and violence that culminates in a tragic incident. As characters react to Shen's injury, both humor and tension are present, illustrating the complex social dynamics at play. Following this incident, the storyline unfolds with the characters preparing to travel to 长安 (Chang'an), where further complications arise involving alliances and betrayals, setting the stage for an engaging plot that promises to intertwine themes of loyalty, justice, and revenge against a backdrop of political intrigue. (This is an automatically generated summary.)"
    ],
    "editors": [],
    "translators": [],
    "subjects": [
      "China -- History -- Tang dynasty, 618-907 -- Fiction"
    ],
    "bookshelves": [
      "Category: Historical Novels",
      "Category: Novels"
    ],
    "languages": [
      "zh"
    ],
    "copyright": false,
    "media_type": "Text",
    "formats": {
      "text/html": "https://www.gutenberg.org/ebooks/4578.html.images",
      "application/epub+zip": "https://www.gutenberg.org/ebooks/4578.epub3.images",
      "application/x-mobipocket-ebook": "https://www.gutenberg.org/ebooks/4578.kf8.images",
      "text/plain; charset=us-ascii": "https://www.gutenberg.org/ebooks/4578.txt.utf-8",
      "application/rdf+xml": "https://www.gutenberg.org/ebooks/4578.rdf",
      "image/jpeg": "https://www.gutenberg.org/cache/epub/4578/pg4578.cover.medium.jpg",
      "application/octet-stream": "https://www.gutenberg.org/files/4578/4578-0.zip"
    },
    "download_count": 413
  }
}