{
  "average_entropy_rate": 0.3925943880622294,
  "entropy_rate": [
    0.0,
    0.0,
    0.0,
    0.0,
    0.8692276140107381,
    0.0,
    0.7697455343050673,
    0.0,
    0.0,
    0.6596581136838083,
    0.0,
    0.9608511819519656,
    0.0,
    0.8102813577196954,
    0.0,
    0.7814383011911925,
    0.0,
    0.0,
    0.0,
    0.0,
    0.0,
    0.8022221927342655,
    0.7350244465273292,
    0.0,
    0.0,
    0.7926042532052259,
    0.0,
    0.0,
    0.0,
    0.7841582489206824,
    0.0,
    0.7860856483813199,
    0.9865833560844919,
    0.7654579168193832,
    0.9071224009840955,
    0.7660995327051022,
    0.7795830498594283,
    0.7856143596087525,
    0.7934584233206691,
    0.7940619072849808,
    0.7670920712532159
  ],
  "estimated_posterior_probability": 65.213623046875,
  "input": "./smaller_in/Guten_index3984.txt",
  "prevalence_assumed": 0.5,
  "process_length": 80000,
  "gutenberg": {
    "id": 3984,
    "title": "Gerfaut — Volume 4",
    "authors": [
      {
        "name": "Bernard, Charles de",
        "birth_year": 1804,
        "death_year": 1850
      }
    ],
    "summaries": [
      "\"Gerfaut — Volume 4\" by Charles de Bernard is a novel set during the mid-19th century. The story revolves around the affluent and intricate lives of its characters, particularly focusing on Christian de Bergenheim and his relationships, notably with his wife, Clemence, and the enigmatic Gerfaut. The narrative delves into themes of passion, betrayal, and the delicate balance of social conduct within the aristocratic society.   At the start of the volume, we find ourselves at a lively and inebriated supper in the castle of Bergenheim, where the conversations of various guests reveal a superficial conviviality masking deeper tensions, particularly surrounding the public prosecutor and a mysterious murder case. Amid the jests and drinks, Christian struggles with internal turmoil, giving way to a sense of foreboding. Notably, we are introduced to Marillac, who, in a drunken haze, risks revealing secrets that may implicate both himself and others. Gerfaut observes the discomfort of Christian, hinting at past incidents and potentially unresolved conflicts, culminating in an unexpected turn of events when the social façade begins to disintegrate, hinting at underlying complexities that threaten to unravel the lives intertwined within this gathering. (This is an automatically generated summary.)"
    ],
    "editors": [],
    "translators": [],
    "subjects": [
      "French fiction -- Translations into English"
    ],
    "bookshelves": [
      "Category: French Literature",
      "Category: Novels"
    ],
    "languages": [
      "en"
    ],
    "copyright": false,
    "media_type": "Text",
    "formats": {
      "text/html": "https://www.gutenberg.org/ebooks/3984.html.images",
      "application/epub+zip": "https://www.gutenberg.org/ebooks/3984.epub3.images",
      "application/x-mobipocket-ebook": "https://www.gutenberg.org/ebooks/3984.kf8.images",
      "text/plain; charset=us-ascii": "https://www.gutenberg.org/ebooks/3984.txt.utf-8",
      "application/rdf+xml": "https://www.gutenberg.org/ebooks/3984.rdf",
      "image/jpeg": "https://www.gutenberg.org/cache/epub/3984/pg3984.cover.medium.jpg",
      "application/octet-stream": "https://www.gutenberg.org/files/3984/3984.zip"
    },
    "download_count": 191
  }
}