{
  "average_entropy_rate": 0.3165657298799413,
  "entropy_rate": [
    0.0,
    0.8134675786891881,
    0.656760098249347,
    0.0,
    0.8289287056857421,
    0.6626918533461269,
    0.6759995361079307,
    0.0,
    0.0,
    0.0,
    0.6619987240122045,
    0.0,
    0.8142599148428518,
    0.0,
    0.0,
    0.663995116038273,
    0.0,
    0.806922565765817,
    0.0,
    0.0,
    0.6593585265980834,
    0.7552420223778292,
    0.0,
    0.0,
    0.0,
    0.0,
    0.0,
    0.0,
    0.0,
    0.0,
    0.0,
    0.0,
    0.0,
    0.0,
    0.8374716796453006,
    0.7195715916245292,
    0.6609419532598229,
    0.648526676732015,
    0.6520467415183476,
    0.7941146530131115,
    0.6668969875710751
  ],
  "estimated_posterior_probability": 61.310489654541016,
  "input": "./smaller_in/Guten_index301.txt",
  "prevalence_assumed": 0.5,
  "process_length": 80000,
  "gutenberg": {
    "id": 301,
    "title": "The Ballad of Reading Gaol",
    "authors": [
      {
        "name": "Wilde, Oscar",
        "birth_year": 1854,
        "death_year": 1900
      }
    ],
    "summaries": [
      "\"The Ballad of Reading Gaol\" by Oscar Wilde is a poem written in 1897, after his release from prison following a conviction for gross indecency. The poem narrates the execution of Charles Thomas Wooldridge, a fellow prisoner who murdered his wife, weaving together objective storytelling with symbolic identification among all convicts. Wilde explores themes of punishment, brutalization, and shared humanity through the haunting refrain \"Yet each man kills the thing he loves.\" Initially published anonymously under his cell number \"C.3.3.,\" the poem became an unexpected success. (This is an automatically generated summary.)"
    ],
    "editors": [],
    "translators": [],
    "subjects": [
      "Imprisonment -- Poetry",
      "Prisoners -- Poetry",
      "Prisons -- Poetry"
    ],
    "bookshelves": [
      "Category: British Literature",
      "Category: Poetry"
    ],
    "languages": [
      "en"
    ],
    "copyright": false,
    "media_type": "Text",
    "formats": {
      "text/html": "https://www.gutenberg.org/ebooks/301.html.images",
      "text/html; charset=us-ascii": "https://www.gutenberg.org/files/301/301-h/301-h.htm",
      "application/epub+zip": "https://www.gutenberg.org/ebooks/301.epub3.images",
      "application/x-mobipocket-ebook": "https://www.gutenberg.org/ebooks/301.kf8.images",
      "text/plain; charset=us-ascii": "https://www.gutenberg.org/ebooks/301.txt.utf-8",
      "application/rdf+xml": "https://www.gutenberg.org/ebooks/301.rdf",
      "image/jpeg": "https://www.gutenberg.org/cache/epub/301/pg301.cover.medium.jpg",
      "application/octet-stream": "https://www.gutenberg.org/cache/epub/301/pg301-h.zip"
    },
    "download_count": 671
  }
}