{
  "average_entropy_rate": 0.2986826781720655,
  "entropy_rate": [
    0.6537197947204391,
    0.6537197947204391,
    0.0,
    0.0,
    0.0,
    0.0,
    0.0,
    0.0,
    0.0,
    0.0,
    0.0,
    0.0,
    0.0,
    0.5716556603691474,
    0.7295739620571241,
    0.6537197947204391,
    0.0,
    0.0,
    0.0,
    0.0,
    0.0,
    0.0,
    0.0,
    0.0,
    0.0,
    0.6767264054774599,
    0.0,
    0.0,
    0.0,
    0.7295739620571241,
    0.7295739620571241,
    0.5957711979906415,
    0.7295739620571241,
    0.7295739620571241,
    0.5913679245198079,
    0.6767264054774599,
    0.6064171685447365,
    0.7295739620571241,
    0.7295739620571241,
    0.7295739620571241,
    0.7295739620571241
  ],
  "estimated_posterior_probability": 60.47589111328125,
  "input": "./smaller_in/Guten_index613.txt",
  "prevalence_assumed": 0.5,
  "process_length": 80000,
  "gutenberg": {
    "id": 613,
    "title": "The Constitution of the Empire of Japan, 1889",
    "authors": [
      {
        "name": "Japan",
        "birth_year": null,
        "death_year": null
      }
    ],
    "summaries": [
      "\"The Constitution of the Empire of Japan, 1889\" by Japan is a constitution proclaimed in 1889 and enacted in 1890. It established a mixed constitutional and absolute monarchy modeled after German and British systems, creating Asia's first parliamentary government. The document defined the Emperor's role, established an independent judiciary, and granted limited civil rights subject to legal restriction. It governed Japan until 1947, when it was replaced during Allied occupation. The constitution's interpretation sparked ongoing struggles between authoritarian and liberal-democratic tendencies throughout the Empire's existence. (This is an automatically generated summary.)"
    ],
    "editors": [],
    "translators": [],
    "subjects": [
      "Constitutional law -- Japan",
      "Japan -- Constitution"
    ],
    "bookshelves": [
      "Category: History - Modern (1750+)",
      "Category: Law & Criminology",
      "Politics"
    ],
    "languages": [
      "en"
    ],
    "copyright": false,
    "media_type": "Text",
    "formats": {
      "text/html": "https://www.gutenberg.org/ebooks/613.html.images",
      "application/epub+zip": "https://www.gutenberg.org/ebooks/613.epub3.images",
      "application/x-mobipocket-ebook": "https://www.gutenberg.org/ebooks/613.kf8.images",
      "text/plain; charset=us-ascii": "https://www.gutenberg.org/ebooks/613.txt.utf-8",
      "application/rdf+xml": "https://www.gutenberg.org/ebooks/613.rdf",
      "image/jpeg": "https://www.gutenberg.org/cache/epub/613/pg613.cover.medium.jpg",
      "application/octet-stream": "https://www.gutenberg.org/cache/epub/613/pg613-h.zip"
    },
    "download_count": 465
  }
}