{
  "average_entropy_rate": 0.0,
  "entropy_rate": [
    0.0,
    0.0,
    0.0,
    0.0,
    0.0,
    0.0,
    0.0,
    0.0,
    0.0,
    0.0,
    0.0,
    0.0,
    0.0,
    0.0,
    0.0,
    0.0,
    0.0,
    0.0,
    0.0,
    0.0,
    0.0,
    0.0,
    0.0,
    0.0,
    0.0,
    0.0,
    0.0,
    0.0,
    0.0,
    0.0,
    0.0,
    0.0,
    0.0,
    0.0,
    0.0,
    0.0,
    0.0,
    0.0,
    0.0,
    0.0,
    0.0
  ],
  "estimated_posterior_probability": 50.0,
  "input": "./smaller_in/Guten_index3680.txt",
  "prevalence_assumed": 0.5,
  "process_length": 80000,
  "gutenberg": {
    "id": 3680,
    "title": "Cartrefi Cymru",
    "authors": [
      {
        "name": "Edwards, Owen Morgan, Sir",
        "birth_year": 1858,
        "death_year": 1920
      }
    ],
    "summaries": [
      "\"Cartrefi Cymru\" by Sir Owen Morgan Edwards is a collection of essays published in 1896. The work chronicles the author's visits to twelve locations across Wales, each connected to notable figures from Welsh history, primarily writers and religious leaders. Through these journeys, Edwards explores Welsh character, celebrates the nation's landscape, and creates a pilgrimage through the homes of hymn writers, poets, preachers, and saints who shaped Welsh cultural identity. (This is an automatically generated summary.)"
    ],
    "editors": [],
    "translators": [],
    "subjects": [
      "Historic buildings -- Wales",
      "Literary landmarks -- Wales",
      "Wales -- Biography"
    ],
    "bookshelves": [
      "Category: Biographies",
      "Category: History - Other",
      "Category: Travel Writing"
    ],
    "languages": [
      "cy"
    ],
    "copyright": false,
    "media_type": "Text",
    "formats": {
      "text/html": "https://www.gutenberg.org/ebooks/3680.html.images",
      "application/epub+zip": "https://www.gutenberg.org/ebooks/3680.epub3.images",
      "application/x-mobipocket-ebook": "https://www.gutenberg.org/ebooks/3680.kf8.images",
      "text/plain; charset=us-ascii": "https://www.gutenberg.org/ebooks/3680.txt.utf-8",
      "application/rdf+xml": "https://www.gutenberg.org/ebooks/3680.rdf",
      "image/jpeg": "https://www.gutenberg.org/cache/epub/3680/pg3680.cover.medium.jpg",
      "application/octet-stream": "https://www.gutenberg.org/files/3680/3680-0.zip"
    },
    "download_count": 211
  }
}