{
  "average_entropy_rate": 0.3713303745729411,
  "entropy_rate": [
    0.0,
    0.0,
    0.0,
    0.9043806008188633,
    0.7220263243102625,
    0.0,
    0.0,
    0.0,
    0.0,
    0.0,
    0.6928259916390672,
    0.0,
    0.0,
    0.0,
    0.7884606874529092,
    0.0,
    0.6836739644701629,
    0.0,
    0.0,
    0.0,
    0.0,
    0.0,
    0.6874869429578377,
    0.0,
    0.8892280078454594,
    0.0,
    0.6844977929968008,
    0.8445395334006902,
    0.7115415084496762,
    0.0,
    0.6929243337393879,
    0.0,
    0.862380038155953,
    0.6973797049583439,
    0.648493718579033,
    0.7400159574419619,
    0.775631109073074,
    0.9166215092145149,
    0.6891847191748554,
    0.6792948619449257,
    0.9139580508668044
  ],
  "estimated_posterior_probability": 64.0584945678711,
  "input": "./smaller_in/Guten_index2816.txt",
  "prevalence_assumed": 0.5,
  "process_length": 80000,
  "gutenberg": {
    "id": 2816,
    "title": "The City of the Sun",
    "authors": [
      {
        "name": "Campanella, Tommaso",
        "birth_year": 1568,
        "death_year": 1639
      }
    ],
    "summaries": [
      "\"The City of the Sun\" by Tommaso Campanella is a philosophical work written in 1602. Presented as a dialogue between a Knight Hospitaller and a sea captain, it describes an idealistic society built on a hill and protected by seven walls. In this community, goods, women, and children are held in common, work is shared equally, and citizens live according to strict rules guided by astrology and natural religion. The work explores radical ideas about collective living and social organization. (This is an automatically generated summary.)"
    ],
    "editors": [],
    "translators": [],
    "subjects": [
      "Utopias -- Early works to 1800"
    ],
    "bookshelves": [
      "Category: Philosophy & Ethics"
    ],
    "languages": [
      "en"
    ],
    "copyright": false,
    "media_type": "Text",
    "formats": {
      "text/html": "https://www.gutenberg.org/ebooks/2816.html.images",
      "application/epub+zip": "https://www.gutenberg.org/ebooks/2816.epub3.images",
      "application/x-mobipocket-ebook": "https://www.gutenberg.org/ebooks/2816.kf8.images",
      "text/plain; charset=us-ascii": "https://www.gutenberg.org/ebooks/2816.txt.utf-8",
      "application/rdf+xml": "https://www.gutenberg.org/ebooks/2816.rdf",
      "image/jpeg": "https://www.gutenberg.org/cache/epub/2816/pg2816.cover.medium.jpg",
      "application/octet-stream": "https://www.gutenberg.org/files/2816/2816-h.zip"
    },
    "download_count": 801
  }
}