{
  "average_entropy_rate": 0.40632925000284587,
  "entropy_rate": [
    0.7082892142536327,
    0.8975560203623331,
    1.008930644033551,
    0.6763620932566033,
    0.6763620932566033,
    0.8966273726878315,
    0.6763620932566033,
    0.6763620932566033,
    0.6763620932566033,
    0.0,
    0.0,
    0.0,
    0.0,
    0.0,
    0.0,
    0.0,
    0.0,
    0.0,
    0.0,
    0.0,
    0.0,
    1.008930644033551,
    1.008930644033551,
    0.0,
    0.0,
    0.0,
    0.0,
    0.0,
    0.0,
    0.0,
    0.0,
    0.0,
    0.8966273726878315,
    0.7869880158373698,
    1.008930644033551,
    1.008930644033551,
    0.6763620932566033,
    0.6763620932566033,
    0.6763620932566033,
    1.008930644033551,
    1.008930644033551
  ],
  "estimated_posterior_probability": 65.99271392822266,
  "input": "./smaller_in/Guten_index1555.txt",
  "prevalence_assumed": 0.5,
  "process_length": 80000,
  "gutenberg": {
    "id": 1555,
    "title": "A Passion in the Desert",
    "authors": [
      {
        "name": "Balzac, Honoré de",
        "birth_year": 1799,
        "death_year": 1850
      }
    ],
    "summaries": [
      "\"A Passion in the Desert\" by Honoré de Balzac is a short story published in 1830. A French soldier, captured during Napoleon's Egyptian campaign, escapes into the desert where he finds refuge in a cave. There he encounters a panther he names \"Mignonne\" and forms an unusual bond with the wild creature. As he journeys toward the Nile seeking rescue, their relationship unfolds in unexpected ways, blurring the line between man and beast in the harsh desert landscape. (This is an automatically generated summary.)"
    ],
    "editors": [],
    "translators": [
      {
        "name": "Dowson, Ernest Christopher",
        "birth_year": 1867,
        "death_year": 1900
      }
    ],
    "subjects": [
      "Adventure and adventurers -- Fiction",
      "Deserts -- Fiction"
    ],
    "bookshelves": [
      "Category: French Literature",
      "Category: Short Stories"
    ],
    "languages": [
      "en"
    ],
    "copyright": false,
    "media_type": "Text",
    "formats": {
      "text/html": "https://www.gutenberg.org/ebooks/1555.html.images",
      "text/html; charset=us-ascii": "https://www.gutenberg.org/files/1555/1555-h/1555-h.htm",
      "application/epub+zip": "https://www.gutenberg.org/ebooks/1555.epub3.images",
      "application/x-mobipocket-ebook": "https://www.gutenberg.org/ebooks/1555.kf8.images",
      "text/plain; charset=us-ascii": "https://www.gutenberg.org/ebooks/1555.txt.utf-8",
      "text/plain; charset=utf-8": "https://www.gutenberg.org/files/1555/1555-0.txt",
      "application/rdf+xml": "https://www.gutenberg.org/ebooks/1555.rdf",
      "image/jpeg": "https://www.gutenberg.org/cache/epub/1555/pg1555.cover.medium.jpg",
      "application/octet-stream": "https://www.gutenberg.org/cache/epub/1555/pg1555-h.zip"
    },
    "download_count": 579
  }
}