{
  "average_entropy_rate": 0.04085365853658536,
  "entropy_rate": [
    0.49999999999999994,
    0.0,
    0.0,
    0.0,
    0.0,
    0.0,
    0.0,
    0.3,
    0.0,
    0.0,
    0.0,
    0.0,
    0.0,
    0.0,
    0.0,
    0.0,
    0.0,
    0.0,
    0.0,
    0.0,
    0.0,
    0.0,
    0.0,
    0.0,
    0.0,
    0.0,
    0.0,
    0.0,
    0.0,
    0.0,
    0.0,
    0.0,
    0.49999999999999994,
    0.0,
    0.0,
    0.0,
    0.375,
    0.0,
    0.0,
    0.0,
    0.0
  ],
  "estimated_posterior_probability": 51.138763427734375,
  "input": "./smaller_in/Guten_index3381.txt",
  "prevalence_assumed": 0.5,
  "process_length": 80000,
  "gutenberg": {
    "id": 3381,
    "title": "The Standard Household-Effect Company (from Literature and Life)",
    "authors": [
      {
        "name": "Howells, William Dean",
        "birth_year": 1837,
        "death_year": 1920
      }
    ],
    "summaries": [
      "\"The Standard Household-Effect Company (from Literature and Life)\" by William Dean Howells is a satirical and philosophical commentary on housekeeping and domestic life, likely written in the late 19th century. This book explores the complexities and burdens of modern housekeeping, juxtaposing it with the simpler lives of the past. Through conversations between characters, it critiques the obsession with material possessions and the emotional weight of domestic responsibilities.  In the narrative, a protagonist discusses with a friend the dire state of housekeeping in contemporary homes compared to the past. They lament the overwhelming anxiety and labor imposed by an abundance of household items, leading to a proposed radical solution: the creation of a \"Standard Household-Effect Company,\" which would take on the responsibility of owning and maintaining all household items. This would free women from the incessant pressures of domesticity and the societal expectations tied to it. The conversation reveals a tension between the longing for comfort and individuality in one's living space and the oppressive nature of ownership and maintenance of household goods, culminating in an exploration of identity and societal roles. Ultimately, the friend's absurd idea reflects a deeper critique of materialism and the relentless cycle of consumerism that burdens modern life. (This is an automatically generated summary.)"
    ],
    "editors": [],
    "translators": [],
    "subjects": [
      "Fiction",
      "Short stories"
    ],
    "bookshelves": [
      "Category: American Literature",
      "Category: Humour",
      "Category: Novels"
    ],
    "languages": [
      "en"
    ],
    "copyright": false,
    "media_type": "Text",
    "formats": {
      "text/html": "https://www.gutenberg.org/ebooks/3381.html.images",
      "application/epub+zip": "https://www.gutenberg.org/ebooks/3381.epub3.images",
      "application/x-mobipocket-ebook": "https://www.gutenberg.org/ebooks/3381.kf8.images",
      "text/plain; charset=us-ascii": "https://www.gutenberg.org/ebooks/3381.txt.utf-8",
      "application/rdf+xml": "https://www.gutenberg.org/ebooks/3381.rdf",
      "image/jpeg": "https://www.gutenberg.org/cache/epub/3381/pg3381.cover.medium.jpg",
      "application/octet-stream": "https://www.gutenberg.org/files/3381/3381.zip"
    },
    "download_count": 270
  }
}