{
  "average_entropy_rate": 0.2655504673459468,
  "entropy_rate": [
    0.0,
    0.0,
    0.0,
    0.0,
    0.0,
    0.0,
    0.0,
    0.0,
    0.0,
    0.5849255092140511,
    0.6653755836707214,
    0.7994663015563128,
    0.6917424959748995,
    0.0,
    0.7560866708210998,
    0.0,
    0.0,
    0.0,
    0.0,
    0.0,
    0.8319534888762877,
    0.0,
    0.0,
    0.0,
    0.0,
    0.0,
    0.0,
    0.0,
    0.6401194938400074,
    0.6935115003635322,
    0.0,
    0.0,
    0.639922653743162,
    0.6687789898182134,
    0.7257533529110174,
    0.8737628852938266,
    0.7642420142085335,
    0.8358242145074728,
    0.0,
    0.0,
    0.7161040063846782
  ],
  "estimated_posterior_probability": 59.01426696777344,
  "input": "./smaller_in/Guten_index2782.txt",
  "prevalence_assumed": 0.5,
  "process_length": 80000,
  "gutenberg": {
    "id": 2782,
    "title": "Wilhelm Tell",
    "authors": [
      {
        "name": "Schiller, Friedrich",
        "birth_year": 1759,
        "death_year": 1805
      }
    ],
    "summaries": [
      "\"Wilhelm Tell\" by Friedrich Schiller is a drama written in 1804. Set during Switzerland's struggle for independence from the Habsburg Empire in the early 14th century, the play follows legendary marksman William Tell as he faces the tyrannical Governor Gessler. When Tell refuses to bow to the governor's cap, he's forced into an impossible choice: shoot an apple from his own son's head or face execution. This act of cruelty ignites a wider rebellion among the oppressed Swiss people seeking freedom from their brutal overlord. (This is an automatically generated summary.)"
    ],
    "editors": [],
    "translators": [
      {
        "name": "Martin, Theodore, Sir",
        "birth_year": 1816,
        "death_year": 1909
      }
    ],
    "subjects": [
      "Tell, Wilhelm -- Drama"
    ],
    "bookshelves": [
      "Category: German Literature",
      "Category: Historical Novels",
      "Category: Plays/Films/Dramas",
      "Harvard Classics"
    ],
    "languages": [
      "en"
    ],
    "copyright": false,
    "media_type": "Text",
    "formats": {
      "text/html": "https://www.gutenberg.org/ebooks/2782.html.images",
      "application/epub+zip": "https://www.gutenberg.org/ebooks/2782.epub3.images",
      "application/x-mobipocket-ebook": "https://www.gutenberg.org/ebooks/2782.kf8.images",
      "text/plain; charset=us-ascii": "https://www.gutenberg.org/ebooks/2782.txt.utf-8",
      "application/rdf+xml": "https://www.gutenberg.org/ebooks/2782.rdf",
      "image/jpeg": "https://www.gutenberg.org/cache/epub/2782/pg2782.cover.medium.jpg",
      "application/octet-stream": "https://www.gutenberg.org/files/2782/2782.zip"
    },
    "download_count": 345
  }
}