{
  "average_entropy_rate": 0.2919022507072355,
  "entropy_rate": [
    0.6361665817804504,
    1.0598429977616879,
    0.0,
    0.0,
    0.0,
    0.0,
    0.0,
    0.0,
    0.0,
    0.0,
    0.0,
    0.0,
    0.0,
    0.0,
    0.0,
    0.0,
    0.0,
    0.0,
    0.0,
    0.0,
    0.0,
    0.0,
    1.0598429977616879,
    1.0598429977616879,
    0.0,
    0.0,
    0.0,
    0.0,
    0.8198089128276927,
    0.0,
    0.39124348490545907,
    1.0035238454925883,
    0.8270165563145857,
    1.0598429977616879,
    0.0,
    0.0,
    1.0598429977616879,
    1.0598429977616879,
    0.871331913344065,
    0.0,
    1.0598429977616879
  ],
  "estimated_posterior_probability": 60.1689567565918,
  "input": "./smaller_in/Guten_index1819.txt",
  "prevalence_assumed": 0.5,
  "process_length": 80000,
  "gutenberg": {
    "id": 1819,
    "title": "The Messengers",
    "authors": [
      {
        "name": "Davis, Richard Harding",
        "birth_year": 1864,
        "death_year": 1916
      }
    ],
    "summaries": [
      "\"The Messengers\" by Richard Harding Davis is a romantic novella set in the early 20th century. The story revolves around the character Ainsley, who retreats to his isolated farm, Lone Lake Farm, in Connecticut, seeking solitude and a test of true friendship. He is deeply in love with Polly Kirkland and believes that her willingness to visit him in his secluded setting will determine the depth of their relationship. The narrative explores themes of love, longing, and the quest for genuine connection against a backdrop of nature.  The plot follows Ainsley as he grapples with his emotions and the uncertainty of Polly’s feelings while she travels abroad. As Ainsley waits for a sign to indicate her love for him, he becomes increasingly despondent with life and is haunted by his unrequited love. After months of waiting, he experiences a series of false alarms that rekindle his hope. Ultimately, just as he prepares to confront his feelings and doubts, a dramatic twist occurs when Polly reveals she never intended to send him a sign at all. Instead, his act of following her to Egypt is the manifestation of true love, illuminating that the most important messages are often understood through action rather than symbols. The novella culminates in a poignant and heartwarming reunion under the mysterious return of white birds, symbolizing the culmination of his longing and the realization of their love. (This is an automatically generated summary.)"
    ],
    "editors": [],
    "translators": [],
    "subjects": [
      "Fiction",
      "Short stories"
    ],
    "bookshelves": [
      "Category: American Literature",
      "Category: Novels",
      "Category: Romance"
    ],
    "languages": [
      "en"
    ],
    "copyright": false,
    "media_type": "Text",
    "formats": {
      "text/html": "https://www.gutenberg.org/ebooks/1819.html.images",
      "text/html; charset=utf-8": "https://www.gutenberg.org/files/1819/1819-h/1819-h.htm",
      "application/epub+zip": "https://www.gutenberg.org/ebooks/1819.epub3.images",
      "application/x-mobipocket-ebook": "https://www.gutenberg.org/ebooks/1819.kf8.images",
      "text/plain; charset=us-ascii": "https://www.gutenberg.org/ebooks/1819.txt.utf-8",
      "text/plain; charset=utf-8": "https://www.gutenberg.org/files/1819/1819-0.txt",
      "application/rdf+xml": "https://www.gutenberg.org/ebooks/1819.rdf",
      "image/jpeg": "https://www.gutenberg.org/cache/epub/1819/pg1819.cover.medium.jpg",
      "application/octet-stream": "https://www.gutenberg.org/cache/epub/1819/pg1819-h.zip"
    },
    "download_count": 277
  }
}