{
  "average_entropy_rate": 0.21563392314310376,
  "entropy_rate": [
    0.6054338227041605,
    0.8459151418575355,
    0.0,
    0.0,
    0.0,
    0.0,
    0.0,
    0.0,
    0.0,
    0.0,
    0.0,
    0.0,
    0.0,
    0.0,
    0.0,
    0.9351249250297434,
    0.0,
    0.0,
    0.0,
    0.0,
    0.0,
    0.0,
    0.0,
    0.0,
    0.0,
    0.0,
    0.9351249250297434,
    0.0,
    0.0,
    0.0,
    0.6388067159496499,
    0.6388067159496499,
    0.8121673231397277,
    0.9205547131979063,
    0.9351249250297434,
    0.9351249250297434,
    0.0,
    0.0,
    0.0,
    0.6388067159496499,
    0.0
  ],
  "estimated_posterior_probability": 56.980506896972656,
  "input": "./smaller_in/Guten_index2004.txt",
  "prevalence_assumed": 0.5,
  "process_length": 80000,
  "gutenberg": {
    "id": 2004,
    "title": "Pigs is Pigs",
    "authors": [
      {
        "name": "Butler, Ellis Parker",
        "birth_year": 1869,
        "death_year": 1937
      }
    ],
    "summaries": [
      "\"Pigs is Pigs\" by Ellis Parker Butler is a short story published in 1905. When railway agent Mike Flannery insists on charging the livestock rate for two guinea pigs rather than the pet rate—declaring \"pigs is pigs\"—a bureaucratic standoff ensues. The customer refuses delivery, leaving Flannery stuck with the animals in his office. As he awaits resolution from his superiors, an unexpected biological problem rapidly multiplies beyond his control, teaching him an unforgettable lesson about classification and common sense. (This is an automatically generated summary.)"
    ],
    "editors": [],
    "translators": [],
    "subjects": [
      "Humorous stories",
      "Short stories"
    ],
    "bookshelves": [
      "Category: American Literature",
      "Category: Humour",
      "Category: Short Stories"
    ],
    "languages": [
      "en"
    ],
    "copyright": false,
    "media_type": "Text",
    "formats": {
      "text/html": "https://www.gutenberg.org/ebooks/2004.html.images",
      "text/html; charset=utf-8": "https://www.gutenberg.org/files/2004/2004-h/2004-h.htm",
      "application/epub+zip": "https://www.gutenberg.org/ebooks/2004.epub3.images",
      "application/x-mobipocket-ebook": "https://www.gutenberg.org/ebooks/2004.kf8.images",
      "text/plain; charset=us-ascii": "https://www.gutenberg.org/ebooks/2004.txt.utf-8",
      "text/plain; charset=utf-8": "https://www.gutenberg.org/files/2004/2004-0.txt",
      "application/rdf+xml": "https://www.gutenberg.org/ebooks/2004.rdf",
      "image/jpeg": "https://www.gutenberg.org/cache/epub/2004/pg2004.cover.medium.jpg",
      "application/octet-stream": "https://www.gutenberg.org/cache/epub/2004/pg2004-h.zip"
    },
    "download_count": 685
  }
}