{
  "average_entropy_rate": 0.2959465888634601,
  "entropy_rate": [
    0.6001422829597716,
    0.0,
    0.0,
    0.0,
    0.0,
    0.0,
    0.0,
    0.0,
    0.0,
    0.0,
    0.0,
    0.7191763421045667,
    0.8077603058126898,
    0.0,
    0.0,
    0.0,
    0.6216394877481046,
    0.7577643818366021,
    0.0,
    0.0,
    0.0,
    0.6586631207515115,
    0.0,
    0.0,
    0.0,
    0.7169201303632042,
    0.0,
    0.0,
    0.8335074779388825,
    0.0,
    0.7103312813644567,
    0.0,
    0.8111454996252019,
    0.8368834000938167,
    0.0,
    0.560473372789266,
    0.743934439940333,
    0.6185406160464535,
    0.6532528348583322,
    0.8646363504067748,
    0.6190388187618976
  ],
  "estimated_posterior_probability": 60.35468673706055,
  "input": "./smaller_in/Guten_index2259.txt",
  "prevalence_assumed": 0.5,
  "process_length": 80000,
  "gutenberg": {
    "id": 2259,
    "title": "Coriolanus",
    "authors": [
      {
        "name": "Shakespeare, William",
        "birth_year": 1564,
        "death_year": 1616
      }
    ],
    "summaries": [
      "\"Coriolanus\" by William Shakespeare is a tragedy written between 1605 and 1608. The play follows a proud Roman general who earns his name through military triumph against the Volscians but faces banishment when his contempt for common citizens clashes with political reality. Exiled and embittered, he joins forces with his former enemies to march against Rome itself. When his mother pleads for peace, Coriolanus must choose between vengeance and reconciliation—a decision that seals his fate. (This is an automatically generated summary.)"
    ],
    "editors": [],
    "translators": [],
    "subjects": [
      "Coriolanus, Cnaeus Marcius -- Drama",
      "Generals -- Drama",
      "Rome -- Drama",
      "Tragedies (Drama)"
    ],
    "bookshelves": [
      "Category: British Literature",
      "Category: Classics of Literature",
      "Category: Plays/Films/Dramas"
    ],
    "languages": [
      "en"
    ],
    "copyright": false,
    "media_type": "Text",
    "formats": {
      "text/html": "https://www.gutenberg.org/ebooks/2259.html.images",
      "application/epub+zip": "https://www.gutenberg.org/ebooks/2259.epub3.images",
      "image/jpeg": "https://www.gutenberg.org/files/2259/cover.jpg",
      "application/x-mobipocket-ebook": "https://www.gutenberg.org/ebooks/2259.kf8.images",
      "text/plain; charset=us-ascii": "https://www.gutenberg.org/ebooks/2259.txt.utf-8",
      "application/rdf+xml": "https://www.gutenberg.org/ebooks/2259.rdf",
      "application/octet-stream": "https://www.gutenberg.org/cache/epub/2259/pg2259-h.zip"
    },
    "download_count": 335
  }
}