{
  "average_entropy_rate": 0.2419248608272232,
  "entropy_rate": [
    0.6904602375493617,
    0.0,
    0.0,
    0.6115680039630206,
    0.0,
    0.0,
    0.0,
    0.5139828369054201,
    0.0,
    0.0,
    0.0,
    0.0,
    0.0,
    0.0,
    0.0,
    0.0,
    0.0,
    0.0,
    0.0,
    0.7951256244919572,
    0.5538040628762997,
    0.0,
    0.0,
    0.6136284378622984,
    0.7816914332479263,
    0.0,
    0.0,
    0.5614107234843169,
    0.7000156200245152,
    0.0,
    0.0,
    0.0,
    0.0,
    0.7411672275966045,
    0.5628300073190871,
    0.8118859900062898,
    0.5283178387968092,
    0.6947783643080354,
    0.7582528854842085,
    0.0,
    0.0
  ],
  "estimated_posterior_probability": 58.02593231201172,
  "input": "./smaller_in/Guten_index1797.txt",
  "prevalence_assumed": 0.5,
  "process_length": 80000,
  "gutenberg": {
    "id": 1797,
    "title": "Coriolanus",
    "authors": [
      {
        "name": "Shakespeare, William",
        "birth_year": 1564,
        "death_year": 1616
      }
    ],
    "summaries": [
      "\"Coriolanus\" by William Shakespeare is a tragedy written between 1605 and 1608. The play follows a brilliant Roman general who earns his name through victory at Corioli but whose contempt for common citizens leads to banishment. In exile, he joins Rome's enemies and marches against his homeland. Torn between vengeance and family loyalty, Coriolanus faces impossible choices that lead to his ultimate downfall. Based on Plutarch's account of the legendary Roman leader, this late Shakespeare tragedy explores pride, politics, and the fatal costs of refusing to compromise. (This is an automatically generated summary.)"
    ],
    "editors": [],
    "translators": [],
    "subjects": [
      "Coriolanus, Cnaeus Marcius -- Drama",
      "Generals -- Drama",
      "Rome -- Drama",
      "Tragedies (Drama)"
    ],
    "bookshelves": [
      "Category: British Literature",
      "Category: Classics of Literature",
      "Category: Plays/Films/Dramas"
    ],
    "languages": [
      "en"
    ],
    "copyright": false,
    "media_type": "Text",
    "formats": {
      "text/html": "https://www.gutenberg.org/ebooks/1797.html.images",
      "application/epub+zip": "https://www.gutenberg.org/ebooks/1797.epub3.images",
      "application/x-mobipocket-ebook": "https://www.gutenberg.org/ebooks/1797.kf8.images",
      "text/plain; charset=us-ascii": "https://www.gutenberg.org/ebooks/1797.txt.utf-8",
      "application/rdf+xml": "https://www.gutenberg.org/ebooks/1797.rdf",
      "image/jpeg": "https://www.gutenberg.org/cache/epub/1797/pg1797.cover.medium.jpg",
      "application/octet-stream": "https://www.gutenberg.org/cache/epub/1797/pg1797-h.zip"
    },
    "download_count": 250
  }
}