{
  "average_entropy_rate": 0.0,
  "entropy_rate": [
    0.0,
    0.0,
    0.0,
    0.0,
    0.0,
    0.0,
    0.0,
    0.0,
    0.0,
    0.0,
    0.0,
    0.0,
    0.0,
    0.0,
    0.0,
    0.0,
    0.0,
    0.0,
    0.0,
    0.0,
    0.0,
    0.0,
    0.0,
    0.0,
    0.0,
    0.0,
    0.0,
    0.0,
    0.0,
    0.0,
    0.0,
    0.0,
    0.0,
    0.0,
    0.0,
    0.0,
    0.0,
    0.0,
    0.0,
    0.0,
    0.0
  ],
  "estimated_posterior_probability": 50.0,
  "input": "./smaller_in/Guten_index2737.txt",
  "prevalence_assumed": 0.5,
  "process_length": 80000,
  "gutenberg": {
    "id": 2737,
    "title": "A Grandpa's Notebook: Ideas, Models, Stories and Memoirs to Encourage Intergenerational Outreach and Communication",
    "authors": [
      {
        "name": "Moldeven, Meyer",
        "birth_year": 1917,
        "death_year": null
      }
    ],
    "summaries": [
      "\"A Grandpa's Notebook\" by Meyer Moldeven is a collection of creative and practical ideas aimed at fostering intergenerational communication and outreach, likely written in the early 21st century. This work serves as a guide for grandparents, providing them with tools to connect with their grandchildren through storytelling, sharing memories, and engaging in activities that bridge the generational gap, particularly when distance makes physical visits challenging.  The opening of the book sets the stage by emphasizing the importance of maintaining connections between grandparents and grandchildren, especially in a world where families may be geographically dispersed. Meyer Moldeven introduces the concept of \"letter-stories,\" which are narratives that grandparents can compose and send to their faraway grandchildren, allowing them to share experiences, family history, and imaginative tales. This section discusses the author's personal reflections on his experiences with storytelling, interacting with young children, and harnessing creativity to create lasting bonds, thereby establishing a thoughtful framework for the rest of the book. (This is an automatically generated summary.)"
    ],
    "editors": [],
    "translators": [],
    "subjects": [
      "Children's literature",
      "Grandfathers -- Family relationships",
      "Grandparenting",
      "Older people -- Health and hygiene",
      "Older people -- Services for"
    ],
    "bookshelves": [
      "Category: How To ...",
      "Category: Parenthood & Family Relations"
    ],
    "languages": [
      "en"
    ],
    "copyright": true,
    "media_type": "Text",
    "formats": {
      "text/html": "https://www.gutenberg.org/ebooks/2737.html.images",
      "application/epub+zip": "https://www.gutenberg.org/ebooks/2737.epub3.images",
      "application/x-mobipocket-ebook": "https://www.gutenberg.org/ebooks/2737.kf8.images",
      "text/plain; charset=us-ascii": "https://www.gutenberg.org/ebooks/2737.txt.utf-8",
      "application/rdf+xml": "https://www.gutenberg.org/ebooks/2737.rdf",
      "image/jpeg": "https://www.gutenberg.org/cache/epub/2737/pg2737.cover.medium.jpg",
      "application/octet-stream": "https://www.gutenberg.org/files/2737/2737.zip"
    },
    "download_count": 527
  }
}