{
  "average_entropy_rate": 0.40949429881044386,
  "entropy_rate": [
    0.7673183343250923,
    0.0,
    0.0,
    0.0,
    0.0,
    0.0,
    0.0,
    0.0,
    0.0,
    0.0,
    0.0,
    1.0917977306576108,
    0.8553885458638434,
    0.8553885458638434,
    0.0,
    0.0,
    1.0709775011898381,
    1.1176441681543041,
    0.8553885458638434,
    0.8553885458638434,
    0.8553885458638434,
    0.0,
    0.0,
    0.0,
    0.0,
    0.0,
    0.0,
    0.0,
    0.0,
    0.0,
    0.0,
    0.0,
    0.9591479179063647,
    1.0917977306576108,
    0.8553885458638434,
    0.8553885458638434,
    1.0709775011898381,
    1.0657199085091096,
    0.8553885458638434,
    0.8553885458638434,
    0.8553885458638434
  ],
  "estimated_posterior_probability": 66.1725845336914,
  "input": "./smaller_in/Guten_index1737.txt",
  "prevalence_assumed": 0.5,
  "process_length": 80000,
  "gutenberg": {
    "id": 1737,
    "title": "Facino Cane",
    "authors": [
      {
        "name": "Balzac, Honoré de",
        "birth_year": 1799,
        "death_year": 1850
      }
    ],
    "summaries": [
      "\"Facino Cane\" by Honoré de Balzac is a novel that reflects the themes of ambition, wealth, and lost opportunities. Written in the early to mid-19th century, the book dives into the life of a man haunted by his past and his obsession with gold. Balzac, known for his keen observations of society and human nature, presents a rich narrative that encapsulates the struggles of the lower classes in France while exploring the depths of human desire and tragedy.  The story centers around Marco Facino Cane, an aging Venetian nobleman who shares the tale of his life with a young narrator. Facino's life was marked by wealth, love, and subsequent downfall, leading to his present state of poverty and blindness. Despite his physical blindness, his mind remains sharp, filled with memories of riches and lost love, particularly for a woman named Bianca. He recounts his passionate love affair, the violence that ensued, and his obsession with gold that ultimately led to his downfall. Facino's tale intertwines themes of regret and the relentless pursuit of wealth, culminating in his desire to return to Venice and reclaim his lost fortune. As he shares his story, the reader is drawn into a world where ambition and the human condition intertwine in profound and often tragic ways. (This is an automatically generated summary.)"
    ],
    "editors": [],
    "translators": [
      {
        "name": "Bell, Clara",
        "birth_year": 1834,
        "death_year": 1927
      }
    ],
    "subjects": [
      "French fiction -- Translations into English"
    ],
    "bookshelves": [
      "Category: French Literature",
      "Category: Novels"
    ],
    "languages": [
      "en"
    ],
    "copyright": false,
    "media_type": "Text",
    "formats": {
      "text/html": "https://www.gutenberg.org/ebooks/1737.html.images",
      "text/html; charset=us-ascii": "https://www.gutenberg.org/files/1737/1737-h/1737-h.htm",
      "application/epub+zip": "https://www.gutenberg.org/ebooks/1737.epub3.images",
      "application/x-mobipocket-ebook": "https://www.gutenberg.org/ebooks/1737.kf8.images",
      "text/plain; charset=us-ascii": "https://www.gutenberg.org/ebooks/1737.txt.utf-8",
      "application/rdf+xml": "https://www.gutenberg.org/ebooks/1737.rdf",
      "image/jpeg": "https://www.gutenberg.org/cache/epub/1737/pg1737.cover.medium.jpg",
      "application/octet-stream": "https://www.gutenberg.org/cache/epub/1737/pg1737-h.zip"
    },
    "download_count": 474
  }
}