{
  "average_entropy_rate": 0.23690311638676798,
  "entropy_rate": [
    0.0,
    0.0,
    0.0,
    0.6194506245053597,
    0.0,
    0.0,
    0.0,
    0.0,
    0.0,
    0.5886597049089717,
    0.0,
    0.9814986855846028,
    0.0,
    0.7960240850826318,
    0.0,
    0.47941650328868757,
    0.0,
    0.0,
    0.0,
    0.0,
    0.0,
    0.0,
    0.599058696098925,
    0.0,
    0.0,
    0.0,
    0.0,
    0.0,
    0.0,
    0.0,
    0.0,
    0.832678669066127,
    0.599058696098925,
    0.593736576124463,
    0.6258916449459484,
    0.8991491009710237,
    0.5702546314759972,
    0.0,
    0.6064039248449656,
    0.0,
    0.9217462288608578
  ],
  "estimated_posterior_probability": 57.8218994140625,
  "input": "./smaller_in/Guten_index273.txt",
  "prevalence_assumed": 0.5,
  "process_length": 80000,
  "gutenberg": {
    "id": 273,
    "title": "The Smalcald Articles",
    "authors": [
      {
        "name": "Luther, Martin",
        "birth_year": 1483,
        "death_year": 1546
      }
    ],
    "summaries": [
      "\"The Smalcald Articles\" by Martin Luther is a summary of Lutheran doctrine written in 1537 for a meeting of the Schmalkaldic League. Commissioned to prepare for an intended church council, Luther outlined what he considered Christianity's most significant teachings. Though not adopted at the 1537 meeting due to concerns about divisiveness, Luther valued the Articles so highly he included them in his will. The text eventually became a confessional document in the Book of Concord in 1580. (This is an automatically generated summary.)"
    ],
    "editors": [],
    "translators": [
      {
        "name": "Bente, F. (Friedrich)",
        "birth_year": 1858,
        "death_year": 1930
      },
      {
        "name": "Dau, W. H. T. (William Herman Theodore)",
        "birth_year": 1864,
        "death_year": 1944
      }
    ],
    "subjects": [
      "Catholic Church -- Relations -- Lutheran Church -- Early works to 1800",
      "Lutheran Church -- Creeds -- Early works to 1800",
      "Lutheran Church -- Doctrines -- Early works to 1800",
      "Lutheran Church -- Relations -- Catholic Church -- Early works to 1800"
    ],
    "bookshelves": [
      "Category: History - Early Modern (c. 1450-1750)",
      "Category: Religion/Spirituality",
      "Christianity"
    ],
    "languages": [
      "en"
    ],
    "copyright": false,
    "media_type": "Text",
    "formats": {
      "text/html": "https://www.gutenberg.org/ebooks/273.html.images",
      "text/html; charset=us-ascii": "https://www.gutenberg.org/files/273/273-h/273-h.htm",
      "application/epub+zip": "https://www.gutenberg.org/ebooks/273.epub3.images",
      "application/x-mobipocket-ebook": "https://www.gutenberg.org/ebooks/273.kf8.images",
      "text/plain; charset=us-ascii": "https://www.gutenberg.org/ebooks/273.txt.utf-8",
      "application/rdf+xml": "https://www.gutenberg.org/ebooks/273.rdf",
      "image/jpeg": "https://www.gutenberg.org/cache/epub/273/pg273.cover.medium.jpg",
      "application/octet-stream": "https://www.gutenberg.org/cache/epub/273/pg273-h.zip"
    },
    "download_count": 1110
  }
}