{
  "average_entropy_rate": 0.21212450570421268,
  "entropy_rate": [
    0.0,
    0.0,
    0.0,
    0.0,
    0.0,
    0.0,
    0.0,
    0.0,
    0.0,
    0.0,
    0.0,
    0.0,
    0.0,
    0.0,
    0.8566867391131049,
    0.5416156828398152,
    0.0,
    0.7049507185355921,
    0.0,
    0.7612298198205171,
    0.0,
    0.0,
    0.0,
    0.674530091342305,
    0.0,
    0.0,
    0.8048229776610394,
    0.0,
    0.0,
    0.0,
    0.0,
    0.0,
    0.0,
    0.0,
    0.6637440406358923,
    0.8346876480364983,
    0.6337746811371947,
    0.6870135836824256,
    0.0,
    0.7114503356886018,
    0.8225984153797358
  ],
  "estimated_posterior_probability": 56.84203338623047,
  "input": "./smaller_in/Guten_index596.txt",
  "prevalence_assumed": 0.5,
  "process_length": 80000,
  "gutenberg": {
    "id": 596,
    "title": "Rivers to the Sea",
    "authors": [
      {
        "name": "Teasdale, Sara",
        "birth_year": 1884,
        "death_year": 1933
      }
    ],
    "summaries": [
      "\"Rivers to the Sea\" by Sara Teasdale is a poetry collection written in the early 20th century. The book comprises a series of lyrical poems reflecting on themes of love, beauty, longing, and the passage of time, often expressing a deep emotional connection to nature and the human experience. Teasdale's work captures the ephemeral moments of life and love, revealing the inner struggles and joys that come with them.  In this evocative collection, Teasdale explores various facets of romance and mortality. The poems depict both the exuberance of new love and the melancholy of heartbreak and loss, illustrated through vivid imagery of nature, seasons, and urban life. From the gentle awakening of spring to the quiet reflections of twilight, Teasdale beautifully intertwines her personal sentiments with universal themes, inviting readers to ponder their own experiences and emotions. Her mastery of language and melodic rhythm create a hauntingly powerful exploration of the human spirit's relentless quest for connection and understanding amidst beauty and sorrow. (This is an automatically generated summary.)"
    ],
    "editors": [],
    "translators": [],
    "subjects": [
      "American poetry",
      "Love poetry",
      "Nature -- Poetry"
    ],
    "bookshelves": [
      "Category: American Literature",
      "Category: Poetry"
    ],
    "languages": [
      "en"
    ],
    "copyright": false,
    "media_type": "Text",
    "formats": {
      "text/html": "https://www.gutenberg.org/ebooks/596.html.images",
      "application/epub+zip": "https://www.gutenberg.org/ebooks/596.epub3.images",
      "application/x-mobipocket-ebook": "https://www.gutenberg.org/ebooks/596.kf8.images",
      "text/plain; charset=us-ascii": "https://www.gutenberg.org/ebooks/596.txt.utf-8",
      "application/rdf+xml": "https://www.gutenberg.org/ebooks/596.rdf",
      "image/jpeg": "https://www.gutenberg.org/cache/epub/596/pg596.cover.medium.jpg",
      "application/octet-stream": "https://www.gutenberg.org/cache/epub/596/pg596-h.zip"
    },
    "download_count": 382
  }
}