{
  "average_entropy_rate": 0.0646183253983869,
  "entropy_rate": [
    0.0,
    0.28181890788148056,
    0.0,
    0.0,
    0.0,
    0.0,
    0.0,
    0.0,
    0.0,
    0.0,
    0.0,
    0.0,
    0.0,
    0.40084981159579736,
    0.0,
    0.0,
    0.0,
    0.0,
    0.0,
    0.0,
    0.0,
    0.0,
    0.5397480613689146,
    0.0,
    0.0,
    0.0,
    0.0,
    0.0,
    0.0,
    0.0,
    0.0,
    0.0,
    0.427075191958375,
    0.0,
    0.0,
    0.0,
    0.0,
    0.6258145808468077,
    0.3740447876824874,
    0.0,
    0.0
  ],
  "estimated_posterior_probability": 51.834041595458984,
  "input": "./smaller_in/Guten_index2420.txt",
  "prevalence_assumed": 0.5,
  "process_length": 80000,
  "gutenberg": {
    "id": 2420,
    "title": "Unterhaltungen deutscher Ausgewanderten",
    "authors": [
      {
        "name": "Goethe, Johann Wolfgang von",
        "birth_year": 1749,
        "death_year": 1832
      }
    ],
    "summaries": [
      "\"Unterhaltungen deutscher Ausgewanderten\" by Johann Wolfgang von Goethe is a collection of novellas published in 1795. A baroness and her family flee the French Revolutionary Army, seeking refuge on the right bank of the Rhine. Political tensions between conservatives and revolution sympathizers threaten to tear the group apart. To maintain peace, they agree to avoid discussing current events and instead tell each other stories—ghost tales, anecdotes, and moral narratives—while cannons bombard nearby Mainz. Their storytelling becomes both escape and exploration of human nature during turbulent times. (This is an automatically generated summary.)"
    ],
    "editors": [],
    "translators": [],
    "subjects": [
      "Germany -- Emigration and immigration",
      "Short stories"
    ],
    "bookshelves": [
      "Category: German Literature",
      "Category: Short Stories",
      "DE Prosa"
    ],
    "languages": [
      "de"
    ],
    "copyright": false,
    "media_type": "Text",
    "formats": {
      "text/html": "https://www.gutenberg.org/ebooks/2420.html.images",
      "application/epub+zip": "https://www.gutenberg.org/ebooks/2420.epub3.images",
      "application/x-mobipocket-ebook": "https://www.gutenberg.org/ebooks/2420.kf8.images",
      "text/plain; charset=us-ascii": "https://www.gutenberg.org/ebooks/2420.txt.utf-8",
      "application/rdf+xml": "https://www.gutenberg.org/ebooks/2420.rdf",
      "image/jpeg": "https://www.gutenberg.org/cache/epub/2420/pg2420.cover.medium.jpg",
      "application/octet-stream": "https://www.gutenberg.org/cache/epub/2420/pg2420-h.zip"
    },
    "download_count": 241
  }
}