{
  "average_entropy_rate": 0.3518820201764116,
  "entropy_rate": [
    0.0,
    0.0,
    0.0,
    0.579715303591039,
    0.0,
    0.6997691699309433,
    0.0,
    0.0,
    0.0,
    0.0,
    0.6997691699309433,
    0.0,
    0.0,
    0.0,
    0.829225982750136,
    0.0,
    0.0,
    0.6992448164158364,
    0.6919038672043402,
    0.0,
    0.8021196212718072,
    0.0,
    0.0,
    0.0,
    0.0,
    0.0,
    0.9119735671774981,
    0.7384654196184218,
    0.0,
    0.0,
    0.910601067217841,
    0.0,
    0.6342134395411583,
    0.6997691699309432,
    0.7029152910215846,
    0.700817876961157,
    0.7002935234460501,
    0.8016712855560311,
    0.8021196212718071,
    0.910601067217841,
    0.9119735671774982
  ],
  "estimated_posterior_probability": 63.04462432861328,
  "input": "./smaller_in/Guten_index869.txt",
  "prevalence_assumed": 0.5,
  "process_length": 80000,
  "gutenberg": {
    "id": 869,
    "title": "The Soul of Nicholas Snyders; Or, The Miser of Zandam",
    "authors": [
      {
        "name": "Jerome, Jerome K. (Jerome Klapka)",
        "birth_year": 1859,
        "death_year": 1927
      }
    ],
    "summaries": [
      "\"The Soul of Nicholas Snyders; Or, The Miser of Zandam\" by Jerome K. Jerome is a novel written in the early 20th century. The story follows Nicholas Snyders, a cruel and miserly man living in Zandam, who is presented with an unusual opportunity to exchange his malevolent soul for a more virtuous one. The book delves into themes of redemption, the nature of the soul, and the consequences of one's actions.  The narrative centers around Nicholas Snyders, who has lived a life dominated by greed and cruelty. One day, he encounters a mysterious pedlar who offers him a chance to have a soul exchanged with a young sailor, Jan, who aspires to marry the lovely orphan, Christina. After some contemplation, Nicholas makes the exchange, which transforms his demeanor and leads him to become kinder and more generous. However, as Nicholas begins to embrace his new life, Jan, now possessing Snyders' old soul, reverts to his former self, becoming hard-hearted and greedy. The story culminates in a confrontation, leading to irreversible changes for all characters involved and illustrating how the soul's true identity can significantly impact one's life and relationships. Ultimately, the book poses thought-provoking questions about identity, virtue, and the potential for change within us all. (This is an automatically generated summary.)"
    ],
    "editors": [],
    "translators": [],
    "subjects": [
      "Fiction",
      "Short stories"
    ],
    "bookshelves": [
      "Category: Novels"
    ],
    "languages": [
      "en"
    ],
    "copyright": false,
    "media_type": "Text",
    "formats": {
      "text/html": "https://www.gutenberg.org/ebooks/869.html.images",
      "text/html; charset=utf-8": "https://www.gutenberg.org/files/869/869-h/869-h.htm",
      "application/epub+zip": "https://www.gutenberg.org/ebooks/869.epub3.images",
      "application/x-mobipocket-ebook": "https://www.gutenberg.org/ebooks/869.kf8.images",
      "text/plain; charset=us-ascii": "https://www.gutenberg.org/ebooks/869.txt.utf-8",
      "text/plain; charset=utf-8": "https://www.gutenberg.org/files/869/869-0.txt",
      "application/rdf+xml": "https://www.gutenberg.org/ebooks/869.rdf",
      "image/jpeg": "https://www.gutenberg.org/cache/epub/869/pg869.cover.medium.jpg",
      "application/octet-stream": "https://www.gutenberg.org/cache/epub/869/pg869-h.zip"
    },
    "download_count": 419
  }
}