{
  "average_entropy_rate": 0.20182806212292254,
  "entropy_rate": [
    0.0,
    0.0,
    0.0,
    0.0,
    0.0,
    0.0,
    0.0,
    0.0,
    0.0,
    0.0,
    0.7134722540495355,
    0.0,
    0.0,
    0.0,
    0.0,
    0.0,
    0.0,
    0.42939977006217467,
    0.594509366819056,
    0.0,
    0.5432309559897275,
    0.0,
    0.0,
    0.0,
    0.7938921146030142,
    0.0,
    0.0,
    0.742509265530467,
    0.0,
    0.0,
    0.0,
    0.649868387671361,
    0.7649830198973748,
    0.0,
    0.5564938412087648,
    0.5143182396441718,
    0.6849385166498037,
    0.0,
    0.6435270044855739,
    0.6438078104287996,
    0.0
  ],
  "estimated_posterior_probability": 56.44934844970703,
  "input": "./smaller_in/Guten_index3062.txt",
  "prevalence_assumed": 0.5,
  "process_length": 80000,
  "gutenberg": {
    "id": 3062,
    "title": "Römische Geschichte — Buch 3",
    "authors": [
      {
        "name": "Mommsen, Theodor",
        "birth_year": 1817,
        "death_year": 1903
      }
    ],
    "summaries": [
      "\"Römische Geschichte — Buch 3\" by Theodor Mommsen is the third volume of a multi-volume history published in 1856. This installment chronicles the climactic final crisis of the Roman Republic, culminating in Julius Caesar's reforms. Written with dramatic vigor and emotional intensity rare for scholarly work, Mommsen combines scientific rigor with novelistic style to capture the political upheaval that transformed Rome. The volume's immediate success helped establish Mommsen's reputation and contributed to his later Nobel Prize recognition. (This is an automatically generated summary.)"
    ],
    "editors": [],
    "translators": [],
    "subjects": [
      "Rome -- History"
    ],
    "bookshelves": [
      "Category: History - Ancient",
      "Category: History - European",
      "DE Sachbuch",
      "Nobel Prizes in Literature"
    ],
    "languages": [
      "de"
    ],
    "copyright": false,
    "media_type": "Text",
    "formats": {
      "text/html": "https://www.gutenberg.org/ebooks/3062.html.images",
      "application/epub+zip": "https://www.gutenberg.org/ebooks/3062.epub3.images",
      "application/x-mobipocket-ebook": "https://www.gutenberg.org/ebooks/3062.kf8.images",
      "text/plain; charset=us-ascii": "https://www.gutenberg.org/ebooks/3062.txt.utf-8",
      "application/rdf+xml": "https://www.gutenberg.org/ebooks/3062.rdf",
      "image/jpeg": "https://www.gutenberg.org/cache/epub/3062/pg3062.cover.medium.jpg",
      "application/octet-stream": "https://www.gutenberg.org/files/3062/3062-0.zip"
    },
    "download_count": 422
  }
}