{
  "average_entropy_rate": 0.17721069435862058,
  "entropy_rate": [
    0.0,
    0.5692878695101237,
    0.0,
    0.0,
    0.0,
    0.0,
    0.0,
    0.0,
    0.0,
    0.0,
    0.0,
    0.5880976327890263,
    0.0,
    0.0,
    0.0,
    0.0,
    0.0,
    0.0,
    0.0,
    0.0,
    0.0,
    0.0,
    0.0,
    0.0,
    0.0,
    0.0,
    0.0,
    0.0,
    0.0,
    0.785475300375399,
    0.785475300375399,
    0.785475300375399,
    0.605625393095877,
    0.0,
    0.0,
    0.0,
    0.7897757710560213,
    0.0,
    0.785475300375399,
    0.785475300375399,
    0.785475300375399
  ],
  "estimated_posterior_probability": 55.536495208740234,
  "input": "./smaller_in/Guten_index2572.txt",
  "prevalence_assumed": 0.5,
  "process_length": 80000,
  "gutenberg": {
    "id": 2572,
    "title": "On the Decay of the Art of Lying",
    "authors": [
      {
        "name": "Twain, Mark",
        "birth_year": 1835,
        "death_year": 1910
      }
    ],
    "summaries": [
      "\"On the Decay of the Art of Lying\" by Mark Twain is an essay written in the late 19th century. The book critiques the state of lying in society, arguing that while the act of lying remains as prevalent as ever, the skill and art associated with it have deteriorated. Twain humorously proposes that lying is not only a necessity but a refined practice that requires understanding and cultivation.  In this thought-provoking essay, Mark Twain discusses the contradictions of truth and lying, advocating for what he calls \"judicious lying.\" He argues that while everyone lies, the art of doing so thoughtfully and benevolently is essential in social interactions. Using anecdotes and keen observations, he illustrates how common forms of polite deception serve to enhance human relationships rather than harm them. Twain laments the absence of graceful lying and suggests that maintaining polite falsehoods can prevent unnecessary discomfort, encouraging a balanced consideration of when and how to lie with good intent. (This is an automatically generated summary.)"
    ],
    "editors": [],
    "translators": [],
    "subjects": [
      "American essays -- 19th century",
      "Truthfulness and falsehood"
    ],
    "bookshelves": [
      "Category: American Literature",
      "Category: Essays, Letters & Speeches",
      "Category: Humour"
    ],
    "languages": [
      "en"
    ],
    "copyright": false,
    "media_type": "Text",
    "formats": {
      "text/html": "https://www.gutenberg.org/ebooks/2572.html.images",
      "application/epub+zip": "https://www.gutenberg.org/ebooks/2572.epub3.images",
      "application/x-mobipocket-ebook": "https://www.gutenberg.org/ebooks/2572.kf8.images",
      "text/plain; charset=us-ascii": "https://www.gutenberg.org/ebooks/2572.txt.utf-8",
      "application/rdf+xml": "https://www.gutenberg.org/ebooks/2572.rdf",
      "image/jpeg": "https://www.gutenberg.org/cache/epub/2572/pg2572.cover.medium.jpg",
      "application/octet-stream": "https://www.gutenberg.org/cache/epub/2572/pg2572-h.zip"
    },
    "download_count": 406
  }
}