{
  "average_entropy_rate": 0.22743424292203027,
  "entropy_rate": [
    0.6903278528735681,
    0.0,
    0.0,
    0.0,
    0.0,
    0.444531958866872,
    0.0,
    0.0,
    0.3760306788765122,
    0.45331734234479476,
    0.6157501774324419,
    0.0,
    0.0,
    0.0,
    0.6337402167365629,
    0.0,
    0.38795437476493044,
    0.0,
    0.0,
    0.0,
    0.0,
    0.0,
    0.0,
    0.8152913826986877,
    0.0,
    0.5232813754613292,
    0.0,
    0.0,
    0.0,
    0.0,
    0.0,
    0.0,
    0.4345162649413199,
    0.0,
    0.5294960865262773,
    0.4100022874100671,
    0.5516984197802999,
    0.6335170174978672,
    0.4219472105084554,
    0.6165069081706596,
    0.7868944049125943
  ],
  "estimated_posterior_probability": 57.44379806518555,
  "input": "./smaller_in/Guten_index1421.txt",
  "prevalence_assumed": 0.5,
  "process_length": 80000,
  "gutenberg": {
    "id": 1421,
    "title": "Mrs. Lirriper's Legacy",
    "authors": [
      {
        "name": "Dickens, Charles",
        "birth_year": 1812,
        "death_year": 1870
      }
    ],
    "summaries": [
      "\"Mrs. Lirriper's Legacy\" by Charles Dickens is a novella that belongs to the genre of fiction, specifically focusing on domestic and social themes. Written during the Victorian era, this tale offers a rich tapestry of characters and events centered around the life of Mrs. Emma Lirriper, a kind-hearted landlady running a lodging house in London. The story delves into topics of legacy, human goodness, and the complexities of relationships, all intertwined with Dickens's characteristic wit and social commentary.  The narrative unfolds through Mrs. Lirriper's perspective as she recounts the various eccentricities of her lodgers and her life. The plot thickens with the unexpected arrival of news regarding a dying Englishman in France, who leaves a financial legacy for her. This man turns out to be the estranged father of Jemmy, Mrs. Lirriper's grandson, connecting the threads of the past and present. As Mrs. Lirriper grapples with forgiveness and the notion of familial ties, the story culminates in a poignant revelation about love, loss, and redemption, encapsulating Dickens's exploration of human resilience and compassion amidst life's tribulations. (This is an automatically generated summary.)"
    ],
    "editors": [],
    "translators": [],
    "subjects": [
      "Boardinghouses -- Fiction",
      "Great Britain -- History -- Victoria, 1837-1901 -- Fiction",
      "Widows -- Fiction"
    ],
    "bookshelves": [
      "Category: British Literature",
      "Category: Novels"
    ],
    "languages": [
      "en"
    ],
    "copyright": false,
    "media_type": "Text",
    "formats": {
      "text/html": "https://www.gutenberg.org/ebooks/1421.html.images",
      "application/epub+zip": "https://www.gutenberg.org/ebooks/1421.epub3.images",
      "application/x-mobipocket-ebook": "https://www.gutenberg.org/ebooks/1421.kf8.images",
      "text/plain; charset=us-ascii": "https://www.gutenberg.org/ebooks/1421.txt.utf-8",
      "application/rdf+xml": "https://www.gutenberg.org/ebooks/1421.rdf",
      "image/jpeg": "https://www.gutenberg.org/cache/epub/1421/pg1421.cover.medium.jpg",
      "application/octet-stream": "https://www.gutenberg.org/cache/epub/1421/pg1421-h.zip"
    },
    "download_count": 326
  }
}