{
  "average_entropy_rate": 0.06829268292682927,
  "entropy_rate": [
    0.0,
    0.0,
    0.0,
    0.0,
    0.0,
    0.0,
    0.0,
    0.75,
    0.0,
    0.5,
    0.0,
    0.0,
    0.0,
    0.0,
    0.0,
    0.0,
    0.0,
    0.0,
    0.0,
    0.0,
    0.0,
    0.0,
    0.0,
    0.0,
    0.0,
    0.0,
    0.0,
    0.0,
    0.0,
    0.0,
    0.0,
    0.0,
    0.0,
    0.75,
    0.8000000000000004,
    0.0,
    0.0,
    0.0,
    0.0,
    0.0,
    0.0
  ],
  "estimated_posterior_probability": 51.94340896606445,
  "input": "./smaller_in/Guten_index3170.txt",
  "prevalence_assumed": 0.5,
  "process_length": 80000,
  "gutenberg": {
    "id": 3170,
    "title": "Chants for Socialists",
    "authors": [
      {
        "name": "Morris, William",
        "birth_year": 1834,
        "death_year": 1896
      }
    ],
    "summaries": [
      "\"Chants for Socialists\" by William Morris is a collection of poems and verses created during the late 19th century, a time marked by social and political upheaval in Europe. This work serves as a rallying cry for social change, reflecting Morris’s commitment to socialism and emphasizing the collective struggle of the working class against oppression. The book likely aims to inspire hope and action among laborers, calling for a vision of a just society where work is fulfilling and equally shared.  In this collection, Morris articulates the plight of the toiling masses while envisioning a future where social equity prevails. Poems such as \"The Day is Coming\" and \"The Voice of Toil\" articulate a vivid image of a transformed society, devoid of class oppression, where labor is valued and all people can enjoy the benefits of their toil. Morris calls for unity among workers, urging them to rise against their masters in pursuit of justice and a life of dignity. Through powerful lyrical expression, the book conveys a sense of urgency for revolution while celebrating the indomitable spirit of solidarity among the oppressed. (This is an automatically generated summary.)"
    ],
    "editors": [],
    "translators": [],
    "subjects": [
      "Socialism -- Poetry"
    ],
    "bookshelves": [
      "Category: British Literature",
      "Category: Poetry"
    ],
    "languages": [
      "en"
    ],
    "copyright": false,
    "media_type": "Text",
    "formats": {
      "text/html": "https://www.gutenberg.org/ebooks/3170.html.images",
      "application/epub+zip": "https://www.gutenberg.org/ebooks/3170.epub3.images",
      "application/x-mobipocket-ebook": "https://www.gutenberg.org/ebooks/3170.kf8.images",
      "text/plain; charset=us-ascii": "https://www.gutenberg.org/ebooks/3170.txt.utf-8",
      "application/rdf+xml": "https://www.gutenberg.org/ebooks/3170.rdf",
      "image/jpeg": "https://www.gutenberg.org/cache/epub/3170/pg3170.cover.medium.jpg",
      "application/octet-stream": "https://www.gutenberg.org/files/3170/3170-0.zip"
    },
    "download_count": 268
  }
}