{
  "average_entropy_rate": 0.0308990079062775,
  "entropy_rate": [
    0.19419011538178785,
    0.23117870878784258,
    0.0,
    0.0,
    0.0,
    0.0,
    0.0,
    0.0,
    0.0,
    0.0,
    0.0,
    0.0,
    0.0,
    0.0,
    0.0,
    0.0,
    0.0,
    0.0,
    0.0,
    0.0,
    0.0,
    0.0,
    0.0,
    0.0,
    0.0,
    0.0,
    0.0,
    0.0,
    0.0,
    0.0,
    0.0,
    0.3236501923029797,
    0.19419011538178785,
    0.3236501923029797,
    0.0,
    0.0,
    0.0,
    0.0,
    0.0,
    0.0,
    0.0
  ],
  "estimated_posterior_probability": 50.85466003417969,
  "input": "./smaller_in/Guten_index3686.txt",
  "prevalence_assumed": 0.5,
  "process_length": 80000,
  "gutenberg": {
    "id": 3686,
    "title": "The Army of the Cumberland",
    "authors": [
      {
        "name": "Cist, Henry Martyn",
        "birth_year": 1839,
        "death_year": 1902
      }
    ],
    "summaries": [
      "\"The Army of the Cumberland\" by Henry Martyn Cist is a historical account written in the late 19th century. The book examines the operations and experiences of the Army of the Cumberland during the American Civil War, providing insights into its strategies, battles, and key figures involved in the campaign.  In this detailed narrative, Cist, who served as a Brevet Brigadier-General and was closely associated with important military leaders like Major-General Rosecrans and Major-General Thomas, shares firsthand observations and analyses of significant events related to the Army of the Cumberland. He discusses notable battles, troop movements, and the overall impact of this army on the Civil War. The book aims to preserve the history and contributions of the Army of the Cumberland, blending personal accounts with broader military strategies and political contexts, making it a vital resource for understanding this pivotal period in American history. (This is an automatically generated summary.)"
    ],
    "editors": [],
    "translators": [],
    "subjects": [
      "United States -- History -- Civil War, 1861-1865 -- Campaigns",
      "United States -- History -- Civil War, 1861-1865 -- Regimental histories -- Army of the Cumberland"
    ],
    "bookshelves": [
      "Category: History - American",
      "Category: History - Warfare",
      "US Civil War"
    ],
    "languages": [
      "en"
    ],
    "copyright": false,
    "media_type": "Text",
    "formats": {
      "text/html": "https://www.gutenberg.org/ebooks/3686.html.images",
      "application/epub+zip": "https://www.gutenberg.org/ebooks/3686.epub3.images",
      "application/x-mobipocket-ebook": "https://www.gutenberg.org/ebooks/3686.kf8.images",
      "text/plain; charset=us-ascii": "https://www.gutenberg.org/ebooks/3686.txt.utf-8",
      "application/rdf+xml": "https://www.gutenberg.org/ebooks/3686.rdf",
      "image/jpeg": "https://www.gutenberg.org/cache/epub/3686/pg3686.cover.medium.jpg",
      "application/octet-stream": "https://www.gutenberg.org/files/3686/3686-8.zip"
    },
    "download_count": 222
  }
}