{
  "average_entropy_rate": 0.2028245884218141,
  "entropy_rate": [
    0.0,
    0.0,
    0.0,
    0.0,
    0.0,
    0.0,
    0.0,
    0.6770411208715632,
    0.7362334462542419,
    0.0,
    0.5394694062103782,
    0.0,
    0.0,
    0.0,
    0.0,
    0.0,
    0.0,
    0.0,
    0.0,
    0.7051431522310042,
    0.6863966604485949,
    0.0,
    0.0,
    0.0,
    0.0,
    0.0,
    0.0,
    0.0,
    0.0,
    0.0,
    0.714704686443783,
    0.0,
    0.0,
    0.7424387255514033,
    0.6621079666032793,
    0.7036615610579311,
    0.7293922626825845,
    0.7055261820660661,
    0.0,
    0.7136929548735497,
    0.0
  ],
  "estimated_posterior_probability": 56.486839294433594,
  "input": "./smaller_in/Guten_index4072.txt",
  "prevalence_assumed": 0.5,
  "process_length": 80000,
  "gutenberg": {
    "id": 4072,
    "title": "Songs Before Sunrise",
    "authors": [
      {
        "name": "Swinburne, Algernon Charles",
        "birth_year": 1837,
        "death_year": 1909
      }
    ],
    "summaries": [
      "\"Songs Before Sunrise\" by Algernon Charles Swinburne is a collection of poems written during the late 19th century. The work is an impassioned exploration of themes such as revolution, freedom, and the Republican ideals surrounding Italy, reflective of the political landscape of its time. With a strong connection to historical figures, particularly the revolutionary Joseph Mazzini—who is honored in the dedication—the poems convey a sense of yearning for social justice and national unity.  The opening of this collection weaves a rich tapestry of imagery and emotion, beginning with a dedication that expresses gratitude to Mazzini for his influence. The first poem, \"Prelude,\" sets a contemplative tone, contemplating the interplay between youth, time, and the profound desire for freedom and self-knowledge. It speaks to the struggles of the human soul while invoking the spirit of revolutionary fervor. As the reader delves deeper, they encounter a call to action and an eloquent expression of hope amidst tumultuous times, foreshadowing the strong voice that Swinburne channels throughout the collection. (This is an automatically generated summary.)"
    ],
    "editors": [],
    "translators": [],
    "subjects": [
      "English poetry -- 19th century"
    ],
    "bookshelves": [
      "Category: Poetry"
    ],
    "languages": [
      "en"
    ],
    "copyright": false,
    "media_type": "Text",
    "formats": {
      "text/html": "https://www.gutenberg.org/ebooks/4072.html.images",
      "application/epub+zip": "https://www.gutenberg.org/ebooks/4072.epub3.images",
      "application/x-mobipocket-ebook": "https://www.gutenberg.org/ebooks/4072.kf8.images",
      "text/plain; charset=us-ascii": "https://www.gutenberg.org/ebooks/4072.txt.utf-8",
      "application/rdf+xml": "https://www.gutenberg.org/ebooks/4072.rdf",
      "image/jpeg": "https://www.gutenberg.org/cache/epub/4072/pg4072.cover.medium.jpg",
      "application/octet-stream": "https://www.gutenberg.org/files/4072/4072-0.zip"
    },
    "download_count": 350
  }
}