{
  "average_entropy_rate": 0.31060383258131297,
  "entropy_rate": [
    0.0,
    0.0,
    0.8619310478111158,
    0.0,
    0.0,
    0.0,
    0.8597622941040074,
    0.6290310861482208,
    0.8064130433921083,
    0.0,
    0.6288225408821764,
    0.0,
    0.9344008555585784,
    0.5431564127018339,
    0.0,
    0.0,
    0.0,
    0.832547281778429,
    0.0,
    0.0,
    0.0,
    0.0,
    0.0,
    0.0,
    0.5431564127018339,
    0.0,
    0.0,
    0.0,
    0.0,
    0.0,
    0.0,
    0.0,
    0.8668338073508257,
    0.8519545159224526,
    0.5431564127018339,
    0.8152740952729609,
    0.8724922072970244,
    0.7928264841090995,
    0.0,
    0.8098422253994954,
    0.5431564127018339
  ],
  "estimated_posterior_probability": 61.0276985168457,
  "input": "./smaller_in/Guten_index4156.txt",
  "prevalence_assumed": 0.5,
  "process_length": 80000,
  "gutenberg": {
    "id": 4156,
    "title": "Diary of Samuel Pepys — Volume 35: May/June 1665",
    "authors": [
      {
        "name": "Pepys, Samuel",
        "birth_year": 1633,
        "death_year": 1703
      }
    ],
    "summaries": [
      "\"Diary of Samuel Pepys — Volume 35: May/June 1665\" by Samuel Pepys is a historical account written during the 17th century, specifically in the mid-17th century. This volume is part of Pepys's extensive diary, chronicling his daily life, professional duties, and the political events of his time, offering an intimate glimpse into the social and political fabric of Restoration England.   The opening portion of this diary provides a vivid portrayal of Pepys's life in May and June of 1665, filled with details of his daily activities, social encounters, and reflections on the pressing matters of the time, such as the ongoing naval conflict with the Dutch and the threat of the plague. We see Pepys visiting influential figures, engaging in business discussions regarding the Navy, attending dinners, collecting news about the fleet's actions, and facing the personal turmoil brought about by family health issues and the prevalent fear of disease. The opening sets the tone for the intricate tapestry of day-to-day life in London during a time of both excitement and uncertainty. (This is an automatically generated summary.)"
    ],
    "editors": [
      {
        "name": "Wheatley, Henry B. (Henry Benjamin)",
        "birth_year": 1838,
        "death_year": 1917
      },
      {
        "name": "Braybrooke, Richard Griffin, Baron",
        "birth_year": 1783,
        "death_year": 1858
      }
    ],
    "translators": [
      {
        "name": "Bright, Mynors",
        "birth_year": 1818,
        "death_year": 1883
      }
    ],
    "subjects": [
      "Cabinet officers -- Great Britain -- Diaries",
      "Diarists -- Great Britain -- Diaries",
      "Great Britain -- History -- Charles II, 1660-1685 -- Sources",
      "Great Britain -- Social life and customs -- 17th century -- Sources",
      "Pepys, Samuel, 1633-1703 -- Diaries"
    ],
    "bookshelves": [
      "Category: Biographies",
      "Category: History - British",
      "Category: History - Early Modern (c. 1450-1750)"
    ],
    "languages": [
      "en"
    ],
    "copyright": false,
    "media_type": "Text",
    "formats": {
      "text/html": "https://www.gutenberg.org/ebooks/4156.html.images",
      "application/epub+zip": "https://www.gutenberg.org/ebooks/4156.epub3.images",
      "application/x-mobipocket-ebook": "https://www.gutenberg.org/ebooks/4156.kf8.images",
      "text/plain; charset=us-ascii": "https://www.gutenberg.org/ebooks/4156.txt.utf-8",
      "application/rdf+xml": "https://www.gutenberg.org/ebooks/4156.rdf",
      "image/jpeg": "https://www.gutenberg.org/cache/epub/4156/pg4156.cover.medium.jpg",
      "application/octet-stream": "https://www.gutenberg.org/files/4156/4156.zip"
    },
    "download_count": 245
  }
}