{
  "average_entropy_rate": 0.22992801597030565,
  "entropy_rate": [
    0.0,
    0.0,
    0.0,
    0.0,
    0.0,
    0.0,
    0.6918863236494414,
    0.7863118338836691,
    0.0,
    0.7863118338836691,
    0.0,
    0.0,
    0.0,
    0.0,
    0.0,
    0.0,
    0.0,
    0.0,
    0.0,
    0.0,
    0.0,
    0.0,
    0.0,
    0.0,
    0.0,
    0.0,
    0.7863118338836691,
    0.0,
    0.0,
    0.7863118338836691,
    0.0,
    1.0925378121430074,
    1.0284796702897092,
    0.7863118338836691,
    0.0,
    0.0,
    0.0,
    0.0,
    0.7863118338836691,
    0.7863118338836691,
    1.10996201151469
  ],
  "estimated_posterior_probability": 57.54376220703125,
  "input": "./smaller_in/Guten_index2347.txt",
  "prevalence_assumed": 0.5,
  "process_length": 80000,
  "gutenberg": {
    "id": 2347,
    "title": "The Adventure of the Dying Detective",
    "authors": [
      {
        "name": "Doyle, Arthur Conan",
        "birth_year": 1859,
        "death_year": 1930
      }
    ],
    "summaries": [
      "\"The Adventure of the Dying Detective\" by Arthur Conan Doyle is a short story published in 1913. Dr. Watson rushes to Baker Street after learning that Sherlock Holmes is apparently dying from a rare tropical disease. The detective refuses Watson's medical help and behaves strangely, insisting instead on a visit from Culverton Smith, a man connected to a suspicious death. As Watson watches events unfold, he discovers that nothing is quite as it seems in this tale of deception and murder. (This is an automatically generated summary.)"
    ],
    "editors": [],
    "translators": [],
    "subjects": [
      "Detective and mystery stories",
      "Holmes, Sherlock (Fictitious character) -- Fiction",
      "Private investigators -- England -- Fiction"
    ],
    "bookshelves": [
      "Category: British Literature",
      "Category: Crime, Thrillers and Mystery",
      "Category: Short Stories",
      "Detective Fiction"
    ],
    "languages": [
      "en"
    ],
    "copyright": false,
    "media_type": "Text",
    "formats": {
      "text/html": "https://www.gutenberg.org/ebooks/2347.html.images",
      "text/html; charset=iso-8859-1": "https://www.gutenberg.org/files/2347/2347-h/2347-h.htm",
      "application/epub+zip": "https://www.gutenberg.org/ebooks/2347.epub3.images",
      "application/x-mobipocket-ebook": "https://www.gutenberg.org/ebooks/2347.kf8.images",
      "text/plain; charset=us-ascii": "https://www.gutenberg.org/ebooks/2347.txt.utf-8",
      "application/rdf+xml": "https://www.gutenberg.org/ebooks/2347.rdf",
      "image/jpeg": "https://www.gutenberg.org/cache/epub/2347/pg2347.cover.medium.jpg",
      "application/octet-stream": "https://www.gutenberg.org/cache/epub/2347/pg2347-h.zip"
    },
    "download_count": 1026
  }
}