{
  "average_entropy_rate": 0.12791218871941207,
  "entropy_rate": [
    0.5450961046970737,
    0.681370130871343,
    0.6858451001293369,
    0.0,
    0.0,
    0.0,
    0.0,
    0.0,
    0.0,
    0.0,
    0.0,
    0.0,
    0.0,
    0.0,
    0.0,
    0.0,
    0.0,
    0.0,
    0.0,
    0.0,
    0.0,
    0.0,
    0.0,
    0.0,
    0.0,
    0.0,
    0.0,
    0.0,
    0.0,
    0.4955380215904289,
    0.4955380215904289,
    0.0,
    0.6455085450360086,
    0.7044277704004179,
    0.4955380215904289,
    0.0,
    0.0,
    0.0,
    0.0,
    0.0,
    0.4955380215904289
  ],
  "estimated_posterior_probability": 53.82706069946289,
  "input": "./smaller_in/Guten_index1892.txt",
  "prevalence_assumed": 0.5,
  "process_length": 80000,
  "gutenberg": {
    "id": 1892,
    "title": "Extracts from Adam's Diary, translated from the original ms.",
    "authors": [
      {
        "name": "Twain, Mark",
        "birth_year": 1835,
        "death_year": 1910
      }
    ],
    "summaries": [
      "\"Extracts from Adam's Diary, translated from the original ms. by Mark Twain\" is a comic short story first published in 1893. Through Adam's bemused perspective, Twain reimagines the Garden of Eden as Eve arrives—a chattering \"creature with the long hair\" who insists on naming everything. Adam struggles to understand this newcomer, then puzzles over a mysterious being called Cain. The humorous account follows Adam's journey from deep annoyance to unexpected love, offering an ironic, fresh take on Genesis from humanity's first man discovering the world anew. (This is an automatically generated summary.)"
    ],
    "editors": [],
    "translators": [],
    "subjects": [
      "Adam (Biblical figure) -- Fiction",
      "Bible. Genesis -- History of Biblical events -- Fiction",
      "Diary fiction",
      "Humorous stories"
    ],
    "bookshelves": [
      "Category: American Literature",
      "Category: Classics of Literature",
      "Category: Humour",
      "Category: Novels"
    ],
    "languages": [
      "en"
    ],
    "copyright": false,
    "media_type": "Text",
    "formats": {
      "text/html": "https://www.gutenberg.org/ebooks/1892.html.images",
      "application/epub+zip": "https://www.gutenberg.org/ebooks/1892.epub3.images",
      "application/x-mobipocket-ebook": "https://www.gutenberg.org/ebooks/1892.kf8.images",
      "text/plain; charset=us-ascii": "https://www.gutenberg.org/ebooks/1892.txt.utf-8",
      "application/rdf+xml": "https://www.gutenberg.org/ebooks/1892.rdf",
      "image/jpeg": "https://www.gutenberg.org/cache/epub/1892/pg1892.cover.medium.jpg",
      "application/octet-stream": "https://www.gutenberg.org/files/1892/1892-0.zip"
    },
    "download_count": 454
  }
}