{
  "average_entropy_rate": 0.2570230794866812,
  "entropy_rate": [
    0.0,
    0.0,
    0.5391898156565668,
    0.0,
    0.7022311295951774,
    0.4913680104800047,
    0.6136043413113745,
    0.0,
    0.0,
    0.0,
    0.49141581940199747,
    0.0,
    0.0,
    0.0,
    0.0,
    0.0,
    0.31062965131815085,
    0.7031144379956173,
    0.0,
    0.0,
    0.7039365468214892,
    0.0,
    0.0,
    0.0,
    0.0,
    0.0,
    0.0,
    0.0,
    0.7031144379956172,
    0.0,
    0.0,
    0.0,
    0.5384075198136363,
    0.7021183189253063,
    0.5380032440053318,
    0.6841642851924173,
    0.40414716549404484,
    0.307184719857625,
    0.7003000910291235,
    0.7014606318646087,
    0.7035560921958373
  ],
  "estimated_posterior_probability": 58.65312194824219,
  "input": "./smaller_in/Guten_index1742.txt",
  "prevalence_assumed": 0.5,
  "process_length": 80000,
  "gutenberg": {
    "id": 1742,
    "title": "Miss Civilization: A Comedy in One Act",
    "authors": [
      {
        "name": "Davis, Richard Harding",
        "birth_year": 1864,
        "death_year": 1916
      }
    ],
    "summaries": [
      "\"Miss Civilization: A Comedy in One Act\" by Richard Harding Davis is a play that falls under the category of comedic drama, written during the early 20th century. The play centers around an attempted burglary during the night after Christmas in the country house of the Gardner family, highlighting themes of civility versus criminality in a humorous and engaging setting.  The storyline follows Alice Gardner, who is home with her ill mother when three burglars attempt to break in. Alice, displaying both bravery and wit, engages with the intruders—\"Uncle\" Joseph Hatch, \"Brick\" Meakin, and Harry Hayes—in a comical interaction that turns the table on them. Instead of reacting with fear, Alice invites the burglars to partake in a late-night supper and challenges their life choices, emphasizing the value of civilization over criminal acts. As the tension builds, the arrival of law enforcement provides a resolution, with Alice fainting from the stress of the ordeal. The play cleverly intertwines humor with social commentary, showcasing the resilience of its protagonist against the backdrop of lawlessness. (This is an automatically generated summary.)"
    ],
    "editors": [],
    "translators": [],
    "subjects": [
      "American drama (Comedy) -- 20th century"
    ],
    "bookshelves": [
      "Category: Humour",
      "Category: Plays/Films/Dramas",
      "One Act Plays"
    ],
    "languages": [
      "en"
    ],
    "copyright": false,
    "media_type": "Text",
    "formats": {
      "text/html": "https://www.gutenberg.org/ebooks/1742.html.images",
      "text/html; charset=us-ascii": "https://www.gutenberg.org/files/1742/1742-h/1742-h.htm",
      "application/epub+zip": "https://www.gutenberg.org/ebooks/1742.epub3.images",
      "application/x-mobipocket-ebook": "https://www.gutenberg.org/ebooks/1742.kf8.images",
      "text/plain; charset=us-ascii": "https://www.gutenberg.org/ebooks/1742.txt.utf-8",
      "application/rdf+xml": "https://www.gutenberg.org/ebooks/1742.rdf",
      "image/jpeg": "https://www.gutenberg.org/cache/epub/1742/pg1742.cover.medium.jpg",
      "application/octet-stream": "https://www.gutenberg.org/cache/epub/1742/pg1742-h.zip"
    },
    "download_count": 402
  }
}