{
  "average_entropy_rate": 0.34850667146890907,
  "entropy_rate": [
    0.0,
    0.0,
    0.7279095726607269,
    0.0,
    0.0,
    0.7597167291865666,
    0.9677983595396911,
    0.9546808398431941,
    0.0,
    0.0,
    0.7759879738655285,
    0.0,
    0.0,
    0.6994428990769257,
    0.0,
    0.0,
    0.0,
    0.0,
    0.6599626218526101,
    0.8758970650945977,
    0.0,
    0.0,
    0.0,
    0.6866775806186423,
    0.0,
    0.0,
    0.0,
    0.0,
    0.0,
    0.0,
    0.0,
    0.0,
    0.6952589832714426,
    0.9533165798297369,
    0.8847037181568235,
    0.9566899187331198,
    0.7652465292358018,
    0.7487000037931387,
    0.6872393267781075,
    0.835914226454502,
    0.6536306022341154
  ],
  "estimated_posterior_probability": 62.87459182739258,
  "input": "./smaller_in/Guten_index4190.txt",
  "prevalence_assumed": 0.5,
  "process_length": 80000,
  "gutenberg": {
    "id": 4190,
    "title": "Diary of Samuel Pepys — Volume 66: June/July 1668",
    "authors": [
      {
        "name": "Pepys, Samuel",
        "birth_year": 1633,
        "death_year": 1703
      }
    ],
    "summaries": [
      "\"Diary of Samuel Pepys — Volume 66: June/July 1668\" by Samuel Pepys is a historical account written in the mid-17th century, specifically during the Restoration period in England. This diary serves as a primary source for understanding daily life, politics, and social dynamics during a time of significant change in British history, particularly in relation to the reign of Charles II. The likely topic of this volume revolves around Pepys’s personal life, work as Secretary to the Admiralty, and observations of events and activities in London and beyond.  In this particular volume, Samuel Pepys chronicles his daily experiences from June to July 1668, blending personal reflections with details of his professional responsibilities. The entries reveal a vibrant picture of life in Restoration England, from attending council meetings and managing naval affairs to socializing with friends and enjoying theatre performances. Pepys discusses his interactions with notable figures and expresses his concerns about financial troubles in the Navy, revealing the complexities of governance. He also shares intimate moments and domestic conflicts, particularly with his wife, providing insights into his personal life intertwined with his public duties. The diary entries are rich with observations on social customs, health issues, and the cultural essence of the time, making it a remarkable historical document. (This is an automatically generated summary.)"
    ],
    "editors": [
      {
        "name": "Wheatley, Henry B. (Henry Benjamin)",
        "birth_year": 1838,
        "death_year": 1917
      },
      {
        "name": "Braybrooke, Richard Griffin, Baron",
        "birth_year": 1783,
        "death_year": 1858
      }
    ],
    "translators": [
      {
        "name": "Bright, Mynors",
        "birth_year": 1818,
        "death_year": 1883
      }
    ],
    "subjects": [
      "Cabinet officers -- Great Britain -- Diaries",
      "Diarists -- Great Britain -- Diaries",
      "Great Britain -- History -- Charles II, 1660-1685 -- Sources",
      "Great Britain -- Social life and customs -- 17th century -- Sources",
      "Pepys, Samuel, 1633-1703 -- Diaries"
    ],
    "bookshelves": [
      "Category: Biographies",
      "Category: History - British",
      "Category: History - Early Modern (c. 1450-1750)"
    ],
    "languages": [
      "en"
    ],
    "copyright": false,
    "media_type": "Text",
    "formats": {
      "text/html": "https://www.gutenberg.org/ebooks/4190.html.images",
      "application/epub+zip": "https://www.gutenberg.org/ebooks/4190.epub3.images",
      "application/x-mobipocket-ebook": "https://www.gutenberg.org/ebooks/4190.kf8.images",
      "text/plain; charset=us-ascii": "https://www.gutenberg.org/ebooks/4190.txt.utf-8",
      "application/rdf+xml": "https://www.gutenberg.org/ebooks/4190.rdf",
      "image/jpeg": "https://www.gutenberg.org/cache/epub/4190/pg4190.cover.medium.jpg",
      "application/octet-stream": "https://www.gutenberg.org/files/4190/4190.zip"
    },
    "download_count": 236
  }
}