{
  "average_entropy_rate": 0.2175292173533174,
  "entropy_rate": [
    0.0,
    0.0,
    0.0,
    0.6395349371215752,
    0.0,
    0.0,
    0.6550692674551211,
    0.0,
    0.48672286532860565,
    0.0,
    0.0,
    0.0,
    0.0,
    0.0,
    0.0,
    0.0,
    0.0,
    0.0,
    0.0,
    0.632869088459802,
    0.0,
    0.0,
    0.0,
    0.0,
    0.683679026968857,
    0.534511047242476,
    0.0,
    0.0,
    0.0,
    0.0,
    0.0,
    0.691367257917635,
    0.6618343494308769,
    0.6841041836457855,
    0.5850598329927048,
    0.0,
    0.6440479451176794,
    0.6989601855888251,
    0.0,
    0.6728910699654556,
    0.648046854250615
  ],
  "estimated_posterior_probability": 57.05453872680664,
  "input": "./smaller_in/Guten_index3061.txt",
  "prevalence_assumed": 0.5,
  "process_length": 80000,
  "gutenberg": {
    "id": 3061,
    "title": "Römische Geschichte — Buch 2",
    "authors": [
      {
        "name": "Mommsen, Theodor",
        "birth_year": 1817,
        "death_year": 1903
      }
    ],
    "summaries": [
      "\"Römische Geschichte — Buch 2\" by Theodor Mommsen is the second volume of a multi-volume history published in 1855. This installment continues Mommsen's acclaimed chronicle of the Roman Republic, combining rigorous scholarship with vivid narrative prose. Written with imaginative fire uncommon in academic history, the work helped establish Mommsen's reputation and contributed to his Nobel Prize recognition. The History presents ancient Rome's political struggles and transformations to both scholarly and general audiences, blending meticulous research with literary vigor that reads almost like a novel. (This is an automatically generated summary.)"
    ],
    "editors": [],
    "translators": [],
    "subjects": [
      "Rome -- History"
    ],
    "bookshelves": [
      "Category: History - Ancient",
      "DE Sachbuch",
      "Nobel Prizes in Literature"
    ],
    "languages": [
      "de"
    ],
    "copyright": false,
    "media_type": "Text",
    "formats": {
      "text/html": "https://www.gutenberg.org/ebooks/3061.html.images",
      "application/epub+zip": "https://www.gutenberg.org/ebooks/3061.epub3.images",
      "application/x-mobipocket-ebook": "https://www.gutenberg.org/ebooks/3061.kf8.images",
      "text/plain; charset=us-ascii": "https://www.gutenberg.org/ebooks/3061.txt.utf-8",
      "application/rdf+xml": "https://www.gutenberg.org/ebooks/3061.rdf",
      "image/jpeg": "https://www.gutenberg.org/cache/epub/3061/pg3061.cover.medium.jpg",
      "application/octet-stream": "https://www.gutenberg.org/files/3061/3061-0.zip"
    },
    "download_count": 391
  }
}