{
  "average_entropy_rate": 0.34341053349398554,
  "entropy_rate": [
    0.6031217661049679,
    0.0,
    0.0,
    0.0,
    0.0,
    0.0,
    0.0,
    0.0,
    0.0,
    0.0,
    0.0,
    0.0,
    0.0,
    0.7445864125187358,
    0.0,
    0.0,
    0.7726265934778354,
    0.8648038047571222,
    0.0,
    0.0,
    0.0,
    0.7351234018912433,
    0.0,
    0.0,
    0.0,
    0.9298037213073601,
    0.737924598683359,
    0.7930055894487638,
    0.0,
    0.7365464131927058,
    0.8662679234267728,
    0.0,
    0.0,
    0.7208662707945493,
    0.7905154786191543,
    0.7400767611226853,
    0.7628773396034098,
    0.7434193192979986,
    0.8619765988459406,
    0.7650221198294762,
    0.9112677603313287
  ],
  "estimated_posterior_probability": 62.61799240112305,
  "input": "./smaller_in/Guten_index1532.txt",
  "prevalence_assumed": 0.5,
  "process_length": 80000,
  "gutenberg": {
    "id": 1532,
    "title": "King Lear",
    "authors": [
      {
        "name": "Shakespeare, William",
        "birth_year": 1564,
        "death_year": 1616
      }
    ],
    "summaries": [
      "\"King Lear\" by William Shakespeare is a tragedy written in late 1605 or early 1606. Set in pre-Roman Britain, the play follows King Lear's catastrophic decision to divide his kingdom among his three daughters based on their declarations of love. When his youngest daughter speaks honestly rather than flatteringly, Lear disowns her, triggering a chain of betrayals, madness, and destruction. Known for its dark tone and themes of blindness and madness, the play is regarded as one of literature's greatest achievements. (This is an automatically generated summary.)"
    ],
    "editors": [],
    "translators": [],
    "subjects": [
      "Aging parents -- Drama",
      "Britons -- Drama",
      "Fathers and daughters -- Drama",
      "Inheritance and succession -- Drama",
      "Kings and rulers -- Drama",
      "Lear, King (Legendary character) -- Drama",
      "Tragedies (Drama)"
    ],
    "bookshelves": [
      "Best Books Ever Listings",
      "Category: British Literature",
      "Category: Classics of Literature",
      "Category: Plays/Films/Dramas"
    ],
    "languages": [
      "en"
    ],
    "copyright": false,
    "media_type": "Text",
    "formats": {
      "text/html": "https://www.gutenberg.org/ebooks/1532.html.images",
      "application/epub+zip": "https://www.gutenberg.org/ebooks/1532.epub3.images",
      "application/x-mobipocket-ebook": "https://www.gutenberg.org/ebooks/1532.kf8.images",
      "text/plain; charset=us-ascii": "https://www.gutenberg.org/ebooks/1532.txt.utf-8",
      "application/rdf+xml": "https://www.gutenberg.org/ebooks/1532.rdf",
      "image/jpeg": "https://www.gutenberg.org/cache/epub/1532/pg1532.cover.medium.jpg",
      "application/octet-stream": "https://www.gutenberg.org/cache/epub/1532/pg1532-h.zip"
    },
    "download_count": 1925
  }
}