{
  "average_entropy_rate": 0.24323816358592956,
  "entropy_rate": [
    0.6148657611290601,
    0.0,
    0.0,
    0.7282897882723265,
    0.7648247566460391,
    0.7032914112719278,
    0.0,
    0.0,
    0.75680870801168,
    0.0,
    0.0,
    0.0,
    0.0,
    0.0,
    0.0,
    0.7297686237607965,
    0.0,
    0.7653520269229682,
    0.5324857091179923,
    0.0,
    0.0,
    0.0,
    0.7300386981195379,
    0.0,
    0.0,
    0.7515325801960356,
    0.0,
    0.0,
    0.7437589288665856,
    0.0,
    0.0,
    0.0,
    0.0,
    0.7277494753656586,
    0.0,
    0.0,
    0.0,
    0.7478464076368845,
    0.0,
    0.6761518317056191,
    0.0
  ],
  "estimated_posterior_probability": 58.081912994384766,
  "input": "smaller_in/Guten_index93.txt",
  "prevalence_assumed": 0.5,
  "process_length": 80000,
  "gutenberg": {
    "id": 93,
    "title": "Tom Sawyer, Detective",
    "authors": [
      {
        "name": "Twain, Mark",
        "birth_year": 1835,
        "death_year": 1910
      }
    ],
    "summaries": [
      "\"Tom Sawyer, Detective\" by Mark Twain is a novel published in 1896. The story follows Tom Sawyer as he attempts to solve a mysterious murder, serving as a playful parody of the popular detective novels of its era. Narrated by Huck Finn in his distinctive first-person voice, this sequel to Twain's beloved earlier works brings the iconic characters into a new adventure filled with intrigue and suspense in small-town America. (This is an automatically generated summary.)"
    ],
    "editors": [],
    "translators": [],
    "subjects": [
      "Mystery fiction",
      "Sawyer, Tom (Fictitious character) -- Fiction"
    ],
    "bookshelves": [
      "Category: American Literature",
      "Category: Crime, Thrillers and Mystery",
      "Category: Novels"
    ],
    "languages": [
      "en"
    ],
    "copyright": false,
    "media_type": "Text",
    "formats": {
      "text/html": "https://www.gutenberg.org/ebooks/93.html.images",
      "application/epub+zip": "https://www.gutenberg.org/ebooks/93.epub3.images",
      "application/x-mobipocket-ebook": "https://www.gutenberg.org/ebooks/93.kf8.images",
      "text/plain; charset=us-ascii": "https://www.gutenberg.org/ebooks/93.txt.utf-8",
      "application/rdf+xml": "https://www.gutenberg.org/ebooks/93.rdf",
      "image/jpeg": "https://www.gutenberg.org/cache/epub/93/pg93.cover.medium.jpg",
      "application/octet-stream": "https://www.gutenberg.org/files/93/93-0.zip"
    },
    "download_count": 661
  }
}