{
  "average_entropy_rate": 0.1386094911201083,
  "entropy_rate": [
    0.0,
    0.4074457171803992,
    0.5598542667068952,
    0.0,
    0.0,
    0.0,
    0.0,
    0.0,
    0.0,
    0.0,
    0.0,
    0.5063418737017078,
    0.0,
    0.6353438350196274,
    0.0,
    0.0,
    0.5874998190400396,
    0.0,
    0.0,
    0.0,
    0.0,
    0.0,
    0.0,
    0.0,
    0.0,
    0.0,
    0.0,
    0.0,
    0.4330242681582555,
    0.0,
    0.0,
    0.6662090068426127,
    0.6179555529409587,
    0.0,
    0.0,
    0.0,
    0.6797498844170198,
    0.0,
    0.0,
    0.5895649119169241,
    0.0
  ],
  "estimated_posterior_probability": 54.186553955078125,
  "input": "data/human/Gutenberg//Guten_index1825.txt",
  "prevalence_assumed": 0.5,
  "process_length": 80000,
  "gutenberg": {
    "id": 1825,
    "title": "The Adventures of Reddy Fox",
    "authors": [
      {
        "name": "Burgess, Thornton W. (Thornton Waldo)",
        "birth_year": 1874,
        "death_year": 1965
      }
    ],
    "summaries": [
      "\"The Adventures of Reddy Fox\" by Thornton W. Burgess is a children's book written in the early 20th century. This engaging tale follows the mischievous antics of Reddy Fox, exploring themes of cleverness, bravery, and the consequences of overconfidence. The story encapsulates a series of adventures that Reddy embarks on under the guidance of his wise Granny Fox as he learns vital survival skills in the wild.  Throughout the narrative, Reddy Fox is portrayed as both clever and careless, as he encounters various challenges, including thrilling escapes from danger and lessons about humility. Reddy initially boasts about his cunning, believing he can outsmart everyone, including the menacing Bowser the Hound and Farmer Brown's boy. However, his bravado leads him into trouble when he ultimately gets shot while trying to show off. Granny Fox's wisdom and protective instincts shine as she attempts to keep Reddy safe after the incident. The story serves as an entertaining and educational fable, ultimately illustrating the importance of wisdom, caution, and the value of listening to those with more experience. (This is an automatically generated summary.)"
    ],
    "editors": [],
    "translators": [],
    "subjects": [
      "Animals -- Juvenile fiction",
      "Foxes -- Juvenile fiction"
    ],
    "bookshelves": [
      "Category: Adventure",
      "Category: Children & Young Adult Reading",
      "Children's Book Series",
      "Children's Literature"
    ],
    "languages": [
      "en"
    ],
    "copyright": false,
    "media_type": "Text",
    "formats": {
      "text/html": "https://www.gutenberg.org/ebooks/1825.html.images",
      "text/html; charset=utf-8": "https://www.gutenberg.org/files/1825/1825-h/1825-h.htm",
      "application/epub+zip": "https://www.gutenberg.org/ebooks/1825.epub3.images",
      "application/x-mobipocket-ebook": "https://www.gutenberg.org/ebooks/1825.kf8.images",
      "text/plain; charset=us-ascii": "https://www.gutenberg.org/ebooks/1825.txt.utf-8",
      "text/plain; charset=utf-8": "https://www.gutenberg.org/files/1825/1825-0.txt",
      "application/rdf+xml": "https://www.gutenberg.org/ebooks/1825.rdf",
      "image/jpeg": "https://www.gutenberg.org/cache/epub/1825/pg1825.cover.medium.jpg",
      "application/octet-stream": "https://www.gutenberg.org/cache/epub/1825/pg1825-h.zip"
    },
    "download_count": 855
  }
}