{
  "average_entropy_rate": 0.06090054888844584,
  "entropy_rate": [
    0.19088680058499294,
    0.19088680058499294,
    0.4772170014624827,
    0.0,
    0.24630554914192634,
    0.0,
    0.0,
    0.0,
    0.0,
    0.0,
    0.0,
    0.0,
    0.0,
    0.0,
    0.0,
    0.0,
    0.0,
    0.0,
    0.0,
    0.0,
    0.0,
    0.0,
    0.0,
    0.0,
    0.0,
    0.0,
    0.0,
    0.0,
    0.0,
    0.0,
    0.0,
    0.0,
    0.19088680058499294,
    0.24630554914192634,
    0.4772170014624827,
    0.0,
    0.4772170014624827,
    0.0,
    0.0,
    0.0,
    0.0
  ],
  "estimated_posterior_probability": 51.72306823730469,
  "input": "./smaller_in/Guten_index396.txt",
  "prevalence_assumed": 0.5,
  "process_length": 80000,
  "gutenberg": {
    "id": 396,
    "title": "The Lady, or the Tiger?",
    "authors": [
      {
        "name": "Stockton, Frank R.",
        "birth_year": 1834,
        "death_year": 1902
      }
    ],
    "summaries": [
      "\"The Lady, or the Tiger?\" by Frank R. Stockton is a short story published in 1882. In a semi-barbaric kingdom, accused criminals face trial by choosing between two doors—one concealing a lady they must marry, the other a deadly tiger. When the king's daughter's lover faces this ordeal, she knows what lies behind each door and signals him which to choose. The story famously ends without revealing his fate, leaving readers to decide. (This is an automatically generated summary.)"
    ],
    "editors": [],
    "translators": [],
    "subjects": [
      "Choice (Psychology) -- Fiction",
      "Short stories"
    ],
    "bookshelves": [
      "Category: American Literature",
      "Category: Short Stories"
    ],
    "languages": [
      "en"
    ],
    "copyright": false,
    "media_type": "Text",
    "formats": {
      "text/html": "https://www.gutenberg.org/ebooks/396.html.images",
      "application/epub+zip": "https://www.gutenberg.org/ebooks/396.epub3.images",
      "application/x-mobipocket-ebook": "https://www.gutenberg.org/ebooks/396.kf8.images",
      "text/plain; charset=us-ascii": "https://www.gutenberg.org/ebooks/396.txt.utf-8",
      "application/rdf+xml": "https://www.gutenberg.org/ebooks/396.rdf",
      "image/jpeg": "https://www.gutenberg.org/cache/epub/396/pg396.cover.medium.jpg",
      "application/octet-stream": "https://www.gutenberg.org/cache/epub/396/pg396-h.zip"
    },
    "download_count": 793
  }
}