{
  "average_entropy_rate": 0.3317670356738315,
  "entropy_rate": [
    0.0,
    0.0,
    0.0,
    0.0,
    0.0,
    0.0,
    0.0,
    0.9756718955507611,
    0.0,
    0.0,
    0.7945803947050926,
    0.0,
    0.8643600370273187,
    0.0,
    0.6418666228974781,
    0.0,
    0.7817262528031058,
    0.0,
    0.0,
    0.0,
    0.0,
    0.9213897500115136,
    0.0,
    0.0,
    0.0,
    0.0,
    1.0513018555121347,
    0.0,
    0.0,
    0.0,
    0.0,
    0.7800073280123555,
    0.0,
    0.8160346711748606,
    0.7883726566730559,
    0.9628881877656751,
    0.8442526851369785,
    0.859207959506876,
    0.789989433945618,
    0.9649410435194239,
    0.7658576883848439
  ],
  "estimated_posterior_probability": 62.03855895996094,
  "input": "./smaller_in/Guten_index4774.txt",
  "prevalence_assumed": 0.5,
  "process_length": 80000,
  "gutenberg": {
    "id": 4774,
    "title": "The Merry Devil of Edmonton",
    "authors": [],
    "summaries": [
      "\"The Merry Devil of Edmonton\" by William Shakespeare is an Elizabethan-era comedy likely written between 1600-1604. The play centers on the magician Peter Fabell, known as the Merry Devil, who uses his magical powers to aid young lovers in their romantic schemes. When Sir Arthur Clare attempts to send his daughter Milliscent to a nunnery to prevent her arranged marriage, Raymond Mounchensey disguises himself as a friar and enlists Fabell's supernatural help to win her hand, leading to deception, romance, and unexpected twists. (This is an automatically generated summary.)"
    ],
    "editors": [],
    "translators": [],
    "subjects": [
      "Abduction -- Drama",
      "Comedy plays",
      "Edmonton (London, England) -- Drama",
      "Fabell, Peter, 15th cent -- Drama",
      "Poaching -- Drama",
      "Shakespeare, William, 1564-1616 -- Spurious and doubtful works"
    ],
    "bookshelves": [
      "Category: Humour",
      "Category: Plays/Films/Dramas"
    ],
    "languages": [
      "en"
    ],
    "copyright": false,
    "media_type": "Text",
    "formats": {
      "text/html": "https://www.gutenberg.org/ebooks/4774.html.images",
      "application/epub+zip": "https://www.gutenberg.org/ebooks/4774.epub3.images",
      "image/jpeg": "https://www.gutenberg.org/files/4774/cover.jpg",
      "application/x-mobipocket-ebook": "https://www.gutenberg.org/ebooks/4774.kf8.images",
      "text/plain; charset=us-ascii": "https://www.gutenberg.org/ebooks/4774.txt.utf-8",
      "application/rdf+xml": "https://www.gutenberg.org/ebooks/4774.rdf",
      "application/octet-stream": "https://www.gutenberg.org/cache/epub/4774/pg4774-h.zip"
    },
    "download_count": 223
  }
}