{
  "average_entropy_rate": 0.3821847926306299,
  "entropy_rate": [
    1.0092772690697958,
    0.9185106269455444,
    0.0,
    0.0,
    0.0,
    0.0,
    0.0,
    0.0,
    0.0,
    0.0,
    0.7110679558426437,
    0.0,
    0.0,
    0.6805986077429247,
    0.6705866977336659,
    0.0,
    0.6999306815357376,
    0.0,
    0.6407109480091198,
    0.0,
    0.979264174615001,
    1.0098795526074762,
    0.8423722530449963,
    0.0,
    0.0,
    0.7259727010515439,
    0.0,
    0.0,
    0.0,
    0.0,
    0.6299147932530199,
    0.0,
    0.0,
    0.9123219573600178,
    0.8585996059401689,
    0.644853712633165,
    0.6457790653579465,
    0.8273694001768129,
    0.678306089048764,
    0.6828470835649932,
    0.9014133223224888
  ],
  "estimated_posterior_probability": 64.6396484375,
  "input": "./smaller_in/Guten_index4099.txt",
  "prevalence_assumed": 0.5,
  "process_length": 80000,
  "gutenberg": {
    "id": 4099,
    "title": "The Angel in the House",
    "authors": [
      {
        "name": "Patmore, Coventry",
        "birth_year": 1823,
        "death_year": 1896
      }
    ],
    "summaries": [
      "\"The Angel in the House\" by Coventry Patmore is a narrative poem first published in 1854 and expanded until 1862. The work chronicles Felix Vaughan's courtship of Honoria Churchill through short lyrics and reflections on ideal femininity, set against a rival suitor's pursuit. Later installments follow the rejected suitor's struggle to overcome his lingering feelings and find devotion to his own wife. The poem became culturally significant for defining Victorian feminine ideals and the doctrine of separate spheres, later attracting feminist critique for its depiction of submissive, selfless womanhood. (This is an automatically generated summary.)"
    ],
    "editors": [],
    "translators": [],
    "subjects": [
      "Husband and wife -- Poetry",
      "Marriage -- Poetry",
      "Women -- Conduct of life -- Poetry"
    ],
    "bookshelves": [
      "Category: British Literature",
      "Category: Poetry"
    ],
    "languages": [
      "en"
    ],
    "copyright": false,
    "media_type": "Text",
    "formats": {
      "text/html": "https://www.gutenberg.org/ebooks/4099.html.images",
      "application/epub+zip": "https://www.gutenberg.org/ebooks/4099.epub3.images",
      "application/x-mobipocket-ebook": "https://www.gutenberg.org/ebooks/4099.kf8.images",
      "text/plain; charset=us-ascii": "https://www.gutenberg.org/ebooks/4099.txt.utf-8",
      "application/rdf+xml": "https://www.gutenberg.org/ebooks/4099.rdf",
      "image/jpeg": "https://www.gutenberg.org/cache/epub/4099/pg4099.cover.medium.jpg",
      "application/octet-stream": "https://www.gutenberg.org/files/4099/4099-0.zip"
    },
    "download_count": 3562
  }
}