{
  "average_entropy_rate": 0.1834792945246404,
  "entropy_rate": [
    0.0,
    0.0,
    0.0,
    0.0,
    0.0,
    0.0,
    0.0,
    0.0,
    0.0,
    0.0,
    0.5828897325507068,
    0.0,
    0.0,
    0.0,
    0.8005017831545579,
    0.0,
    0.0,
    0.0,
    0.0,
    0.9231064983436889,
    0.0,
    0.0,
    0.0,
    0.0,
    0.0,
    0.0,
    0.0,
    0.0,
    0.8553885440011986,
    0.8435031210676238,
    0.0,
    0.0,
    0.0,
    0.0,
    0.0,
    0.9488991626332658,
    0.8293100222873003,
    0.9189205248712528,
    0.0,
    0.8201316866006615,
    0.0
  ],
  "estimated_posterior_probability": 55.766475677490234,
  "input": "./smaller_in/Guten_index4331.txt",
  "prevalence_assumed": 0.5,
  "process_length": 80000,
  "gutenberg": {
    "id": 4331,
    "title": "Sun-Up, and Other Poems",
    "authors": [
      {
        "name": "Ridge, Lola",
        "birth_year": 1873,
        "death_year": 1941
      }
    ],
    "summaries": [
      "\"Sun-Up, and Other Poems\" by Lola Ridge is a collection of poetry written in the early 20th century. The anthology showcases Ridge's deep exploration of personal and social themes, often drawing from her own experiences and observations of life as a woman and an artist during that time period. The poems delve into topics such as childhood, memory, nature, and the complexities of human emotions, illustrating the intricate relationships individuals have with their surroundings and each other.  Throughout the collection, Ridge's work is characterized by vivid imagery and emotional depth. The poems take the reader on a journey through a variety of settings, from intimate reflections on childhood and familial relationships to broader societal commentaries. Each piece is steeped in rich metaphor, allowing themes of joy, pain, and introspection to resonate deeply. Ridge captures fleeting moments of beauty and melancholy, leading the reader to contemplate the intertwined nature of personal and collective narratives. The collection not only highlights her unique voice but also serves as a reflection of the time, offering insights into the human condition and the often tumultuous journey of existence. (This is an automatically generated summary.)"
    ],
    "editors": [],
    "translators": [],
    "subjects": [
      "Poetry"
    ],
    "bookshelves": [
      "Category: Poetry"
    ],
    "languages": [
      "en"
    ],
    "copyright": false,
    "media_type": "Text",
    "formats": {
      "text/html": "https://www.gutenberg.org/ebooks/4331.html.images",
      "application/epub+zip": "https://www.gutenberg.org/ebooks/4331.epub3.images",
      "application/x-mobipocket-ebook": "https://www.gutenberg.org/ebooks/4331.kf8.images",
      "text/plain; charset=us-ascii": "https://www.gutenberg.org/ebooks/4331.txt.utf-8",
      "application/rdf+xml": "https://www.gutenberg.org/ebooks/4331.rdf",
      "image/jpeg": "https://www.gutenberg.org/cache/epub/4331/pg4331.cover.medium.jpg",
      "application/octet-stream": "https://www.gutenberg.org/files/4331/4331-8.zip"
    },
    "download_count": 238
  }
}