{
  "average_entropy_rate": 0.2716957878050736,
  "entropy_rate": [
    0.0,
    0.7641901663889534,
    0.0,
    0.0,
    0.0,
    0.0,
    0.0,
    0.4912318963914935,
    0.6645336689033436,
    0.0,
    0.0,
    0.0,
    0.9275778577896222,
    0.7505166426190422,
    0.0,
    0.0,
    0.0,
    0.0,
    0.0,
    0.0,
    0.0,
    0.7364921075408287,
    0.0,
    0.0,
    0.8135925805692024,
    0.0,
    0.0,
    0.0,
    0.7547410599698114,
    0.0,
    0.0,
    0.0,
    0.764241072575804,
    0.5870803341949531,
    0.8837399527271693,
    0.7250128842641086,
    0.7529115532173757,
    0.0,
    0.0,
    0.7891382021886236,
    0.7345273206676856
  ],
  "estimated_posterior_probability": 59.279232025146484,
  "input": "./smaller_in/Guten_index875.txt",
  "prevalence_assumed": 0.5,
  "process_length": 80000,
  "gutenberg": {
    "id": 875,
    "title": "The Duchess of Padua",
    "authors": [
      {
        "name": "Wilde, Oscar",
        "birth_year": 1854,
        "death_year": 1900
      }
    ],
    "summaries": [
      "\"The Duchess of Padua\" by Oscar Wilde is a five-act tragedy written in 1883. Set in Renaissance Italy, this blank verse drama follows Guido Ferranti, a young man who arrives in Padua to avenge his father's murder at the hands of the Duke. His mission becomes complicated when he falls deeply in love with the Duke's wife, Beatrice. As passion collides with vengeance, both lovers make fatal choices that bind them in tragedy, leading to devastating consequences neither anticipated. (This is an automatically generated summary.)"
    ],
    "editors": [],
    "translators": [],
    "subjects": [
      "English drama -- 19th century",
      "Padua (Italy) -- Drama",
      "Revenge -- Drama",
      "Tragedies (Drama)"
    ],
    "bookshelves": [
      "Category: British Literature",
      "Category: Plays/Films/Dramas"
    ],
    "languages": [
      "en"
    ],
    "copyright": false,
    "media_type": "Text",
    "formats": {
      "text/html": "https://www.gutenberg.org/ebooks/875.html.images",
      "application/epub+zip": "https://www.gutenberg.org/ebooks/875.epub3.images",
      "application/x-mobipocket-ebook": "https://www.gutenberg.org/ebooks/875.kf8.images",
      "text/plain; charset=us-ascii": "https://www.gutenberg.org/ebooks/875.txt.utf-8",
      "text/plain; charset=utf-8": "https://www.gutenberg.org/files/875/875-0.txt",
      "application/rdf+xml": "https://www.gutenberg.org/ebooks/875.rdf",
      "image/jpeg": "https://www.gutenberg.org/cache/epub/875/pg875.cover.medium.jpg",
      "application/octet-stream": "https://www.gutenberg.org/cache/epub/875/pg875-h.zip"
    },
    "download_count": 419
  }
}