{
  "average_entropy_rate": 0.12400379026170104,
  "entropy_rate": [
    0.4311278112737896,
    0.7028195311147837,
    0.7028195311147837,
    0.0,
    0.0,
    0.0,
    0.0,
    0.0,
    0.0,
    0.0,
    0.0,
    0.0,
    0.5946590500328134,
    0.0,
    0.0,
    0.0,
    0.0,
    0.0,
    0.0,
    0.0,
    0.0,
    0.0,
    0.0,
    0.0,
    0.0,
    0.0,
    0.0,
    0.0,
    0.0,
    0.0,
    0.0,
    0.0,
    0.5225791651803514,
    0.7028195311147837,
    0.7028195311147837,
    0.0,
    0.7245112497836531,
    0.0,
    0.0,
    0.0,
    0.0
  ],
  "estimated_posterior_probability": 53.698665618896484,
  "input": "./smaller_in/Guten_index867.txt",
  "prevalence_assumed": 0.5,
  "process_length": 80000,
  "gutenberg": {
    "id": 867,
    "title": "Mrs. Korner Sins Her Mercies",
    "authors": [
      {
        "name": "Jerome, Jerome K. (Jerome Klapka)",
        "birth_year": 1859,
        "death_year": 1927
      }
    ],
    "summaries": [
      "\"Mrs. Korner Sins Her Mercies\" by Jerome K. Jerome is a comedic novel likely written in the early 20th century. The narrative revolves around Mrs. Korner, a young woman newly married to Mr. Korner, who feels embarrassed by her husband's overly mild demeanor. The book explores themes of gender roles and expectations within marriage, depicting the humorous clash between Mrs. Korner's desire for a more traditionally masculine husband and Mr. Korner's adherence to his own principles of moderation and decorum.  The story unfolds with Mrs. Korner expressing her frustration over her husband’s lack of manliness during a conversation with her friend, Miss Greene. When Mr. Korner inadvertently gets drunk after meeting a cousin, he returns home in a state of disorder, which leads to a chaotic dinner where he critiques Mrs. Korner for her housekeeping skills while she, in turn, realizes her misconceptions about masculinity. The climax comes when Mr. Korner confronts the idea of masculinity and his wife's expectations, resulting in a humorous yet poignant resolution where both characters acknowledge their misunderstandings and come to terms with their differences. Through wit and spirited dialogue, Jerome K. Jerome illustrates the absurdities of societal norms during his time. (This is an automatically generated summary.)"
    ],
    "editors": [],
    "translators": [],
    "subjects": [
      "Domestic fiction",
      "Man-woman relationships -- Fiction",
      "Short stories"
    ],
    "bookshelves": [
      "Category: British Literature",
      "Category: Humour",
      "Category: Novels"
    ],
    "languages": [
      "en"
    ],
    "copyright": false,
    "media_type": "Text",
    "formats": {
      "text/html": "https://www.gutenberg.org/ebooks/867.html.images",
      "text/html; charset=utf-8": "https://www.gutenberg.org/files/867/867-h/867-h.htm",
      "application/epub+zip": "https://www.gutenberg.org/ebooks/867.epub3.images",
      "application/x-mobipocket-ebook": "https://www.gutenberg.org/ebooks/867.kf8.images",
      "text/plain; charset=us-ascii": "https://www.gutenberg.org/ebooks/867.txt.utf-8",
      "text/plain; charset=utf-8": "https://www.gutenberg.org/files/867/867-0.txt",
      "application/rdf+xml": "https://www.gutenberg.org/ebooks/867.rdf",
      "image/jpeg": "https://www.gutenberg.org/cache/epub/867/pg867.cover.medium.jpg",
      "application/octet-stream": "https://www.gutenberg.org/cache/epub/867/pg867-h.zip"
    },
    "download_count": 416
  }
}