{
  "average_entropy_rate": 0.40057317607194604,
  "entropy_rate": [
    0.0,
    0.0,
    0.0,
    0.0,
    0.0,
    0.0,
    0.8214807088458467,
    0.0,
    0.8890868596155828,
    0.0,
    0.0,
    0.6631254897666701,
    0.0,
    0.0,
    0.0,
    0.0,
    0.0,
    0.836196982688985,
    0.0,
    0.0,
    0.0,
    0.9179874457047099,
    0.6763620932566031,
    0.0,
    0.9020136208200911,
    0.8444094474175727,
    0.844938920888494,
    0.8152002865372884,
    0.0,
    0.6919038672043399,
    0.0,
    0.0,
    0.7944922992428535,
    0.78908649843547,
    0.847892349475443,
    0.8678406490556506,
    0.7903016601149092,
    0.929231388574881,
    0.7617930077972603,
    0.8487065313259945,
    0.8914501121811387
  ],
  "estimated_posterior_probability": 65.66264343261719,
  "input": "./smaller_in/Guten_index3158.txt",
  "prevalence_assumed": 0.5,
  "process_length": 80000,
  "gutenberg": {
    "id": 3158,
    "title": "Our American Cousin",
    "authors": [
      {
        "name": "Taylor, Tom",
        "birth_year": 1817,
        "death_year": 1880
      }
    ],
    "summaries": [
      "\"Our American Cousin\" by Tom Taylor is a three-act play that premiered in 1858. When boorish American Asa Trenchard travels to England to claim his family's estate, he clashes hilariously with his aristocratic English relatives. The farce became a theatrical sensation, particularly due to the eccentric Lord Dundreary character who captivated audiences on both sides of the Atlantic. Despite its critical and popular success throughout the 19th century, the play gained tragic notoriety as the performance Abraham Lincoln attended when he was assassinated at Ford's Theatre. (This is an automatically generated summary.)"
    ],
    "editors": [],
    "translators": [],
    "subjects": [
      "Americans -- England -- Drama",
      "Aristocracy (Social class) -- England -- Drama",
      "Comedy plays"
    ],
    "bookshelves": [
      "Category: British Literature",
      "Category: Humour",
      "Category: Plays/Films/Dramas"
    ],
    "languages": [
      "en"
    ],
    "copyright": false,
    "media_type": "Text",
    "formats": {
      "text/html": "https://www.gutenberg.org/ebooks/3158.html.images",
      "application/epub+zip": "https://www.gutenberg.org/ebooks/3158.epub3.images",
      "application/x-mobipocket-ebook": "https://www.gutenberg.org/ebooks/3158.kf8.images",
      "text/plain; charset=us-ascii": "https://www.gutenberg.org/ebooks/3158.txt.utf-8",
      "application/rdf+xml": "https://www.gutenberg.org/ebooks/3158.rdf",
      "image/jpeg": "https://www.gutenberg.org/cache/epub/3158/pg3158.cover.medium.jpg",
      "application/octet-stream": "https://www.gutenberg.org/files/3158/3158-0.zip"
    },
    "download_count": 636
  }
}