{
  "average_entropy_rate": 0.5315721640468575,
  "entropy_rate": [
    0.0,
    1.2540619530866657,
    1.1067450309959626,
    0.0,
    1.0478985986084772,
    0.0,
    1.086987705530747,
    0.0,
    0.0,
    0.0,
    1.1941800236699038,
    0.0,
    0.0,
    0.7086366975234648,
    0.0,
    1.057822189523558,
    0.0,
    0.0,
    0.0,
    0.0,
    0.0,
    0.0,
    0.0,
    1.0540157835875288,
    0.0,
    0.0,
    1.0025272737235087,
    1.1311824426177945,
    0.0,
    0.0,
    1.141668375702133,
    0.0,
    1.132065175897428,
    1.1838781705687231,
    1.1140076990481058,
    1.154411774554298,
    0.8830437948438334,
    1.0835962827888301,
    1.126379688837049,
    1.1504556574035354,
    1.1808944074096117
  ],
  "estimated_posterior_probability": 74.37773132324219,
  "input": "./smaller_in/Guten_index4247.txt",
  "prevalence_assumed": 0.5,
  "process_length": 80000,
  "gutenberg": {
    "id": 4247,
    "title": "A Briefe and True Report of the New Found Land of Virginia",
    "authors": [
      {
        "name": "Harriot, Thomas",
        "birth_year": 1560,
        "death_year": 1621
      }
    ],
    "summaries": [
      "\"A Briefe and True Report of the New Found Land of Virginia\" by Thomas Harriot is a historical account written in the late 16th century, specifically around 1590. It serves as an exploration and report on Virginia, detailing its potential for colonization and the natural resources available. The book describes the land discovered by the English Colony led by Sir Richard Greinuile and provides insights into the inhabitants, their culture, and the agriculture and commodities of the region.  In this treatise, Harriot outlines various commodities that can be harvested from Virginia, such as silk, grains, herbs, and timber, alongside descriptions of the local flora and fauna. He discusses the agricultural practices of the indigenous people, highlighting their techniques for planting and harvesting, and emphasizes the abundance and variety of resources in the area. The text reflects a keen interest in promoting the settlement of Virginia, urging potential investors and colonists to recognize its wealth and opportunities, while also painting a nuanced picture of the native populations and their ways of life. Harriot combines scientific observations with a persuasive narrative to advocate for the colonization of this new world, thus contributing to the understanding and appeal of the New World during the Age of Exploration. (This is an automatically generated summary.)"
    ],
    "editors": [],
    "translators": [],
    "subjects": [
      "Indians of North America -- North Carolina",
      "North Carolina -- Description and travel -- Early works to 1800",
      "Roanoke Colony",
      "Virginia -- History -- Colonial period, ca. 1600-1775 -- Sources"
    ],
    "bookshelves": [
      "Category: Archaeology & Anthropology",
      "Category: History - American",
      "Category: History - Early Modern (c. 1450-1750)",
      "Category: Travel Writing"
    ],
    "languages": [
      "en"
    ],
    "copyright": false,
    "media_type": "Text",
    "formats": {
      "text/html": "https://www.gutenberg.org/ebooks/4247.html.images",
      "application/epub+zip": "https://www.gutenberg.org/ebooks/4247.epub3.images",
      "application/x-mobipocket-ebook": "https://www.gutenberg.org/ebooks/4247.kf8.images",
      "text/plain; charset=us-ascii": "https://www.gutenberg.org/ebooks/4247.txt.utf-8",
      "application/rdf+xml": "https://www.gutenberg.org/ebooks/4247.rdf",
      "image/jpeg": "https://www.gutenberg.org/cache/epub/4247/pg4247.cover.medium.jpg",
      "application/octet-stream": "https://www.gutenberg.org/files/4247/4247-0.zip"
    },
    "download_count": 649
  }
}