{
  "average_entropy_rate": 0.21546295802694057,
  "entropy_rate": [
    0.0,
    0.0,
    0.8120673856946197,
    0.6375802792725478,
    0.0,
    0.0,
    0.0,
    0.0,
    0.5419873003069419,
    0.0,
    0.0,
    0.0,
    0.7274443683453494,
    0.0,
    0.0,
    0.0,
    0.0,
    0.5144700533188739,
    0.0,
    0.0,
    0.0,
    0.4793832103751194,
    0.0,
    0.6478096440043642,
    0.0,
    0.6201900740257114,
    0.0,
    0.0,
    0.0,
    0.0,
    0.0,
    0.0,
    0.0,
    0.8340818452287364,
    0.0,
    0.773631705886741,
    0.7252866375958141,
    0.47014295894686864,
    0.5294422518188635,
    0.5204635642840107,
    0.0
  ],
  "estimated_posterior_probability": 56.97164535522461,
  "input": "./smaller_in/Guten_index391.txt",
  "prevalence_assumed": 0.5,
  "process_length": 80000,
  "gutenberg": {
    "id": 391,
    "title": "The Song of Roland",
    "authors": [],
    "summaries": [
      "\"The Song of Roland\" by C. K. Scott-Moncrieff is a translation of an 11th-century epic poem. This medieval chanson de geste recounts the legendary deeds of Frankish warrior Roland at the Battle of Roncevaux Pass during Charlemagne's campaign in Spain. When Roland's stepfather Ganelon betrays the rear guard to Muslim forces, Roland must choose between pride and survival as his outnumbered men face overwhelming odds in a mountain pass ambush. This oldest surviving work of French literature explores themes of loyalty, honor, and heroic sacrifice. (This is an automatically generated summary.)"
    ],
    "editors": [],
    "translators": [
      {
        "name": "Scott-Moncrieff, C. K. (Charles Kenneth)",
        "birth_year": 1889,
        "death_year": 1930
      }
    ],
    "subjects": [
      "Epic poetry, French -- Translations into English",
      "Roland (Legendary character) -- Romances"
    ],
    "bookshelves": [
      "Category: Classics of Literature",
      "Category: French Literature",
      "Category: Mythology, Legends & Folklore",
      "Category: Poetry"
    ],
    "languages": [
      "en"
    ],
    "copyright": false,
    "media_type": "Text",
    "formats": {
      "text/html": "https://www.gutenberg.org/ebooks/391.html.images",
      "application/epub+zip": "https://www.gutenberg.org/ebooks/391.epub3.images",
      "application/x-mobipocket-ebook": "https://www.gutenberg.org/ebooks/391.kf8.images",
      "text/plain; charset=us-ascii": "https://www.gutenberg.org/ebooks/391.txt.utf-8",
      "application/rdf+xml": "https://www.gutenberg.org/ebooks/391.rdf",
      "image/jpeg": "https://www.gutenberg.org/cache/epub/391/pg391.cover.medium.jpg",
      "application/octet-stream": "https://www.gutenberg.org/cache/epub/391/pg391-h.zip"
    },
    "download_count": 917
  }
}