{
  "average_entropy_rate": 0.13165637630718197,
  "entropy_rate": [
    0.5101954875648329,
    0.0,
    0.0,
    0.0,
    0.0,
    0.0,
    0.0,
    0.0,
    0.0,
    0.0,
    0.0,
    0.0,
    0.0,
    0.0,
    0.0,
    0.0,
    0.0,
    0.4251629063040277,
    0.44159333751826557,
    0.44159333751826557,
    0.0,
    0.0,
    0.0,
    0.0,
    0.0,
    0.0,
    0.0,
    0.0,
    0.0,
    0.0,
    0.5034296343685706,
    0.4056390622295663,
    0.44159333751826557,
    0.0,
    0.0,
    0.47240322922669786,
    0.5034296343685706,
    0.44159333751826557,
    0.0,
    0.4056390622295663,
    0.4056390622295663
  ],
  "estimated_posterior_probability": 53.95124053955078,
  "input": "./smaller_in/Guten_index1331.txt",
  "prevalence_assumed": 0.5,
  "process_length": 80000,
  "gutenberg": {
    "id": 1331,
    "title": "ABC's of Science",
    "authors": [
      {
        "name": "Oliver, Charles A. (Charles Alexander)",
        "birth_year": 1858,
        "death_year": 1932
      }
    ],
    "summaries": [
      "\"ABC's of Science\" by Charles A. Oliver is a scientific publication likely composed in the late 19th century. This book serves as a primer on various scientific concepts, touching upon topics such as nature, astronomy, the solar system, and the processes that underpin life on Earth. It seeks to present these ideas in a digestible manner for readers, highlighting the interconnections between the mineral, vegetal, and animal realms of life.  The content of the book unfolds through a series of chapters that explain foundational scientific principles. In \"The Supreme Power of Nature,\" Oliver categorizes the essence of nature into minerals, vegetables, and animals, illustrating how they interact. Subsequent chapters delve into astronomy and the structure of the solar system, detailing the characteristics of planets and their movements. The text also explores the flourishing of life on Earth, describing the processes of protoplasm and reproduction. Additionally, Oliver discusses animal magnetism and its implications for intelligence and behavior, concluding with miscellaneous observations on natural phenomena like lightning and the Aurora Borealis. Overall, the book aims to cultivate a fundamental understanding of science and its wonders, appealing to a broad audience seeking scientific literacy. (This is an automatically generated summary.)"
    ],
    "editors": [],
    "translators": [],
    "subjects": [
      "Science -- Study and teaching"
    ],
    "bookshelves": [
      "Category: Science - Biology",
      "Category: Science - Earth/Agricultural/Farming"
    ],
    "languages": [
      "en"
    ],
    "copyright": false,
    "media_type": "Text",
    "formats": {
      "text/html": "https://www.gutenberg.org/ebooks/1331.html.images",
      "application/epub+zip": "https://www.gutenberg.org/ebooks/1331.epub3.images",
      "application/x-mobipocket-ebook": "https://www.gutenberg.org/ebooks/1331.kf8.images",
      "text/plain; charset=us-ascii": "https://www.gutenberg.org/ebooks/1331.txt.utf-8",
      "application/rdf+xml": "https://www.gutenberg.org/ebooks/1331.rdf",
      "image/jpeg": "https://www.gutenberg.org/cache/epub/1331/pg1331.cover.medium.jpg",
      "application/octet-stream": "https://www.gutenberg.org/cache/epub/1331/pg1331-h.zip"
    },
    "download_count": 263
  }
}