{
  "average_entropy_rate": 0.07867602853043279,
  "entropy_rate": [
    0.0,
    0.0,
    0.0,
    0.0,
    0.0,
    0.0,
    0.0,
    0.0,
    0.0,
    0.0,
    0.0,
    0.7342443373899632,
    0.0,
    0.0,
    0.0,
    0.0,
    0.0,
    0.0,
    0.0,
    0.0,
    0.0,
    0.0,
    0.30790893921026735,
    0.0,
    0.0,
    0.0,
    0.0,
    0.0,
    0.0,
    0.0,
    0.0,
    0.558829851991164,
    0.7295739620571243,
    0.0,
    0.0,
    0.0,
    0.3667454189450285,
    0.0,
    0.0,
    0.0,
    0.5284146601541967
  ],
  "estimated_posterior_probability": 52.25918197631836,
  "input": "./smaller_in/Guten_index2146.txt",
  "prevalence_assumed": 0.5,
  "process_length": 80000,
  "gutenberg": {
    "id": 2146,
    "title": "Egmont",
    "authors": [
      {
        "name": "Goethe, Johann Wolfgang von",
        "birth_year": 1749,
        "death_year": 1832
      }
    ],
    "summaries": [
      "\"Egmont\" by Johann Wolfgang von Goethe is a drama completed in 1788. The play depicts Count Egmont's fight against Spanish oppression during the Eighty Years' War. Despite warnings of arrest, Egmont refuses to flee, standing firm in his ideals of liberty and justice. As he faces imprisonment and his mistress Klärchen struggles desperately to save him, the nobleman must confront the consequences of his unwavering honesty. This political manifesto explores themes of freedom, destiny, and the price of principle against despotic authority. (This is an automatically generated summary.)"
    ],
    "editors": [],
    "translators": [],
    "subjects": [
      "Egmont, Lamoraal, Graaf van, 1522-1568 -- Drama",
      "Tragedies (Drama)"
    ],
    "bookshelves": [
      "Category: Classics of Literature",
      "Category: German Literature",
      "Category: Plays/Films/Dramas",
      "DE Drama",
      "Harvard Classics"
    ],
    "languages": [
      "de"
    ],
    "copyright": false,
    "media_type": "Text",
    "formats": {
      "text/html": "https://www.gutenberg.org/ebooks/2146.html.images",
      "application/epub+zip": "https://www.gutenberg.org/ebooks/2146.epub3.images",
      "application/x-mobipocket-ebook": "https://www.gutenberg.org/ebooks/2146.kf8.images",
      "text/plain; charset=us-ascii": "https://www.gutenberg.org/ebooks/2146.txt.utf-8",
      "application/rdf+xml": "https://www.gutenberg.org/ebooks/2146.rdf",
      "image/jpeg": "https://www.gutenberg.org/cache/epub/2146/pg2146.cover.medium.jpg",
      "application/octet-stream": "https://www.gutenberg.org/cache/epub/2146/pg2146-h.zip"
    },
    "download_count": 219
  }
}