{
  "average_entropy_rate": 0.3103998481957739,
  "entropy_rate": [
    0.6561278097475626,
    0.0,
    0.0,
    0.0,
    0.0,
    0.0,
    0.0,
    0.0,
    0.0,
    0.0,
    0.897959179267999,
    0.8014321393619841,
    0.7806390622295668,
    0.0,
    0.7806390622295668,
    0.0,
    0.7806390622295668,
    0.0,
    0.7806390622295668,
    0.0,
    0.0,
    0.0,
    0.0,
    0.0,
    0.0,
    0.0,
    0.7806390622295668,
    0.0,
    0.0,
    0.0,
    0.0,
    0.0,
    0.760727895359493,
    0.9179627128044638,
    0.8857934171895608,
    0.7806390622295668,
    0.7806390622295668,
    0.0,
    0.7806390622295668,
    0.7806390622295668,
    0.7806390622295668
  ],
  "estimated_posterior_probability": 61.02058410644531,
  "input": "./smaller_in/Guten_index3386.txt",
  "prevalence_assumed": 0.5,
  "process_length": 80000,
  "gutenberg": {
    "id": 3386,
    "title": "The Editor's Relations with the Young Contributor (from Literature and Life)",
    "authors": [
      {
        "name": "Howells, William Dean",
        "birth_year": 1837,
        "death_year": 1920
      }
    ],
    "summaries": [
      "\"The Editor's Relations with the Young Contributor (from Literature and Life)\" by William Dean Howells is an insightful exploration of the dynamics between editors and emerging writers, framed within the context of literary publication in the late 19th century. This work serves as a guide for young contributors navigating the often intimidating world of publishing and offers practical advice on how to hone their craft while maintaining a passion for literature. Written during a time when the publishing industry was evolving, Howells emphasizes the importance of youthful creativity and the editor's role in nurturing new talent.  In the text, Howells reflects on his extensive experience as an editor, discussing the delicate balance between guidance and creative freedom that young writers require. He highlights the significance of genuine passion for writing, asserting that the desire to create should stem from love for the craft rather than the pursuit of fame or financial gain. Throughout the narrative, Howells encourages aspiring authors to be receptive to criticism, to strive for perfection in their work, and to focus on their artistic integrity. He also acknowledges the challenges young contributors face, advocating for resilience in the face of rejection while reminding them that success should not be the primary goal, but rather the pursuit of craft and genuine expression. (This is an automatically generated summary.)"
    ],
    "editors": [],
    "translators": [],
    "subjects": [
      "Authors",
      "Essays"
    ],
    "bookshelves": [
      "Category: Essays, Letters & Speeches",
      "Category: Journalism/Media/Writing"
    ],
    "languages": [
      "en"
    ],
    "copyright": false,
    "media_type": "Text",
    "formats": {
      "text/html": "https://www.gutenberg.org/ebooks/3386.html.images",
      "application/epub+zip": "https://www.gutenberg.org/ebooks/3386.epub3.images",
      "application/x-mobipocket-ebook": "https://www.gutenberg.org/ebooks/3386.kf8.images",
      "text/plain; charset=us-ascii": "https://www.gutenberg.org/ebooks/3386.txt.utf-8",
      "application/rdf+xml": "https://www.gutenberg.org/ebooks/3386.rdf",
      "image/jpeg": "https://www.gutenberg.org/cache/epub/3386/pg3386.cover.medium.jpg",
      "application/octet-stream": "https://www.gutenberg.org/files/3386/3386.zip"
    },
    "download_count": 233
  }
}