{
  "average_entropy_rate": 0.0,
  "entropy_rate": [
    0.0,
    0.0,
    0.0,
    0.0,
    0.0,
    0.0,
    0.0,
    0.0,
    0.0,
    0.0,
    0.0,
    0.0,
    0.0,
    0.0,
    0.0,
    0.0,
    0.0,
    0.0,
    0.0,
    0.0,
    0.0,
    0.0,
    0.0,
    0.0,
    0.0,
    0.0,
    0.0,
    0.0,
    0.0,
    0.0,
    0.0,
    0.0,
    0.0,
    0.0,
    0.0,
    0.0,
    0.0,
    0.0,
    0.0,
    0.0,
    0.0
  ],
  "estimated_posterior_probability": 50.0,
  "input": "./smaller_in/Guten_index2100.txt",
  "prevalence_assumed": 0.5,
  "process_length": 80000,
  "gutenberg": {
    "id": 2100,
    "title": "Bibeln, Gamla och Nya Testamentet",
    "authors": [],
    "summaries": [
      "\"Bibeln, Gamla och Nya Testamentet\" is Christianity's sacred scripture, with its canon established during councils in Hippo in 393 and Carthage in 397. This collection divides into two testaments: the Old Testament recounts creation, patriarchs, and Israel's history through the Babylonian exile, while the New Testament chronicles Jesus's life, early church history, and prophetic visions of the end times. Published globally in approximately 100 million copies annually, it remains one of the world's most widely distributed books. (This is an automatically generated summary.)"
    ],
    "editors": [],
    "translators": [],
    "subjects": [
      "Bible"
    ],
    "bookshelves": [
      "Category: Religion/Spirituality",
      "Christianity"
    ],
    "languages": [
      "sv"
    ],
    "copyright": false,
    "media_type": "Text",
    "formats": {
      "text/html": "https://www.gutenberg.org/ebooks/2100.html.images",
      "application/epub+zip": "https://www.gutenberg.org/ebooks/2100.epub3.images",
      "application/x-mobipocket-ebook": "https://www.gutenberg.org/ebooks/2100.kf8.images",
      "text/plain; charset=us-ascii": "https://www.gutenberg.org/ebooks/2100.txt.utf-8",
      "text/plain; charset=iso-8859-1": "https://www.gutenberg.org/files/2100/2100-8.txt",
      "application/rdf+xml": "https://www.gutenberg.org/ebooks/2100.rdf",
      "image/jpeg": "https://www.gutenberg.org/cache/epub/2100/pg2100.cover.medium.jpg",
      "application/octet-stream": "https://www.gutenberg.org/cache/epub/2100/pg2100-h.zip"
    },
    "download_count": 267
  }
}