{
  "average_entropy_rate": 0.27934725195290067,
  "entropy_rate": [
    0.0,
    0.0,
    0.7576521109730178,
    0.0,
    0.0,
    0.0,
    0.0,
    0.735008622032665,
    0.0,
    0.0,
    0.0,
    0.5699298164982209,
    0.0,
    0.0,
    0.0,
    0.0,
    0.0,
    0.0,
    0.866799559100419,
    0.7457600269743085,
    0.5905752415385475,
    0.0,
    0.0,
    0.0,
    0.0,
    0.0,
    0.5912916909063921,
    0.6947409809790772,
    0.0,
    0.0,
    0.0,
    0.0,
    0.7496899804723008,
    0.7157801466810908,
    0.761917508851905,
    0.6423758726723966,
    0.7386085007312413,
    0.8409513373329919,
    0.6914417582254765,
    0.0,
    0.7607141760988777
  ],
  "estimated_posterior_probability": 59.610801696777344,
  "input": "./smaller_in/Guten_index4272.txt",
  "prevalence_assumed": 0.5,
  "process_length": 80000,
  "gutenberg": {
    "id": 4272,
    "title": "The Christian Year",
    "authors": [
      {
        "name": "Keble, John",
        "birth_year": 1792,
        "death_year": 1866
      }
    ],
    "summaries": [
      "\"The Christian Year\" by John Keble is a series of poems written in 1827 for the Sundays and feasts of the Church of England's liturgical calendar. This devotional work became the most popular volume of verse in the nineteenth century, with over 375,000 copies sold by 1873. Several of its poems became beloved hymns. Initially published anonymously, its success led to Keble's appointment as Oxford Professor of Poetry and significantly influenced the Oxford Movement. (This is an automatically generated summary.)"
    ],
    "editors": [
      {
        "name": "Morley, Henry",
        "birth_year": 1822,
        "death_year": 1894
      }
    ],
    "translators": [],
    "subjects": [
      "Christian poetry, English -- 19th century",
      "Church year -- Poetry",
      "Hymns, English"
    ],
    "bookshelves": [
      "Category: British Literature",
      "Category: Poetry",
      "Category: Religion/Spirituality"
    ],
    "languages": [
      "en"
    ],
    "copyright": false,
    "media_type": "Text",
    "formats": {
      "text/html": "https://www.gutenberg.org/ebooks/4272.html.images",
      "application/epub+zip": "https://www.gutenberg.org/ebooks/4272.epub3.images",
      "application/x-mobipocket-ebook": "https://www.gutenberg.org/ebooks/4272.kf8.images",
      "text/plain; charset=us-ascii": "https://www.gutenberg.org/ebooks/4272.txt.utf-8",
      "application/rdf+xml": "https://www.gutenberg.org/ebooks/4272.rdf",
      "image/jpeg": "https://www.gutenberg.org/cache/epub/4272/pg4272.cover.medium.jpg",
      "application/octet-stream": "https://www.gutenberg.org/files/4272/4272-0.zip"
    },
    "download_count": 726
  }
}