{
  "average_entropy_rate": 0.09407583369910666,
  "entropy_rate": [
    0.2113771546567485,
    0.2113771546567485,
    0.25162916388814854,
    0.0,
    0.2113771546567485,
    0.2113771546567485,
    0.2113771546567485,
    0.0,
    0.0,
    0.0,
    0.0,
    0.0,
    0.0,
    0.0,
    0.0,
    0.2113771546567485,
    0.2113771546567485,
    0.0,
    0.0,
    0.0,
    0.0,
    0.0,
    0.1972853443462987,
    0.0,
    0.0,
    0.0,
    0.0,
    0.0,
    0.0,
    0.0,
    0.0,
    0.0,
    0.2113771546567485,
    0.2113771546567485,
    0.2113771546567485,
    0.2113771546567485,
    0.25162916388814854,
    0.2113771546567485,
    0.2113771546567485,
    0.2113771546567485,
    0.1972853443462987
  ],
  "estimated_posterior_probability": 52.73482131958008,
  "input": "./smaller_in/Guten_index1670.txt",
  "prevalence_assumed": 0.5,
  "process_length": 80000,
  "gutenberg": {
    "id": 1670,
    "title": "Luther's Little Instruction Book: The Small Catechism of Martin Luther",
    "authors": [
      {
        "name": "Luther, Martin",
        "birth_year": 1483,
        "death_year": 1546
      }
    ],
    "summaries": [
      "\"Luther's Little Instruction Book: The Small Catechism of Martin Luther\" by Martin Luther is a catechism published in 1529 for teaching children. This concise guide breaks down Christianity's essential teachings into accessible lessons covering the Ten Commandments, Apostles' Creed, Lord's Prayer, and sacraments. Luther created it to address widespread religious ignorance among ordinary Christians and even pastors. Despite being only twenty pages long, this foundational text remains central to Lutheran education and confirmation today. (This is an automatically generated summary.)"
    ],
    "editors": [],
    "translators": [
      {
        "name": "Smith, Robert E.",
        "birth_year": null,
        "death_year": null
      }
    ],
    "subjects": [
      "Lutheran Church -- Catechisms -- English"
    ],
    "bookshelves": [
      "Category: History - Early Modern (c. 1450-1750)",
      "Category: Religion/Spirituality",
      "Category: Teaching & Education",
      "Christianity"
    ],
    "languages": [
      "en"
    ],
    "copyright": false,
    "media_type": "Text",
    "formats": {
      "text/html": "https://www.gutenberg.org/ebooks/1670.html.images",
      "application/epub+zip": "https://www.gutenberg.org/ebooks/1670.epub3.images",
      "application/x-mobipocket-ebook": "https://www.gutenberg.org/ebooks/1670.kf8.images",
      "text/plain; charset=us-ascii": "https://www.gutenberg.org/ebooks/1670.txt.utf-8",
      "application/rdf+xml": "https://www.gutenberg.org/ebooks/1670.rdf",
      "image/jpeg": "https://www.gutenberg.org/cache/epub/1670/pg1670.cover.medium.jpg",
      "application/octet-stream": "https://www.gutenberg.org/cache/epub/1670/pg1670-h.zip"
    },
    "download_count": 375
  }
}