{
  "average_entropy_rate": 0.222928265695302,
  "entropy_rate": [
    0.8651104150992588,
    0.0,
    0.0,
    0.7657582231028089,
    0.0,
    0.0,
    0.7580546138589356,
    0.0,
    0.0,
    0.0,
    0.7535010154640363,
    0.0,
    0.0,
    0.0,
    0.5206568706338321,
    0.0,
    0.0,
    0.0,
    0.0,
    0.0,
    0.0,
    0.0,
    0.0,
    0.8452564899211348,
    0.0,
    0.0,
    0.0,
    0.0,
    0.0,
    0.0,
    0.0,
    0.0,
    0.8971294059429726,
    0.7772925835907815,
    0.0,
    0.0,
    0.76612106339671,
    0.7559348634870572,
    0.6687359660471767,
    0.7665073829626781,
    0.0
  ],
  "estimated_posterior_probability": 57.26324462890625,
  "input": "./smaller_in/Guten_index1785.txt",
  "prevalence_assumed": 0.5,
  "process_length": 80000,
  "gutenberg": {
    "id": 1785,
    "title": "Julius Caesar",
    "authors": [
      {
        "name": "Shakespeare, William",
        "birth_year": 1564,
        "death_year": 1616
      }
    ],
    "summaries": [
      "\"Julius Caesar\" by William Shakespeare is a historical tragedy written and first performed in 1599. The play dramatizes the conspiracy to assassinate the Roman dictator Julius Caesar and the civil war that follows. While named after Caesar, the work centers on Brutus, whose struggle between personal loyalty and public duty drives the narrative. Senators plot Caesar's death to prevent tyranny, but their actions unleash chaos through powerful rhetoric and mob violence. The play explores political morality, the art of persuasion, and the fragility of republican governance when ambition and power collide. (This is an automatically generated summary.)"
    ],
    "editors": [],
    "translators": [],
    "subjects": [
      "Assassins -- Drama",
      "Brutus, Marcus Junius, 85 B.C.?-42 B.C. -- Drama",
      "Caesar, Julius -- Assassination -- Drama",
      "Conspiracies -- Drama",
      "Rome -- History -- Civil War, 43-31 B.C. -- Drama",
      "Tragedies (Drama)"
    ],
    "bookshelves": [
      "Category: Classics of Literature",
      "Category: Plays/Films/Dramas"
    ],
    "languages": [
      "en"
    ],
    "copyright": false,
    "media_type": "Text",
    "formats": {
      "text/html": "https://www.gutenberg.org/ebooks/1785.html.images",
      "application/epub+zip": "https://www.gutenberg.org/ebooks/1785.epub3.images",
      "application/x-mobipocket-ebook": "https://www.gutenberg.org/ebooks/1785.kf8.images",
      "text/plain; charset=us-ascii": "https://www.gutenberg.org/ebooks/1785.txt.utf-8",
      "application/rdf+xml": "https://www.gutenberg.org/ebooks/1785.rdf",
      "image/jpeg": "https://www.gutenberg.org/cache/epub/1785/pg1785.cover.medium.jpg",
      "application/octet-stream": "https://www.gutenberg.org/cache/epub/1785/pg1785-h.zip"
    },
    "download_count": 448
  }
}