{
  "average_entropy_rate": 0.2747678348803617,
  "entropy_rate": [
    0.0,
    0.0,
    0.0,
    0.0,
    0.0,
    0.0,
    1.0590391147388478,
    1.0590391147388478,
    1.0590391147388478,
    1.0590391147388478,
    0.0,
    0.0,
    0.0,
    0.6918863269006033,
    0.0,
    0.0,
    0.0,
    0.0,
    0.0,
    0.0,
    0.0,
    0.0,
    0.0,
    1.105301654466661,
    0.0,
    0.0,
    0.0,
    0.0,
    0.0,
    0.0,
    0.0,
    0.0,
    1.0590391147388478,
    1.0590391147388478,
    1.0590391147388478,
    0.0,
    0.9281401946227599,
    0.0,
    0.0,
    0.0,
    1.1268792509328707
  ],
  "estimated_posterior_probability": 59.41126251220703,
  "input": "./smaller_in/Guten_index2328.txt",
  "prevalence_assumed": 0.5,
  "process_length": 80000,
  "gutenberg": {
    "id": 2328,
    "title": "The Lake Gun",
    "authors": [
      {
        "name": "Cooper, James Fenimore",
        "birth_year": 1789,
        "death_year": 1851
      }
    ],
    "summaries": [
      "\"The Lake Gun\" by James Fenimore Cooper is a satirical short story published in 1850. Set on Seneca Lake in Central New York, the story follows a traveler investigating mysterious explosions echoing across the water and a floating tree trunk known as the \"Wandering Jew.\" A college-educated Iroquois shares a legend about See-wise, a demagogue who defied the Great Spirit and suffered eternal punishment. Cooper uses this Native American tale to satirize political demagoguery, warning against leaders who abandon tradition and manipulate their followers for personal gain. (This is an automatically generated summary.)"
    ],
    "editors": [],
    "translators": [],
    "subjects": [
      "Curiosities and wonders -- Fiction",
      "Seneca Lake (N.Y.) -- Fiction"
    ],
    "bookshelves": [
      "Category: American Literature",
      "Category: Mythology, Legends & Folklore",
      "Category: Short Stories"
    ],
    "languages": [
      "en"
    ],
    "copyright": false,
    "media_type": "Text",
    "formats": {
      "text/html": "https://www.gutenberg.org/ebooks/2328.html.images",
      "text/html; charset=iso-8859-1": "https://www.gutenberg.org/files/2328/2328-h/2328-h.htm",
      "application/epub+zip": "https://www.gutenberg.org/ebooks/2328.epub3.images",
      "application/x-mobipocket-ebook": "https://www.gutenberg.org/ebooks/2328.kf8.images",
      "text/plain; charset=us-ascii": "https://www.gutenberg.org/ebooks/2328.txt.utf-8",
      "application/rdf+xml": "https://www.gutenberg.org/ebooks/2328.rdf",
      "image/jpeg": "https://www.gutenberg.org/cache/epub/2328/pg2328.cover.medium.jpg",
      "application/octet-stream": "https://www.gutenberg.org/cache/epub/2328/pg2328-h.zip"
    },
    "download_count": 341
  }
}