{
  "average_entropy_rate": 0.35194306516654567,
  "entropy_rate": [
    0.0,
    0.0,
    0.0,
    0.0,
    0.0,
    0.0,
    0.0,
    0.0,
    0.0,
    0.0,
    0.0,
    0.0,
    0.0,
    0.5559679740836818,
    0.9973433952567237,
    0.0,
    0.0,
    0.0,
    0.8728839483815265,
    0.8402363090924706,
    0.0,
    0.0,
    0.7869284423112304,
    0.0,
    0.8502881636224988,
    0.8774693818275785,
    0.0,
    0.0,
    1.0007074455971456,
    0.0,
    0.0,
    0.7682268941957073,
    0.735648908232336,
    0.4457577671046562,
    0.5294420905057127,
    0.8415884899000813,
    0.8250803965271717,
    0.8658969129732917,
    1.0091699267464604,
    0.8537632568457708,
    0.7732659686243307
  ],
  "estimated_posterior_probability": 63.04850769042969,
  "input": "./smaller_in/Guten_index4118.txt",
  "prevalence_assumed": 0.5,
  "process_length": 80000,
  "gutenberg": {
    "id": 4118,
    "title": "Diary of Samuel Pepys — Volume 02: January 1659-1660",
    "authors": [
      {
        "name": "Pepys, Samuel",
        "birth_year": 1633,
        "death_year": 1703
      }
    ],
    "summaries": [
      "\"Diary of Samuel Pepys — Volume 02: January 1659-1660\" by Samuel Pepys is an unabridged historical account, transcribed from Pepys's shorthand manuscript during the 17th century, a period marked by significant political upheaval in England. This captivating diary chronicles Pepys's personal life, professional responsibilities, and the socio-political events of his time, providing readers with insights into the Restoration era, daily life, and the intricacies of government affairs.  In this volume, Pepys continues to document his experiences and observations from January 1659 to January 1660, revealing a vibrant tapestry of both mundane and monumental occurrences. The entries detail his interactions with notable figures, such as General Monk, who played a crucial role in restoring the monarchy, and his reflections on the fluctuating political landscape after the Civil War. Pepys also shares snippets of his domestic life, including the challenges of finances, personal health, and social engagements with friends and family. His narrative style captures the intricacies of court life, the evolving political sentiments in London, and his inner thoughts with an engaging blend of humor and introspection, making this diary both a personal memoir and a valuable historical document. (This is an automatically generated summary.)"
    ],
    "editors": [
      {
        "name": "Wheatley, Henry B. (Henry Benjamin)",
        "birth_year": 1838,
        "death_year": 1917
      },
      {
        "name": "Braybrooke, Richard Griffin, Baron",
        "birth_year": 1783,
        "death_year": 1858
      }
    ],
    "translators": [
      {
        "name": "Bright, Mynors",
        "birth_year": 1818,
        "death_year": 1883
      }
    ],
    "subjects": [
      "Cabinet officers -- Great Britain -- Diaries",
      "Diarists -- Great Britain -- Diaries",
      "Great Britain -- History -- Charles II, 1660-1685 -- Sources",
      "Great Britain -- Social life and customs -- 17th century -- Sources",
      "Pepys, Samuel, 1633-1703 -- Diaries"
    ],
    "bookshelves": [
      "Category: Biographies",
      "Category: History - British",
      "Category: History - Early Modern (c. 1450-1750)"
    ],
    "languages": [
      "en"
    ],
    "copyright": false,
    "media_type": "Text",
    "formats": {
      "text/html": "https://www.gutenberg.org/ebooks/4118.html.images",
      "application/epub+zip": "https://www.gutenberg.org/ebooks/4118.epub3.images",
      "application/x-mobipocket-ebook": "https://www.gutenberg.org/ebooks/4118.kf8.images",
      "text/plain; charset=us-ascii": "https://www.gutenberg.org/ebooks/4118.txt.utf-8",
      "application/rdf+xml": "https://www.gutenberg.org/ebooks/4118.rdf",
      "image/jpeg": "https://www.gutenberg.org/cache/epub/4118/pg4118.cover.medium.jpg",
      "application/octet-stream": "https://www.gutenberg.org/files/4118/4118.zip"
    },
    "download_count": 369
  }
}