{
  "average_entropy_rate": 0.3431918719091596,
  "entropy_rate": [
    0.6758220511212228,
    0.6758220511212228,
    0.6758220511212228,
    0.6758220511212228,
    0.9986790098872734,
    0.9986790098872734,
    0.6299346888833347,
    0.9986790098872734,
    0.0,
    0.0,
    0.0,
    0.0,
    0.0,
    0.7703397464718323,
    0.6758220511212228,
    0.9986790098872734,
    0.0,
    0.0,
    0.0,
    0.0,
    0.0,
    0.0,
    0.0,
    0.0,
    0.0,
    0.0,
    0.0,
    0.0,
    0.0,
    0.0,
    0.0,
    0.0,
    0.0,
    0.0,
    0.8043253235220601,
    0.6758220511212228,
    0.6758220511212228,
    0.6758220511212228,
    0.7176471139177223,
    0.8043253235220601,
    0.9430021034396566
  ],
  "estimated_posterior_probability": 62.6065673828125,
  "input": "./smaller_in/Guten_index4753.txt",
  "prevalence_assumed": 0.5,
  "process_length": 80000,
  "gutenberg": {
    "id": 4753,
    "title": "The Forfeiture",
    "authors": [
      {
        "name": "Dufresny, Charles Rivière",
        "birth_year": 1657,
        "death_year": 1724
      }
    ],
    "summaries": [
      "\"The Forfeiture\" by Charles Rivière Dufresny is a comedic play written in the early 18th century, reflecting the theatrical style of the French Enlightenment period. The narrative revolves around themes of love, family obligations, and the often absurd social conventions regarding marriage and inheritance. Set against the backdrop of a young couple's struggles, the play humorously explores the complex dynamics between relatives and the societal pressures that influence personal relationships.  The story primarily follows Valere and Isabelle, who are in love but face opposition from Isabelle's two aunts, Belise and Araminte. The aunts have sworn never to marry, which jeopardizes Valere's hope for restitution from them, as their marriage would lead to an inheritance for him. Valere's clever valet, Frontin, devises a plan to manipulate the aunts by pretending to be suitors, using different identities to charm them and ultimately secure both their fortunes and his master's romance. As various misunderstandings and deceptions unfold, the play culminates in a comedic resolution where the aunts are confronted with their own hypocrisy regarding love and marriage, paving the way for Valere and Isabelle's future together. (This is an automatically generated summary.)"
    ],
    "editors": [],
    "translators": [
      {
        "name": "Morlock, Frank J.",
        "birth_year": null,
        "death_year": null
      }
    ],
    "subjects": [
      "French drama -- 18th century -- Translations into English"
    ],
    "bookshelves": [
      "Category: French Literature",
      "Category: Humour",
      "Category: Plays/Films/Dramas"
    ],
    "languages": [
      "en"
    ],
    "copyright": true,
    "media_type": "Text",
    "formats": {
      "text/html": "https://www.gutenberg.org/ebooks/4753.html.images",
      "application/epub+zip": "https://www.gutenberg.org/ebooks/4753.epub3.images",
      "application/x-mobipocket-ebook": "https://www.gutenberg.org/ebooks/4753.kf8.images",
      "text/plain; charset=us-ascii": "https://www.gutenberg.org/ebooks/4753.txt.utf-8",
      "application/rdf+xml": "https://www.gutenberg.org/ebooks/4753.rdf",
      "image/jpeg": "https://www.gutenberg.org/cache/epub/4753/pg4753.cover.medium.jpg",
      "application/octet-stream": "https://www.gutenberg.org/files/4753/4753.zip"
    },
    "download_count": 203
  }
}