{
  "average_entropy_rate": 0.36533807397062934,
  "entropy_rate": [
    0.8473044899123202,
    0.9675763363336186,
    0.0,
    0.0,
    0.0,
    0.7759228776632666,
    0.6690243283566544,
    0.0,
    0.0,
    0.0,
    1.0145255959089077,
    0.0,
    0.0,
    0.7378785994112079,
    0.0,
    0.0,
    0.7842120830449498,
    0.0,
    0.0,
    0.8033385400279142,
    0.0,
    0.741828851417514,
    0.9873574842551132,
    0.0,
    0.0,
    0.0,
    0.0,
    0.0,
    0.0,
    0.8681693060907443,
    0.0,
    0.0,
    0.0,
    0.0,
    0.8890948361916527,
    0.8052831024940998,
    0.9843915821596654,
    0.7811314174762898,
    0.7404372123179491,
    0.7434733548600977,
    0.837911034873837
  ],
  "estimated_posterior_probability": 63.741058349609375,
  "input": "./smaller_in/Guten_index1471.txt",
  "prevalence_assumed": 0.5,
  "process_length": 80000,
  "gutenberg": {
    "id": 1471,
    "title": "New Poems",
    "authors": [
      {
        "name": "Thompson, Francis",
        "birth_year": 1859,
        "death_year": 1907
      }
    ],
    "summaries": [
      "\"New Poems\" by Francis Thompson is a collection of poetic works written in the early 20th century. The poems explore themes of love, spirituality, and nature, reflecting Thompson's rich imagination and deep emotional resonance. The opening section introduces the reader to a variety of lyrical forms, showcasing his ability to convey complex feelings and abstract ideas through vivid imagery and intricate language.  The beginning of \"New Poems\" features a dedication to Coventry Patmore, a fellow poet, indicating the personal significance of the work. The collection opens with \"The Mistress of Vision,\" a poem that paints a dreamlike picture of a mysterious garden and a woman whose singing captivates the speaker, intertwining notions of love and longing. This ethereal atmosphere is expanded upon as the poem explores deeper truths and the interplay of light and shadow, setting the tone for the rest of the anthology. Each subsequent poem delves into contemplative reflections on existence, showcasing Thompson's unique voice and mastery of poetic form. (This is an automatically generated summary.)"
    ],
    "editors": [],
    "translators": [],
    "subjects": [
      "English poetry"
    ],
    "bookshelves": [
      "Category: Poetry"
    ],
    "languages": [
      "en"
    ],
    "copyright": false,
    "media_type": "Text",
    "formats": {
      "text/html": "https://www.gutenberg.org/ebooks/1471.html.images",
      "text/html; charset=us-ascii": "https://www.gutenberg.org/files/1471/1471-h/1471-h.htm",
      "application/epub+zip": "https://www.gutenberg.org/ebooks/1471.epub3.images",
      "application/x-mobipocket-ebook": "https://www.gutenberg.org/ebooks/1471.kf8.images",
      "text/plain; charset=us-ascii": "https://www.gutenberg.org/ebooks/1471.txt.utf-8",
      "text/plain; charset=utf-8": "https://www.gutenberg.org/files/1471/1471-0.txt",
      "application/rdf+xml": "https://www.gutenberg.org/ebooks/1471.rdf",
      "image/jpeg": "https://www.gutenberg.org/cache/epub/1471/pg1471.cover.medium.jpg",
      "application/octet-stream": "https://www.gutenberg.org/cache/epub/1471/pg1471-h.zip"
    },
    "download_count": 605
  }
}