{
  "average_entropy_rate": 0.19906366558943575,
  "entropy_rate": [
    0.0,
    0.0,
    0.0,
    0.0,
    0.0,
    0.0,
    0.0,
    0.0,
    0.0,
    0.43292828294920155,
    0.0,
    0.5778716321481276,
    0.8930744112161285,
    0.0,
    0.0,
    0.6640432132464879,
    0.0,
    0.0,
    0.9009383960830862,
    0.0,
    0.0,
    0.0,
    0.0,
    0.0,
    0.0,
    0.0,
    0.0,
    0.0,
    0.0,
    0.558795687253736,
    0.0,
    0.0,
    0.4083445260401375,
    0.8915222042889115,
    0.8757070766942611,
    0.8114367739590475,
    0.6611857523236763,
    0.0,
    0.0,
    0.0,
    0.48576233296406474
  ],
  "estimated_posterior_probability": 56.34587860107422,
  "input": "./smaller_in/Guten_index4601.txt",
  "prevalence_assumed": 0.5,
  "process_length": 80000,
  "gutenberg": {
    "id": 4601,
    "title": "Papa Hamlet",
    "authors": [
      {
        "name": "Holmsen, Bjarne P. (Bjarne Peter)",
        "birth_year": null,
        "death_year": null
      }
    ],
    "summaries": [
      "\"Papa Hamlet\" by Bjarne P. Holmsen is a three-part story collection published in 1889. The title novella follows Niels Thienwiebel, a destitute, unemployed actor who clings to memories of his greatest role as Hamlet. Living in squalor with his wife Amalie and infant son Fortinbras, Niels obsessively quotes Shakespeare while refusing менее prestigious work. As poverty deepens and delusions intensify, the family spirals into neglect and despair. This pioneering work of German literary naturalism employs the \"Sekundenstil\" technique, where narrative time matches real time. (This is an automatically generated summary.)"
    ],
    "editors": [],
    "translators": [],
    "subjects": [
      "Europe -- Social life and customs -- 19th century -- Fiction"
    ],
    "bookshelves": [
      "Category: Novels",
      "Category: Plays/Films/Dramas",
      "DE Prosa"
    ],
    "languages": [
      "de"
    ],
    "copyright": false,
    "media_type": "Text",
    "formats": {
      "text/html": "https://www.gutenberg.org/ebooks/4601.html.images",
      "application/epub+zip": "https://www.gutenberg.org/ebooks/4601.epub3.images",
      "application/x-mobipocket-ebook": "https://www.gutenberg.org/ebooks/4601.kf8.images",
      "text/plain; charset=us-ascii": "https://www.gutenberg.org/ebooks/4601.txt.utf-8",
      "application/rdf+xml": "https://www.gutenberg.org/ebooks/4601.rdf",
      "image/jpeg": "https://www.gutenberg.org/cache/epub/4601/pg4601.cover.medium.jpg",
      "application/octet-stream": "https://www.gutenberg.org/cache/epub/4601/pg4601-h.zip"
    },
    "download_count": 226
  }
}