{
  "average_entropy_rate": 0.27260208651614243,
  "entropy_rate": [
    0.0,
    1.0112898984185306,
    0.0,
    0.0,
    0.9568386490148595,
    0.0,
    0.0,
    0.0,
    0.0,
    0.44807388154601474,
    0.0,
    0.0,
    0.0,
    0.7506902715685906,
    0.0,
    0.0,
    0.956110552360773,
    0.0,
    0.0,
    0.0,
    0.0,
    0.880664781152301,
    0.0,
    0.0,
    0.0,
    0.0,
    0.0,
    0.0,
    0.0,
    0.7797538688990905,
    0.0,
    0.0,
    0.41381682945431153,
    0.0,
    0.6289372191527197,
    0.9873008763572908,
    0.7492955092789402,
    0.8273827430422126,
    0.9185910439900898,
    0.8679394229261129,
    0.0
  ],
  "estimated_posterior_probability": 59.318756103515625,
  "input": "./smaller_in/Guten_index2187.txt",
  "prevalence_assumed": 0.5,
  "process_length": 80000,
  "gutenberg": {
    "id": 2187,
    "title": "Oberon",
    "authors": [
      {
        "name": "Wieland, Christoph Martin",
        "birth_year": 1733,
        "death_year": 1813
      }
    ],
    "summaries": [
      "\"Oberon\" by Christoph Martin Wieland is an epic poem published in 1780. Based on the French medieval tale \"Huon de Bordeaux\" and influenced by Shakespeare, it tells of a duke condemned to undertake an impossible mission in Babylon. With help from the fairy king Oberon and his magic horn, Huon must complete his quest while navigating supernatural trials. At the heart of the story lies a quarrel between Oberon and Queen Titania, resolved only when human lovers prove absolutely faithful. (This is an automatically generated summary.)"
    ],
    "editors": [],
    "translators": [],
    "subjects": [
      "German poetry -- 18th century"
    ],
    "bookshelves": [
      "Category: Adventure",
      "Category: German Literature",
      "Category: Poetry",
      "Category: Science-Fiction & Fantasy",
      "DE Lyrik",
      "Opera"
    ],
    "languages": [
      "de"
    ],
    "copyright": false,
    "media_type": "Text",
    "formats": {
      "text/html": "https://www.gutenberg.org/ebooks/2187.html.images",
      "application/epub+zip": "https://www.gutenberg.org/ebooks/2187.epub3.images",
      "application/x-mobipocket-ebook": "https://www.gutenberg.org/ebooks/2187.kf8.images",
      "text/plain; charset=us-ascii": "https://www.gutenberg.org/ebooks/2187.txt.utf-8",
      "application/rdf+xml": "https://www.gutenberg.org/ebooks/2187.rdf",
      "image/jpeg": "https://www.gutenberg.org/cache/epub/2187/pg2187.cover.medium.jpg",
      "application/octet-stream": "https://www.gutenberg.org/cache/epub/2187/pg2187-h.zip"
    },
    "download_count": 233
  }
}