{
  "average_entropy_rate": 0.37514999382261144,
  "entropy_rate": [
    0.7695469883092275,
    0.0,
    0.0,
    0.0,
    0.0,
    0.0,
    1.0035254167476717,
    0.0,
    0.0,
    0.0,
    0.0,
    0.739572754638712,
    1.0934109381947406,
    0.0,
    0.0,
    0.0,
    0.0,
    0.0,
    0.0,
    0.9945726792065064,
    0.0,
    0.0,
    0.0,
    0.0,
    0.766483761649735,
    0.0,
    0.7647589790048258,
    0.0,
    0.7662249138532606,
    0.0,
    0.0,
    0.7662148357365324,
    0.7643239145015532,
    0.7674049162976293,
    1.0895216305386766,
    0.905809218681756,
    1.1153221403398719,
    0.7662388907040469,
    0.7678260039501159,
    0.7709911422145838,
    0.7694006221576202
  ],
  "estimated_posterior_probability": 64.26155853271484,
  "input": "./smaller_in/Guten_index3250.txt",
  "prevalence_assumed": 0.5,
  "process_length": 80000,
  "gutenberg": {
    "id": 3250,
    "title": "How to Tell a Story, and Other Essays",
    "authors": [
      {
        "name": "Twain, Mark",
        "birth_year": 1835,
        "death_year": 1910
      }
    ],
    "summaries": [
      "\"How to Tell a Story, and Other Essays\" by Mark Twain is a collection of essays and humorous tales written in the late 19th century. This book primarily explores the intricacies of storytelling, particularly focusing on the American humorous story and its unique characteristics compared to comic and witty storytelling from other cultures. It reflects Twain's observations and insights gained from years of experience with storytelling, providing readers with a blend of humor and valuable narrative techniques.  The essays within this collection delve into various storytelling styles and techniques, highlighted by Twain's signature wit. The main essay, \"How to Tell a Story,\" discusses the art of telling humorous stories, emphasizing the importance of the teller's delivery rather than the content itself. It contrasts humorous storytelling with comic and witty tales, illustrating his points with anecdotes, such as \"The Wounded Soldier\" and \"The Golden Arm,\" which showcase the effectiveness of a slow, engaging buildup leading to a punchline. Other pieces in the collection, like \"The Invalid's Story,\" further exemplify Twain's mastery of humor through irony and situational comedy, depicting the plight of a narrator who mistakes a box of rifles for a coffin and how his imagination spirals into an absurd series of events. Overall, the collection serves as both an exploration of storytelling and a delightful showcase of Twain's literary prowess, charming readers with its humor and insight into the human experience. (This is an automatically generated summary.)"
    ],
    "editors": [],
    "translators": [],
    "subjects": [
      "Essays",
      "Short stories",
      "Storytelling"
    ],
    "bookshelves": [
      "Category: American Literature",
      "Category: Essays, Letters & Speeches",
      "Category: Humour"
    ],
    "languages": [
      "en"
    ],
    "copyright": false,
    "media_type": "Text",
    "formats": {
      "text/html": "https://www.gutenberg.org/ebooks/3250.html.images",
      "application/epub+zip": "https://www.gutenberg.org/ebooks/3250.epub3.images",
      "application/x-mobipocket-ebook": "https://www.gutenberg.org/ebooks/3250.kf8.images",
      "text/plain; charset=us-ascii": "https://www.gutenberg.org/ebooks/3250.txt.utf-8",
      "application/rdf+xml": "https://www.gutenberg.org/ebooks/3250.rdf",
      "image/jpeg": "https://www.gutenberg.org/cache/epub/3250/pg3250.cover.medium.jpg",
      "application/octet-stream": "https://www.gutenberg.org/files/3250/3250-0.zip"
    },
    "download_count": 1049
  }
}