{
  "average_entropy_rate": 0.2679183717788495,
  "entropy_rate": [
    0.0,
    0.0,
    0.0,
    0.0,
    0.0,
    0.0,
    0.7365364876783096,
    0.0,
    0.0,
    0.0,
    0.5713729759653561,
    0.0,
    0.7772139741775921,
    0.0,
    0.557728638157648,
    0.0,
    0.0,
    0.0,
    0.0,
    0.7970728960056369,
    0.8174066628015887,
    0.0,
    0.0,
    0.0,
    0.0,
    0.0,
    0.0,
    0.7188638065004315,
    0.0,
    0.0,
    0.5613000339655636,
    0.0,
    0.709858476284927,
    0.0,
    0.5606792671369893,
    0.565636374030233,
    0.6910835860045584,
    0.7977051698442712,
    0.8116234807636434,
    0.7108412669652603,
    0.5997301466508206
  ],
  "estimated_posterior_probability": 59.11529541015625,
  "input": "./smaller_in/Guten_index3401.txt",
  "prevalence_assumed": 0.5,
  "process_length": 80000,
  "gutenberg": {
    "id": 3401,
    "title": "The Elevator",
    "authors": [
      {
        "name": "Howells, William Dean",
        "birth_year": 1837,
        "death_year": 1920
      }
    ],
    "summaries": [
      "\"The Elevator\" by William Dean Howells is a farce that showcases the dynamics of social interactions during a Christmas dinner in an apartment hotel setting, written in the early 20th century. The play unfolds against the backdrop of a delayed familial gathering, with the main characters anxiously awaiting the arrival of Mrs. Roberts’s Aunt Mary, only to find themselves embroiled in a series of humorous misadventures revolving around the hotel’s elevator. The situations provoke themes of social norms, relationships, and the discomforts of urban living, highlighting a blend of comedy and the mild absurdities of life.  In this light-hearted play, the story is propelled by the anxiety of Mrs. Roberts and her husband, Mr. Roberts, as they prepare for a Christmas dinner that becomes a comedic event due to a series of delays. As guests, including Dr. Lawton, Mrs. Miller, and a host of others arrive, it quickly becomes apparent that several key attendees, including Aunt Mary, are stuck in the very elevator meant to transport them. The various characters display a mix of impatience, humor, and absurdity as they navigate their unconventional predicament, including attempts to communicate and devise a plan for rescue. Ultimately, the play culminates in the successful and humorous release of the trapped guests, reinforcing notions of human connection amidst chaos while blending witty dialogue with comical scenarios that reflect the social mores of the time. (This is an automatically generated summary.)"
    ],
    "editors": [],
    "translators": [],
    "subjects": [
      "American drama -- 19th century",
      "Comedy plays"
    ],
    "bookshelves": [
      "Category: American Literature",
      "Category: Humour",
      "Category: Plays/Films/Dramas"
    ],
    "languages": [
      "en"
    ],
    "copyright": false,
    "media_type": "Text",
    "formats": {
      "text/html": "https://www.gutenberg.org/ebooks/3401.html.images",
      "application/epub+zip": "https://www.gutenberg.org/ebooks/3401.epub3.images",
      "application/x-mobipocket-ebook": "https://www.gutenberg.org/ebooks/3401.kf8.images",
      "text/plain; charset=us-ascii": "https://www.gutenberg.org/ebooks/3401.txt.utf-8",
      "application/rdf+xml": "https://www.gutenberg.org/ebooks/3401.rdf",
      "image/jpeg": "https://www.gutenberg.org/cache/epub/3401/pg3401.cover.medium.jpg",
      "application/octet-stream": "https://www.gutenberg.org/files/3401/3401-0.zip"
    },
    "download_count": 259
  }
}