{
  "average_entropy_rate": 0.31870279555593317,
  "entropy_rate": [
    0.8228925292372239,
    0.8859338359036234,
    0.0,
    0.0,
    0.7253750528808337,
    0.0,
    0.0,
    0.0,
    0.0,
    0.0,
    0.6204965076681644,
    0.0,
    0.6476181635875903,
    0.0,
    0.0,
    0.6148559113300132,
    0.0,
    0.0,
    0.0,
    0.6192704189903417,
    0.0,
    0.0,
    0.0,
    0.7566881841811989,
    0.0,
    0.0,
    0.613060953484703,
    0.943602650928757,
    0.0,
    0.0,
    0.0,
    0.0,
    0.0,
    0.9042602503749962,
    0.6719950374502802,
    0.6200183348908094,
    0.8232179983823918,
    0.6174610393696464,
    0.6188007898483221,
    0.6163301208299553,
    0.9449368384544086
  ],
  "estimated_posterior_probability": 61.41155242919922,
  "input": "./smaller_in/Guten_index3120.txt",
  "prevalence_assumed": 0.5,
  "process_length": 80000,
  "gutenberg": {
    "id": 3120,
    "title": "Modern Fiction",
    "authors": [
      {
        "name": "Warner, Charles Dudley",
        "birth_year": 1829,
        "death_year": 1900
      }
    ],
    "summaries": [
      "\"Modern Fiction\" by Charles Dudley Warner is a critical examination of contemporary literature, written during the late 19th century. This work falls within the realm of literary criticism and addresses the evolving characteristics and themes of modern novels, particularly focusing on the balance between realism and artistic idealization. Warner explores how fiction should elevate and transform reality rather than merely replicate it, emphasizing the necessity of artistic treatment in storytelling.  In this book, Warner argues against what he perceives as a detrimental trend in modern fiction, where authors strive for a photographic fidelity to nature at the expense of artistic merit. He critiques the realism that dominates literature of his time for its tendency to present unidealized and often sordid depictions of life, which he believes devalues the complexity and beauty of storytelling. Throughout the text, he draws on historical examples from authors like Cervantes and Scott to illustrate the need for balance between different social classes in literature while stressing the importance of elevating the narrative through idealization. Warner concludes that the essence of a successful novel lies in its ability to entertain while also offering a compassionate and idealized view of human experience, ultimately serving as a corrective to the darker realities of society. (This is an automatically generated summary.)"
    ],
    "editors": [],
    "translators": [],
    "subjects": [
      "Literature"
    ],
    "bookshelves": [
      "Category: Essays, Letters & Speeches"
    ],
    "languages": [
      "en"
    ],
    "copyright": false,
    "media_type": "Text",
    "formats": {
      "text/html": "https://www.gutenberg.org/ebooks/3120.html.images",
      "application/epub+zip": "https://www.gutenberg.org/ebooks/3120.epub3.images",
      "application/x-mobipocket-ebook": "https://www.gutenberg.org/ebooks/3120.kf8.images",
      "text/plain; charset=us-ascii": "https://www.gutenberg.org/ebooks/3120.txt.utf-8",
      "application/rdf+xml": "https://www.gutenberg.org/ebooks/3120.rdf",
      "image/jpeg": "https://www.gutenberg.org/cache/epub/3120/pg3120.cover.medium.jpg",
      "application/octet-stream": "https://www.gutenberg.org/files/3120/3120.zip"
    },
    "download_count": 281
  }
}