{
  "average_entropy_rate": 0.2652267723325418,
  "entropy_rate": [
    0.0,
    0.4862974756773268,
    0.0,
    0.0,
    0.7299648862492648,
    0.0,
    0.7990739517534332,
    0.0,
    0.0,
    0.0,
    0.7426166310094664,
    0.5264127062207826,
    0.0,
    0.0,
    0.0,
    0.0,
    0.0,
    0.0,
    0.0,
    0.0,
    0.0,
    0.0,
    0.0,
    0.0,
    0.7993083603408208,
    0.0,
    0.7962960776606722,
    0.573740071248215,
    0.5616471553460598,
    0.8109516891820903,
    0.7891015486095195,
    0.0,
    0.0,
    0.7853844218664044,
    0.0,
    0.529865668148645,
    0.7308461656766746,
    0.6196517944152744,
    0.0,
    0.0,
    0.5931390622295665
  ],
  "estimated_posterior_probability": 59.00127410888672,
  "input": "data/human/Gutenberg//Guten_index1754.txt",
  "prevalence_assumed": 0.5,
  "process_length": 80000,
  "gutenberg": {
    "id": 1754,
    "title": "The Sea-Gull",
    "authors": [
      {
        "name": "Chekhov, Anton Pavlovich",
        "birth_year": 1860,
        "death_year": 1904
      }
    ],
    "summaries": [
      "\"The Sea-Gull\" by Anton Pavlovich Chekhov is a play written in 1895. Four characters clash over art and love at a country estate: a fading actress, her aspiring playwright son, a famous writer, and a young woman who dreams of the stage. Romantic entanglements intertwine with artistic ambitions as characters speak in subtext rather than direct declarations. The opening night in 1896 was a notorious disaster, but a later production became a triumph that transformed Russian theatre forever. (This is an automatically generated summary.)"
    ],
    "editors": [],
    "translators": [],
    "subjects": [
      "Authors, Russian -- 19th century -- Drama",
      "Man-woman relationships -- Drama",
      "Russia -- Social life and customs -- Drama",
      "Russian drama -- Translations into English"
    ],
    "bookshelves": [
      "Category: Plays/Films/Dramas",
      "Category: Russian Literature"
    ],
    "languages": [
      "en"
    ],
    "copyright": false,
    "media_type": "Text",
    "formats": {
      "text/html": "https://www.gutenberg.org/ebooks/1754.html.images",
      "text/html; charset=us-ascii": "https://www.gutenberg.org/files/1754/1754-h/1754-h.htm",
      "application/epub+zip": "https://www.gutenberg.org/ebooks/1754.epub3.images",
      "application/x-mobipocket-ebook": "https://www.gutenberg.org/ebooks/1754.kf8.images",
      "text/plain; charset=us-ascii": "https://www.gutenberg.org/ebooks/1754.txt.utf-8",
      "text/plain; charset=utf-8": "https://www.gutenberg.org/files/1754/1754-0.txt",
      "application/rdf+xml": "https://www.gutenberg.org/ebooks/1754.rdf",
      "image/jpeg": "https://www.gutenberg.org/cache/epub/1754/pg1754.cover.medium.jpg",
      "application/octet-stream": "https://www.gutenberg.org/cache/epub/1754/pg1754-h.zip"
    },
    "download_count": 4807
  }
}