{
  "average_entropy_rate": 0.29114943291803785,
  "entropy_rate": [
    0.0,
    0.0,
    0.6854753045362945,
    0.0,
    1.0569968863781498,
    0.0,
    0.0,
    0.0,
    0.6708359139015627,
    0.0,
    0.0,
    0.7307158375930529,
    0.0,
    0.0,
    0.0,
    0.0,
    0.0,
    0.8510260087974205,
    0.6953345011058758,
    0.0,
    0.0,
    0.0,
    0.0,
    0.0,
    0.0,
    0.0,
    0.0,
    0.8411472614751188,
    0.6986852314463144,
    0.0,
    0.0,
    0.0,
    0.0,
    0.9945434734303013,
    0.0,
    1.0351103976919644,
    0.7082661506205786,
    0.8038722624279104,
    0.6997582931562132,
    0.76218798287689,
    0.7031712442019025
  ],
  "estimated_posterior_probability": 60.134727478027344,
  "input": "./smaller_in/Guten_index1469.txt",
  "prevalence_assumed": 0.5,
  "process_length": 80000,
  "gutenberg": {
    "id": 1469,
    "title": "Poems",
    "authors": [
      {
        "name": "Thompson, Francis",
        "birth_year": 1859,
        "death_year": 1907
      }
    ],
    "summaries": [
      "\"Poems by Francis Thompson\" is a collection of poetry written in the late 19th century, during the Victorian era. This anthology brings together various themes such as love, nature, mortality, and spirituality, reflecting the complex emotions and philosophical thought of the time. The poems traverse a landscape of longing, exploration of the divine, and poignant reflections on human experience.  The collection features signature works such as \"The Hound of Heaven,\" which expresses the poet's struggle with divine pursuit and human frailty. Other poems, like \"Daisy\" and \"To My Godchild,\" showcase the innocence and beauty of childhood, contrasted sharply with themes of loss and transience. Thompson's language is rich and evocative, often combining vivid imagery with deep emotional resonance. The verses encapsulate a yearning for connection—whether that be with a beloved, the divine, or the fleeting moments of life, creating a profound exploration of love and existence through the lens of the poet's unique experiences and insights. (This is an automatically generated summary.)"
    ],
    "editors": [],
    "translators": [],
    "subjects": [
      "English poetry"
    ],
    "bookshelves": [
      "Category: British Literature",
      "Category: Poetry"
    ],
    "languages": [
      "en"
    ],
    "copyright": false,
    "media_type": "Text",
    "formats": {
      "text/html": "https://www.gutenberg.org/ebooks/1469.html.images",
      "application/epub+zip": "https://www.gutenberg.org/ebooks/1469.epub3.images",
      "application/x-mobipocket-ebook": "https://www.gutenberg.org/ebooks/1469.kf8.images",
      "text/plain; charset=us-ascii": "https://www.gutenberg.org/ebooks/1469.txt.utf-8",
      "text/plain; charset=utf-8": "https://www.gutenberg.org/files/1469/1469-0.txt",
      "application/rdf+xml": "https://www.gutenberg.org/ebooks/1469.rdf",
      "image/jpeg": "https://www.gutenberg.org/cache/epub/1469/pg1469.cover.medium.jpg",
      "application/octet-stream": "https://www.gutenberg.org/cache/epub/1469/pg1469-h.zip"
    },
    "download_count": 508
  }
}