{
  "average_entropy_rate": 0.2324148727892805,
  "entropy_rate": [
    0.7868061646635751,
    0.0,
    0.7974117515062353,
    0.0,
    0.0,
    0.0,
    0.5602192592798451,
    0.0,
    0.0,
    0.0,
    0.0,
    0.0,
    0.0,
    0.0,
    0.0,
    0.0,
    0.0,
    0.0,
    0.0,
    0.9560446381724784,
    0.7719176937947908,
    0.0,
    0.0,
    0.7991786895039589,
    0.0,
    0.0,
    0.0,
    0.0,
    0.8697090266163905,
    0.8101962829602442,
    0.0,
    0.6436892551653121,
    0.0,
    0.778250128233526,
    0.9439592552245019,
    0.0,
    0.0,
    0.0,
    0.0,
    0.8116276392396419,
    0.0
  ],
  "estimated_posterior_probability": 57.64115524291992,
  "input": "data/human/Gutenberg//Guten_index2319.txt",
  "prevalence_assumed": 0.5,
  "process_length": 80000,
  "gutenberg": {
    "id": 2319,
    "title": "West-östlicher Divan",
    "authors": [
      {
        "name": "Goethe, Johann Wolfgang von",
        "birth_year": 1749,
        "death_year": 1832
      }
    ],
    "summaries": [
      "\"West-östlicher Divan\" by Johann Wolfgang von Goethe is a collection of lyrical poems written between 1814 and 1819. Inspired by the Persian poet Hafez, this work bridges Orient and Occident through twelve books of varied poetry—parables, historical allusions, and political verses. The collection explores cultural exchange between Germany and the Middle East, blending Latin and Persian traditions, Christian and Muslim cultures. Goethe's late masterpiece includes accompanying notes explaining historical figures and terms, making it his final great poetic cycle. (This is an automatically generated summary.)"
    ],
    "editors": [],
    "translators": [],
    "subjects": [
      "German poetry -- 19th century"
    ],
    "bookshelves": [
      "Category: German Literature",
      "Category: Poetry",
      "DE Lyrik"
    ],
    "languages": [
      "de"
    ],
    "copyright": false,
    "media_type": "Text",
    "formats": {
      "text/html": "https://www.gutenberg.org/ebooks/2319.html.images",
      "application/epub+zip": "https://www.gutenberg.org/ebooks/2319.epub3.images",
      "application/x-mobipocket-ebook": "https://www.gutenberg.org/ebooks/2319.kf8.images",
      "text/plain; charset=us-ascii": "https://www.gutenberg.org/ebooks/2319.txt.utf-8",
      "application/rdf+xml": "https://www.gutenberg.org/ebooks/2319.rdf",
      "image/jpeg": "https://www.gutenberg.org/cache/epub/2319/pg2319.cover.medium.jpg",
      "application/octet-stream": "https://www.gutenberg.org/cache/epub/2319/pg2319-h.zip"
    },
    "download_count": 527
  }
}