{
  "average_entropy_rate": 0.050928541539410434,
  "entropy_rate": [
    0.0,
    0.0,
    0.0,
    0.0,
    0.0,
    0.0,
    0.0,
    0.0,
    0.0,
    0.35849624850928413,
    0.0,
    0.0,
    0.0,
    0.0,
    0.0,
    0.75,
    0.0,
    0.0,
    0.0,
    0.0,
    0.0,
    0.0,
    0.0,
    0.0,
    0.0,
    0.0,
    0.0,
    0.0,
    0.0,
    0.0,
    0.0,
    0.0,
    0.2295739546065437,
    0.0,
    0.0,
    0.0,
    0.75,
    0.0,
    0.0,
    0.0,
    0.0
  ],
  "estimated_posterior_probability": 51.42967224121094,
  "input": "./smaller_in/Guten_index3455.txt",
  "prevalence_assumed": 0.5,
  "process_length": 80000,
  "gutenberg": {
    "id": 3455,
    "title": "Nederlandsche Sagen en Legenden",
    "authors": [
      {
        "name": "Cohen, Josef",
        "birth_year": 1886,
        "death_year": 1965
      }
    ],
    "summaries": [
      "\"Nederlandsche Sagen en Legenden\" by Josef Cohen is a collection of tales drawn from Dutch folklore, published in the early 20th century. The work aims to delve deep into the soul of Dutch folk traditions and storytelling, blending humor, sentiment, and a hint of the mysterious, while also acknowledging the cultural shifts that have challenged these narratives over time.  The opening of the book introduces a foreword by the author, reflecting on the importance of folklore and its embodiment of the human experience, heightened through storytelling, gestures, and tradition. The narrative then begins with the tale of \"Het Vrouwtje van Stavoren,\" depicting the proud and wealthy lady of Stavoren, who becomes consumed with greed. As she awaits the return of her ships filled with riches, she encounters a beggar in desperate need. Her refusal to help him leads to a dire curse that ultimately strips her of her wealth and forces her to face the consequences of her actions. The story serves as a poignant exploration of pride, empathy, and the consequences of one’s choices. (This is an automatically generated summary.)"
    ],
    "editors": [],
    "translators": [],
    "subjects": [
      "Legends -- Netherlands",
      "Tales -- Netherlands"
    ],
    "bookshelves": [
      "Category: Mythology, Legends & Folklore"
    ],
    "languages": [
      "nl"
    ],
    "copyright": false,
    "media_type": "Text",
    "formats": {
      "text/html": "https://www.gutenberg.org/ebooks/3455.html.images",
      "application/epub+zip": "https://www.gutenberg.org/ebooks/3455.epub3.images",
      "application/x-mobipocket-ebook": "https://www.gutenberg.org/ebooks/3455.kf8.images",
      "text/plain; charset=us-ascii": "https://www.gutenberg.org/ebooks/3455.txt.utf-8",
      "application/rdf+xml": "https://www.gutenberg.org/ebooks/3455.rdf",
      "image/jpeg": "https://www.gutenberg.org/cache/epub/3455/pg3455.cover.medium.jpg",
      "application/octet-stream": "https://www.gutenberg.org/files/3455/3455-8.zip"
    },
    "download_count": 783
  }
}