{
  "average_entropy_rate": 0.3522921732655822,
  "entropy_rate": [
    0.0,
    0.8667322664107229,
    0.0,
    0.0,
    0.0,
    0.7119619477545116,
    0.0,
    0.0,
    0.0,
    0.0,
    0.0,
    0.0,
    0.7273022640355021,
    0.0,
    0.6340823025127114,
    0.0,
    0.0,
    0.7539745275371067,
    0.0,
    0.9188634015583319,
    0.7159810565460487,
    0.0,
    0.0,
    0.0,
    0.0,
    0.8862849822889096,
    0.7576383453489136,
    0.0,
    0.0,
    0.0,
    0.0,
    0.6181932008174026,
    0.8850649355172939,
    0.6737376455749429,
    0.6665595651249638,
    0.7434487960057949,
    0.7514256735154089,
    0.8447915816508595,
    0.7495530782925104,
    0.8147647570532335,
    0.7236187763437032
  ],
  "estimated_posterior_probability": 63.064022064208984,
  "input": "./smaller_in/Guten_index3762.txt",
  "prevalence_assumed": 0.5,
  "process_length": 80000,
  "gutenberg": {
    "id": 3762,
    "title": "Coniston — Volume 01",
    "authors": [
      {
        "name": "Churchill, Winston",
        "birth_year": 1871,
        "death_year": 1947
      }
    ],
    "summaries": [
      "\"Coniston — Volume 01\" by Winston Churchill is a novel published in 1906. Set against the backdrop of New Hampshire politics, this best-selling work follows the story of Jethro Bass, a powerful political boss whose character was based on real-life politician Ruel Durkee. The novel sparked controversy upon publication, with former senators defending the reputation of its real-world inspiration. Churchill draws readers into a world where political ambition and personal relationships collide in small-town America, blending historical detail with compelling storytelling. (This is an automatically generated summary.)"
    ],
    "editors": [],
    "translators": [],
    "subjects": [
      "New England -- Fiction",
      "New England -- Politics and government -- Fiction"
    ],
    "bookshelves": [
      "Bestsellers, American, 1895-1923",
      "Category: American Literature",
      "Category: Novels"
    ],
    "languages": [
      "en"
    ],
    "copyright": false,
    "media_type": "Text",
    "formats": {
      "text/html": "https://www.gutenberg.org/ebooks/3762.html.images",
      "application/epub+zip": "https://www.gutenberg.org/ebooks/3762.epub3.images",
      "application/x-mobipocket-ebook": "https://www.gutenberg.org/ebooks/3762.kf8.images",
      "text/plain; charset=us-ascii": "https://www.gutenberg.org/ebooks/3762.txt.utf-8",
      "application/rdf+xml": "https://www.gutenberg.org/ebooks/3762.rdf",
      "image/jpeg": "https://www.gutenberg.org/cache/epub/3762/pg3762.cover.medium.jpg",
      "application/octet-stream": "https://www.gutenberg.org/files/3762/3762.zip"
    },
    "download_count": 215
  }
}