{
  "average_entropy_rate": 0.3103892210093866,
  "entropy_rate": [
    0.0,
    0.0,
    0.0,
    0.0,
    0.8399114469155986,
    0.544948543310536,
    0.0,
    0.8057026234638216,
    0.666578621172347,
    0.7292816552654721,
    0.0,
    0.0,
    0.0,
    0.0,
    0.0,
    0.7482959277698911,
    0.0,
    0.0,
    0.6751516756818379,
    0.0,
    0.0,
    0.0,
    0.0,
    0.6675497068924743,
    0.0,
    0.0,
    0.0,
    0.6804350254055156,
    0.0,
    0.0,
    0.0,
    0.0,
    0.7297986570655683,
    0.6950111146710255,
    0.7132473069288853,
    0.7277199692934286,
    0.8399114469155986,
    0.6484514646336272,
    0.7502550155405873,
    0.6645170264069611,
    0.5991908340516738
  ],
  "estimated_posterior_probability": 61.017024993896484,
  "input": "./smaller_in/Guten_index2131.txt",
  "prevalence_assumed": 0.5,
  "process_length": 80000,
  "gutenberg": {
    "id": 2131,
    "title": "An Account of Egypt",
    "authors": [
      {
        "name": "Herodotus",
        "birth_year": -484,
        "death_year": -430
      }
    ],
    "summaries": [
      "\"An Account of Egypt\" by Herodotus is a historical account likely written in the early part of the fifth century BC. It explores the history, culture, and geography of Egypt, presenting various customs, rituals, and significant events in the context of both Egyptian and Greek perspectives. The book delves into the interactions between Greeks and Egyptians, the marvels of Egyptian civilization, and the significance of the Nile River in shaping the landscape and lives of the Egyptians.  The beginning of \"An Account of Egypt\" sets the stage for an in-depth exploration of the region. It recounts how Cambyses, the son of Cyrus, marched against Egypt and introduces the narrative about Psammetichos, an early king who sought to determine the origins of humanity through an intriguing experiment with two children raised in isolation. Herodotus conveys information gathered from various priests during his travels, emphasizing the cultural complexities of Egypt. He highlights the division of the year and showcases the unique customs of the Egyptians, including their religious practices and notable legends surrounding animals like the crocodile and the sacred phoenix. This opening reveals Herodotus's approach as both an observer and a storyteller, hinting at the rich and multifaceted history that unfolds throughout the text. (This is an automatically generated summary.)"
    ],
    "editors": [],
    "translators": [
      {
        "name": "Macaulay, G. C. (George Campbell)",
        "birth_year": 1852,
        "death_year": 1915
      }
    ],
    "subjects": [
      "Egypt -- History -- To 332 B.C."
    ],
    "bookshelves": [
      "Category: Archaeology & Anthropology",
      "Category: History - Ancient",
      "Egypt"
    ],
    "languages": [
      "en"
    ],
    "copyright": false,
    "media_type": "Text",
    "formats": {
      "text/html": "https://www.gutenberg.org/ebooks/2131.html.images",
      "text/html; charset=us-ascii": "https://www.gutenberg.org/files/2131/2131-h/2131-h.htm",
      "application/epub+zip": "https://www.gutenberg.org/ebooks/2131.epub3.images",
      "application/x-mobipocket-ebook": "https://www.gutenberg.org/ebooks/2131.kf8.images",
      "text/plain; charset=us-ascii": "https://www.gutenberg.org/ebooks/2131.txt.utf-8",
      "application/rdf+xml": "https://www.gutenberg.org/ebooks/2131.rdf",
      "image/jpeg": "https://www.gutenberg.org/cache/epub/2131/pg2131.cover.medium.jpg",
      "application/octet-stream": "https://www.gutenberg.org/cache/epub/2131/pg2131-h.zip"
    },
    "download_count": 3960
  }
}