{
  "average_entropy_rate": 0.36388420388893444,
  "entropy_rate": [
    0.0,
    0.0,
    0.0,
    0.0,
    0.0,
    0.0,
    0.0,
    0.5875821678717514,
    0.0,
    0.0,
    0.0,
    0.0,
    0.8955981650774834,
    0.0,
    0.0,
    0.7762227728934431,
    0.7810821050640577,
    0.851705409788541,
    0.7500203098775371,
    0.0,
    0.0,
    0.0,
    0.0,
    0.0,
    0.753159250296556,
    0.0,
    0.0,
    0.0,
    0.7787159815515899,
    0.0,
    0.7971191763709347,
    0.7265990156910623,
    0.8609513045641717,
    0.8002029704244215,
    0.9354613896590326,
    0.7548512905573629,
    0.7615549882503108,
    0.7838471289897766,
    0.7807475533175794,
    0.844002842273975,
    0.6998285369267232
  ],
  "estimated_posterior_probability": 63.66532897949219,
  "input": "./smaller_in/Guten_index1001.txt",
  "prevalence_assumed": 0.5,
  "process_length": 80000,
  "gutenberg": {
    "id": 1001,
    "title": "Divine Comedy, Longfellow's Translation, Hell",
    "authors": [
      {
        "name": "Dante Alighieri",
        "birth_year": 1265,
        "death_year": 1321
      }
    ],
    "summaries": [
      "\"Divine Comedy, Longfellow's Translation, Hell\" by Dante Alighieri is an epic poem composed in the 14th century. This work is a complex allegorical narrative that explores the themes of sin, redemption, and the soul's quest for divine justice. The protagonist, Dante himself, embarks on a perilous journey through the realms of Hell, guided by the Roman poet Virgil.   At the start of the Inferno, Dante finds himself lost in a dark forest, symbolizing confusion and the recognition of his own sinfulness. As he attempts to ascend a mountain representing salvation, he is blocked by three wild beasts, each emblematic of different vices. In his despair, Dante encounters Virgil, who offers to guide him through Hell and eventually to Paradise, motivated by the intercession of Beatrice, Dante's beloved. The opening sets a tone of reflection and fear while establishing Dante's desire for enlightenment and redemption, making it a compelling beginning to his profound exploration of morality and the afterlife. (This is an automatically generated summary.)"
    ],
    "editors": [],
    "translators": [
      {
        "name": "Longfellow, Henry Wadsworth",
        "birth_year": 1807,
        "death_year": 1882
      }
    ],
    "subjects": [
      "Epic poetry, Italian -- Translations into English",
      "Hell -- Poetry",
      "Italian poetry -- To 1400 -- Translations into English"
    ],
    "bookshelves": [
      "Category: Classics of Literature",
      "Category: Poetry",
      "Italy"
    ],
    "languages": [
      "en"
    ],
    "copyright": false,
    "media_type": "Text",
    "formats": {
      "text/html": "https://www.gutenberg.org/ebooks/1001.html.images",
      "text/html; charset=iso-8859-1": "https://www.gutenberg.org/files/1001/1001-h/1001-h.htm",
      "application/epub+zip": "https://www.gutenberg.org/ebooks/1001.epub3.images",
      "application/x-mobipocket-ebook": "https://www.gutenberg.org/ebooks/1001.kf8.images",
      "text/plain; charset=us-ascii": "https://www.gutenberg.org/ebooks/1001.txt.utf-8",
      "text/plain; charset=utf-8": "https://www.gutenberg.org/files/1001/1001-0.txt",
      "application/rdf+xml": "https://www.gutenberg.org/ebooks/1001.rdf",
      "image/jpeg": "https://www.gutenberg.org/cache/epub/1001/pg1001.cover.medium.jpg",
      "application/octet-stream": "https://www.gutenberg.org/cache/epub/1001/pg1001-h.zip"
    },
    "download_count": 8832
  }
}