{
  "average_entropy_rate": 0.40371223465403777,
  "entropy_rate": [
    0.7150730586548568,
    0.0,
    0.6325370113666425,
    0.0,
    0.6330421326944161,
    0.0,
    0.0,
    0.0,
    0.8117565949386615,
    0.0,
    0.0,
    0.0,
    1.0177221026225418,
    0.0,
    0.0,
    0.0,
    0.0,
    1.0147772668994919,
    0.0,
    1.0134836134789784,
    0.0,
    0.0,
    0.0,
    0.6814982872898199,
    0.0,
    0.8459153758500342,
    0.700674081784583,
    0.0,
    0.6793809771443263,
    0.874245442835715,
    0.0,
    0.0,
    0.0,
    0.7081267678093667,
    0.8716025972276135,
    1.0248283398678693,
    1.0107072442732077,
    1.0095828622038063,
    0.6910421068830924,
    0.7440547784922182,
    0.8721509784983043
  ],
  "estimated_posterior_probability": 65.84017181396484,
  "input": "./smaller_in/Guten_index2122.txt",
  "prevalence_assumed": 0.5,
  "process_length": 80000,
  "gutenberg": {
    "id": 2122,
    "title": "History of Friedrich II of Prussia — Appendix",
    "authors": [
      {
        "name": "Carlyle, Thomas",
        "birth_year": 1795,
        "death_year": 1881
      }
    ],
    "summaries": [
      "\"History of Friedrich II of Prussia — Appendix\" by Thomas Carlyle is a historical account written during the 19th century, specifically in the Victorian era. The book focuses on the life and reign of Friedrich II (Frederick the Great) of Prussia, highlighting his administrative and military achievements, as well as his interactions with his subjects and his efforts in modernizing Prussia through agriculture and infrastructure improvements.  In this appendix, Carlyle presents a detailed account of a day in the life of Friedrich II, dated July 23, 1779. The narrative follows the king as he inspects a region called the Rhyn-Luch, which he had transformed from marshy land into arable territory. The piece is composed through the lens of Oberamtmann Fromme, who accompanies the king on this excursion, providing commentary on their journey, the people they meet, and the agricultural practices observed. Through dialogues with subjects, including local officials and peasants, the reader gains insights into Friedrich's governance style, his inquisitive nature, and his commitment to enhancing the lives of his people through land reclamation and community welfare. The appendix concludes with a reflection on the king's endeavors, illustrating a fascinating portrait of a ruler dedicated to both his state and his people. (This is an automatically generated summary.)"
    ],
    "editors": [],
    "translators": [],
    "subjects": [
      "Frederick II, King of Prussia, 1712-1786",
      "Prussia (Germany) -- History -- Frederick II, 1740-1786",
      "Social problems"
    ],
    "bookshelves": [
      "Category: History - European",
      "Category: History - Modern (1750+)",
      "Category: History - Royalty"
    ],
    "languages": [
      "en"
    ],
    "copyright": false,
    "media_type": "Text",
    "formats": {
      "text/html": "https://www.gutenberg.org/ebooks/2122.html.images",
      "text/html; charset=us-ascii": "https://www.gutenberg.org/files/2122/2122-h/2122-h.htm",
      "application/epub+zip": "https://www.gutenberg.org/ebooks/2122.epub3.images",
      "application/x-mobipocket-ebook": "https://www.gutenberg.org/ebooks/2122.kf8.images",
      "text/plain; charset=us-ascii": "https://www.gutenberg.org/ebooks/2122.txt.utf-8",
      "application/rdf+xml": "https://www.gutenberg.org/ebooks/2122.rdf",
      "image/jpeg": "https://www.gutenberg.org/cache/epub/2122/pg2122.cover.medium.jpg",
      "application/octet-stream": "https://www.gutenberg.org/cache/epub/2122/pg2122-h.zip"
    },
    "download_count": 286
  }
}