{
  "average_entropy_rate": 0.2919703577388035,
  "entropy_rate": [
    0.0,
    0.0,
    0.0,
    0.0,
    0.0,
    0.0,
    0.0,
    0.0,
    0.6386282803116232,
    0.697058801228829,
    0.9658743235629463,
    0.0,
    0.0,
    0.0,
    0.0,
    0.0,
    0.0,
    0.6457603566164836,
    0.0,
    0.0,
    0.0,
    0.0,
    0.6561535383782541,
    0.7035718120661463,
    0.8414940159252912,
    0.0,
    0.0,
    0.0,
    0.0,
    0.0,
    0.0,
    0.7990913674625936,
    0.7071123018635505,
    0.8789934171473258,
    0.9596552315445313,
    0.0,
    0.6763404447799817,
    0.6978334896724134,
    0.6224989003439476,
    0.745619917350491,
    0.735098469036535
  ],
  "estimated_posterior_probability": 60.1723747253418,
  "input": "./smaller_in/Guten_index941.txt",
  "prevalence_assumed": 0.5,
  "process_length": 80000,
  "gutenberg": {
    "id": 941,
    "title": "Just Folks",
    "authors": [
      {
        "name": "Guest, Edgar A. (Edgar Albert)",
        "birth_year": 1881,
        "death_year": 1959
      }
    ],
    "summaries": [
      "\"Just Folks\" by Edgar A. Guest is a collection of poems likely written in the early to mid-20th century. The poems reflect on everyday life, community, family, and the simple joys and sorrows of living, emphasizing friendship and appreciation for the ordinary moments that create a rich life. The verses capture a heartfelt nostalgia for simpler times, with themes of love, sacrifice, and the experiences that bind people together.  The opening of \"Just Folks\" introduces readers to a warm and inviting perspective on the people and experiences that form a community. Through vivid imagery, Guest touches upon the beauty of a neighborly existence, the charm of small-town life, and the significance of shared memories. The collection seems to promise a variety of reflections, from the innocence of childhood to the poignant moments of adulthood, as illustrated in poems that celebrate family, friendship, and childhood joys. The tone is both whimsical and sincere, encouraging readers to find beauty in the mundane and cherish the connections that shape their lives. (This is an automatically generated summary.)"
    ],
    "editors": [],
    "translators": [],
    "subjects": [
      "American poetry"
    ],
    "bookshelves": [
      "Category: American Literature",
      "Category: Poetry"
    ],
    "languages": [
      "en"
    ],
    "copyright": false,
    "media_type": "Text",
    "formats": {
      "text/html": "https://www.gutenberg.org/ebooks/941.html.images",
      "text/html; charset=us-ascii": "https://www.gutenberg.org/files/941/941-h/941-h.htm",
      "application/epub+zip": "https://www.gutenberg.org/ebooks/941.epub3.images",
      "application/x-mobipocket-ebook": "https://www.gutenberg.org/ebooks/941.kf8.images",
      "text/plain; charset=us-ascii": "https://www.gutenberg.org/ebooks/941.txt.utf-8",
      "application/rdf+xml": "https://www.gutenberg.org/ebooks/941.rdf",
      "image/jpeg": "https://www.gutenberg.org/cache/epub/941/pg941.cover.medium.jpg",
      "application/octet-stream": "https://www.gutenberg.org/cache/epub/941/pg941-h.zip"
    },
    "download_count": 470
  }
}