{
  "average_entropy_rate": 0.28881500703935997,
  "entropy_rate": [
    0.0,
    0.0,
    0.0,
    0.0,
    0.0,
    0.7889780959932511,
    0.6676937305989012,
    0.0,
    0.8523834295990212,
    0.5083169653327857,
    0.0,
    0.8949645428291896,
    0.3964695696636632,
    0.0,
    0.0,
    0.8050592902519845,
    0.0,
    0.0,
    0.673870023229154,
    0.0,
    0.7880455095209044,
    0.0,
    0.0,
    0.0,
    0.0,
    0.0,
    0.0,
    0.0,
    0.0,
    0.0,
    0.0,
    0.0,
    0.8047949702386171,
    0.6805528175054143,
    0.6028525766797989,
    0.537301949569128,
    0.41717350607851583,
    0.0,
    0.9608018252124321,
    0.8327782799974534,
    0.6293782063135446
  ],
  "estimated_posterior_probability": 60.03235626220703,
  "input": "./smaller_in/Guten_index3064.txt",
  "prevalence_assumed": 0.5,
  "process_length": 80000,
  "gutenberg": {
    "id": 3064,
    "title": "Römische Geschichte — Buch 5",
    "authors": [
      {
        "name": "Mommsen, Theodor",
        "birth_year": 1817,
        "death_year": 1903
      }
    ],
    "summaries": [
      "\"Römische Geschichte — Buch 5\" by Theodor Mommsen is a historical work published in 1885. This volume departs from Mommsen's acclaimed narrative of the Roman Republic to explore the provinces of the Roman Empire. Through thirteen standalone chapters, Mommsen examines each province as a distinct subject, offering a geographical and administrative portrait of Rome's vast territorial reach from Caesar to Diocletian. Unlike his earlier dramatic political narratives, this work provides a systematic survey of imperial governance across diverse regions. (This is an automatically generated summary.)"
    ],
    "editors": [],
    "translators": [],
    "subjects": [
      "Rome -- History"
    ],
    "bookshelves": [
      "Category: History - Ancient",
      "DE Sachbuch",
      "Nobel Prizes in Literature"
    ],
    "languages": [
      "de"
    ],
    "copyright": false,
    "media_type": "Text",
    "formats": {
      "text/html": "https://www.gutenberg.org/ebooks/3064.html.images",
      "application/epub+zip": "https://www.gutenberg.org/ebooks/3064.epub3.images",
      "application/x-mobipocket-ebook": "https://www.gutenberg.org/ebooks/3064.kf8.images",
      "text/plain; charset=us-ascii": "https://www.gutenberg.org/ebooks/3064.txt.utf-8",
      "application/rdf+xml": "https://www.gutenberg.org/ebooks/3064.rdf",
      "image/jpeg": "https://www.gutenberg.org/cache/epub/3064/pg3064.cover.medium.jpg",
      "application/octet-stream": "https://www.gutenberg.org/files/3064/3064-0.zip"
    },
    "download_count": 453
  }
}