{
  "average_entropy_rate": 0.2822729042232234,
  "entropy_rate": [
    0.0,
    0.0,
    0.0,
    0.0,
    0.0,
    0.0,
    0.0,
    0.0,
    0.0,
    0.0,
    0.0,
    0.7984801091717393,
    0.5491000915931562,
    0.0,
    0.6249763192170265,
    0.0,
    0.0,
    0.8017933014982532,
    0.6299160042088047,
    0.7270105714518929,
    0.0,
    0.0,
    0.0,
    0.0,
    0.6114258148727831,
    0.0,
    0.0,
    0.6209319778550773,
    0.0,
    0.6841771094789469,
    0.0,
    0.0,
    0.7501364582302867,
    0.6159269780962764,
    0.6193607983284584,
    0.0,
    0.7108560870397626,
    0.8087371709649234,
    0.599096205521549,
    0.618609321393824,
    0.8026547542293971
  ],
  "estimated_posterior_probability": 59.7414665222168,
  "input": "./smaller_in/Guten_index2908.txt",
  "prevalence_assumed": 0.5,
  "process_length": 80000,
  "gutenberg": {
    "id": 2908,
    "title": "Strife: A Drama in Three Acts",
    "authors": [
      {
        "name": "Galsworthy, John",
        "birth_year": 1867,
        "death_year": 1933
      }
    ],
    "summaries": [
      "\"Strife: A Drama in Three Acts\" by John Galsworthy is a play written in 1907 and first produced in 1909. At a tin plate factory on the England-Wales border, an unofficial strike drags on for months, causing desperate hardship among workers' families. As trade union representatives and company directors seek resolution, two uncompromising men face off: the elderly company chairman and the strike leader. Neither will yield, even as the human cost mounts around them. The confrontation forces everyone to question what price they're willing to pay for their principles. (This is an automatically generated summary.)"
    ],
    "editors": [],
    "translators": [],
    "subjects": [
      "English drama",
      "Labor movement -- Drama",
      "Political plays",
      "Social conflict -- Drama",
      "Strikes and lockouts -- Drama",
      "Tinplate industry -- Drama"
    ],
    "bookshelves": [
      "Category: British Literature",
      "Category: Plays/Films/Dramas",
      "Nobel Prizes in Literature"
    ],
    "languages": [
      "en"
    ],
    "copyright": false,
    "media_type": "Text",
    "formats": {
      "text/html": "https://www.gutenberg.org/ebooks/2908.html.images",
      "application/epub+zip": "https://www.gutenberg.org/ebooks/2908.epub3.images",
      "application/x-mobipocket-ebook": "https://www.gutenberg.org/ebooks/2908.kf8.images",
      "text/plain; charset=us-ascii": "https://www.gutenberg.org/ebooks/2908.txt.utf-8",
      "application/rdf+xml": "https://www.gutenberg.org/ebooks/2908.rdf",
      "image/jpeg": "https://www.gutenberg.org/cache/epub/2908/pg2908.cover.medium.jpg",
      "application/octet-stream": "https://www.gutenberg.org/files/2908/2908-h.zip"
    },
    "download_count": 416
  }
}