{
  "average_entropy_rate": 0.08370052075222799,
  "entropy_rate": [
    0.0,
    0.0,
    0.0,
    0.0,
    0.0,
    0.0,
    0.0,
    0.0,
    0.0,
    0.0,
    0.0,
    0.0,
    0.0,
    0.0,
    0.0,
    0.0,
    0.0,
    0.0,
    0.0,
    0.0,
    0.0,
    0.0,
    0.0,
    0.0,
    0.0,
    0.0,
    0.0,
    0.0,
    0.0,
    0.7295739620571241,
    0.3584962514895162,
    0.4168994068897854,
    0.0,
    0.0,
    0.0,
    0.0,
    0.0,
    0.0,
    0.7295739620571241,
    0.4676038062906737,
    0.7295739620571241
  ],
  "estimated_posterior_probability": 52.41325378417969,
  "input": "./smaller_in/Guten_index727.txt",
  "prevalence_assumed": 0.5,
  "process_length": 80000,
  "gutenberg": {
    "id": 727,
    "title": "The Star-Spangled Banner",
    "authors": [
      {
        "name": "Carpenter, John A.",
        "birth_year": null,
        "death_year": null
      }
    ],
    "summaries": [
      "\"The Star-Spangled Banner\" by John A. Carpenter is a historical account written in the early 20th century. The book explores the events surrounding the creation of the United States national anthem, focusing on the circumstances that inspired Francis Scott Key to pen the lyrics during the War of 1812. It delves into the backdrop of conflict, patriotism, and the significance of the iconic flag that became a symbol of resilience.  The narrative recounts the dramatic events of September 14, 1814, as Key witnesses the bombardment of Fort McHenry by British forces. Detained aboard a British ship while seeking the release of Dr. Beanes, his friend, Key endures the suspense of battle. As dawn breaks, he sees the American flag still waving over the fort, which ignites a surge of inspiration for his poem. The work not only highlights the emotional and historical context of the anthem's creation but also reflects on Key’s life, showcasing his contributions to society and the lasting impact of his words on the American identity. (This is an automatically generated summary.)"
    ],
    "editors": [],
    "translators": [],
    "subjects": [
      "National songs -- United States",
      "Star-spangled banner (Song)"
    ],
    "bookshelves": [
      "Category: Biographies",
      "Category: History - American",
      "Category: History - Warfare"
    ],
    "languages": [
      "en"
    ],
    "copyright": false,
    "media_type": "Text",
    "formats": {
      "text/html": "https://www.gutenberg.org/ebooks/727.html.images",
      "application/epub+zip": "https://www.gutenberg.org/ebooks/727.epub3.images",
      "application/x-mobipocket-ebook": "https://www.gutenberg.org/ebooks/727.kf8.images",
      "text/plain; charset=us-ascii": "https://www.gutenberg.org/ebooks/727.txt.utf-8",
      "application/rdf+xml": "https://www.gutenberg.org/ebooks/727.rdf",
      "image/jpeg": "https://www.gutenberg.org/cache/epub/727/pg727.cover.medium.jpg",
      "application/octet-stream": "https://www.gutenberg.org/cache/epub/727/pg727-h.zip"
    },
    "download_count": 283
  }
}