{
  "average_entropy_rate": 0.2292092269590441,
  "entropy_rate": [
    1.0925378150874385,
    0.6918863254160993,
    0.9831101062266334,
    0.7697423799080302,
    0.7697423799080302,
    0.7697423799080302,
    0.0,
    0.0,
    0.0,
    0.0,
    0.0,
    0.0,
    0.0,
    0.0,
    0.0,
    0.0,
    0.0,
    0.0,
    0.0,
    0.0,
    0.0,
    0.0,
    0.0,
    0.0,
    0.0,
    0.0,
    0.0,
    0.0,
    0.0,
    0.0,
    0.0,
    0.0,
    0.9831101062266334,
    1.0284796729158225,
    0.7697423799080302,
    0.7697423799080302,
    0.7697423799080302,
    0.0,
    0.0,
    0.0,
    0.0
  ],
  "estimated_posterior_probability": 57.51342010498047,
  "input": "./smaller_in/Guten_index866.txt",
  "prevalence_assumed": 0.5,
  "process_length": 80000,
  "gutenberg": {
    "id": 866,
    "title": "The Cost of Kindness",
    "authors": [
      {
        "name": "Jerome, Jerome K. (Jerome Klapka)",
        "birth_year": 1859,
        "death_year": 1927
      }
    ],
    "summaries": [
      "\"The Cost of Kindness\" by Jerome K. Jerome is a satirical short story written in the early 20th century. The narrative unfolds in a quaint English village, known as Wychwood-on-the-Heath, where the community is dealing with the departure of their vicar, Reverend Augustus Cracklethorpe. The likely topic of the book revolves around the complexities of human relationships, particularly exploring themes of kindness, misunderstanding, and the often ironic nature of public sentiment.  The storyline centers on the interactions between Mr. and Mrs. Pennycoop and the Rev. Cracklethorpe as the couple seeks to extend a gesture of kindness to their departing vicar. Mrs. Pennycoop's sincere efforts to reconcile, despite the vicar's unpopularity and the congregation's previous resentment towards him, inadvertently reveal the hidden sentiments of the community. The unexpected turn of events leads to a dramatic farewell service in which the vicar, upon realizing that his congregation actually holds affection for him, decides to stay—conditional on the provision of financial support to hire a curate. The narrative humorously critiques human nature and the illusions that often cloud personal interactions, ultimately emphasizing that kindness, while often overestimated in its real cost, can unveil deeper truths in relationships. (This is an automatically generated summary.)"
    ],
    "editors": [],
    "translators": [],
    "subjects": [
      "Fiction",
      "Short stories"
    ],
    "bookshelves": [
      "Category: British Literature",
      "Category: Humour",
      "Category: Short Stories"
    ],
    "languages": [
      "en"
    ],
    "copyright": false,
    "media_type": "Text",
    "formats": {
      "text/html": "https://www.gutenberg.org/ebooks/866.html.images",
      "text/html; charset=us-ascii": "https://www.gutenberg.org/files/866/866-h/866-h.htm",
      "application/epub+zip": "https://www.gutenberg.org/ebooks/866.epub3.images",
      "application/x-mobipocket-ebook": "https://www.gutenberg.org/ebooks/866.kf8.images",
      "text/plain; charset=us-ascii": "https://www.gutenberg.org/ebooks/866.txt.utf-8",
      "application/rdf+xml": "https://www.gutenberg.org/ebooks/866.rdf",
      "image/jpeg": "https://www.gutenberg.org/cache/epub/866/pg866.cover.medium.jpg",
      "application/octet-stream": "https://www.gutenberg.org/cache/epub/866/pg866-h.zip"
    },
    "download_count": 399
  }
}