{
  "average_entropy_rate": 0.021277586036704044,
  "entropy_rate": [
    0.4591479092130872,
    0.0,
    0.0,
    0.0,
    0.0,
    0.0,
    0.18365916368523497,
    0.0,
    0.0,
    0.0,
    0.0,
    0.0,
    0.0,
    0.0,
    0.0,
    0.0,
    0.0,
    0.0,
    0.0,
    0.0,
    0.0,
    0.0,
    0.0,
    0.0,
    0.0,
    0.0,
    0.0,
    0.0,
    0.0,
    0.0,
    0.0,
    0.0,
    0.0,
    0.2295739546065436,
    0.0,
    0.0,
    0.0,
    0.0,
    0.0,
    0.0,
    0.0
  ],
  "estimated_posterior_probability": 50.58348846435547,
  "input": "./smaller_in/Guten_index3203.txt",
  "prevalence_assumed": 0.5,
  "process_length": 80000,
  "gutenberg": {
    "id": 3203,
    "title": "Moby Part of Speech List",
    "authors": [
      {
        "name": "Ward, Grady",
        "birth_year": 1951,
        "death_year": null
      }
    ],
    "summaries": [
      "\"Moby Part of Speech List\" by Grady Ward is a public-domain lexical resource created as part of the Moby Project. This comprehensive database catalogs 233,356 words, each fully described by its grammatical function in priority order. The resource uses a systematic coding system to identify various parts of speech, from nouns and verbs to conjunctions and interjections. Now available through Project Gutenberg, it stands as one of the most extensive free linguistic references ever compiled. (This is an automatically generated summary.)"
    ],
    "editors": [],
    "translators": [],
    "subjects": [
      "Words and phrase lists -- English"
    ],
    "bookshelves": [
      "Category: Encyclopedias/Dictionaries/Reference",
      "Category: Language & Communication"
    ],
    "languages": [
      "en"
    ],
    "copyright": false,
    "media_type": "Text",
    "formats": {
      "text/html": "https://www.gutenberg.org/ebooks/3203.html.images",
      "application/epub+zip": "https://www.gutenberg.org/ebooks/3203.epub3.images",
      "application/x-mobipocket-ebook": "https://www.gutenberg.org/ebooks/3203.kf8.images",
      "text/plain; charset=us-ascii": "https://www.gutenberg.org/ebooks/3203.txt.utf-8",
      "application/rdf+xml": "https://www.gutenberg.org/ebooks/3203.rdf",
      "image/jpeg": "https://www.gutenberg.org/cache/epub/3203/pg3203.cover.medium.jpg",
      "application/octet-stream": "https://www.gutenberg.org/files/3203/files.zip"
    },
    "download_count": 2240
  }
}