{
  "average_entropy_rate": 0.0541853730862509,
  "entropy_rate": [
    0.0,
    0.0,
    0.0,
    0.0,
    0.0,
    0.0,
    0.0,
    0.4951291759282842,
    0.0,
    0.14444941787701213,
    0.24287489965656026,
    0.0,
    0.0,
    0.0,
    0.0,
    0.0,
    0.0,
    0.0,
    0.0,
    0.0,
    0.0,
    0.0,
    0.0,
    0.0,
    0.0,
    0.0,
    0.0,
    0.0,
    0.0,
    0.0,
    0.0,
    0.0,
    0.0,
    0.4582494937410314,
    0.32501119022327735,
    0.555886119110121,
    0.0,
    0.0,
    0.0,
    0.0,
    0.0
  ],
  "estimated_posterior_probability": 51.525455474853516,
  "input": "./smaller_in/Guten_index574.txt",
  "prevalence_assumed": 0.5,
  "process_length": 80000,
  "gutenberg": {
    "id": 574,
    "title": "Poems of William Blake",
    "authors": [
      {
        "name": "Blake, William",
        "birth_year": 1757,
        "death_year": 1827
      }
    ],
    "summaries": [
      "\"Poems of William Blake\" by William Blake is a profound collection of poetry that encompasses two major works: \"Songs of Innocence and of Experience\" and \"The Book of Thel.\" Written during the late 18th century, this collection explores the dualities of human existence, addressing themes such as innocence, experience, love, and societal issues. As a significant figure in the Romantic movement, Blake's work is characterized by its visionary quality and deep philosophical insights.  The collection delves into contrasting states of the human experience—innocence and experience—illustrated through vivid imagery and poignant narratives. \"Songs of Innocence\" presents a childlike perspective, celebrating the beauty of nature and the purity of the untainted spirit, while \"Songs of Experience\" questions the harsh realities of life, highlighting social injustices and the loss of innocence. Additionally, \"The Book of Thel\" follows a character named Thel who grapples with her existence, ultimately seeking answers about life and mortality from various elements of nature. Throughout the poems, Blake employs rich symbolism and allegorical elements, compelling readers to reflect on the complexities of their own lives and the world around them. (This is an automatically generated summary.)"
    ],
    "editors": [],
    "translators": [],
    "subjects": [
      "English poetry",
      "Pastoral poetry"
    ],
    "bookshelves": [
      "Category: British Literature",
      "Category: Poetry"
    ],
    "languages": [
      "en"
    ],
    "copyright": false,
    "media_type": "Text",
    "formats": {
      "text/html": "https://www.gutenberg.org/ebooks/574.html.images",
      "application/epub+zip": "https://www.gutenberg.org/ebooks/574.epub3.images",
      "application/x-mobipocket-ebook": "https://www.gutenberg.org/ebooks/574.kf8.images",
      "text/plain; charset=us-ascii": "https://www.gutenberg.org/ebooks/574.txt.utf-8",
      "application/rdf+xml": "https://www.gutenberg.org/ebooks/574.rdf",
      "image/jpeg": "https://www.gutenberg.org/cache/epub/574/pg574.cover.medium.jpg",
      "application/octet-stream": "https://www.gutenberg.org/cache/epub/574/pg574-h.zip"
    },
    "download_count": 721
  }
}