{
  "average_entropy_rate": 0.1974253306756491,
  "entropy_rate": [
    0.0,
    0.0,
    0.0,
    0.7279457742858012,
    0.0,
    0.0,
    0.0,
    0.0,
    0.0,
    0.4709424767331034,
    0.0,
    0.6955801944159209,
    0.0,
    0.0,
    0.6146648822541885,
    0.0,
    0.0,
    0.0,
    0.0,
    0.0,
    0.0,
    0.6766020741064406,
    0.0,
    0.0,
    0.6463408267164952,
    0.0,
    0.0,
    0.0,
    0.0,
    0.0,
    0.0,
    0.0,
    0.7198150372991806,
    0.0,
    0.0,
    0.7742903082182115,
    0.6116146271447339,
    0.7152323661225829,
    0.7251327379639707,
    0.7162772524409843,
    0.0
  ],
  "estimated_posterior_probability": 56.28290939331055,
  "input": "./smaller_in/Guten_index4086.txt",
  "prevalence_assumed": 0.5,
  "process_length": 80000,
  "gutenberg": {
    "id": 4086,
    "title": "The Scotch Twins",
    "authors": [
      {
        "name": "Perkins, Lucy Fitch",
        "birth_year": 1865,
        "death_year": 1937
      }
    ],
    "summaries": [
      "\"The Scotch Twins\" by Lucy Fitch Perkins is a children's novel written in the early 20th century. The book centers on twins Jean and Jock Campbell, who live in a little gray house in the picturesque Scottish Highlands. The story follows their daily adventures and responsibilities as they navigate life in their rural home and face conflicts with the local gamekeeper, Angus Niel, as well as the threat of losing their family home.  At the start of the novel, the reader is introduced to Jean's fierce dedication to household duties, as she urgently wakes her brother Jock for their morning chores. Their father, Robin Campbell, the local shepherd, is a central figure who balances work and family life. As the children go about their chores, the dynamic between them provides a charming glimpse into their personalities and their bond as siblings. The narrative hints at broader issues, such as the struggle against Angus Niel and the looming threat of losing their home due to new developments in the region, setting the stage for both personal and communal conflict in their lives. (This is an automatically generated summary.)"
    ],
    "editors": [],
    "translators": [],
    "subjects": [
      "Scotland -- Juvenile fiction",
      "Twins -- Juvenile fiction"
    ],
    "bookshelves": [
      "Category: Children & Young Adult Reading",
      "Category: Novels",
      "Children's Book Series"
    ],
    "languages": [
      "en"
    ],
    "copyright": false,
    "media_type": "Text",
    "formats": {
      "text/html": "https://www.gutenberg.org/ebooks/4086.html.images",
      "application/epub+zip": "https://www.gutenberg.org/ebooks/4086.epub3.images",
      "application/x-mobipocket-ebook": "https://www.gutenberg.org/ebooks/4086.kf8.images",
      "text/plain; charset=us-ascii": "https://www.gutenberg.org/ebooks/4086.txt.utf-8",
      "application/rdf+xml": "https://www.gutenberg.org/ebooks/4086.rdf",
      "image/jpeg": "https://www.gutenberg.org/cache/epub/4086/pg4086.cover.medium.jpg",
      "application/octet-stream": "https://www.gutenberg.org/files/4086/4086-h.zip"
    },
    "download_count": 249
  }
}