{
  "average_entropy_rate": 0.12504189553081765,
  "entropy_rate": [
    0.0,
    0.0,
    0.0,
    0.0,
    0.0,
    0.0,
    0.0,
    0.0,
    0.0,
    0.0,
    0.0,
    0.0,
    0.35440075588876857,
    0.0,
    0.0,
    0.7057058567665071,
    0.0,
    0.0,
    0.6219868824320369,
    0.0,
    0.0,
    0.5744585667502387,
    0.0,
    0.0,
    0.0,
    0.6121972154991543,
    0.0,
    0.0,
    0.0,
    0.0,
    0.0,
    0.0,
    0.0,
    0.5425226439838268,
    0.0,
    0.6121972154991543,
    0.58454172302378,
    0.518706856920057,
    0.0,
    0.0,
    0.0
  ],
  "estimated_posterior_probability": 53.73382568359375,
  "input": "./smaller_in/Guten_index2779.txt",
  "prevalence_assumed": 0.5,
  "process_length": 80000,
  "gutenberg": {
    "id": 2779,
    "title": "Mein Leben und Streben",
    "authors": [
      {
        "name": "May, Karl",
        "birth_year": 1842,
        "death_year": 1912
      }
    ],
    "summaries": [
      "\"Mein Leben und Streben\" by Karl May is an autobiography published in December 1910. Written amid numerous lawsuits against him, May crafted this work not as a peaceful reflection on his life, but as a strategic defense document to convince lawyers, courts, and readers of his reputation. The book candidly addresses his past, including prison sentences his opponents used against him. Its controversial final chapters naming his adversaries led to immediate legal suppression, followed by posthumous revisions and ongoing legal battles over its publication. (This is an automatically generated summary.)"
    ],
    "editors": [],
    "translators": [],
    "subjects": [
      "Authors, German -- 19th century -- Biography",
      "Autobiographies",
      "May, Karl Friedrich, 1842-1912"
    ],
    "bookshelves": [
      "Category: Biographies",
      "Category: German Literature",
      "Category: Philosophy & Ethics",
      "DE Prosa"
    ],
    "languages": [
      "de"
    ],
    "copyright": false,
    "media_type": "Text",
    "formats": {
      "text/html": "https://www.gutenberg.org/ebooks/2779.html.images",
      "application/epub+zip": "https://www.gutenberg.org/ebooks/2779.epub3.images",
      "application/x-mobipocket-ebook": "https://www.gutenberg.org/ebooks/2779.kf8.images",
      "text/plain; charset=us-ascii": "https://www.gutenberg.org/ebooks/2779.txt.utf-8",
      "application/rdf+xml": "https://www.gutenberg.org/ebooks/2779.rdf",
      "image/jpeg": "https://www.gutenberg.org/cache/epub/2779/pg2779.cover.medium.jpg",
      "application/octet-stream": "https://www.gutenberg.org/cache/epub/2779/pg2779-h.zip"
    },
    "download_count": 295
  }
}