{
  "average_entropy_rate": 0.3289175127655796,
  "entropy_rate": [
    0.0,
    0.0,
    0.8857777164764931,
    0.0,
    0.0,
    0.0,
    0.0,
    0.0,
    0.6513869264432363,
    0.0,
    0.0,
    0.0,
    0.0,
    0.7851351415358027,
    0.0,
    0.0,
    0.0,
    0.7835851519737349,
    0.0,
    0.0,
    0.0,
    0.0,
    0.0,
    0.0,
    0.8815304800056684,
    0.7368478344861626,
    0.0,
    0.0,
    0.7899317030393543,
    0.0,
    0.7325341918444613,
    0.8212341244468366,
    0.8982057499973777,
    0.7652171213076363,
    0.7794715873848936,
    0.7842461834918618,
    0.0,
    0.9026871198974494,
    0.7476029565334044,
    0.7463852585573385,
    0.7938387759670533
  ],
  "estimated_posterior_probability": 61.901451110839844,
  "input": "./smaller_in/Guten_index3998.txt",
  "prevalence_assumed": 0.5,
  "process_length": 80000,
  "gutenberg": {
    "id": 3998,
    "title": "An Attic Philosopher in Paris — Volume 3",
    "authors": [
      {
        "name": "Souvestre, Émile",
        "birth_year": 1806,
        "death_year": 1854
      }
    ],
    "summaries": [
      "\"An Attic Philosopher in Paris — Volume 3\" by Émile Souvestre is a philosophical novel written during the mid-19th century. The book explores themes of humanity, social obligation, and personal reflection through the lens of life in Paris. It delves into the thoughts and observations of the protagonist, offering a deep look into the philosophical discourse on the nature of community and personal responsibility.  In this volume, the narrator, an attic philosopher, reflects on his life and the lives of those around him, particularly his new neighbor, Father Chaufour, a war veteran who embodies resilience and goodness despite his physical limitations. The philosopher engages in discussions about duty towards one's country and fellow humans, contrasting individual struggles and broader social issues. As he contemplates the meaning of life through his interactions with Father Chaufour and other characters, he learns lessons about compassion, the bonds of society, and the importance of maintaining a positive outlook even in the face of hardship. The narrative serves as a meditation on self-sacrifice, the essence of happiness, and the intertwined destinies of individuals within the fabric of society. (This is an automatically generated summary.)"
    ],
    "editors": [],
    "translators": [],
    "subjects": [
      "Paris (France) -- Fiction"
    ],
    "bookshelves": [
      "Category: French Literature",
      "Category: Novels",
      "Category: Philosophy & Ethics"
    ],
    "languages": [
      "en"
    ],
    "copyright": false,
    "media_type": "Text",
    "formats": {
      "text/html": "https://www.gutenberg.org/ebooks/3998.html.images",
      "application/epub+zip": "https://www.gutenberg.org/ebooks/3998.epub3.images",
      "application/x-mobipocket-ebook": "https://www.gutenberg.org/ebooks/3998.kf8.images",
      "text/plain; charset=us-ascii": "https://www.gutenberg.org/ebooks/3998.txt.utf-8",
      "application/rdf+xml": "https://www.gutenberg.org/ebooks/3998.rdf",
      "image/jpeg": "https://www.gutenberg.org/cache/epub/3998/pg3998.cover.medium.jpg",
      "application/octet-stream": "https://www.gutenberg.org/files/3998/3998.zip"
    },
    "download_count": 167
  }
}