{
  "average_entropy_rate": 0.0,
  "entropy_rate": [
    0.0,
    0.0,
    0.0,
    0.0,
    0.0,
    0.0,
    0.0,
    0.0,
    0.0,
    0.0,
    0.0,
    0.0,
    0.0,
    0.0,
    0.0,
    0.0,
    0.0,
    0.0,
    0.0,
    0.0,
    0.0,
    0.0,
    0.0,
    0.0,
    0.0,
    0.0,
    0.0,
    0.0,
    0.0,
    0.0,
    0.0,
    0.0,
    0.0,
    0.0,
    0.0,
    0.0,
    0.0,
    0.0,
    0.0,
    0.0,
    0.0
  ],
  "estimated_posterior_probability": 50.0,
  "input": "./smaller_in/Guten_index302.txt",
  "prevalence_assumed": 0.5,
  "process_length": 80000,
  "gutenberg": {
    "id": 302,
    "title": "The Fibonacci Number Series",
    "authors": [
      {
        "name": "Husted, Michael",
        "birth_year": null,
        "death_year": null
      }
    ],
    "summaries": [
      "\"The Fibonacci Number Series\" by Michael Husted is a scientific publication, likely written in the late 20th century or early 21st century. This work presents a detailed enumeration of the Fibonacci numbers up to the first thousand terms, showcasing their fascinating properties and sequences.   At the start of the publication, the author provides a structured list of the Fibonacci numbers, spanning from the very first number, 1, to the 1,073,210,323,786,401st, highlighting the increasing number of digits in each successive term. The layout is straightforward, featuring simple entries that incrementally present each Fibonacci number alongside its corresponding number in the sequence, which is useful for readers interested in number theory or mathematical properties related to Fibonacci sequences. The meticulous presentation suggests that the book is designed both for educational purposes and for enthusiasts seeking an extensive resource on Fibonacci numbers. (This is an automatically generated summary.)"
    ],
    "editors": [],
    "translators": [],
    "subjects": [
      "Fibonacci numbers",
      "Mathematics"
    ],
    "bookshelves": [
      "Category: Mathematics",
      "Mathematics"
    ],
    "languages": [
      "en"
    ],
    "copyright": true,
    "media_type": "Text",
    "formats": {
      "text/html": "https://www.gutenberg.org/ebooks/302.html.images",
      "application/epub+zip": "https://www.gutenberg.org/ebooks/302.epub3.images",
      "application/x-mobipocket-ebook": "https://www.gutenberg.org/ebooks/302.kf8.images",
      "text/plain; charset=us-ascii": "https://www.gutenberg.org/ebooks/302.txt.utf-8",
      "application/rdf+xml": "https://www.gutenberg.org/ebooks/302.rdf",
      "image/jpeg": "https://www.gutenberg.org/cache/epub/302/pg302.cover.medium.jpg",
      "application/octet-stream": "https://www.gutenberg.org/cache/epub/302/pg302-h.zip"
    },
    "download_count": 709
  }
}