{
  "average_entropy_rate": 0.32713217907728875,
  "entropy_rate": [
    0.9384444675231646,
    0.7155639064864124,
    0.0,
    0.0,
    0.0,
    0.0,
    0.0,
    0.0,
    0.0,
    0.0,
    0.7806390622295668,
    0.0,
    0.7806390622295668,
    0.0,
    0.7806390622295668,
    0.7806390622295668,
    0.7806390622295668,
    0.0,
    0.0,
    0.0,
    0.0,
    0.0,
    0.0,
    0.0,
    0.0,
    0.0,
    0.0,
    0.0,
    0.0,
    0.0,
    0.0,
    0.9828434674044992,
    0.9384444675231646,
    1.0478889435314327,
    0.7806390622295668,
    0.7806390622295668,
    0.7806390622295668,
    0.7806390622295668,
    0.7806390622295668,
    0.0,
    0.9828434674044992
  ],
  "estimated_posterior_probability": 61.816627502441406,
  "input": "./smaller_in/Guten_index2646.txt",
  "prevalence_assumed": 0.5,
  "process_length": 80000,
  "gutenberg": {
    "id": 2646,
    "title": "John Leech's Pictures of Life and Character",
    "authors": [
      {
        "name": "Thackeray, William Makepeace",
        "birth_year": 1811,
        "death_year": 1863
      }
    ],
    "summaries": [
      "\"John Leech's Pictures of Life and Character\" by William Makepeace Thackeray is a collection of humorous illustrations and commentary produced in the mid-19th century, likely during the Victorian era. This book features the work of John Leech, a prominent cartoonist known for his witty depictions of contemporary society. It likely covers social observations and satirical nuances of life and character in 19th-century England, presented through visual art and engaging prose.  The content of the book serves as both a celebration and critique of the social mores, fashions, and behaviors of the time, conveyed through Leech's lighthearted illustrations. Thackeray reflects on the evolution of humorous art, noting how Leech's works capture the essence of the English middle class, from charming domestic scenes to humorous critiques of snobbery and fashion. Through vivid portrayals of everyday life, the book offers insight into the dynamics of family, society, and leisure, making it a delightful companion for those interested in the humor and character of Victorian England. Readers can enjoy both the visual artistry and the accompanying satirical narrative, which combines to create a rich cultural commentary. (This is an automatically generated summary.)"
    ],
    "editors": [],
    "translators": [],
    "subjects": [
      "English wit and humor, Pictorial",
      "Great Britain -- Social life and customs -- 19th century -- Caricatures and cartoons",
      "Leech, John, 1817-1864"
    ],
    "bookshelves": [
      "Category: Art",
      "Category: British Literature",
      "Category: Humour"
    ],
    "languages": [
      "en"
    ],
    "copyright": false,
    "media_type": "Text",
    "formats": {
      "text/html": "https://www.gutenberg.org/ebooks/2646.html.images",
      "application/epub+zip": "https://www.gutenberg.org/ebooks/2646.epub3.images",
      "application/x-mobipocket-ebook": "https://www.gutenberg.org/ebooks/2646.kf8.images",
      "text/plain; charset=us-ascii": "https://www.gutenberg.org/ebooks/2646.txt.utf-8",
      "application/rdf+xml": "https://www.gutenberg.org/ebooks/2646.rdf",
      "image/jpeg": "https://www.gutenberg.org/cache/epub/2646/pg2646.cover.medium.jpg",
      "application/octet-stream": "https://www.gutenberg.org/files/2646/2646-h.zip"
    },
    "download_count": 347
  }
}