{
  "average_entropy_rate": 0.38695613441577376,
  "entropy_rate": [
    0.7451321595548523,
    0.8375716253216157,
    0.0,
    0.0,
    0.0,
    0.0,
    0.7713707679235419,
    0.0,
    0.0,
    0.6413617686792108,
    0.0,
    0.0,
    0.0,
    0.0,
    0.8872156049072463,
    0.8639074982766161,
    0.0,
    0.0,
    0.0,
    0.0,
    0.0,
    0.8023637376054018,
    0.8015003285221314,
    0.750438330646581,
    0.7406619625206425,
    0.0,
    0.0,
    0.0,
    0.0,
    0.9448201560218124,
    0.0,
    0.0,
    0.7012755339822884,
    0.7656697790178175,
    0.7430750446471162,
    0.8109718991334672,
    0.7304019871384513,
    0.8670097847783638,
    0.7558293999269674,
    0.770968314447789,
    0.933655827994812
  ],
  "estimated_posterior_probability": 64.90194702148438,
  "input": "./smaller_in/Guten_index1518.txt",
  "prevalence_assumed": 0.5,
  "process_length": 80000,
  "gutenberg": {
    "id": 1518,
    "title": "King Henry IV, Part 2",
    "authors": [
      {
        "name": "Shakespeare, William",
        "birth_year": 1564,
        "death_year": 1616
      }
    ],
    "summaries": [
      "\"King Henry IV, Part 2\" by William Shakespeare is a history play written between 1596 and 1599. Prince Hal moves closer to kingship while the aging Falstaff revels in London's underworld, expecting rewards when his companion becomes king. As King Henry IV lies dying, rebellion stirs again, and Hal must choose between his dissolute past and royal duty. The two storylines converge in a final reckoning that will determine both the prince's character and Falstaff's fate, testing loyalty and friendship against the demands of power. (This is an automatically generated summary.)"
    ],
    "editors": [],
    "translators": [],
    "subjects": [
      "Great Britain -- History -- Henry IV, 1399-1413 -- Drama",
      "Henry IV, King of England, 1367-1413 -- Drama",
      "Historical drama"
    ],
    "bookshelves": [
      "Category: British Literature",
      "Category: Classics of Literature",
      "Category: History - British",
      "Category: Plays/Films/Dramas"
    ],
    "languages": [
      "en"
    ],
    "copyright": false,
    "media_type": "Text",
    "formats": {
      "text/html": "https://www.gutenberg.org/ebooks/1518.html.images",
      "application/epub+zip": "https://www.gutenberg.org/ebooks/1518.epub3.images",
      "application/x-mobipocket-ebook": "https://www.gutenberg.org/ebooks/1518.kf8.images",
      "text/plain; charset=us-ascii": "https://www.gutenberg.org/ebooks/1518.txt.utf-8",
      "application/rdf+xml": "https://www.gutenberg.org/ebooks/1518.rdf",
      "image/jpeg": "https://www.gutenberg.org/cache/epub/1518/pg1518.cover.medium.jpg",
      "application/octet-stream": "https://www.gutenberg.org/cache/epub/1518/pg1518-h.zip"
    },
    "download_count": 492
  }
}