{
  "average_entropy_rate": 0.0308990079062775,
  "entropy_rate": [
    0.19419011538178785,
    0.23117870878784258,
    0.0,
    0.0,
    0.0,
    0.0,
    0.0,
    0.0,
    0.0,
    0.0,
    0.0,
    0.0,
    0.3236501923029797,
    0.0,
    0.0,
    0.0,
    0.0,
    0.0,
    0.0,
    0.0,
    0.0,
    0.0,
    0.0,
    0.0,
    0.0,
    0.0,
    0.0,
    0.0,
    0.0,
    0.0,
    0.0,
    0.0,
    0.19419011538178785,
    0.3236501923029797,
    0.0,
    0.0,
    0.0,
    0.0,
    0.0,
    0.0,
    0.0
  ],
  "estimated_posterior_probability": 50.85466003417969,
  "input": "./smaller_in/Guten_index303.txt",
  "prevalence_assumed": 0.5,
  "process_length": 80000,
  "gutenberg": {
    "id": 303,
    "title": "HomeBrew HomePages Put YOU on the World Wide Web",
    "authors": [
      {
        "name": "Anonymous",
        "birth_year": null,
        "death_year": null
      }
    ],
    "summaries": [
      "\"HomeBrew HomePages Put YOU on the World Wide Web\" by Anonymous is a shareware instructional guide written in the mid-1990s. The book aims to empower readers to create their own web pages, tapping into the burgeoning growth of the Internet during this time. It serves as a practical resource for individuals looking to establish an online presence as the World Wide Web became increasingly accessible to the general public.  The content of the book focuses on providing users with the tools and instructions necessary to build their own web pages using the provided zip file, homeb10.zip. It emphasizes the importance of understanding the accompanying files and instructions to successfully create a personal web page. Through this guide, readers are likely to learn about basic web design principles, tools for customization, and the foundational components of web development, all tailored for beginners keen on diving into the digital realm. (This is an automatically generated summary.)"
    ],
    "editors": [],
    "translators": [],
    "subjects": [
      "World Wide Web"
    ],
    "bookshelves": [
      "Category: Engineering & Technology",
      "Category: How To ..."
    ],
    "languages": [
      "en"
    ],
    "copyright": true,
    "media_type": "Text",
    "formats": {
      "text/html": "https://www.gutenberg.org/ebooks/303.html.images",
      "application/epub+zip": "https://www.gutenberg.org/ebooks/303.epub3.images",
      "application/x-mobipocket-ebook": "https://www.gutenberg.org/ebooks/303.kf8.images",
      "text/plain; charset=us-ascii": "https://www.gutenberg.org/ebooks/303.txt.utf-8",
      "application/rdf+xml": "https://www.gutenberg.org/ebooks/303.rdf",
      "image/jpeg": "https://www.gutenberg.org/cache/epub/303/pg303.cover.medium.jpg",
      "application/octet-stream": "https://www.gutenberg.org/files/303/303.zip"
    },
    "download_count": 293
  }
}