{
  "average_entropy_rate": 0.12734535279626458,
  "entropy_rate": [
    0.0,
    0.0,
    0.0,
    0.0,
    0.0,
    0.0,
    0.0,
    0.0,
    0.0,
    0.0,
    0.0,
    0.0,
    0.0,
    0.0,
    0.35691237487214805,
    0.0,
    0.0,
    0.5242149412369547,
    0.4768928071408102,
    0.0,
    0.6032981467722933,
    0.0,
    0.0,
    0.0,
    0.0,
    0.0,
    0.0,
    0.0,
    0.0,
    0.5565793792290232,
    0.0,
    0.0,
    0.0,
    0.0,
    0.0,
    0.5096496834262852,
    0.5573948221181286,
    0.43917960620424973,
    0.52734581318894,
    0.0,
    0.6696918904580142
  ],
  "estimated_posterior_probability": 53.80938720703125,
  "input": "./smaller_in/Guten_index2410.txt",
  "prevalence_assumed": 0.5,
  "process_length": 80000,
  "gutenberg": {
    "id": 2410,
    "title": "Wilhelm Meisters Wanderjahre — Band 2",
    "authors": [
      {
        "name": "Goethe, Johann Wolfgang von",
        "birth_year": 1749,
        "death_year": 1832
      }
    ],
    "summaries": [
      "\"Wilhelm Meisters Wanderjahre — Band 2\" by Johann Wolfgang von Goethe is a novel published in 1821, with a substantially revised edition in 1829. This sequel to \"Wilhelm Meister's Apprenticeship\" follows Wilhelm and his son Felix on their travels, bound by mysterious rules of renunciation. Through encounters with peculiar families, geological discoveries, trapped gates, and embedded stories, the novel weaves together novellas, letters, and aphorisms into an unconventional narrative structure that challenged traditional novel forms of its time. (This is an automatically generated summary.)"
    ],
    "editors": [],
    "translators": [],
    "subjects": [
      "Alps -- Fiction",
      "Bildungsromans",
      "Italy -- Fiction"
    ],
    "bookshelves": [
      "Category: German Literature",
      "Category: Novels",
      "DE Prosa"
    ],
    "languages": [
      "de"
    ],
    "copyright": false,
    "media_type": "Text",
    "formats": {
      "text/html": "https://www.gutenberg.org/ebooks/2410.html.images",
      "application/epub+zip": "https://www.gutenberg.org/ebooks/2410.epub3.images",
      "application/x-mobipocket-ebook": "https://www.gutenberg.org/ebooks/2410.kf8.images",
      "text/plain; charset=us-ascii": "https://www.gutenberg.org/ebooks/2410.txt.utf-8",
      "application/rdf+xml": "https://www.gutenberg.org/ebooks/2410.rdf",
      "image/jpeg": "https://www.gutenberg.org/cache/epub/2410/pg2410.cover.medium.jpg",
      "application/octet-stream": "https://www.gutenberg.org/cache/epub/2410/pg2410-h.zip"
    },
    "download_count": 311
  }
}