{
  "average_entropy_rate": 0.0,
  "entropy_rate": [
    0.0,
    0.0,
    0.0,
    0.0,
    0.0,
    0.0,
    0.0,
    0.0,
    0.0,
    0.0,
    0.0,
    0.0,
    0.0,
    0.0,
    0.0,
    0.0,
    0.0,
    0.0,
    0.0,
    0.0,
    0.0,
    0.0,
    0.0,
    0.0,
    0.0,
    0.0,
    0.0,
    0.0,
    0.0,
    0.0,
    0.0,
    0.0,
    0.0,
    0.0,
    0.0,
    0.0,
    0.0,
    0.0,
    0.0,
    0.0,
    0.0
  ],
  "estimated_posterior_probability": 50.0,
  "input": "./smaller_in/Guten_index2143.txt",
  "prevalence_assumed": 0.5,
  "process_length": 80000,
  "gutenberg": {
    "id": 2143,
    "title": "Bibelen, Det nye Testamente",
    "authors": [],
    "summaries": [
      "\"Bibelen, Det nye Testamente\" is a collection of 27 Christian texts written in Koine Greek during the mid-to-late first century. It forms the second division of the Christian Bible and includes four gospels, the Acts of the Apostles, epistles, and the Book of Revelation. The work discusses the teachings and person of Jesus and events relating to first-century Christianity. Its canon developed gradually through centuries of debate before being formalized in the late 4th century. (This is an automatically generated summary.)"
    ],
    "editors": [],
    "translators": [],
    "subjects": [
      "Bible. New Testament"
    ],
    "bookshelves": [
      "Category: Religion/Spirituality",
      "Christianity"
    ],
    "languages": [
      "da"
    ],
    "copyright": false,
    "media_type": "Text",
    "formats": {
      "text/html": "https://www.gutenberg.org/ebooks/2143.html.images",
      "application/epub+zip": "https://www.gutenberg.org/ebooks/2143.epub3.images",
      "application/x-mobipocket-ebook": "https://www.gutenberg.org/ebooks/2143.kf8.images",
      "text/plain; charset=us-ascii": "https://www.gutenberg.org/ebooks/2143.txt.utf-8",
      "text/plain; charset=iso-8859-1": "https://www.gutenberg.org/files/2143/2143-8.txt",
      "application/rdf+xml": "https://www.gutenberg.org/ebooks/2143.rdf",
      "image/jpeg": "https://www.gutenberg.org/cache/epub/2143/pg2143.cover.medium.jpg",
      "application/octet-stream": "https://www.gutenberg.org/cache/epub/2143/pg2143-h.zip"
    },
    "download_count": 220
  }
}