{
  "average_entropy_rate": 0.0308990079062775,
  "entropy_rate": [
    0.19419011538178785,
    0.23117870878784258,
    0.0,
    0.0,
    0.0,
    0.0,
    0.0,
    0.0,
    0.0,
    0.0,
    0.0,
    0.0,
    0.0,
    0.0,
    0.0,
    0.0,
    0.0,
    0.0,
    0.0,
    0.0,
    0.0,
    0.0,
    0.0,
    0.0,
    0.0,
    0.0,
    0.0,
    0.0,
    0.0,
    0.0,
    0.3236501923029797,
    0.0,
    0.19419011538178785,
    0.3236501923029797,
    0.0,
    0.0,
    0.0,
    0.0,
    0.0,
    0.0,
    0.0
  ],
  "estimated_posterior_probability": 50.85466003417969,
  "input": "./smaller_in/Guten_index4586.txt",
  "prevalence_assumed": 0.5,
  "process_length": 80000,
  "gutenberg": {
    "id": 4586,
    "title": "Danger; Or, Wounded in the House of a Friend",
    "authors": [
      {
        "name": "Arthur, T. S. (Timothy Shay)",
        "birth_year": 1809,
        "death_year": 1885
      }
    ],
    "summaries": [],
    "editors": [],
    "translators": [],
    "subjects": [
      "Temperance -- Fiction"
    ],
    "bookshelves": [],
    "languages": [
      "en"
    ],
    "copyright": false,
    "media_type": "Text",
    "formats": {
      "text/html": "https://www.gutenberg.org/ebooks/4586.html.images",
      "application/epub+zip": "https://www.gutenberg.org/ebooks/4586.epub3.images",
      "application/x-mobipocket-ebook": "https://www.gutenberg.org/ebooks/4586.kf8.images",
      "text/plain; charset=us-ascii": "https://www.gutenberg.org/ebooks/4586.txt.utf-8",
      "application/rdf+xml": "https://www.gutenberg.org/ebooks/4586.rdf",
      "image/jpeg": "https://www.gutenberg.org/cache/epub/4586/pg4586.cover.medium.jpg",
      "application/octet-stream": "https://www.gutenberg.org/files/4586/4586-h.zip"
    },
    "download_count": 271
  }
}