{
  "average_entropy_rate": 0.07158694963573012,
  "entropy_rate": [
    0.3636363636363635,
    0.0,
    1.0,
    0.0,
    0.0,
    0.0,
    0.0,
    0.0,
    0.0,
    0.0,
    0.0,
    0.0,
    0.0,
    0.0,
    0.0,
    0.0,
    0.0,
    0.0,
    0.0,
    0.0,
    0.0,
    0.0,
    0.0,
    0.0,
    0.0,
    0.0,
    0.0,
    0.0,
    0.0,
    0.0,
    0.0,
    0.0,
    0.5714285714285713,
    1.0,
    0.0,
    0.0,
    0.0,
    0.0,
    0.0,
    0.0,
    0.0
  ],
  "estimated_posterior_probability": 52.04423141479492,
  "input": "./smaller_in/Guten_index2583.txt",
  "prevalence_assumed": 0.5,
  "process_length": 80000,
  "gutenberg": {
    "id": 2583,
    "title": "The Value of Zeta(3) to 1,000,000 places",
    "authors": [],
    "summaries": [
      "\"The Value of Zeta(3) to 1,000,000 Places\" by Simon Plouffe is a scientific publication likely written in the late 20th century. This work focuses on the mathematical constant Zeta(3), defined as the sum of the inverses of the cubes, and delves into its value computed to an astonishing one million decimal places. The publication provides an in-depth view of the methods and computations involved in deriving this value, showcasing the advancement of mathematical research in this area.  The opening of the work introduces the foundational concept of Zeta(3) and highlights its significance in mathematics, particularly in number theory. It reveals the precise value of Zeta(3), complemented by a detailed mathematical formula for its computation. Furthermore, it credits Sebastian Wedeniwski for calculating over 128 million digits of this constant using a more efficient algorithm developed by Theodor Amdeberhan and Doron Zeilberger. The text also references previous key works that contributed to advancements in the methodology of hypergeometric series evaluation. Overall, the beginning sets the stage for a thorough mathematical exploration, underlining the rigorous computation involved in understanding Zeta(3). (This is an automatically generated summary.)"
    ],
    "editors": [
      {
        "name": "Plouffe, Simon",
        "birth_year": 1956,
        "death_year": null
      }
    ],
    "translators": [],
    "subjects": [
      "Mathematics"
    ],
    "bookshelves": [
      "Category: Mathematics",
      "Mathematics"
    ],
    "languages": [
      "en"
    ],
    "copyright": false,
    "media_type": "Text",
    "formats": {
      "text/html": "https://www.gutenberg.org/ebooks/2583.html.images",
      "application/epub+zip": "https://www.gutenberg.org/ebooks/2583.epub3.images",
      "application/x-mobipocket-ebook": "https://www.gutenberg.org/ebooks/2583.kf8.images",
      "text/plain; charset=us-ascii": "https://www.gutenberg.org/ebooks/2583.txt.utf-8",
      "application/rdf+xml": "https://www.gutenberg.org/ebooks/2583.rdf",
      "image/jpeg": "https://www.gutenberg.org/cache/epub/2583/pg2583.cover.medium.jpg",
      "application/octet-stream": "https://www.gutenberg.org/cache/epub/2583/pg2583-h.zip"
    },
    "download_count": 250
  }
}