{
  "average_entropy_rate": 0.29019781343588447,
  "entropy_rate": [
    0.8948667643673927,
    0.6379796193866966,
    0.0,
    0.0,
    0.0,
    0.714736646656982,
    0.714736646656982,
    0.714736646656982,
    0.714736646656982,
    1.0197318942791218,
    0.8740188206657098,
    0.0,
    0.0,
    0.0,
    0.0,
    0.0,
    0.0,
    0.0,
    0.0,
    0.0,
    0.0,
    0.0,
    0.0,
    0.0,
    0.0,
    0.0,
    0.0,
    0.0,
    0.0,
    0.0,
    0.0,
    0.0,
    1.0197318942791218,
    0.714736646656982,
    0.7141562903582421,
    0.714736646656982,
    0.714736646656982,
    0.0,
    1.0197318942791218,
    0.714736646656982,
    0.0
  ],
  "estimated_posterior_probability": 60.09372329711914,
  "input": "./smaller_in/Guten_index982.txt",
  "prevalence_assumed": 0.5,
  "process_length": 80000,
  "gutenberg": {
    "id": 982,
    "title": "The Book of Nonsense",
    "authors": [
      {
        "name": "Lear, Edward",
        "birth_year": 1812,
        "death_year": 1888
      }
    ],
    "summaries": [
      "\"The Book of Nonsense\" by Edward Lear is a whimsical collection of nonsensical poetry and verse written during the mid-19th century. This charming book is renowned for its playful use of language and absurd characters, representing a key example of Victorian literature that celebrates imagination and humor. The likely topic of the book revolves around the various silly and amusing situations encountered by its eccentric characters.  In \"The Book of Nonsense,\" Lear presents a series of limericks, each featuring quirky individuals caught in ludicrous predicaments. These short verses introduce distinctive characters such as an old man with a beard who deals with birds making nests in it, a young lady with unusually long nose, and an old person whose actions lead to humorous consequences. The tone is light-hearted, with an emphasis on absurdity that entertains readers of all ages, making it a delightful exploration of human eccentricities and whimsical situations. Each poem elicits smiles through its clever rhymes and exaggerated scenarios, reflecting the enchanting spirit of nonsense literature. (This is an automatically generated summary.)"
    ],
    "editors": [],
    "translators": [],
    "subjects": [
      "Children's poetry, English",
      "Humorous poetry, English",
      "Limericks, Juvenile",
      "Nonsense verses, English"
    ],
    "bookshelves": [
      "Category: British Literature",
      "Category: Humour",
      "Category: Poetry",
      "Children's Verse",
      "Humor"
    ],
    "languages": [
      "en"
    ],
    "copyright": false,
    "media_type": "Text",
    "formats": {
      "text/html": "https://www.gutenberg.org/ebooks/982.html.images",
      "text/html; charset=us-ascii": "https://www.gutenberg.org/files/982/982-h/982-h.htm",
      "application/epub+zip": "https://www.gutenberg.org/ebooks/982.epub3.images",
      "application/x-mobipocket-ebook": "https://www.gutenberg.org/ebooks/982.kf8.images",
      "text/plain; charset=us-ascii": "https://www.gutenberg.org/ebooks/982.txt.utf-8",
      "application/rdf+xml": "https://www.gutenberg.org/ebooks/982.rdf",
      "image/jpeg": "https://www.gutenberg.org/cache/epub/982/pg982.cover.medium.jpg",
      "application/octet-stream": "https://www.gutenberg.org/cache/epub/982/pg982-h.zip"
    },
    "download_count": 1456
  }
}