{
  "average_entropy_rate": 0.34432800333845126,
  "entropy_rate": [
    0.7871050796806072,
    0.0,
    0.0,
    0.8572638339441222,
    0.0,
    0.9067942099517371,
    0.0,
    0.6384125424292885,
    0.0,
    0.8787419972967873,
    0.0,
    0.0,
    0.0,
    0.796968427372119,
    0.0,
    0.8829319628910947,
    0.0,
    0.7771525671868875,
    0.8028050957771892,
    0.0,
    0.0,
    0.0,
    0.0,
    0.0,
    0.0,
    0.0,
    0.0,
    0.0,
    0.0,
    0.9211385303365466,
    0.0,
    0.0,
    0.0,
    0.8535347757849544,
    0.8846101277189019,
    0.7631846591119926,
    0.809341981649592,
    0.0,
    0.8815353076929922,
    0.8278296482329986,
    0.8480973898186879
  ],
  "estimated_posterior_probability": 62.66374588012695,
  "input": "./smaller_in/Guten_index2991.txt",
  "prevalence_assumed": 0.5,
  "process_length": 80000,
  "gutenberg": {
    "id": 2991,
    "title": "Sir Francis Drake's Famous Voyage Round the World",
    "authors": [
      {
        "name": "Pretty, Francis",
        "birth_year": null,
        "death_year": null
      }
    ],
    "summaries": [
      "\"Sir Francis Drake's Famous Voyage Round the World\" by Francis Pretty is a historical account that recounts the remarkable journey of Sir Francis Drake and his crew as they circumnavigate the globe. Written in the early 20th century, it offers a narrative perspective from Pretty, one of Drake's gentlemen at arms, providing firsthand insight into the challenges and adventures faced during this significant maritime expedition in the late 16th century.  The book chronicles the expedition, beginning with Drake's departure from Plymouth in 1577 with five ships and 164 men. It details various encounters the crew has with different peoples, including the indigenous populations of the lands they visit, as well as their interactions with Spanish ships and settlements. Over the course of their journey, the crew endures fierce storms, navigates treacherous waters, engages in battles, and makes discoveries of valuable resources and rich lands, including the acquisition of silver and gold from Spanish ships. The narrative not only highlights the physical trials of the voyage but also delves into the political and cultural dynamics between the English crew and the local inhabitants they encounter along the way. Ultimately, it culminates with the successful return to England in 1580, marking a significant chapter in maritime history and exploration. (This is an automatically generated summary.)"
    ],
    "editors": [],
    "translators": [],
    "subjects": [
      "Voyages and travels",
      "Voyages around the world"
    ],
    "bookshelves": [
      "Category: Adventure",
      "Category: History - Early Modern (c. 1450-1750)",
      "Category: History - European",
      "Category: Travel Writing"
    ],
    "languages": [
      "en"
    ],
    "copyright": false,
    "media_type": "Text",
    "formats": {
      "text/html": "https://www.gutenberg.org/ebooks/2991.html.images",
      "application/epub+zip": "https://www.gutenberg.org/ebooks/2991.epub3.images",
      "application/x-mobipocket-ebook": "https://www.gutenberg.org/ebooks/2991.kf8.images",
      "text/plain; charset=us-ascii": "https://www.gutenberg.org/ebooks/2991.txt.utf-8",
      "application/rdf+xml": "https://www.gutenberg.org/ebooks/2991.rdf",
      "image/jpeg": "https://www.gutenberg.org/cache/epub/2991/pg2991.cover.medium.jpg",
      "application/octet-stream": "https://www.gutenberg.org/files/2991/2991-h.zip"
    },
    "download_count": 429
  }
}