{
  "average_entropy_rate": 0.2088160673961533,
  "entropy_rate": [
    0.8334934559941702,
    0.0,
    0.0,
    0.0,
    0.0,
    0.0,
    0.0,
    0.0,
    0.0,
    1.0399110206669016,
    0.0,
    0.0,
    0.0,
    0.0,
    0.0,
    0.583936319473682,
    0.0,
    0.9094433194590155,
    0.0,
    0.0,
    0.0,
    0.0,
    0.0,
    0.8152613594763655,
    0.0,
    0.0,
    0.0,
    0.0,
    0.0,
    0.0,
    0.0,
    0.0,
    0.8427376531679317,
    0.0,
    0.9511277205716298,
    0.0,
    1.01003921094155,
    0.0,
    0.8042407421565723,
    0.771267961334467,
    0.0
  ],
  "estimated_posterior_probability": 56.716148376464844,
  "input": "./smaller_in/Guten_index230.txt",
  "prevalence_assumed": 0.5,
  "process_length": 80000,
  "gutenberg": {
    "id": 230,
    "title": "The Bucolics and Eclogues",
    "authors": [
      {
        "name": "Virgil",
        "birth_year": -70,
        "death_year": -19
      }
    ],
    "summaries": [
      "\"The Bucolics and Eclogues\" by Virgil is a collection of ten pastoral poems written between roughly 44 and 38 BC. Drawing on Greek bucolic poetry, Virgil transforms the genre by weaving political upheaval and revolutionary change into idyllic rural settings. Herdsmen converse, compete in singing contests, and navigate love and loss against Rome's turbulent backdrop. These poems blend visionary politics with eroticism, creating a work that captivated Roman audiences and made Virgil a celebrity in his lifetime. (This is an automatically generated summary.)"
    ],
    "editors": [],
    "translators": [],
    "subjects": [
      "Country life -- Rome -- Poetry",
      "Pastoral poetry, Latin -- Translations into English"
    ],
    "bookshelves": [
      "Category: Classics of Literature",
      "Category: Poetry",
      "Classical Antiquity"
    ],
    "languages": [
      "en"
    ],
    "copyright": false,
    "media_type": "Text",
    "formats": {
      "text/html": "https://www.gutenberg.org/ebooks/230.html.images",
      "text/html; charset=iso-8859-1": "https://www.gutenberg.org/files/230/230-h/230-h.htm",
      "application/epub+zip": "https://www.gutenberg.org/ebooks/230.epub3.images",
      "application/x-mobipocket-ebook": "https://www.gutenberg.org/ebooks/230.kf8.images",
      "text/plain; charset=us-ascii": "https://www.gutenberg.org/ebooks/230.txt.utf-8",
      "application/rdf+xml": "https://www.gutenberg.org/ebooks/230.rdf",
      "image/jpeg": "https://www.gutenberg.org/cache/epub/230/pg230.cover.medium.jpg",
      "application/octet-stream": "https://www.gutenberg.org/cache/epub/230/pg230-h.zip"
    },
    "download_count": 915
  }
}