{
  "average_entropy_rate": 0.310013989572062,
  "entropy_rate": [
    0.0,
    0.9034208389184848,
    0.0,
    0.0,
    0.757222216984278,
    0.0,
    0.0,
    0.0,
    0.0,
    0.0,
    0.0,
    0.0,
    0.0,
    0.0,
    0.6275421673312559,
    0.0,
    0.0,
    0.0,
    0.7363235823746533,
    0.7919125535742001,
    0.0,
    0.0,
    0.9368152384324532,
    0.0,
    0.0,
    0.7569703131274711,
    0.0,
    0.7459087103829406,
    0.0,
    0.0,
    0.0,
    0.0,
    0.9680987261666449,
    0.7512259793414882,
    0.7922161649955288,
    0.7320633671465967,
    0.7644564095443754,
    0.0,
    0.9033549243860233,
    0.7897170014624826,
    0.7533253782856641
  ],
  "estimated_posterior_probability": 60.9992561340332,
  "input": "./smaller_in/Guten_index4178.txt",
  "prevalence_assumed": 0.5,
  "process_length": 80000,
  "gutenberg": {
    "id": 4178,
    "title": "Diary of Samuel Pepys — Volume 55: July 1667",
    "authors": [
      {
        "name": "Pepys, Samuel",
        "birth_year": 1633,
        "death_year": 1703
      }
    ],
    "summaries": [
      "\"Diary of Samuel Pepys — Volume 55: July 1667\" by Samuel Pepys is a historical diary written during the 17th century, specifically in the late 1660s. This work provides a personal account of daily life during a time of political and social upheaval in England, featuring observations on the state of the nation, interactions with notable figures, and aspects of Pepys's personal life.  The opening of the diary showcases Pepys's life as a government official amid England's naval conflicts with the Dutch. It begins with his reflections on daily events, from humorous incidents to serious discussions about the management of naval resources and the health of colleagues. Pepys shares personal encounters, mentions notable acquaintances, and expresses his opinions on matters affecting the country, including military strategies and political relationships. His detailed accounts set the stage for a rich exploration of 17th-century life through the lens of one man's experiences, revealing the complexities of his world and the significant events of the time. (This is an automatically generated summary.)"
    ],
    "editors": [
      {
        "name": "Wheatley, Henry B. (Henry Benjamin)",
        "birth_year": 1838,
        "death_year": 1917
      },
      {
        "name": "Braybrooke, Richard Griffin, Baron",
        "birth_year": 1783,
        "death_year": 1858
      }
    ],
    "translators": [
      {
        "name": "Bright, Mynors",
        "birth_year": 1818,
        "death_year": 1883
      }
    ],
    "subjects": [
      "Cabinet officers -- Great Britain -- Diaries",
      "Diarists -- Great Britain -- Diaries",
      "Great Britain -- History -- Charles II, 1660-1685 -- Sources",
      "Great Britain -- Social life and customs -- 17th century -- Sources",
      "Pepys, Samuel, 1633-1703 -- Diaries"
    ],
    "bookshelves": [
      "Category: Biographies",
      "Category: History - British",
      "Category: History - Early Modern (c. 1450-1750)"
    ],
    "languages": [
      "en"
    ],
    "copyright": false,
    "media_type": "Text",
    "formats": {
      "text/html": "https://www.gutenberg.org/ebooks/4178.html.images",
      "application/epub+zip": "https://www.gutenberg.org/ebooks/4178.epub3.images",
      "application/x-mobipocket-ebook": "https://www.gutenberg.org/ebooks/4178.kf8.images",
      "text/plain; charset=us-ascii": "https://www.gutenberg.org/ebooks/4178.txt.utf-8",
      "application/rdf+xml": "https://www.gutenberg.org/ebooks/4178.rdf",
      "image/jpeg": "https://www.gutenberg.org/cache/epub/4178/pg4178.cover.medium.jpg",
      "application/octet-stream": "https://www.gutenberg.org/files/4178/4178.zip"
    },
    "download_count": 236
  }
}