{
  "average_entropy_rate": 0.03089430894308943,
  "entropy_rate": [
    0.3,
    0.0,
    0.0,
    0.0,
    0.0,
    0.0,
    0.0,
    0.0,
    0.0,
    0.0,
    0.3333333333333333,
    0.0,
    0.0,
    0.0,
    0.0,
    0.0,
    0.0,
    0.0,
    0.0,
    0.0,
    0.0,
    0.0,
    0.0,
    0.0,
    0.0,
    0.0,
    0.0,
    0.0,
    0.0,
    0.0,
    0.0,
    0.0,
    0.0,
    0.0,
    0.3,
    0.3333333333333333,
    0.0,
    0.0,
    0.0,
    0.0,
    0.0
  ],
  "estimated_posterior_probability": 50.85466003417969,
  "input": "./smaller_in/Guten_index2406.txt",
  "prevalence_assumed": 0.5,
  "process_length": 80000,
  "gutenberg": {
    "id": 2406,
    "title": "Die Geschwister: Ein Schauspiel in einem Akt",
    "authors": [
      {
        "name": "Goethe, Johann Wolfgang von",
        "birth_year": 1749,
        "death_year": 1832
      }
    ],
    "summaries": [
      "\"Die Geschwister: Ein Schauspiel in einem Akt\" by Johann Wolfgang von Goethe is a one-act prose play written in October 1776. Wilhelm has raised Marianne, his deceased beloved's daughter, believing society sees them as siblings. When his friend Fabrice proposes marriage to Marianne, Wilhelm must confront his true feelings. Marianne also harbors a secret love she cannot express. The play explores the tension between assumed familial bonds and hidden romantic desires, leading to revelations that challenge everyone's understanding of their relationships. (This is an automatically generated summary.)"
    ],
    "editors": [],
    "translators": [],
    "subjects": [
      "Drama"
    ],
    "bookshelves": [
      "Category: German Literature",
      "Category: Plays/Films/Dramas",
      "DE Drama"
    ],
    "languages": [
      "de"
    ],
    "copyright": false,
    "media_type": "Text",
    "formats": {
      "text/html": "https://www.gutenberg.org/ebooks/2406.html.images",
      "application/epub+zip": "https://www.gutenberg.org/ebooks/2406.epub3.images",
      "application/x-mobipocket-ebook": "https://www.gutenberg.org/ebooks/2406.kf8.images",
      "text/plain; charset=us-ascii": "https://www.gutenberg.org/ebooks/2406.txt.utf-8",
      "application/rdf+xml": "https://www.gutenberg.org/ebooks/2406.rdf",
      "image/jpeg": "https://www.gutenberg.org/cache/epub/2406/pg2406.cover.medium.jpg",
      "application/octet-stream": "https://www.gutenberg.org/cache/epub/2406/pg2406-h.zip"
    },
    "download_count": 187
  }
}