{
  "average_entropy_rate": 0.17273492556829526,
  "entropy_rate": [
    0.0,
    0.0,
    0.0,
    0.0,
    0.0,
    0.0,
    0.0,
    0.0,
    0.0,
    0.0,
    0.0,
    0.0,
    0.0,
    0.0,
    0.0,
    0.0,
    0.0,
    0.0,
    0.0,
    0.0,
    0.4811278149981374,
    1.1496741733283673,
    1.1496741733283673,
    0.0,
    0.0,
    0.0,
    0.0,
    0.0,
    0.0,
    0.0,
    0.0,
    0.7185463583302295,
    0.0,
    0.0,
    0.0,
    0.7401966384586735,
    0.5435644431995962,
    1.1496741733283673,
    0.0,
    0.0,
    1.1496741733283673
  ],
  "estimated_posterior_probability": 55.377342224121094,
  "input": "./smaller_in/Guten_index4921.txt",
  "prevalence_assumed": 0.5,
  "process_length": 80000,
  "gutenberg": {
    "id": 4921,
    "title": "Young Canada's Nursery Rhymes",
    "authors": [
      {
        "name": "Various",
        "birth_year": null,
        "death_year": null
      }
    ],
    "summaries": [
      "\"Young Canada's Nursery Rhymes\" is a charming collection of traditional children's rhymes compiled by various authors, likely originating in the late 19th to early 20th century. This engaging book falls under the category of children's literature, with a particular focus on nursery rhymes that have been cherished by generations of young readers. The purpose of the book is to delight and entertain children while preserving a cultural heritage of playful and rhythmic verse.  The content of \"Young Canada's Nursery Rhymes\" features a rich tapestry of beloved and classic verses, each showcasing quirky characters, amusing scenarios, and engaging moral lessons. From well-known figures like Humpty Dumpty and Jack and Jill to lesser-known, whimsical tales, the collection invites readers into a world of imagination and laughter. Many of the rhymes depict everyday events and morals such as kindness, curiosity, and the importance of community, often through playful storytelling and rhythmic verse. Overall, this collection serves as a delightful introduction to the joys of poetry for young children, making it an excellent choice for parents looking to share the timeless charm of nursery rhymes with their little ones. (This is an automatically generated summary.)"
    ],
    "editors": [],
    "translators": [],
    "subjects": [
      "Children's poetry",
      "Nursery rhymes"
    ],
    "bookshelves": [
      "Category: Children & Young Adult Reading",
      "Category: Poetry"
    ],
    "languages": [
      "en"
    ],
    "copyright": false,
    "media_type": "Text",
    "formats": {
      "text/html": "https://www.gutenberg.org/ebooks/4921.html.images",
      "application/epub+zip": "https://www.gutenberg.org/ebooks/4921.epub3.images",
      "application/x-mobipocket-ebook": "https://www.gutenberg.org/ebooks/4921.kf8.images",
      "text/plain; charset=us-ascii": "https://www.gutenberg.org/ebooks/4921.txt.utf-8",
      "application/rdf+xml": "https://www.gutenberg.org/ebooks/4921.rdf",
      "image/jpeg": "https://www.gutenberg.org/cache/epub/4921/pg4921.cover.medium.jpg",
      "application/octet-stream": "https://www.gutenberg.org/files/4921/4921.zip"
    },
    "download_count": 187
  }
}