{
  "average_entropy_rate": 0.24329100050792693,
  "entropy_rate": [
    0.0,
    0.0,
    0.7095289704360436,
    0.0,
    0.0,
    0.0,
    0.5069945847008115,
    0.0,
    0.637979456418498,
    0.0,
    0.0,
    0.0,
    0.0,
    0.6547962413857451,
    0.0,
    0.0,
    0.6401091816629466,
    0.0,
    0.0,
    0.0,
    0.0,
    0.710254652453396,
    0.0,
    0.0,
    0.0,
    0.0,
    0.0,
    0.0,
    0.0,
    0.6886805618698826,
    0.0,
    0.7058351065854677,
    0.5545572824557057,
    0.6235799575392531,
    0.5383720809519879,
    0.2717822215997982,
    0.0,
    0.659179490482761,
    0.6989392476229593,
    0.6995701712213902,
    0.6747718134383561
  ],
  "estimated_posterior_probability": 58.081912994384766,
  "input": "./smaller_in/Guten_index3059.txt",
  "prevalence_assumed": 0.5,
  "process_length": 80000,
  "gutenberg": {
    "id": 3059,
    "title": "The Iliad",
    "authors": [
      {
        "name": "Homer",
        "birth_year": -750,
        "death_year": -650
      }
    ],
    "summaries": [
      "\"The Iliad\" by Homer is an ancient Greek epic poem composed around the late 8th or early 7th century BC. Set during the final weeks of the ten-year Trojan War, the poem follows the devastating anger of Achilles, the greatest Greek warrior. After a bitter quarrel with King Agamemnon over honor and pride, Achilles withdraws from battle, setting off a chain of tragic events. The narrative weaves between brutal battlefield clashes and intimate personal moments, while the Olympian gods themselves intervene in mortal affairs, favoring their chosen heroes in this timeless exploration of glory, fate, and wrath. (This is an automatically generated summary.)"
    ],
    "editors": [],
    "translators": [
      {
        "name": "Lang, Andrew",
        "birth_year": 1844,
        "death_year": 1912
      },
      {
        "name": "Leaf, Walter",
        "birth_year": 1852,
        "death_year": 1927
      },
      {
        "name": "Myers, Ernest",
        "birth_year": 1844,
        "death_year": 1921
      }
    ],
    "subjects": [
      "Achilles (Mythological character)",
      "Epic poetry, Greek -- Translations into English",
      "Trojan War"
    ],
    "bookshelves": [
      "Category: Classics of Literature",
      "Category: Mythology, Legends & Folklore",
      "Category: Poetry",
      "Classical Antiquity"
    ],
    "languages": [
      "en"
    ],
    "copyright": false,
    "media_type": "Text",
    "formats": {
      "text/html": "https://www.gutenberg.org/ebooks/3059.html.images",
      "application/epub+zip": "https://www.gutenberg.org/ebooks/3059.epub3.images",
      "application/x-mobipocket-ebook": "https://www.gutenberg.org/ebooks/3059.kf8.images",
      "text/plain; charset=us-ascii": "https://www.gutenberg.org/ebooks/3059.txt.utf-8",
      "application/rdf+xml": "https://www.gutenberg.org/ebooks/3059.rdf",
      "image/jpeg": "https://www.gutenberg.org/cache/epub/3059/pg3059.cover.medium.jpg",
      "application/octet-stream": "https://www.gutenberg.org/cache/epub/3059/pg3059-h.zip"
    },
    "download_count": 987
  }
}