{
  "average_entropy_rate": 0.2060945674593174,
  "entropy_rate": [
    0.6864212257364521,
    0.0,
    0.0,
    0.0,
    0.0,
    0.0,
    0.0,
    0.582518478413284,
    0.0,
    0.7166060055626853,
    0.0,
    0.0,
    0.0,
    0.808594788896528,
    0.7463208757635371,
    0.0,
    0.0,
    0.0,
    0.0,
    0.838805095523025,
    0.0,
    0.0,
    0.0,
    0.0,
    0.0,
    0.0,
    0.0,
    0.0,
    0.0,
    0.8798326575353621,
    0.0,
    0.0,
    0.0,
    0.7478936055344414,
    0.706448505685725,
    0.0,
    0.0,
    0.8708090829347993,
    0.0,
    0.8656269442461729,
    0.0
  ],
  "estimated_posterior_probability": 56.6113395690918,
  "input": "./smaller_in/Guten_index1824.txt",
  "prevalence_assumed": 0.5,
  "process_length": 80000,
  "gutenberg": {
    "id": 1824,
    "title": "Peace Manoeuvres",
    "authors": [
      {
        "name": "Davis, Richard Harding",
        "birth_year": 1864,
        "death_year": 1916
      }
    ],
    "summaries": [
      "\"Peace Manoeuvres\" by Richard Harding Davis is a fictional novella set in the early 20th century, during a playful depiction of war among local militias. The book chronicles the humorous and romantic escapades of a young soldier, Private Lathrop, who is torn between his duty as a scout and his affection for Beatrice Farrar, a woman he seeks to impress. This light-hearted narrative revolves around themes of love, duty, and the absurdity of war, blending military adventure with romantic comedy.  The story unfolds as Private Lathrop finds himself in a predicament while scouting for enemy forces in the fictional context of a war game. Rather than focusing solely on his military obligations, Lathrop's thoughts are consumed by his desire for Beatrice, prompting a series of comical encounters and misunderstandings. When he is captured by two hapless enemy soldiers posing as invaders, Lathrop cleverly turns the tables, showcasing his resourcefulness. Amidst the antics of amateur soldiers and the ensuing chaos, the narrative culminates in a mixture of humor and tension that tests Lathrop's character, ultimately leading to a heartfelt resolution between him and Beatrice as they confront dangers together. (This is an automatically generated summary.)"
    ],
    "editors": [],
    "translators": [],
    "subjects": [
      "Fiction",
      "Short stories"
    ],
    "bookshelves": [
      "Category: Adventure",
      "Category: American Literature",
      "Category: Humour",
      "Category: Novels",
      "Category: Romance"
    ],
    "languages": [
      "en"
    ],
    "copyright": false,
    "media_type": "Text",
    "formats": {
      "text/html": "https://www.gutenberg.org/ebooks/1824.html.images",
      "text/html; charset=utf-8": "https://www.gutenberg.org/files/1824/1824-h/1824-h.htm",
      "application/epub+zip": "https://www.gutenberg.org/ebooks/1824.epub3.images",
      "application/x-mobipocket-ebook": "https://www.gutenberg.org/ebooks/1824.kf8.images",
      "text/plain; charset=us-ascii": "https://www.gutenberg.org/ebooks/1824.txt.utf-8",
      "text/plain; charset=utf-8": "https://www.gutenberg.org/files/1824/1824-0.txt",
      "application/rdf+xml": "https://www.gutenberg.org/ebooks/1824.rdf",
      "image/jpeg": "https://www.gutenberg.org/cache/epub/1824/pg1824.cover.medium.jpg",
      "application/octet-stream": "https://www.gutenberg.org/cache/epub/1824/pg1824-h.zip"
    },
    "download_count": 301
  }
}