{
  "average_entropy_rate": 0.35787601663866186,
  "entropy_rate": [
    0.0,
    0.8109050204328372,
    0.602757855817006,
    0.0,
    0.0,
    0.8415040910318202,
    0.0,
    0.0,
    0.0,
    0.8001269838707508,
    0.8450434543103168,
    0.0,
    0.8146194581137195,
    0.0,
    0.0,
    0.0,
    0.0,
    0.8730782480236073,
    0.0,
    0.0,
    0.8092898861992931,
    0.0,
    0.0,
    0.0,
    0.7961586265639481,
    0.0,
    0.0,
    0.0,
    0.0,
    0.0,
    0.0,
    0.0,
    0.7392114805284916,
    0.8306011583018617,
    0.8065937595125134,
    0.907726296543785,
    0.86812871328302,
    0.810942159761185,
    0.8039306939028005,
    0.8834274385808897,
    0.8288713574072895
  ],
  "estimated_posterior_probability": 63.35297393798828,
  "input": "./smaller_in/Guten_index927.txt",
  "prevalence_assumed": 0.5,
  "process_length": 80000,
  "gutenberg": {
    "id": 927,
    "title": "The Lamplighter",
    "authors": [
      {
        "name": "Dickens, Charles",
        "birth_year": 1812,
        "death_year": 1870
      }
    ],
    "summaries": [
      "\"The Lamplighter\" by Charles Dickens is a humorous novella written during the Victorian era. The story centers on the character Tom Grig, a jovial lamplighter whose life takes an unexpected turn involving celestial predictions and improbable romantic entanglements. With Dickens' characteristic wit and social commentary, the book explores themes of class, fate, ambition, and the balance of good-natured folly with the harsh realities of life.  The narrative unfolds as Tom Grig is mistaken for a man of noble lineage by an eccentric old gentleman, who insists that Tom is fated to marry his niece due to a celestial prediction. As the story progresses, humorous misunderstandings and chaos ensue, particularly involving the old gentleman's other niece and a dismal boy named Galileo. The plot thickens with the introduction of a philosopher's stone that promises wealth but ultimately leads to a comically disastrous explosion and an unexpected twist in the tale of love and marriage. In a final twist of fate, Tom discovers that he is not just a lamplighter but a central figure in a web of entangled relationships, making it a delightful exploration of destiny intermingled with humor and absurdity. (This is an automatically generated summary.)"
    ],
    "editors": [],
    "translators": [],
    "subjects": [
      "England -- Social life and customs -- 19th century -- Fiction",
      "Humorous stories"
    ],
    "bookshelves": [
      "Category: British Literature",
      "Category: Humour",
      "Category: Novels"
    ],
    "languages": [
      "en"
    ],
    "copyright": false,
    "media_type": "Text",
    "formats": {
      "text/html": "https://www.gutenberg.org/ebooks/927.html.images",
      "application/epub+zip": "https://www.gutenberg.org/ebooks/927.epub3.images",
      "application/x-mobipocket-ebook": "https://www.gutenberg.org/ebooks/927.kf8.images",
      "text/plain; charset=us-ascii": "https://www.gutenberg.org/ebooks/927.txt.utf-8",
      "text/plain; charset=utf-8": "https://www.gutenberg.org/files/927/927-0.txt",
      "application/rdf+xml": "https://www.gutenberg.org/ebooks/927.rdf",
      "image/jpeg": "https://www.gutenberg.org/cache/epub/927/pg927.cover.medium.jpg",
      "application/octet-stream": "https://www.gutenberg.org/cache/epub/927/pg927-h.zip"
    },
    "download_count": 539
  }
}