{
  "average_entropy_rate": 0.23652311452337627,
  "entropy_rate": [
    0.0,
    0.0,
    0.40748361929446475,
    0.0,
    0.5643106272017077,
    0.7733905366253873,
    0.0,
    0.0,
    0.0,
    0.0,
    0.7224233380504277,
    0.0,
    0.5486577758405811,
    0.0,
    0.0,
    0.7447489415751611,
    0.0,
    0.6607664799604098,
    0.0,
    0.0,
    0.0,
    0.0,
    0.0,
    0.0,
    0.0,
    0.0,
    0.0,
    0.0,
    0.7462511499794539,
    0.0,
    0.0,
    0.0,
    0.4936309382247991,
    0.566408349224747,
    0.0,
    0.6821674277041867,
    0.5989560764522666,
    0.6663853903038078,
    0.7805885112735873,
    0.0,
    0.7412785337474419
  ],
  "estimated_posterior_probability": 57.806522369384766,
  "input": "./smaller_in/Guten_index398.txt",
  "prevalence_assumed": 0.5,
  "process_length": 80000,
  "gutenberg": {
    "id": 398,
    "title": "The First Book of Adam and Eve",
    "authors": [
      {
        "name": "Platt, Rutherford Hayes",
        "birth_year": 1894,
        "death_year": 1975
      }
    ],
    "summaries": [
      "\"The First Book of Adam and Eve\" by Rutherford Hayes Platt is a retelling of the story of Adam and Eve after their expulsion from the Garden of Eden, likely written in the late 19th century. The text serves as a fictional account that explores the trials, tribulations, and emotional struggles faced by the first humans, focusing on their reflections on the lost paradise and interactions with divine beings. The narrative particularly emphasizes themes of sin, redemption, and the profound yearning for forgiveness.  The opening of the book sets the stage by detailing Adam and Eve's immediate reactions to their exile from the garden. They descend into a cave called the Cave of Treasures, overwhelmed by grief and remorse as they confront their new reality. Adam mourns the loss of the garden's beauty while Eve takes on the burden of guilt for their transgression, pleading with God for mercy. Throughout these chapters, the couple grapples with despair, engages in prayer for forgiveness, and experiences encounters with God and adversaries, including Satan, emphasizing the continuous tension between hope and despair in their new lives. (This is an automatically generated summary.)"
    ],
    "editors": [],
    "translators": [],
    "subjects": [
      "Adam (Biblical figure)",
      "Apocryphal books (Old Testament)",
      "Eve (Biblical figure)"
    ],
    "bookshelves": [
      "Category: Mythology, Legends & Folklore",
      "Category: Novels",
      "Christianity"
    ],
    "languages": [
      "en"
    ],
    "copyright": false,
    "media_type": "Text",
    "formats": {
      "text/html": "https://www.gutenberg.org/ebooks/398.html.images",
      "text/html; charset=iso-8859-1": "https://www.gutenberg.org/files/398/398-h/398-h.htm",
      "application/epub+zip": "https://www.gutenberg.org/ebooks/398.epub3.images",
      "application/x-mobipocket-ebook": "https://www.gutenberg.org/ebooks/398.kf8.images",
      "text/plain; charset=us-ascii": "https://www.gutenberg.org/ebooks/398.txt.utf-8",
      "application/rdf+xml": "https://www.gutenberg.org/ebooks/398.rdf",
      "image/jpeg": "https://www.gutenberg.org/cache/epub/398/pg398.cover.medium.jpg",
      "application/octet-stream": "https://www.gutenberg.org/cache/epub/398/pg398-h.zip"
    },
    "download_count": 5953
  }
}