{
  "average_entropy_rate": 0.33990289934032736,
  "entropy_rate": [
    0.0,
    0.0,
    0.0,
    0.8202382137793277,
    0.6835908943777024,
    0.6990122371610381,
    0.6628475320913318,
    0.0,
    0.0,
    0.0,
    0.0,
    0.7375233057819337,
    0.0,
    0.0,
    0.0,
    0.0,
    0.6938305307708994,
    0.0,
    0.7051645209697557,
    0.0,
    0.0,
    0.0,
    0.848640319956818,
    0.0,
    0.0,
    0.0,
    0.6889815179383562,
    0.0,
    0.0,
    0.7590872068741167,
    0.0,
    0.0,
    0.8662256763687479,
    0.6910511270767686,
    0.6996330598335758,
    0.7458527942785319,
    0.7079155064439131,
    0.6959487619227922,
    0.6910302638923359,
    0.7998348296863493,
    0.7396105737491294
  ],
  "estimated_posterior_probability": 62.439640045166016,
  "input": "./smaller_in/Guten_index3692.txt",
  "prevalence_assumed": 0.5,
  "process_length": 80000,
  "gutenberg": {
    "id": 3692,
    "title": "The House of Life",
    "authors": [
      {
        "name": "Rossetti, Dante Gabriel",
        "birth_year": 1828,
        "death_year": 1882
      }
    ],
    "summaries": [
      "\"The House of Life\" by Dante Gabriel Rossetti is a collection of sonnets and poems, crafted during the late 19th century (Victorian era). This work deeply explores themes of love, beauty, and the intertwining of life and death, reflecting Rossetti's own experiences and philosophies. Through lyrical language and vivid imagery, the poems convey the intensity of romantic relationships and the impact of time on love.  The content of the book is characterized by its exploration of various dimensions of love, from passionate romance to contemplative sorrow. It begins with musings on youth and love’s exuberance and transitions into themes of change, loss, and the inevitability of death. Each poem often embodies a dialogue between the speaker and their beloved, touching upon the complexities of desire, memory, and the inevitability of separation. Rossetti’s metaphysical reflections elevate love to a near-sacred status, portraying it as a force that transcends life itself, ultimately leading to profound insights about existence and the human condition. (This is an automatically generated summary.)"
    ],
    "editors": [],
    "translators": [],
    "subjects": [
      "English poetry -- 19th century"
    ],
    "bookshelves": [
      "Category: British Literature",
      "Category: Poetry"
    ],
    "languages": [
      "en"
    ],
    "copyright": false,
    "media_type": "Text",
    "formats": {
      "text/html": "https://www.gutenberg.org/ebooks/3692.html.images",
      "application/epub+zip": "https://www.gutenberg.org/ebooks/3692.epub3.images",
      "application/x-mobipocket-ebook": "https://www.gutenberg.org/ebooks/3692.kf8.images",
      "text/plain; charset=us-ascii": "https://www.gutenberg.org/ebooks/3692.txt.utf-8",
      "application/rdf+xml": "https://www.gutenberg.org/ebooks/3692.rdf",
      "image/jpeg": "https://www.gutenberg.org/cache/epub/3692/pg3692.cover.medium.jpg",
      "application/octet-stream": "https://www.gutenberg.org/files/3692/3692.zip"
    },
    "download_count": 339
  }
}