{
  "average_entropy_rate": 0.36738545898666625,
  "entropy_rate": [
    0.0,
    0.0,
    0.0,
    0.7883699098280563,
    0.9360201238692466,
    0.7663752305863626,
    0.0,
    0.0,
    0.0,
    0.0,
    0.7558970308464552,
    0.0,
    0.0,
    0.0,
    0.0,
    0.0,
    0.6209135554472204,
    0.0,
    0.7626759318104696,
    0.0,
    0.0,
    0.0,
    0.858709200396478,
    0.0,
    0.7719724340334227,
    0.8791658476558274,
    0.0,
    0.0,
    0.0,
    0.0,
    0.7718563547204669,
    0.0,
    0.8309087858281553,
    0.9447710326148674,
    0.7568603975896894,
    0.7643701324578549,
    0.694044715123032,
    0.7517297094185343,
    0.7927311408159333,
    0.8485024494565514,
    0.7669298359546951
  ],
  "estimated_posterior_probability": 63.84908676147461,
  "input": "./smaller_in/Guten_index1782.txt",
  "prevalence_assumed": 0.5,
  "process_length": 80000,
  "gutenberg": {
    "id": 1782,
    "title": "King Henry IV, Part 2",
    "authors": [
      {
        "name": "Shakespeare, William",
        "birth_year": 1564,
        "death_year": 1616
      }
    ],
    "summaries": [
      "\"King Henry IV, Part 2\" by William Shakespeare is a history play written between 1596 and 1599. This continuation of Shakespeare's tetralogy follows Prince Hal's final journey toward kingship while the aging Falstaff revels in London's underworld, expecting royal favor. As King Henry IV lies dying and a new rebellion threatens England, the two storylines move toward an inevitable confrontation. The play explores themes of age, mortality, and political transformation, culminating in a dramatic reckoning that will determine both the prince's future and Falstaff's fate. (This is an automatically generated summary.)"
    ],
    "editors": [],
    "translators": [],
    "subjects": [
      "Great Britain -- History -- Henry IV, 1399-1413 -- Drama",
      "Henry IV, King of England, 1367-1413 -- Drama",
      "Historical drama"
    ],
    "bookshelves": [
      "Category: British Literature",
      "Category: Historical Novels",
      "Category: Plays/Films/Dramas"
    ],
    "languages": [
      "en"
    ],
    "copyright": false,
    "media_type": "Text",
    "formats": {
      "text/html": "https://www.gutenberg.org/ebooks/1782.html.images",
      "application/epub+zip": "https://www.gutenberg.org/ebooks/1782.epub3.images",
      "application/x-mobipocket-ebook": "https://www.gutenberg.org/ebooks/1782.kf8.images",
      "text/plain; charset=us-ascii": "https://www.gutenberg.org/ebooks/1782.txt.utf-8",
      "application/rdf+xml": "https://www.gutenberg.org/ebooks/1782.rdf",
      "image/jpeg": "https://www.gutenberg.org/cache/epub/1782/pg1782.cover.medium.jpg",
      "application/octet-stream": "https://www.gutenberg.org/cache/epub/1782/pg1782-h.zip"
    },
    "download_count": 293
  }
}