{
  "average_entropy_rate": 0.3552067440224954,
  "entropy_rate": [
    0.7059577250482717,
    0.9695540010209472,
    0.0,
    0.0,
    0.0,
    0.0,
    0.0,
    0.0,
    0.0,
    0.0,
    0.0,
    0.0,
    0.7106792292370758,
    0.0,
    0.0,
    0.708820723924485,
    0.0,
    0.821056982815934,
    0.0,
    0.0,
    0.0,
    0.0,
    0.0,
    0.9372915232246247,
    0.0,
    0.0,
    0.9171979665982775,
    0.0,
    0.0,
    0.748584350533586,
    0.0,
    0.7512772547319758,
    0.750136177110192,
    0.9521733376677879,
    0.8606929012711766,
    0.7079387735831565,
    0.8320994163010385,
    0.8267187758261091,
    0.9004271691359624,
    0.7143255866140018,
    0.7485446102777068
  ],
  "estimated_posterior_probability": 63.21586990356445,
  "input": "./smaller_in/Guten_index4130.txt",
  "prevalence_assumed": 0.5,
  "process_length": 80000,
  "gutenberg": {
    "id": 4130,
    "title": "Diary of Samuel Pepys — Volume 13: November/December 1661",
    "authors": [
      {
        "name": "Pepys, Samuel",
        "birth_year": 1633,
        "death_year": 1703
      }
    ],
    "summaries": [
      "\"Diary of Samuel Pepys — Volume 13: November/December 1661\" by Samuel Pepys is a historical account written during the early modern period, specifically in the 17th century. This book is a continuation of Pepys' renowned diary which chronicles the daily life and events in London, offering an intimate glimpse into the social, political, and cultural dynamics of the time. The likely topic of this volume includes Pepys's personal reflections on his life, family, professional duties, social engagements, and the larger events shaping England during the Restoration era.  In this volume, Pepys provides detailed entries that reflect his everyday experiences as a clerk to the Admiralty. The diary captures a wide range of occurrences—from festive gatherings and dinners with friends and family to observations on theatre performances and the recent happenings in Parliament. Pepys also addresses domestic matters, such as his relationship with his wife and his interactions with servants and acquaintances. Throughout the diary, he expresses a mix of personal concerns, such as his financial worries and moral dilemmas, set against the backdrop of a nation trying to find its footing after a tumultuous period. The entries not only chronicle personal anecdotes but also serve as a historical record of London life during this significant time in English history. (This is an automatically generated summary.)"
    ],
    "editors": [
      {
        "name": "Wheatley, Henry B. (Henry Benjamin)",
        "birth_year": 1838,
        "death_year": 1917
      },
      {
        "name": "Braybrooke, Richard Griffin, Baron",
        "birth_year": 1783,
        "death_year": 1858
      }
    ],
    "translators": [
      {
        "name": "Bright, Mynors",
        "birth_year": 1818,
        "death_year": 1883
      }
    ],
    "subjects": [
      "Cabinet officers -- Great Britain -- Diaries",
      "Diarists -- Great Britain -- Diaries",
      "Great Britain -- History -- Charles II, 1660-1685 -- Sources",
      "Great Britain -- Social life and customs -- 17th century -- Sources",
      "Pepys, Samuel, 1633-1703 -- Diaries"
    ],
    "bookshelves": [
      "Category: Biographies",
      "Category: British Literature",
      "Category: History - Early Modern (c. 1450-1750)"
    ],
    "languages": [
      "en"
    ],
    "copyright": false,
    "media_type": "Text",
    "formats": {
      "text/html": "https://www.gutenberg.org/ebooks/4130.html.images",
      "application/epub+zip": "https://www.gutenberg.org/ebooks/4130.epub3.images",
      "application/x-mobipocket-ebook": "https://www.gutenberg.org/ebooks/4130.kf8.images",
      "text/plain; charset=us-ascii": "https://www.gutenberg.org/ebooks/4130.txt.utf-8",
      "application/rdf+xml": "https://www.gutenberg.org/ebooks/4130.rdf",
      "image/jpeg": "https://www.gutenberg.org/cache/epub/4130/pg4130.cover.medium.jpg",
      "application/octet-stream": "https://www.gutenberg.org/files/4130/4130.zip"
    },
    "download_count": 311
  }
}