{
  "average_entropy_rate": 0.2615342214297177,
  "entropy_rate": [
    0.5967498875253718,
    0.0,
    0.8680160367677167,
    0.0,
    0.0,
    0.0,
    0.7660729039653551,
    0.0,
    0.0,
    0.0,
    0.0,
    0.0,
    0.0,
    0.0,
    0.0,
    0.0,
    0.0,
    0.0,
    0.0,
    0.0,
    0.0,
    0.908238926867593,
    0.0,
    1.0016301321306726,
    0.0,
    0.0,
    0.0,
    0.0,
    0.0,
    0.0,
    0.7442626508088374,
    0.7643136743599555,
    0.8074735901928487,
    0.0,
    0.7711682985177818,
    0.7599058642093733,
    0.0,
    0.9619259397125101,
    0.97784918704,
    0.0,
    0.7952959865204093
  ],
  "estimated_posterior_probability": 58.842628479003906,
  "input": "./smaller_in/Guten_index2921.txt",
  "prevalence_assumed": 0.5,
  "process_length": 80000,
  "gutenberg": {
    "id": 2921,
    "title": "The Present Condition of Organic Nature: Lecture I. (of VI.), \"Lectures to Working Men\", at the Museum of Practical Geology, 1863, on Darwin's Work: \"Origin of Species\"",
    "authors": [
      {
        "name": "Huxley, Thomas Henry",
        "birth_year": 1825,
        "death_year": 1895
      }
    ],
    "summaries": [
      "\"The Present Condition of Organic Nature\" by Thomas Henry Huxley is a scientific publication originally presented as a lecture series in the mid-19th century, specifically during the late 1860s. The book encapsulates Huxley's examination of organic life, focusing significantly on Charles Darwin's work in \"On the Origin of Species.\" It serves as a comprehensive exploration of biological principles, emphasizing the interconnectedness of living beings and their relationship with the inorganic world.  In this lecture, Huxley delves into the anatomy and physiological processes of living organisms using the horse as a focal example. He illustrates how every living being, including plants and animals, transitions from a simple cellular form to complex structures, highlighting the cyclical nature of life and death. By discussing the unity of biological organization, Huxley emphasizes that all living organisms share fundamental similarities in their developmental processes, ultimately suggesting that the diversity of life stems from variations on a shared blueprint. The overarching theme is the relationship between organic and inorganic matter, reinforcing the idea that life is a continuous cycle of absorption, transformation, and decay within the framework of natural laws. (This is an automatically generated summary.)"
    ],
    "editors": [],
    "translators": [],
    "subjects": [
      "Darwin, Charles, 1809-1882. On the origin of species",
      "Evolution (Biology)"
    ],
    "bookshelves": [
      "Category: Science - Biology"
    ],
    "languages": [
      "en"
    ],
    "copyright": false,
    "media_type": "Text",
    "formats": {
      "text/html": "https://www.gutenberg.org/ebooks/2921.html.images",
      "application/epub+zip": "https://www.gutenberg.org/ebooks/2921.epub3.images",
      "application/x-mobipocket-ebook": "https://www.gutenberg.org/ebooks/2921.kf8.images",
      "text/plain; charset=us-ascii": "https://www.gutenberg.org/ebooks/2921.txt.utf-8",
      "application/rdf+xml": "https://www.gutenberg.org/ebooks/2921.rdf",
      "image/jpeg": "https://www.gutenberg.org/cache/epub/2921/pg2921.cover.medium.jpg",
      "application/octet-stream": "https://www.gutenberg.org/files/2921/2921-h.zip"
    },
    "download_count": 240
  }
}