{
  "average_entropy_rate": 0.09286699143555228,
  "entropy_rate": [
    0.0,
    0.0,
    0.0,
    0.0,
    0.0,
    0.0,
    0.0,
    0.0,
    0.0,
    0.0,
    0.36782393538827274,
    0.0,
    0.0,
    0.0,
    0.0,
    0.0,
    0.0,
    0.3911361026085632,
    0.0,
    0.0,
    0.0,
    0.0,
    0.6239694571089719,
    0.0,
    0.0,
    0.0,
    0.0,
    0.0,
    0.0,
    0.0,
    0.6599460104658891,
    0.0,
    0.0,
    0.0,
    0.0,
    0.0,
    0.0,
    0.5859791173551466,
    0.6694516905594329,
    0.509240335371367,
    0.0
  ],
  "estimated_posterior_probability": 52.69670486450195,
  "input": "./smaller_in/Guten_index2409.txt",
  "prevalence_assumed": 0.5,
  "process_length": 80000,
  "gutenberg": {
    "id": 2409,
    "title": "Wilhelm Meisters Wanderjahre — Band 1",
    "authors": [
      {
        "name": "Goethe, Johann Wolfgang von",
        "birth_year": 1749,
        "death_year": 1832
      }
    ],
    "summaries": [
      "\"Wilhelm Meisters Wanderjahre — Band 1\" by Johann Wolfgang von Goethe is a novel published in 1821. Wilhelm Meister embarks on a journey bound by strict rules: never stay more than three days under one roof, always travel with his son Felix, never let a third person join them. As they wander through mountains and valleys, they encounter mysterious families, discover hidden treasures, and explore questions of renunciation and human understanding. This unconventional narrative weaves together stories, letters, and philosophical reflections into a challenging meditation on transformation and restraint. (This is an automatically generated summary.)"
    ],
    "editors": [],
    "translators": [],
    "subjects": [
      "Alps -- Fiction",
      "Bildungsromans"
    ],
    "bookshelves": [
      "Category: German Literature",
      "Category: Novels",
      "DE Prosa"
    ],
    "languages": [
      "de"
    ],
    "copyright": false,
    "media_type": "Text",
    "formats": {
      "text/html": "https://www.gutenberg.org/ebooks/2409.html.images",
      "application/epub+zip": "https://www.gutenberg.org/ebooks/2409.epub3.images",
      "application/x-mobipocket-ebook": "https://www.gutenberg.org/ebooks/2409.kf8.images",
      "text/plain; charset=us-ascii": "https://www.gutenberg.org/ebooks/2409.txt.utf-8",
      "application/rdf+xml": "https://www.gutenberg.org/ebooks/2409.rdf",
      "image/jpeg": "https://www.gutenberg.org/cache/epub/2409/pg2409.cover.medium.jpg",
      "application/octet-stream": "https://www.gutenberg.org/cache/epub/2409/pg2409-h.zip"
    },
    "download_count": 259
  }
}