{
  "average_entropy_rate": 0.1250421809013275,
  "entropy_rate": [
    0.0,
    0.7783283546372697,
    0.7783283546372697,
    0.0,
    0.0,
    0.0,
    0.0,
    0.0,
    0.0,
    0.0,
    0.0,
    0.504328126291437,
    0.8030284953058998,
    0.0,
    0.0,
    0.0,
    0.0,
    0.0,
    0.0,
    0.0,
    0.0,
    0.0,
    0.0,
    0.0,
    0.0,
    0.0,
    0.0,
    0.0,
    0.0,
    0.0,
    0.0,
    0.0,
    0.0,
    0.7783283546372697,
    0.7783283546372697,
    0.7060593768080117,
    0.0,
    0.0,
    0.0,
    0.0,
    0.0
  ],
  "estimated_posterior_probability": 53.73382568359375,
  "input": "./smaller_in/Guten_index4399.txt",
  "prevalence_assumed": 0.5,
  "process_length": 80000,
  "gutenberg": {
    "id": 4399,
    "title": "A Few Figs from Thistles",
    "authors": [
      {
        "name": "Millay, Edna St. Vincent",
        "birth_year": 1892,
        "death_year": 1950
      }
    ],
    "summaries": [
      "\"A Few Figs from Thistles\" by Edna St. Vincent Millay is a collection of poems and sonnets written during the early 20th century. The book presents a vibrant exploration of love, loss, beauty, and the complexities of human emotions, often infused with Millay's characteristic wit and lyrical charm. The title suggests both the sweetness and bitterness of life, with the “figs” metaphorically representing the fruits of experience that one encounters along the journey.  This collection contains a variety of poems that express the varied landscapes of emotion and human experience. Millay's verses cover themes like the fleeting nature of love, the joys and sorrows of relationships, and the joy found in simple moments. For instance, in “My candle burns at both ends,” she poignantly reflects on the inevitability of life's transience while embracing its beauty. Other poems, such as “Recuerdo,” evoke nostalgia and shared memories, showcasing her ability to weave personal reflections into universal truths. With her distinctive voice, Millay captures the essence of both the highs and lows of life, making her work resonate deeply with readers. (This is an automatically generated summary.)"
    ],
    "editors": [],
    "translators": [],
    "subjects": [
      "American poetry -- 20th century"
    ],
    "bookshelves": [
      "Category: American Literature",
      "Category: Poetry"
    ],
    "languages": [
      "en"
    ],
    "copyright": false,
    "media_type": "Text",
    "formats": {
      "text/html": "https://www.gutenberg.org/ebooks/4399.html.images",
      "application/epub+zip": "https://www.gutenberg.org/ebooks/4399.epub3.images",
      "application/x-mobipocket-ebook": "https://www.gutenberg.org/ebooks/4399.kf8.images",
      "text/plain; charset=us-ascii": "https://www.gutenberg.org/ebooks/4399.txt.utf-8",
      "application/rdf+xml": "https://www.gutenberg.org/ebooks/4399.rdf",
      "image/jpeg": "https://www.gutenberg.org/cache/epub/4399/pg4399.cover.medium.jpg",
      "application/octet-stream": "https://www.gutenberg.org/files/4399/4399.zip"
    },
    "download_count": 239
  }
}