{
  "average_entropy_rate": 0.13219766461283772,
  "entropy_rate": [
    0.0,
    0.0,
    0.0,
    0.6235413326509978,
    0.0,
    0.41451065647746577,
    0.0,
    0.0,
    0.0,
    0.0,
    0.5340332459051289,
    0.0,
    0.0,
    0.0,
    0.0,
    0.0,
    0.0,
    0.0,
    0.0,
    0.0,
    0.5934033264625841,
    0.5,
    0.0,
    0.0,
    0.0,
    0.0,
    0.0,
    0.0,
    0.0,
    0.0,
    0.5915870059457203,
    0.5060824448234752,
    0.0,
    0.6116679094246901,
    0.0,
    0.0,
    0.5,
    0.5452783274362837,
    0.0,
    0.0,
    0.0
  ],
  "estimated_posterior_probability": 53.971588134765625,
  "input": "data/human/Gutenberg//Guten_index1719.txt",
  "prevalence_assumed": 0.5,
  "process_length": 80000,
  "gutenberg": {
    "id": 1719,
    "title": "The Ballad of the White Horse",
    "authors": [
      {
        "name": "Chesterton, G. K. (Gilbert Keith)",
        "birth_year": 1874,
        "death_year": 1936
      }
    ],
    "summaries": [
      "\"The Ballad of the White Horse\" by G. K. Chesterton is a poem published in 1911. Written in traditional epic ballad form, it tells the story of Saxon King Alfred the Great's struggle against invading Danes. Hiding on a river island after near-defeat, Alfred receives a vision from the Virgin Mary. He gathers Catholic chieftains, infiltrates the enemy camp disguised as a minstrel, and leads his outnumbered forces to the climactic Battle of Ethandun, where faith and valor collide. (This is an automatically generated summary.)"
    ],
    "editors": [],
    "translators": [],
    "subjects": [
      "Alfred, King of England, 849-899 -- Poetry",
      "Christian poetry",
      "Epic poetry",
      "Great Britain -- History -- Alfred, 871-899 -- Poetry",
      "Historical poetry",
      "White Horse, Vale of (England) -- Poetry"
    ],
    "bookshelves": [
      "Category: British Literature",
      "Category: Mythology, Legends & Folklore",
      "Category: Poetry"
    ],
    "languages": [
      "en"
    ],
    "copyright": false,
    "media_type": "Text",
    "formats": {
      "text/html": "https://www.gutenberg.org/ebooks/1719.html.images",
      "application/epub+zip": "https://www.gutenberg.org/ebooks/1719.epub3.images",
      "application/x-mobipocket-ebook": "https://www.gutenberg.org/ebooks/1719.kf8.images",
      "text/plain; charset=us-ascii": "https://www.gutenberg.org/ebooks/1719.txt.utf-8",
      "application/rdf+xml": "https://www.gutenberg.org/ebooks/1719.rdf",
      "image/jpeg": "https://www.gutenberg.org/cache/epub/1719/pg1719.cover.medium.jpg",
      "application/octet-stream": "https://www.gutenberg.org/files/1719/1719-0.zip"
    },
    "download_count": 3849
  }
}