{
  "average_entropy_rate": 0.07301287745460716,
  "entropy_rate": [
    0.0,
    0.0,
    0.0,
    0.0,
    0.0,
    0.0,
    0.0,
    0.0,
    0.0,
    0.0,
    0.7452690050455688,
    0.6037269259757023,
    0.0,
    0.0,
    0.0,
    0.0,
    0.0,
    0.0,
    0.0,
    0.3088812999069436,
    0.0,
    0.0,
    0.0,
    0.0,
    0.0,
    0.0,
    0.0,
    0.0,
    0.0,
    0.0,
    0.0,
    0.0,
    0.0,
    0.0,
    0.0,
    0.0,
    0.7518273413390023,
    0.0,
    0.583823403371676,
    0.0,
    0.0
  ],
  "estimated_posterior_probability": 52.08564376831055,
  "input": "./smaller_in/Guten_index2190.txt",
  "prevalence_assumed": 0.5,
  "process_length": 80000,
  "gutenberg": {
    "id": 2190,
    "title": "Isabella von Ägypten: Kaiser Karl des Fünften erste Jugendliebe",
    "authors": [
      {
        "name": "Arnim, Ludwig Achim, Freiherr von",
        "birth_year": 1781,
        "death_year": 1831
      }
    ],
    "summaries": [
      "\"Isabella von Ägypten: Kaiser Karl des Fünften erste Jugendliebe\" by Achim von Arnim is a novella published in 1812. When the young gypsy Isabella's father is executed, she uses magic to raise a mandrake root that can find treasure. Her extraordinary beauty catches the attention of the future Emperor Charles V, and they fall in love. But Isabella wants more than romance—she dreams of using their child to reunite her scattered people and lead them back to Egypt. As political ambition and enchantment collide, their love faces impossible choices. (This is an automatically generated summary.)"
    ],
    "editors": [],
    "translators": [],
    "subjects": [
      "Charles V, Holy Roman Emperor, 1500-1558 -- Fiction"
    ],
    "bookshelves": [
      "Category: German Literature",
      "Category: Mythology, Legends & Folklore",
      "Category: Novels",
      "Category: Science-Fiction & Fantasy",
      "DE Prosa"
    ],
    "languages": [
      "de"
    ],
    "copyright": false,
    "media_type": "Text",
    "formats": {
      "text/html": "https://www.gutenberg.org/ebooks/2190.html.images",
      "application/epub+zip": "https://www.gutenberg.org/ebooks/2190.epub3.images",
      "application/x-mobipocket-ebook": "https://www.gutenberg.org/ebooks/2190.kf8.images",
      "text/plain; charset=us-ascii": "https://www.gutenberg.org/ebooks/2190.txt.utf-8",
      "application/rdf+xml": "https://www.gutenberg.org/ebooks/2190.rdf",
      "image/jpeg": "https://www.gutenberg.org/cache/epub/2190/pg2190.cover.medium.jpg",
      "application/octet-stream": "https://www.gutenberg.org/cache/epub/2190/pg2190-h.zip"
    },
    "download_count": 249
  }
}