{
  "average_entropy_rate": 0.2891310460836441,
  "entropy_rate": [
    0.774536078267936,
    0.6734957290194574,
    0.6716667906294109,
    0.739426565692325,
    0.0,
    0.0,
    0.0,
    0.6847042140008427,
    0.0,
    0.0,
    0.0,
    0.0,
    0.6919038672043399,
    0.0,
    0.7386085007312413,
    0.0,
    0.5137931205292088,
    0.0,
    0.0,
    0.0,
    0.0,
    0.0,
    0.0,
    0.0,
    0.0,
    0.7469378986668491,
    0.7470280514628979,
    0.0,
    0.0,
    0.6990433560958172,
    0.0,
    0.0,
    0.0,
    0.6559422918520688,
    0.0,
    0.6939510538554906,
    0.768317445675076,
    0.0,
    0.7218462349218884,
    0.6052355182309651,
    0.7279361725935948
  ],
  "estimated_posterior_probability": 60.045982360839844,
  "input": "./smaller_in/Guten_index4074.txt",
  "prevalence_assumed": 0.5,
  "process_length": 80000,
  "gutenberg": {
    "id": 4074,
    "title": "Swallow: A Tale of the Great Trek",
    "authors": [
      {
        "name": "Haggard, H. Rider (Henry Rider)",
        "birth_year": 1856,
        "death_year": 1925
      }
    ],
    "summaries": [
      "\"Swallow: A Tale of the Great Trek\" by H. Rider Haggard is a historical novel written in the late 19th century. The story centers on the experiences of Vrouw Botmar, who recounts the journey of the Voortrekkers, the Dutch settlers, as they navigate their way through the challenges of a changing and tumultuous landscape in South Africa. It explores themes of identity, belonging, and the impact of colonialism through the lives of characters like Suzanne Naudé, her husband Ralph Kenzie, and Vrouw Botmar herself.  The opening of the novel introduces the perspective of Vrouw Botmar, who begins to recount a tale of her life and the lives of her family, particularly focusing on her great-granddaughter Suzanne. She reflects on her husband Jan's past as a robust figure during the Great Trek, the hardships they faced, and the tragedies of their youth against the backdrop of Zulu wars and British colonial rule. As the narrative unfolds, Vrouw Botmar hints at the discovery of Ralph Kenzie, an English castaway, and Suzanne’s deep connection to him. The beginning sets a tone of nostalgia and unresolved tension as Vrouw Botmar prepares to narrate a history filled with personal loss and cultural conflict, inviting readers to engage with the intertwining destinies of her family and the broader historical context of the Great Trek. (This is an automatically generated summary.)"
    ],
    "editors": [],
    "translators": [],
    "subjects": [
      "Historical fiction",
      "South Africa -- History -- Great Trek, 1836-1840 -- Fiction",
      "Transvaal (South Africa) -- Fiction"
    ],
    "bookshelves": [
      "Category: Adventure",
      "Category: Historical Novels",
      "Historical Fiction"
    ],
    "languages": [
      "en"
    ],
    "copyright": false,
    "media_type": "Text",
    "formats": {
      "text/html": "https://www.gutenberg.org/ebooks/4074.html.images",
      "application/epub+zip": "https://www.gutenberg.org/ebooks/4074.epub3.images",
      "application/x-mobipocket-ebook": "https://www.gutenberg.org/ebooks/4074.kf8.images",
      "text/plain; charset=us-ascii": "https://www.gutenberg.org/ebooks/4074.txt.utf-8",
      "application/rdf+xml": "https://www.gutenberg.org/ebooks/4074.rdf",
      "image/jpeg": "https://www.gutenberg.org/cache/epub/4074/pg4074.cover.medium.jpg",
      "application/octet-stream": "https://www.gutenberg.org/files/4074/4074-0.zip"
    },
    "download_count": 367
  }
}