{
  "average_entropy_rate": 0.10143600398163656,
  "entropy_rate": [
    0.349999998657467,
    0.0,
    0.0,
    0.0,
    0.0,
    0.0,
    0.0,
    0.0,
    0.0,
    0.0,
    0.0,
    0.0,
    0.0,
    0.0,
    0.0,
    0.0,
    0.0,
    0.0,
    0.0,
    0.0,
    0.0,
    0.0,
    0.0,
    0.0,
    0.0,
    0.0,
    0.0,
    0.0,
    0.0,
    0.6493974703476995,
    0.4666666648766227,
    0.5384615363961028,
    0.38888888739718536,
    0.0,
    0.0,
    0.0,
    0.0,
    0.0,
    0.6493974703476995,
    0.4666666648766227,
    0.6493974703476995
  ],
  "estimated_posterior_probability": 52.96760177612305,
  "input": "./smaller_in/Guten_index4665.txt",
  "prevalence_assumed": 0.5,
  "process_length": 80000,
  "gutenberg": {
    "id": 4665,
    "title": "Signora Fantastici (A Dramatic Proverb)",
    "authors": [
      {
        "name": "Staël, Madame de (Anne-Louise-Germaine)",
        "birth_year": 1766,
        "death_year": 1817
      }
    ],
    "summaries": [
      "\"Signora Fantastici (A Dramatic Proverb)\" by Madame de Staël is a dramatic play written in the early 19th century. The work unfolds in a town in the German parts of Switzerland and revolves around the dynamics of a family, particularly the influence of the charming character Signora Fantastici on the lives of the de Kriegschenmahl family. The play explores themes of artistic expression versus conventional living, and the transformative power of creativity and imagination.  The narrative follows Mr. and Mrs. de Kriegschenmahl and their two sons, Licidas and Rodolphe, as they navigate the upheaval caused by the arrival of Signora Fantastici and her daughter, Zepherina. Licidas is captivated by Signora Fantastici and her artistic life, which contrasts starkly with the mundane lives led by his parents. He expresses a desire to leave with her to Italy, an aspiration met with parental disapproval. Meanwhile, Rodolphe is swept into a playful interaction with Zepherina, leading to further complications. Ultimately, Signora Fantastici's charisma challenges the stifling norms of the de Kriegschenmahl household, prompting both humorous and poignant revelations about the importance of poetry, art, and the liberation from societal expectations. The play concludes with a celebration of the triumph of imagination and creativity over the dullness of routine. (This is an automatically generated summary.)"
    ],
    "editors": [],
    "translators": [
      {
        "name": "Morlock, Frank J.",
        "birth_year": null,
        "death_year": null
      }
    ],
    "subjects": [
      "French drama -- 19th century -- Translations into English"
    ],
    "bookshelves": [
      "Category: Plays/Films/Dramas"
    ],
    "languages": [
      "en"
    ],
    "copyright": true,
    "media_type": "Text",
    "formats": {
      "text/html": "https://www.gutenberg.org/ebooks/4665.html.images",
      "application/epub+zip": "https://www.gutenberg.org/ebooks/4665.epub3.images",
      "application/x-mobipocket-ebook": "https://www.gutenberg.org/ebooks/4665.kf8.images",
      "text/plain; charset=us-ascii": "https://www.gutenberg.org/ebooks/4665.txt.utf-8",
      "application/rdf+xml": "https://www.gutenberg.org/ebooks/4665.rdf",
      "image/jpeg": "https://www.gutenberg.org/cache/epub/4665/pg4665.cover.medium.jpg",
      "application/octet-stream": "https://www.gutenberg.org/files/4665/4665.zip"
    },
    "download_count": 214
  }
}