{
  "average_entropy_rate": 0.055639930520392664,
  "entropy_rate": [
    0.7272727284290638,
    0.0,
    0.0,
    0.4210526322484055,
    0.0,
    0.0,
    0.0,
    0.0,
    0.0,
    0.0,
    0.0,
    0.0,
    0.0,
    0.0,
    0.0,
    0.0,
    0.0,
    0.0,
    0.0,
    0.0,
    0.0,
    0.0,
    0.0,
    0.0,
    0.0,
    0.0,
    0.0,
    0.0,
    0.0,
    0.0,
    0.0,
    0.0,
    0.4056390622295663,
    0.7272727284290638,
    0.0,
    0.0,
    0.0,
    0.0,
    0.0,
    0.0,
    0.0
  ],
  "estimated_posterior_probability": 51.56794357299805,
  "input": "./smaller_in/Guten_index1546.txt",
  "prevalence_assumed": 0.5,
  "process_length": 80000,
  "gutenberg": {
    "id": 1546,
    "title": "Sonnets on Sundry Notes of Music",
    "authors": [
      {
        "name": "Shakespeare, William",
        "birth_year": 1564,
        "death_year": 1616
      }
    ],
    "summaries": [
      "\"Sonnets on Sundry Notes of Music\" by William Shakespeare is a collection of poetic works that blends themes of love and nature through enchanting lyricism. Written during the late 16th to early 17th century, this book captures the essence of the Elizabethan era, where poetry was a popular form of expression, particularly regarding the complexities of human emotions. The likely topic of the book revolves around the interplay of love, desire, and the beauty of nature, illustrated through a series of sonnets.  The content of the collection features a variety of sonnets that explore different facets of love, from its joys to its heartbreaks. In the poems, Shakespeare personifies emotions and presents vivid imagery of idyllic pastoral scenes, often contrasting the beauty of nature with the pain of love unrequited or lost. The speaker laments the fickleness of fortune and reflects on the nature of true friendship, contemplating how relationships can shift with changing circumstances. In essence, the collection serves as an evocative meditation on love's complications, delivered through Shakespeare's masterful command of language and rhythm. (This is an automatically generated summary.)"
    ],
    "editors": [],
    "translators": [],
    "subjects": [
      "English poetry -- Early modern, 1500-1700"
    ],
    "bookshelves": [
      "Category: British Literature",
      "Category: Classics of Literature",
      "Category: Poetry"
    ],
    "languages": [
      "en"
    ],
    "copyright": false,
    "media_type": "Text",
    "formats": {
      "text/html": "https://www.gutenberg.org/ebooks/1546.html.images",
      "application/epub+zip": "https://www.gutenberg.org/ebooks/1546.epub3.images",
      "application/x-mobipocket-ebook": "https://www.gutenberg.org/ebooks/1546.kf8.images",
      "text/plain; charset=us-ascii": "https://www.gutenberg.org/ebooks/1546.txt.utf-8",
      "application/rdf+xml": "https://www.gutenberg.org/ebooks/1546.rdf",
      "image/jpeg": "https://www.gutenberg.org/cache/epub/1546/pg1546.cover.medium.jpg",
      "application/octet-stream": "https://www.gutenberg.org/cache/epub/1546/pg1546-h.zip"
    },
    "download_count": 223
  }
}