{
  "average_entropy_rate": 0.40622070339940436,
  "entropy_rate": [
    0.75,
    0.75,
    0.75,
    0.75,
    0.75,
    0.6968367447880168,
    0.9443856198096514,
    0.0,
    0.0,
    0.0,
    0.0,
    0.0,
    0.0,
    0.0,
    0.0,
    0.0,
    0.0,
    0.0,
    0.0,
    0.0,
    0.0,
    0.9024489930506895,
    0.0,
    0.0,
    0.0,
    0.0,
    0.0,
    0.0,
    1.0739760330160868,
    0.0,
    0.75,
    0.9443856198096514,
    0.75,
    0.75,
    0.75,
    0.8198079350447254,
    0.9443856198096514,
    0.9400510344278022,
    0.9443856198096514,
    0.75,
    0.9443856198096514
  ],
  "estimated_posterior_probability": 65.98397064208984,
  "input": "./smaller_in/Guten_index3391.txt",
  "prevalence_assumed": 0.5,
  "process_length": 80000,
  "gutenberg": {
    "id": 3391,
    "title": "A Belated Guest (from Literary Friends and Acquaintance)",
    "authors": [
      {
        "name": "Howells, William Dean",
        "birth_year": 1837,
        "death_year": 1920
      }
    ],
    "summaries": [
      "\"A Belated Guest (from Literary Friends and Acquaintance)\" by William Dean Howells is a reflective account written in the late 19th century. This work is a literary reminiscence, highlighting the author’s encounters with notable literary figures, notably Bret Harte, a prominent American author. The book captures the essence of Howells' experiences and observations, painting a vivid picture of the literary landscape of the time and the personalities that inhabited it.  In this piece, Howells recounts his delightful week spent hosting Bret Harte, who was celebrated for his evocative stories set in California. Through a warm narrative, the text illustrates their interactions, emphasizing Harte's charming yet slightly chaotic nature, as he often arrived late to events and effortlessly captivated his hosts and fellow literati. Howells reflects on their conversations, Harte’s keen observations, and his somewhat ironical perspective towards literary conventions and celebrated personalities. This account serves not only as a tribute to Harte’s vibrancy as a guest but also as a commentary on the literary scene of his time, embodying a blend of reverence and lighthearted critique of the complexities surrounding literary fame and friendship. (This is an automatically generated summary.)"
    ],
    "editors": [],
    "translators": [],
    "subjects": [
      "American literature -- 19th century -- History and criticism",
      "Authors, American -- 19th century -- Biography",
      "Howells, William Dean, 1837-1920 -- Friends and associates"
    ],
    "bookshelves": [
      "Category: American Literature",
      "Category: Biographies",
      "Category: Essays, Letters & Speeches"
    ],
    "languages": [
      "en"
    ],
    "copyright": false,
    "media_type": "Text",
    "formats": {
      "text/html": "https://www.gutenberg.org/ebooks/3391.html.images",
      "application/epub+zip": "https://www.gutenberg.org/ebooks/3391.epub3.images",
      "application/x-mobipocket-ebook": "https://www.gutenberg.org/ebooks/3391.kf8.images",
      "text/plain; charset=us-ascii": "https://www.gutenberg.org/ebooks/3391.txt.utf-8",
      "application/rdf+xml": "https://www.gutenberg.org/ebooks/3391.rdf",
      "image/jpeg": "https://www.gutenberg.org/cache/epub/3391/pg3391.cover.medium.jpg",
      "application/octet-stream": "https://www.gutenberg.org/files/3391/3391.zip"
    },
    "download_count": 227
  }
}