{
  "average_entropy_rate": 0.16646542502268089,
  "entropy_rate": [
    0.0,
    0.756012352883104,
    0.0,
    0.0,
    0.0,
    0.3998268714625024,
    0.7542117364645916,
    0.0,
    0.0,
    0.0,
    0.0,
    0.0,
    0.0,
    0.0,
    0.0,
    0.0,
    0.0,
    0.0,
    0.0,
    0.0,
    0.0,
    0.0,
    0.0,
    0.42858369861365087,
    0.0,
    0.7474594248951706,
    0.0,
    0.0,
    0.5393939480152209,
    0.0,
    0.0,
    0.0,
    0.7519609659414511,
    0.0,
    0.7528612741507072,
    0.4516222243547905,
    0.0,
    0.0,
    0.48893819268413513,
    0.0,
    0.7542117364645916
  ],
  "estimated_posterior_probability": 55.15176010131836,
  "input": "./smaller_in/Guten_index3021.txt",
  "prevalence_assumed": 0.5,
  "process_length": 80000,
  "gutenberg": {
    "id": 3021,
    "title": "A Boy's Will",
    "authors": [
      {
        "name": "Frost, Robert",
        "birth_year": 1874,
        "death_year": 1963
      }
    ],
    "summaries": [
      "\"A Boy's Will\" by Robert Frost is a poetry collection first published in 1913. As Frost's debut book, it explores themes of rural life, nature, philosophy, and individuality while chronicling a journey from retreating into solitude to reconnecting with society. The poems blend simplicity of language with subtle complexity, revealing what critics called \"a dream world of elusive shapes and tremulous imaginings.\" This collection established Frost's voice among literary giants and launched his influential career in American poetry. (This is an automatically generated summary.)"
    ],
    "editors": [],
    "translators": [],
    "subjects": [
      "American poetry -- 20th century"
    ],
    "bookshelves": [
      "Category: American Literature",
      "Category: Poetry"
    ],
    "languages": [
      "en"
    ],
    "copyright": false,
    "media_type": "Text",
    "formats": {
      "text/html": "https://www.gutenberg.org/ebooks/3021.html.images",
      "application/epub+zip": "https://www.gutenberg.org/ebooks/3021.epub3.images",
      "application/x-mobipocket-ebook": "https://www.gutenberg.org/ebooks/3021.kf8.images",
      "text/plain; charset=us-ascii": "https://www.gutenberg.org/ebooks/3021.txt.utf-8",
      "application/rdf+xml": "https://www.gutenberg.org/ebooks/3021.rdf",
      "image/jpeg": "https://www.gutenberg.org/cache/epub/3021/pg3021.cover.medium.jpg",
      "application/octet-stream": "https://www.gutenberg.org/files/3021/3021-8.zip"
    },
    "download_count": 866
  }
}