{
  "average_entropy_rate": 0.3320926108870229,
  "entropy_rate": [
    0.0,
    0.0,
    0.0,
    0.0,
    0.0,
    0.0,
    0.4693611996545867,
    0.7768128903670212,
    0.0,
    0.0,
    0.0,
    0.7736860571648503,
    0.7519293431758974,
    0.7948620435163994,
    0.0,
    0.0,
    0.0,
    0.0,
    0.65046812493078,
    0.0,
    0.0,
    0.578061654675895,
    0.0,
    0.0,
    0.7155445928625389,
    0.6394489419768055,
    0.5182554744193341,
    0.0,
    0.7311597046245889,
    0.0,
    0.0,
    0.0,
    0.4938888213679599,
    0.7773558082673928,
    0.7688122861921787,
    0.7955575143876673,
    0.7366593972472191,
    0.7592742694276718,
    0.5121775190339283,
    0.7414453881385249,
    0.6310360149366987
  ],
  "estimated_posterior_probability": 62.05714797973633,
  "input": "./smaller_in/Guten_index4133.txt",
  "prevalence_assumed": 0.5,
  "process_length": 80000,
  "gutenberg": {
    "id": 4133,
    "title": "Diary of Samuel Pepys — Volume 15: March/April 1661-62",
    "authors": [
      {
        "name": "Pepys, Samuel",
        "birth_year": 1633,
        "death_year": 1703
      }
    ],
    "summaries": [
      "\"Diary of Samuel Pepys — Volume 15: March/April 1661-62\" by Samuel Pepys is a historical account written in the 17th century, during the Restoration period in England. This volume presents an intimate look into the daily life and thoughts of Pepys, a naval administrator and Member of Parliament, as he navigates personal and professional challenges in a transformative time for England. The diary encapsulates various themes, including governance, social dynamics, and personal reflections, providing readers with rich historical context.  In this volume, Pepys documents a wide array of events occurring in March and April of 1661-62, marked by discussions of naval affairs, financial management, and social engagements. He expresses concerns over his expenditures, showcases interactions with his colleagues at the office, and describes his social outings, including visits to the theater and church. Noteworthy highlights emerge from his reflections on political developments, such as the new chimney tax and the arrival of the Queen. Throughout, Pepys reveals a multifaceted individual—part statesman, part family man—dedicated to both his public duties and personal relationships, while wrestling with the social expectations of his time. (This is an automatically generated summary.)"
    ],
    "editors": [
      {
        "name": "Wheatley, Henry B. (Henry Benjamin)",
        "birth_year": 1838,
        "death_year": 1917
      },
      {
        "name": "Braybrooke, Richard Griffin, Baron",
        "birth_year": 1783,
        "death_year": 1858
      }
    ],
    "translators": [
      {
        "name": "Bright, Mynors",
        "birth_year": 1818,
        "death_year": 1883
      }
    ],
    "subjects": [
      "Cabinet officers -- Great Britain -- Diaries",
      "Diarists -- Great Britain -- Diaries",
      "Great Britain -- History -- Charles II, 1660-1685 -- Sources",
      "Great Britain -- Social life and customs -- 17th century -- Sources",
      "Pepys, Samuel, 1633-1703 -- Diaries"
    ],
    "bookshelves": [
      "Category: Biographies",
      "Category: History - British"
    ],
    "languages": [
      "en"
    ],
    "copyright": false,
    "media_type": "Text",
    "formats": {
      "text/html": "https://www.gutenberg.org/ebooks/4133.html.images",
      "application/epub+zip": "https://www.gutenberg.org/ebooks/4133.epub3.images",
      "application/x-mobipocket-ebook": "https://www.gutenberg.org/ebooks/4133.kf8.images",
      "text/plain; charset=us-ascii": "https://www.gutenberg.org/ebooks/4133.txt.utf-8",
      "application/rdf+xml": "https://www.gutenberg.org/ebooks/4133.rdf",
      "image/jpeg": "https://www.gutenberg.org/cache/epub/4133/pg4133.cover.medium.jpg",
      "application/octet-stream": "https://www.gutenberg.org/files/4133/4133.zip"
    },
    "download_count": 302
  }
}