{
  "average_entropy_rate": 0.38903005744094155,
  "entropy_rate": [
    0.0,
    0.0,
    0.0,
    0.919729555595064,
    0.9083272885079229,
    0.0,
    0.0,
    0.0,
    0.0,
    0.0,
    0.5802018715637409,
    0.9004440759472733,
    0.0,
    0.0,
    0.0,
    0.9053508086855353,
    0.0,
    0.9166236712957647,
    0.0,
    0.0,
    0.0,
    0.0,
    0.0,
    0.0,
    0.0,
    0.9171513267193938,
    0.0,
    0.0,
    0.0,
    0.0,
    0.8856282407763789,
    0.9334096811354462,
    0.920625089133893,
    0.9164851860800522,
    0.7452337289644502,
    0.926941713654065,
    0.8919296723944062,
    0.91474418261562,
    0.9090876466939865,
    0.961152239075253,
    0.8971663762403596
  ],
  "estimated_posterior_probability": 65.01521301269531,
  "input": "./smaller_in/Guten_index4186.txt",
  "prevalence_assumed": 0.5,
  "process_length": 80000,
  "gutenberg": {
    "id": 4186,
    "title": "Diary of Samuel Pepys — Volume 62: February 1667-68",
    "authors": [
      {
        "name": "Pepys, Samuel",
        "birth_year": 1633,
        "death_year": 1703
      }
    ],
    "summaries": [
      "\"Diary of Samuel Pepys — Volume 62: February 1667-68\" by Samuel Pepys is an unabridged historical account written during the mid-17th century. The book serves as a detailed personal diary of Pepys, a public servant and notable figure in the English Restoration, chronicling his daily life, professional duties, and observations of significant events during this tumultuous period. The likely topic of the book is the complexities of politics, personal relationships, and societal norms in 17th-century England.  In this volume, Pepys recounts various events from his daily life, including his responsibilities at the office and interactions with notable figures of the time. He expresses his anxieties regarding audits and inquiries into his work, particularly concerning the handling of prize goods and Navy finances. Pepys discusses playhouse visits, dinners with family and friends, and his reflections on both trivial and grave matters, revealing a keen observation of the political climate and personal trials he faces, especially related to his Lord Sandwich’s controversies and the management of the Navy amidst growing parliamentary scrutiny. His entries provide a vivid portrait of life in Restoration England, characterized by both the mundane and the historically significant. (This is an automatically generated summary.)"
    ],
    "editors": [
      {
        "name": "Wheatley, Henry B. (Henry Benjamin)",
        "birth_year": 1838,
        "death_year": 1917
      },
      {
        "name": "Braybrooke, Richard Griffin, Baron",
        "birth_year": 1783,
        "death_year": 1858
      }
    ],
    "translators": [
      {
        "name": "Bright, Mynors",
        "birth_year": 1818,
        "death_year": 1883
      }
    ],
    "subjects": [
      "Cabinet officers -- Great Britain -- Diaries",
      "Diarists -- Great Britain -- Diaries",
      "Great Britain -- History -- Charles II, 1660-1685 -- Sources",
      "Great Britain -- Social life and customs -- 17th century -- Sources",
      "Pepys, Samuel, 1633-1703 -- Diaries"
    ],
    "bookshelves": [
      "Category: Biographies",
      "Category: History - British",
      "Category: History - Early Modern (c. 1450-1750)"
    ],
    "languages": [
      "en"
    ],
    "copyright": false,
    "media_type": "Text",
    "formats": {
      "text/html": "https://www.gutenberg.org/ebooks/4186.html.images",
      "application/epub+zip": "https://www.gutenberg.org/ebooks/4186.epub3.images",
      "application/x-mobipocket-ebook": "https://www.gutenberg.org/ebooks/4186.kf8.images",
      "text/plain; charset=us-ascii": "https://www.gutenberg.org/ebooks/4186.txt.utf-8",
      "application/rdf+xml": "https://www.gutenberg.org/ebooks/4186.rdf",
      "image/jpeg": "https://www.gutenberg.org/cache/epub/4186/pg4186.cover.medium.jpg",
      "application/octet-stream": "https://www.gutenberg.org/files/4186/4186.zip"
    },
    "download_count": 218
  }
}