{
  "average_entropy_rate": 0.2545089604852732,
  "entropy_rate": [
    0.0,
    0.7742903082182115,
    0.0,
    0.6136758014284698,
    0.0,
    1.003503069086846,
    0.0,
    0.0,
    0.0,
    0.0,
    0.0,
    0.0,
    0.0,
    0.0,
    0.754343999978773,
    0.0,
    0.0,
    0.0,
    0.0,
    0.0,
    0.0,
    0.8608480153030525,
    0.7568008325318338,
    0.0,
    0.0,
    0.0,
    0.7592742216764425,
    0.0,
    0.0,
    0.0,
    0.0,
    0.0,
    0.0,
    0.8849111333398721,
    1.0108584825436207,
    0.7476136612302625,
    0.7554122498572092,
    0.0,
    0.7583539599507669,
    0.7549816447508406,
    0.0
  ],
  "estimated_posterior_probability": 58.54784393310547,
  "input": "./smaller_in/Guten_index4040.txt",
  "prevalence_assumed": 0.5,
  "process_length": 80000,
  "gutenberg": {
    "id": 4040,
    "title": "The Pedler of Dust Sticks",
    "authors": [
      {
        "name": "Follen, Eliza Lee Cabot",
        "birth_year": 1787,
        "death_year": 1860
      }
    ],
    "summaries": [
      "\"The Pedler of Dust Sticks\" by Eliza Lee Cabot Follen is a literary work that resembles a moral tale or fable, likely written in the early to mid-19th century. The story revolves around the life of a young boy named Henry, who begins his journey as a poor pedler selling dust sticks and canes in Hamburg, Germany. Through his industriousness, perseverance, and integrity, Henry overcomes numerous challenges and ultimately rises to prominence and wealth.  The narrative follows Henry from his childhood, where he displays a commendable work ethic and a thirst for knowledge, all the way to adulthood, where he becomes a successful entrepreneur. Along the way, he confronts temptations such as gambling but learns valuable lessons about honesty and virtue. His dedication extends to his love for his family, particularly his future wife, Agatha. The story not only captures his personal growth but also highlights themes of kindness, charity, and the importance of hard work, painting an inspiring picture of a man dedicated to lifting himself and the people around him. Ultimately, Henry's character embodies generosity and integrity, rendering him a beloved figure among his contemporaries. (This is an automatically generated summary.)"
    ],
    "editors": [],
    "translators": [],
    "subjects": [
      "Children -- Conduct of life -- Juvenile fiction",
      "Children and death -- Juvenile fiction",
      "Christian life -- Juvenile fiction",
      "Conduct of life -- Juvenile fiction",
      "Germany, Northern -- Juvenile fiction",
      "Musicians -- Juvenile fiction",
      "Sabbath -- Juvenile fiction"
    ],
    "bookshelves": [
      "Category: Novels"
    ],
    "languages": [
      "en"
    ],
    "copyright": false,
    "media_type": "Text",
    "formats": {
      "text/html": "https://www.gutenberg.org/ebooks/4040.html.images",
      "application/epub+zip": "https://www.gutenberg.org/ebooks/4040.epub3.images",
      "application/x-mobipocket-ebook": "https://www.gutenberg.org/ebooks/4040.kf8.images",
      "text/plain; charset=us-ascii": "https://www.gutenberg.org/ebooks/4040.txt.utf-8",
      "application/rdf+xml": "https://www.gutenberg.org/ebooks/4040.rdf",
      "image/jpeg": "https://www.gutenberg.org/cache/epub/4040/pg4040.cover.medium.jpg",
      "application/octet-stream": "https://www.gutenberg.org/files/4040/4040-h.zip"
    },
    "download_count": 250
  }
}