{
  "average_entropy_rate": 0.19768608086779757,
  "entropy_rate": [
    0.0,
    0.7348214317627298,
    0.0,
    0.0,
    0.0,
    0.0,
    0.0,
    0.0,
    0.0,
    0.5478976223312569,
    0.5222986440138423,
    0.0,
    0.0,
    0.0,
    0.0,
    0.0,
    0.551585338651557,
    0.0,
    0.0,
    0.0,
    0.0,
    0.8633950905937762,
    0.0,
    0.0,
    0.0,
    0.0,
    0.0,
    0.0,
    0.0,
    0.9060792086534005,
    0.867034000481764,
    0.0,
    0.0,
    0.5431795936951846,
    0.0,
    0.0,
    0.0,
    0.7805995144723163,
    0.0,
    0.9004013242161027,
    0.8878375467077698
  ],
  "estimated_posterior_probability": 56.29433822631836,
  "input": "./smaller_in/Guten_index1308.txt",
  "prevalence_assumed": 0.5,
  "process_length": 80000,
  "gutenberg": {
    "id": 1308,
    "title": "A Florentine Tragedy; La Sainte Courtisane",
    "authors": [
      {
        "name": "Wilde, Oscar",
        "birth_year": 1854,
        "death_year": 1900
      }
    ],
    "summaries": [
      "\"A Florentine Tragedy; La Sainte Courtisane\" by Oscar Wilde is a collection of dramatic works likely composed during the late 19th century. This book contains two plays: \"A Florentine Tragedy,\" which reflects themes of desire, betrayal, and fatalism, and \"La Sainte Courtisane,\" which explores concepts of love and repentance. Both pieces are richly poetic and reflect Wilde's signature wit and artistic sensibilities.  In \"A Florentine Tragedy,\" the narrative revolves around Simone, a merchant, and his wife Bianca, who becomes the object of desire for a nobleman, Guido Bardi. The tension escalates into a violent confrontation when Simone discovers Guido's intentions toward Bianca. The play explores themes of possession, honor, and the despair that comes with unbridled passion. In contrast, \"La Sainte Courtisane\" is a fragmented work that recounts the encounter between Myrrhina, a courtesan, and a young hermit named Honorius, highlighting a struggle between earthly beauty and spiritual desire. The dialogues are laden with allegorical significance and evoke the complexities of human emotions and the search for redemption. (This is an automatically generated summary.)"
    ],
    "editors": [],
    "translators": [],
    "subjects": [
      "Drama"
    ],
    "bookshelves": [
      "Category: British Literature",
      "Category: Plays/Films/Dramas"
    ],
    "languages": [
      "en"
    ],
    "copyright": false,
    "media_type": "Text",
    "formats": {
      "text/html": "https://www.gutenberg.org/ebooks/1308.html.images",
      "application/epub+zip": "https://www.gutenberg.org/ebooks/1308.epub3.images",
      "application/x-mobipocket-ebook": "https://www.gutenberg.org/ebooks/1308.kf8.images",
      "text/plain; charset=us-ascii": "https://www.gutenberg.org/ebooks/1308.txt.utf-8",
      "text/plain; charset=utf-8": "https://www.gutenberg.org/files/1308/1308-0.txt",
      "application/rdf+xml": "https://www.gutenberg.org/ebooks/1308.rdf",
      "image/jpeg": "https://www.gutenberg.org/cache/epub/1308/pg1308.cover.medium.jpg",
      "application/octet-stream": "https://www.gutenberg.org/cache/epub/1308/pg1308-h.zip"
    },
    "download_count": 449
  }
}