{
  "average_entropy_rate": 0.29379241315832033,
  "entropy_rate": [
    0.0,
    0.0,
    0.7522364724030548,
    0.0,
    0.0,
    0.874450512067556,
    0.6261148041846792,
    0.0,
    0.0,
    0.0,
    0.0,
    0.0,
    0.0,
    0.0,
    0.9818691329783843,
    0.0,
    0.0,
    0.0,
    0.0,
    0.0,
    0.0,
    0.7469924148663237,
    0.0,
    0.7528834117805094,
    0.0,
    0.0,
    0.7609640509856718,
    0.0,
    0.0,
    0.7491653568728066,
    0.8354830716217498,
    0.0,
    0.0,
    0.0,
    0.9671230003502146,
    0.762335619040579,
    0.9723679301436389,
    0.7663120371207519,
    0.0,
    0.7500371436789471,
    0.7471539813962649
  ],
  "estimated_posterior_probability": 60.25474548339844,
  "input": "./smaller_in/Guten_index2349.txt",
  "prevalence_assumed": 0.5,
  "process_length": 80000,
  "gutenberg": {
    "id": 2349,
    "title": "The Adventure of the Devil's Foot",
    "authors": [
      {
        "name": "Doyle, Arthur Conan",
        "birth_year": 1859,
        "death_year": 1930
      }
    ],
    "summaries": [
      "\"The Adventure of the Devil's Foot\" by Arthur Conan Doyle is a short story written in 1910. While vacationing in Cornwall, Sherlock Holmes and Dr. Watson are drawn into a baffling case when three siblings are found in their home—two driven mad and one dead. When a fourth family member dies similarly, Holmes discovers a deadly poison that attacks the mind. The investigation reveals a tale of forbidden love, revenge, and a lethal substance from Africa called Devil's-foot root, forcing Holmes to weigh justice against morality. (This is an automatically generated summary.)"
    ],
    "editors": [],
    "translators": [],
    "subjects": [
      "Detective and mystery stories",
      "Holmes, Sherlock (Fictitious character) -- Fiction",
      "Private investigators -- England -- Fiction"
    ],
    "bookshelves": [
      "Category: British Literature",
      "Category: Crime, Thrillers and Mystery",
      "Category: Short Stories",
      "Detective Fiction"
    ],
    "languages": [
      "en"
    ],
    "copyright": false,
    "media_type": "Text",
    "formats": {
      "text/html": "https://www.gutenberg.org/ebooks/2349.html.images",
      "text/html; charset=iso-8859-1": "https://www.gutenberg.org/files/2349/2349-h/2349-h.htm",
      "application/epub+zip": "https://www.gutenberg.org/ebooks/2349.epub3.images",
      "application/x-mobipocket-ebook": "https://www.gutenberg.org/ebooks/2349.kf8.images",
      "text/plain; charset=us-ascii": "https://www.gutenberg.org/ebooks/2349.txt.utf-8",
      "application/rdf+xml": "https://www.gutenberg.org/ebooks/2349.rdf",
      "image/jpeg": "https://www.gutenberg.org/cache/epub/2349/pg2349.cover.medium.jpg",
      "application/octet-stream": "https://www.gutenberg.org/cache/epub/2349/pg2349-h.zip"
    },
    "download_count": 554
  }
}