{
  "average_entropy_rate": 0.2880060108104241,
  "entropy_rate": [
    0.0,
    0.0,
    0.0,
    0.0,
    0.0,
    0.7082130232812044,
    0.8215954044981466,
    0.0,
    0.0,
    0.0,
    0.0,
    0.7313960983874477,
    0.0,
    0.0,
    0.0,
    0.0,
    0.0,
    0.0,
    0.0,
    0.0,
    0.0,
    1.0055749833026193,
    0.0,
    0.0,
    0.8564472250256064,
    0.0,
    0.0,
    1.0058690208136982,
    0.0,
    0.0,
    0.0,
    0.7613780453154675,
    0.7587604495167071,
    0.0,
    0.9515859171498378,
    0.7149555791072512,
    1.042203836096889,
    0.0,
    0.8364841102260656,
    0.8602912136759449,
    0.7534915368305034
  ],
  "estimated_posterior_probability": 59.99493408203125,
  "input": "./smaller_in/Guten_index4152.txt",
  "prevalence_assumed": 0.5,
  "process_length": 80000,
  "gutenberg": {
    "id": 4152,
    "title": "Diary of Samuel Pepys — Volume 32: December 1664",
    "authors": [
      {
        "name": "Pepys, Samuel",
        "birth_year": 1633,
        "death_year": 1703
      }
    ],
    "summaries": [
      "\"Diary of Samuel Pepys — Volume 32: December 1664\" by Samuel Pepys is a historical account written in the 17th century during the Restoration period. This volume serves as a personal diary that captures the daily life and observations of Pepys, who was a civil servant and prominent member of the administration under King Charles II. The likely topics covered include his work-related duties, social life, and significant events of the time, offering insights into the political and cultural landscape of Restoration England.  In this volume, Pepys chronicles his daily activities, including meetings at White Hall, discussions regarding naval affairs, and reflections on current events such as the Dutch War. He interacts with notable figures of his time while navigating personal matters, including his relationships and domestic life. The diary also sheds light on societal issues, such as his concerns over military engagements and his observations of celestial events like the appearance of a comet. Notably, the tensions between England and the Dutch are a recurring theme, as Pepys documents the implications of these conflicts on commerce and national pride. His candid reflections reveal both his professional responsibilities and personal struggles, making it a rich text for understanding the era. (This is an automatically generated summary.)"
    ],
    "editors": [
      {
        "name": "Wheatley, Henry B. (Henry Benjamin)",
        "birth_year": 1838,
        "death_year": 1917
      },
      {
        "name": "Braybrooke, Richard Griffin, Baron",
        "birth_year": 1783,
        "death_year": 1858
      }
    ],
    "translators": [
      {
        "name": "Bright, Mynors",
        "birth_year": 1818,
        "death_year": 1883
      }
    ],
    "subjects": [
      "Cabinet officers -- Great Britain -- Diaries",
      "Diarists -- Great Britain -- Diaries",
      "Great Britain -- History -- Charles II, 1660-1685 -- Sources",
      "Great Britain -- Social life and customs -- 17th century -- Sources",
      "Pepys, Samuel, 1633-1703 -- Diaries"
    ],
    "bookshelves": [
      "Category: Biographies",
      "Category: History - British",
      "Category: History - Early Modern (c. 1450-1750)"
    ],
    "languages": [
      "en"
    ],
    "copyright": false,
    "media_type": "Text",
    "formats": {
      "text/html": "https://www.gutenberg.org/ebooks/4152.html.images",
      "application/epub+zip": "https://www.gutenberg.org/ebooks/4152.epub3.images",
      "application/x-mobipocket-ebook": "https://www.gutenberg.org/ebooks/4152.kf8.images",
      "text/plain; charset=us-ascii": "https://www.gutenberg.org/ebooks/4152.txt.utf-8",
      "application/rdf+xml": "https://www.gutenberg.org/ebooks/4152.rdf",
      "image/jpeg": "https://www.gutenberg.org/cache/epub/4152/pg4152.cover.medium.jpg",
      "application/octet-stream": "https://www.gutenberg.org/files/4152/4152.zip"
    },
    "download_count": 330
  }
}