{
  "average_entropy_rate": 0.31537722833136206,
  "entropy_rate": [
    0.0,
    0.6711366302164977,
    0.0,
    0.0,
    0.7248758905491819,
    0.7520507133180199,
    0.0,
    0.0,
    0.7620464788250328,
    0.0,
    0.0,
    0.0,
    0.5038421282286902,
    0.7039510770162273,
    0.0,
    0.8079372810805101,
    0.659657309936096,
    0.0,
    0.0,
    0.0,
    0.0,
    0.0,
    0.0,
    0.0,
    0.0,
    0.0,
    0.0,
    0.0,
    0.0,
    0.0,
    0.7958447107009444,
    0.0,
    0.649868387671361,
    0.7560870616058026,
    0.7461382980770417,
    0.8260290134818126,
    0.7041036953968649,
    0.7099705239026197,
    0.7692894025807394,
    0.6434670317079938,
    0.7441707272904077
  ],
  "estimated_posterior_probability": 61.2529296875,
  "input": "./smaller_in/Guten_index2893.txt",
  "prevalence_assumed": 0.5,
  "process_length": 80000,
  "gutenberg": {
    "id": 2893,
    "title": "The Wizard",
    "authors": [
      {
        "name": "Haggard, H. Rider (Henry Rider)",
        "birth_year": 1856,
        "death_year": 1925
      }
    ],
    "summaries": [
      "\"The Wizard\" by H. Rider Haggard is a novel published in 1896. Reverend Thomas Owen travels to south central Africa to convert the Amasuka tribe, known as the People of Fire. There he confronts Hokosa, chief of the Wizards, who demands he prove his God's power through dangerous trials by lightning. Set against the backdrop of British colonialism, this tale of faith and cultural collision unfolds through poison plots, magical contests, and ultimately sacrifice, as competing beliefs clash in dramatic fashion. (This is an automatically generated summary.)"
    ],
    "editors": [],
    "translators": [],
    "subjects": [
      "Africa -- Fiction",
      "Missionaries -- Fiction"
    ],
    "bookshelves": [
      "Category: Adventure",
      "Category: Novels"
    ],
    "languages": [
      "en"
    ],
    "copyright": false,
    "media_type": "Text",
    "formats": {
      "text/html": "https://www.gutenberg.org/ebooks/2893.html.images",
      "application/epub+zip": "https://www.gutenberg.org/ebooks/2893.epub3.images",
      "application/x-mobipocket-ebook": "https://www.gutenberg.org/ebooks/2893.kf8.images",
      "text/plain; charset=us-ascii": "https://www.gutenberg.org/ebooks/2893.txt.utf-8",
      "application/rdf+xml": "https://www.gutenberg.org/ebooks/2893.rdf",
      "image/jpeg": "https://www.gutenberg.org/cache/epub/2893/pg2893.cover.medium.jpg",
      "application/octet-stream": "https://www.gutenberg.org/files/2893/2893-0.zip"
    },
    "download_count": 346
  }
}