{
  "average_entropy_rate": 0.2128942619180128,
  "entropy_rate": [
    0.0,
    0.6079828324427652,
    0.0,
    0.0,
    0.5828873538298436,
    0.0,
    0.0,
    0.0,
    0.0,
    0.5235904919064037,
    0.6046838537834042,
    0.5258574921533044,
    0.35043504310099155,
    0.0,
    0.0,
    0.0,
    0.0,
    0.0,
    0.0,
    0.40771519118864474,
    0.5868429796231595,
    0.0,
    0.0,
    0.6033215673307545,
    0.0,
    0.0,
    0.0,
    0.0,
    0.0,
    0.0,
    0.5944248740816233,
    0.0,
    0.0,
    0.0,
    0.59904824400222,
    0.591632422691592,
    0.5517335334797975,
    0.4217070966420084,
    0.5495453736698986,
    0.6272563887121148,
    0.0
  ],
  "estimated_posterior_probability": 56.874351501464844,
  "input": "./smaller_in/Guten_index4179.txt",
  "prevalence_assumed": 0.5,
  "process_length": 80000,
  "gutenberg": {
    "id": 4179,
    "title": "Diary of Samuel Pepys — Volume 56: August 1667",
    "authors": [
      {
        "name": "Pepys, Samuel",
        "birth_year": 1633,
        "death_year": 1703
      }
    ],
    "summaries": [
      "The \"Diary of Samuel Pepys — Volume 56: August 1667\" by Samuel Pepys is a historical account written during the 17th century, specifically in the wake of the English Restoration. The book is a firsthand diary chronicling the daily life and experiences of Pepys, who was a naval administrator and a prominent figure in London's social and political landscape. The likely topic of the book centers on the intricacies of Pepys's personal life, work in the Admiralty, and his observations of societal events during a tumultuous period in English history.  In this volume, Pepys recounts a variety of episodes from his daily life in August 1667. He engages in personal reflections and domestic disputes, especially regarding his wife’s jealousy, while also navigating his responsibilities at the office and dealing with the challenges of political intrigue amidst ongoing naval concerns. The entries detail interactions with colleagues, commentary on theatrical performances, and insights into the public sentiment regarding the recent peace with the Dutch. This volume highlights both the mundane and significant aspects of Pepys's life, providing a rich tapestry of historical context through his keen observations and personal anecdotes. (This is an automatically generated summary.)"
    ],
    "editors": [
      {
        "name": "Wheatley, Henry B. (Henry Benjamin)",
        "birth_year": 1838,
        "death_year": 1917
      },
      {
        "name": "Braybrooke, Richard Griffin, Baron",
        "birth_year": 1783,
        "death_year": 1858
      }
    ],
    "translators": [
      {
        "name": "Bright, Mynors",
        "birth_year": 1818,
        "death_year": 1883
      }
    ],
    "subjects": [
      "Cabinet officers -- Great Britain -- Diaries",
      "Diarists -- Great Britain -- Diaries",
      "Great Britain -- History -- Charles II, 1660-1685 -- Sources",
      "Great Britain -- Social life and customs -- 17th century -- Sources",
      "Pepys, Samuel, 1633-1703 -- Diaries"
    ],
    "bookshelves": [
      "Category: Biographies",
      "Category: History - British",
      "Category: History - Early Modern (c. 1450-1750)"
    ],
    "languages": [
      "en"
    ],
    "copyright": false,
    "media_type": "Text",
    "formats": {
      "text/html": "https://www.gutenberg.org/ebooks/4179.html.images",
      "application/epub+zip": "https://www.gutenberg.org/ebooks/4179.epub3.images",
      "application/x-mobipocket-ebook": "https://www.gutenberg.org/ebooks/4179.kf8.images",
      "text/plain; charset=us-ascii": "https://www.gutenberg.org/ebooks/4179.txt.utf-8",
      "application/rdf+xml": "https://www.gutenberg.org/ebooks/4179.rdf",
      "image/jpeg": "https://www.gutenberg.org/cache/epub/4179/pg4179.cover.medium.jpg",
      "application/octet-stream": "https://www.gutenberg.org/files/4179/4179.zip"
    },
    "download_count": 220
  }
}