{
  "average_entropy_rate": 0.0,
  "entropy_rate": [
    0.0,
    0.0,
    0.0,
    0.0,
    0.0,
    0.0,
    0.0,
    0.0,
    0.0,
    0.0,
    0.0,
    0.0,
    0.0,
    0.0,
    0.0,
    0.0,
    0.0,
    0.0,
    0.0,
    0.0,
    0.0,
    0.0,
    0.0,
    0.0,
    0.0,
    0.0,
    0.0,
    0.0,
    0.0,
    0.0,
    0.0,
    0.0,
    0.0,
    0.0,
    0.0,
    0.0,
    0.0,
    0.0,
    0.0,
    0.0,
    0.0
  ],
  "estimated_posterior_probability": 50.0,
  "input": "./smaller_in/Guten_index2890.txt",
  "prevalence_assumed": 0.5,
  "process_length": 80000,
  "gutenberg": {
    "id": 2890,
    "title": "Епопея на забравените",
    "authors": [
      {
        "name": "Vazov, Ivan Minchov",
        "birth_year": 1850,
        "death_year": 1921
      }
    ],
    "summaries": [
      "\"Епопея на забравените\" by Ivan Minchov Vazov is a cycle of 12 odes composed between 1881 and 1884. The poems commemorate Bulgaria's fight for freedom against the Ottoman Empire, celebrating heroic figures and events from the nation's struggle for liberation. Vazov transforms military defeat into moral victory, portraying the April Uprising not through its limited success but through its sacred heroism. The work shaped Bulgarian national consciousness and created enduring historical legends, honoring those who fought against impossible odds for their country's independence. (This is an automatically generated summary.)"
    ],
    "editors": [],
    "translators": [],
    "subjects": [
      "Poetry"
    ],
    "bookshelves": [
      "Category: Poetry"
    ],
    "languages": [
      "bg"
    ],
    "copyright": false,
    "media_type": "Text",
    "formats": {
      "text/html": "https://www.gutenberg.org/ebooks/2890.html.images",
      "application/epub+zip": "https://www.gutenberg.org/ebooks/2890.epub3.images",
      "application/x-mobipocket-ebook": "https://www.gutenberg.org/ebooks/2890.kf8.images",
      "text/plain; charset=us-ascii": "https://www.gutenberg.org/ebooks/2890.txt.utf-8",
      "application/rdf+xml": "https://www.gutenberg.org/ebooks/2890.rdf",
      "image/jpeg": "https://www.gutenberg.org/cache/epub/2890/pg2890.cover.medium.jpg",
      "application/octet-stream": "https://www.gutenberg.org/files/2890/2890-0.zip"
    },
    "download_count": 371
  }
}