{
  "average_entropy_rate": 0.3494431721900425,
  "entropy_rate": [
    0.0,
    0.7725653649715526,
    0.6781789596545968,
    0.0,
    0.0,
    0.8910375739533889,
    0.0,
    0.0,
    0.0,
    0.0,
    0.0,
    0.7737684853888802,
    0.0,
    0.0,
    0.0,
    0.0,
    0.0,
    0.0,
    0.0,
    0.7679719596980338,
    0.0,
    0.7732507202431208,
    0.0,
    0.9043204127298801,
    0.0,
    0.0,
    0.7683309192781108,
    0.7971289538446944,
    0.0,
    0.7658774970174737,
    0.7819152111351982,
    0.7748181483600706,
    0.9488354586860035,
    0.7708537789704563,
    0.0,
    0.0,
    0.7638350454903435,
    0.8414460291085848,
    0.7696206621635735,
    0.0,
    0.7834148790977774
  ],
  "estimated_posterior_probability": 62.92084503173828,
  "input": "data/human/Gutenberg//Guten_index1808.txt",
  "prevalence_assumed": 0.5,
  "process_length": 80000,
  "gutenberg": {
    "id": 1808,
    "title": "The Log of the \"Jolly Polly\"",
    "authors": [
      {
        "name": "Davis, Richard Harding",
        "birth_year": 1864,
        "death_year": 1916
      }
    ],
    "summaries": [
      "\"The Log of the 'Jolly Polly'\" by Richard Harding Davis is a novel written in the early 20th century. This work follows the struggles of a fading author, Fletcher Farrell, as he navigates his faltering literary career and encounters unexpected opportunities for wealth and belonging, specifically through an eccentric couple eager to adopt him. The narrative balances themes of identity, familial relationships, and the allure of wealth against one's integrity.  The story begins with Fletcher Farrell, once a popular novelist, facing an identity crisis as his popularity wanes and his financial situation becomes precarious. Temptation strikes when he meets Mr. and Mrs. Farrell, who propose to adopt him in a bid to both secure their fortune and gain social status through association with a famous author. Initially dismissive, Fletcher’s journey leads him to Fairharbor, where he becomes enamored with the beautiful Polly Briggs and learns more about the peculiarities of the Farrells and their lavish lifestyle. Throughout the novel, Fletcher grapples with his desire for independence while also confronting the enticement of wealth and acceptance, ultimately discovering that love and personal integrity are more valuable than monetary gain and social prestige. In a twist of fate, he finds that his connection to Polly is more significant than his ties to the Farrells, leading to an unexpected conclusion that redefines his understanding of family and belonging. (This is an automatically generated summary.)"
    ],
    "editors": [],
    "translators": [],
    "subjects": [
      "Man-woman relationships -- Fiction"
    ],
    "bookshelves": [
      "Category: American Literature",
      "Category: Novels"
    ],
    "languages": [
      "en"
    ],
    "copyright": false,
    "media_type": "Text",
    "formats": {
      "text/html": "https://www.gutenberg.org/ebooks/1808.html.images",
      "text/html; charset=utf-8": "https://www.gutenberg.org/files/1808/1808-h/1808-h.htm",
      "application/epub+zip": "https://www.gutenberg.org/ebooks/1808.epub3.images",
      "application/x-mobipocket-ebook": "https://www.gutenberg.org/ebooks/1808.kf8.images",
      "text/plain; charset=us-ascii": "https://www.gutenberg.org/ebooks/1808.txt.utf-8",
      "text/plain; charset=utf-8": "https://www.gutenberg.org/files/1808/1808-0.txt",
      "application/rdf+xml": "https://www.gutenberg.org/ebooks/1808.rdf",
      "image/jpeg": "https://www.gutenberg.org/cache/epub/1808/pg1808.cover.medium.jpg",
      "application/octet-stream": "https://www.gutenberg.org/cache/epub/1808/pg1808-h.zip"
    },
    "download_count": 244
  }
}