{
  "average_entropy_rate": 0.0,
  "entropy_rate": [
    0.0,
    0.0,
    0.0,
    0.0,
    0.0,
    0.0,
    0.0,
    0.0,
    0.0,
    0.0,
    0.0,
    0.0,
    0.0,
    0.0,
    0.0,
    0.0,
    0.0,
    0.0,
    0.0,
    0.0,
    0.0,
    0.0,
    0.0,
    0.0,
    0.0,
    0.0,
    0.0,
    0.0,
    0.0,
    0.0,
    0.0,
    0.0,
    0.0,
    0.0,
    0.0,
    0.0,
    0.0,
    0.0,
    0.0,
    0.0,
    0.0
  ],
  "estimated_posterior_probability": 50.0,
  "input": "./smaller_in/Guten_index2734.txt",
  "prevalence_assumed": 0.5,
  "process_length": 80000,
  "gutenberg": {
    "id": 2734,
    "title": "Gwaith Twm o'r Nant: Cyfrol 2",
    "authors": [
      {
        "name": "Edwards, Thomas",
        "birth_year": 1739,
        "death_year": 1810
      }
    ],
    "summaries": [
      "\"Gwaith Twm o'r Nant\" by Thomas Edwards is a collection of literary works written in the late 18th century. The text features the character Twm o'r Nant, a bard who reflects on the life and struggles of the working class, while also grappling with themes of morality, social injustice, and the human condition in 18th-century Wales.  At the start of the work, a foreword provides a brief biography of Thomas Edwards, highlighting his life as a poor but talented poet who became a voice for the oppressed. Set against the backdrop of Wales during the 18th century, the opening introduces readers to Twm's character, expressing his sympathies for the laboring class and presenting his belief in the potential for a better society. Through poetic fragments and dialogues, the opening establishes the tone of social critique and connects Twm's narratives to broader historical and moral themes, suggesting that his works resonate with the everyday experiences of common people in his time. (This is an automatically generated summary.)"
    ],
    "editors": [
      {
        "name": "Edwards, Owen Morgan, Sir",
        "birth_year": 1858,
        "death_year": 1920
      }
    ],
    "translators": [],
    "subjects": [
      "Welsh poetry"
    ],
    "bookshelves": [
      "Category: Poetry"
    ],
    "languages": [
      "cy"
    ],
    "copyright": false,
    "media_type": "Text",
    "formats": {
      "text/html": "https://www.gutenberg.org/ebooks/2734.html.images",
      "application/epub+zip": "https://www.gutenberg.org/ebooks/2734.epub3.images",
      "application/x-mobipocket-ebook": "https://www.gutenberg.org/ebooks/2734.kf8.images",
      "text/plain; charset=us-ascii": "https://www.gutenberg.org/ebooks/2734.txt.utf-8",
      "application/rdf+xml": "https://www.gutenberg.org/ebooks/2734.rdf",
      "image/jpeg": "https://www.gutenberg.org/cache/epub/2734/pg2734.cover.medium.jpg",
      "application/octet-stream": "https://www.gutenberg.org/files/2734/2734-0.zip"
    },
    "download_count": 239
  }
}