{
  "average_entropy_rate": 0.0308990079062775,
  "entropy_rate": [
    0.19419011538178785,
    0.23117870878784258,
    0.0,
    0.0,
    0.0,
    0.0,
    0.0,
    0.0,
    0.0,
    0.0,
    0.0,
    0.0,
    0.0,
    0.0,
    0.0,
    0.0,
    0.0,
    0.0,
    0.0,
    0.0,
    0.0,
    0.0,
    0.0,
    0.0,
    0.0,
    0.0,
    0.0,
    0.0,
    0.0,
    0.0,
    0.3236501923029797,
    0.0,
    0.19419011538178785,
    0.3236501923029797,
    0.0,
    0.0,
    0.0,
    0.0,
    0.0,
    0.0,
    0.0
  ],
  "estimated_posterior_probability": 50.85466003417969,
  "input": "./smaller_in/Guten_index276.txt",
  "prevalence_assumed": 0.5,
  "process_length": 80000,
  "gutenberg": {
    "id": 276,
    "title": "Franz Haydn's 104th Symphony [1794-5]: MIDI file",
    "authors": [
      {
        "name": "Haydn, Joseph",
        "birth_year": 1732,
        "death_year": 1809
      }
    ],
    "summaries": [
      "\"Franz Haydn's 104th Symphony [1794-5]\" by Joseph Haydn is a symphony composed in 1795. This work marks Haydn's final symphony and concludes his celebrated twelve London symphonies. Composed during his residence in London, it premiered successfully at the King's Theatre, earning Haydn significant acclaim and profit. The symphony opens with a dramatic minor-key introduction before transitioning to spirited major themes. Its finale draws on folk music traditions, featuring a drone bass and a melody with possible Croatian folk origins, creating an exuberant conclusion to Haydn's symphonic legacy. (This is an automatically generated summary.)"
    ],
    "editors": [],
    "translators": [],
    "subjects": [
      "Music"
    ],
    "bookshelves": [
      "Category: Music"
    ],
    "languages": [
      "en"
    ],
    "copyright": true,
    "media_type": "Text",
    "formats": {
      "text/html": "https://www.gutenberg.org/ebooks/276.html.images",
      "text/html; charset=iso-8859-1": "https://www.gutenberg.org/files/276/276-h/276-h.htm",
      "application/epub+zip": "https://www.gutenberg.org/ebooks/276.epub3.images",
      "audio/midi": "https://www.gutenberg.org/files/276/276-h/music/276-1.mid",
      "application/x-mobipocket-ebook": "https://www.gutenberg.org/ebooks/276.kf8.images",
      "text/plain; charset=us-ascii": "https://www.gutenberg.org/ebooks/276.txt.utf-8",
      "application/rdf+xml": "https://www.gutenberg.org/ebooks/276.rdf",
      "image/jpeg": "https://www.gutenberg.org/cache/epub/276/pg276.cover.medium.jpg",
      "application/octet-stream": "https://www.gutenberg.org/cache/epub/276/pg276-h.zip"
    },
    "download_count": 297
  }
}