{
  "average_entropy_rate": 0.3482215209658464,
  "entropy_rate": [
    0.0,
    0.7494049078628124,
    0.0,
    0.6307143086361617,
    0.0,
    0.0,
    0.8464921391500967,
    0.0,
    0.0,
    0.0,
    0.0,
    0.7343627884523326,
    0.0,
    0.0,
    0.8474169414511228,
    0.7466849244374696,
    0.0,
    0.0,
    0.0,
    0.0,
    0.0,
    0.0,
    0.9318433326080217,
    0.0,
    0.0,
    0.0,
    0.7523210862353235,
    0.0,
    0.0,
    0.0,
    0.0,
    0.7597823369744913,
    0.9530289689697974,
    0.7745963587866349,
    0.817021555943434,
    0.7438799016897283,
    0.8431659377158238,
    0.7462983583916185,
    0.8979509681977568,
    0.74860476054215,
    0.7535127835549271
  ],
  "estimated_posterior_probability": 62.859195709228516,
  "input": "./smaller_in/Guten_index2266.txt",
  "prevalence_assumed": 0.5,
  "process_length": 80000,
  "gutenberg": {
    "id": 2266,
    "title": "King Lear",
    "authors": [
      {
        "name": "Shakespeare, William",
        "birth_year": 1564,
        "death_year": 1616
      }
    ],
    "summaries": [
      "\"King Lear\" by William Shakespeare is a tragedy written in late 1605 or early 1606. Set in pre-Roman Britain, the play follows an aging king who divides his kingdom among his daughters based on their declarations of love, with devastating consequences. Known for its dark tone and themes of blindness and madness, the work explores power, family betrayal, and the descent into chaos. Regarded as one of Shakespeare's supreme achievements, it is regularly cited as among the greatest works of literature ever written. (This is an automatically generated summary.)"
    ],
    "editors": [],
    "translators": [],
    "subjects": [
      "Aging parents -- Drama",
      "Britons -- Drama",
      "Fathers and daughters -- Drama",
      "Inheritance and succession -- Drama",
      "Kings and rulers -- Drama",
      "Kings and rulers -- Succession -- Drama",
      "Lear, King (Legendary character) -- Drama",
      "Tragedies (Drama)"
    ],
    "bookshelves": [
      "Banned Books from Anne Haight's list",
      "Best Books Ever Listings",
      "Category: British Literature",
      "Category: Classics of Literature",
      "Category: Plays/Films/Dramas"
    ],
    "languages": [
      "en"
    ],
    "copyright": false,
    "media_type": "Text",
    "formats": {
      "text/html": "https://www.gutenberg.org/ebooks/2266.html.images",
      "application/epub+zip": "https://www.gutenberg.org/ebooks/2266.epub3.images",
      "image/jpeg": "https://www.gutenberg.org/files/2266/cover.jpg",
      "application/x-mobipocket-ebook": "https://www.gutenberg.org/ebooks/2266.kf8.images",
      "text/plain; charset=us-ascii": "https://www.gutenberg.org/ebooks/2266.txt.utf-8",
      "application/rdf+xml": "https://www.gutenberg.org/ebooks/2266.rdf",
      "application/octet-stream": "https://www.gutenberg.org/cache/epub/2266/pg2266-h.zip"
    },
    "download_count": 533
  }
}