{
  "average_entropy_rate": 0.1608394731768325,
  "entropy_rate": [
    0.5043856193834997,
    0.0,
    0.0,
    0.0,
    0.0,
    0.0,
    0.0,
    0.0,
    0.0,
    0.0,
    0.0,
    0.0,
    0.0,
    0.0,
    0.0,
    0.0,
    0.0,
    0.0,
    0.0,
    0.0,
    0.0,
    0.0,
    0.0,
    0.0,
    0.0,
    0.0,
    0.0,
    0.7385757381716721,
    0.7427376516778151,
    0.7427376516778151,
    0.0,
    0.5528400230755947,
    0.5254016868578119,
    0.0,
    0.0,
    0.0,
    0.0,
    0.7427376516778151,
    0.7427376516778151,
    0.7427376516778151,
    0.5595270743724788
  ],
  "estimated_posterior_probability": 54.9527702331543,
  "input": "./smaller_in/Guten_index4027.txt",
  "prevalence_assumed": 0.5,
  "process_length": 80000,
  "gutenberg": {
    "id": 4027,
    "title": "Little Songs",
    "authors": [
      {
        "name": "Follen, Eliza Lee Cabot",
        "birth_year": 1787,
        "death_year": 1860
      }
    ],
    "summaries": [
      "\"Little Songs by Eliza Lee Cabot Follen\" is a delightful collection of children's songs written in the early 19th century, specifically around the early 1830s. The book aims to capture the whimsical and playful essence found in classic nursery rhymes, much like those in Mother Goose. It features a series of engaging, short verses that are designed to amuse and entertain young readers and listeners.  The content of the book consists of various playful and melodic pieces that explore themes such as nature, childhood, and family life. Each song introduces different characters and scenarios, from children enjoying the beauty of a garden to the adventures of a young boy and his dog. The lyrical style is light-hearted and inviting, encouraging children to sing along and immerse themselves in the joys of their surroundings. The collection also includes illustrations that enhance the playful spirit of the verses, making it a perfect read-aloud choice for parents and an enjoyable experience for children. (This is an automatically generated summary.)"
    ],
    "editors": [],
    "translators": [],
    "subjects": [
      "Children's poetry, American",
      "Children's songs",
      "Nursery rhymes, American"
    ],
    "bookshelves": [
      "Category: Children & Young Adult Reading",
      "Category: Poetry"
    ],
    "languages": [
      "en"
    ],
    "copyright": false,
    "media_type": "Text",
    "formats": {
      "text/html": "https://www.gutenberg.org/ebooks/4027.html.images",
      "application/epub+zip": "https://www.gutenberg.org/ebooks/4027.epub3.images",
      "application/x-mobipocket-ebook": "https://www.gutenberg.org/ebooks/4027.kf8.images",
      "text/plain; charset=us-ascii": "https://www.gutenberg.org/ebooks/4027.txt.utf-8",
      "application/rdf+xml": "https://www.gutenberg.org/ebooks/4027.rdf",
      "image/jpeg": "https://www.gutenberg.org/cache/epub/4027/pg4027.cover.medium.jpg",
      "application/octet-stream": "https://www.gutenberg.org/files/4027/4027.zip"
    },
    "download_count": 222
  }
}