{
  "average_entropy_rate": 0.3249499959224634,
  "entropy_rate": [
    0.7178266825433965,
    0.0,
    0.7034701212939499,
    0.0,
    0.0,
    0.5127538192253421,
    0.0,
    0.7309190938032122,
    0.0,
    0.6664101963240033,
    0.0,
    0.7309190938032122,
    0.0,
    0.0,
    0.0,
    0.0,
    0.7399219844471414,
    0.7037814101583569,
    0.6892161305958009,
    0.0,
    0.0,
    0.0,
    0.0,
    0.0,
    0.0,
    0.0,
    0.0,
    0.6615048690848183,
    0.0,
    0.0,
    0.0,
    0.0,
    0.7286930052193772,
    0.7062330108634918,
    0.7062665793162174,
    0.7356300767031559,
    0.7309190938032122,
    0.7192267275222465,
    0.7411642775723435,
    0.6948021158109495,
    0.7032915447307705
  ],
  "estimated_posterior_probability": 61.710113525390625,
  "input": "./smaller_in/Guten_index3097.txt",
  "prevalence_assumed": 0.5,
  "process_length": 80000,
  "gutenberg": {
    "id": 3097,
    "title": "The Wanderer's Necklace",
    "authors": [
      {
        "name": "Haggard, H. Rider (Henry Rider)",
        "birth_year": 1856,
        "death_year": 1925
      }
    ],
    "summaries": [
      "\"The Wanderer's Necklace\" by H. Rider Haggard is a historical novel set in the early 20th century that intertwines adventure with themes of love and fate. The narrative begins with a dedication and a note by the editor, introducing a story structured around the life of a character named Olaf, who reflects on pivotal moments from his past, specifically focusing on his relationships and the conflicts that arise in his world. As Olaf recounts his childhood and the complexities of his betrothal to Iduna, he becomes embroiled in a web of emotions and societal expectations that highlight the essence of love as well as the anguish of betrayal.  The opening of the narrative vividly describes Olaf's formative experiences, including childhood memories of a house near water and his first encounter with his betrothed, Iduna, who captures his heart. As the tale unfolds, the tension between familial duty, personal desire, and the intrigue surrounding their budding love story is palpable. There are references to Olaf's relationships with his brother Ragnar and his foster-brother Steinar, along with foreboding hints from characters like Freydisa, which foreshadow future trials. The chapter concludes with Olaf embarking on a daring adventure that reveals both his courage and the fate that awaits him, setting the stage for the intertwining of past dreams and present realities that will define the course of his life. (This is an automatically generated summary.)"
    ],
    "editors": [],
    "translators": [],
    "subjects": [
      "Adventure stories",
      "Istanbul (Turkey) -- Fiction",
      "Jutland (Denmark) -- Fiction",
      "Reincarnation -- Fiction"
    ],
    "bookshelves": [
      "Category: Adventure",
      "Category: Historical Novels"
    ],
    "languages": [
      "en"
    ],
    "copyright": false,
    "media_type": "Text",
    "formats": {
      "text/html": "https://www.gutenberg.org/ebooks/3097.html.images",
      "application/epub+zip": "https://www.gutenberg.org/ebooks/3097.epub3.images",
      "application/x-mobipocket-ebook": "https://www.gutenberg.org/ebooks/3097.kf8.images",
      "text/plain; charset=us-ascii": "https://www.gutenberg.org/ebooks/3097.txt.utf-8",
      "application/rdf+xml": "https://www.gutenberg.org/ebooks/3097.rdf",
      "image/jpeg": "https://www.gutenberg.org/cache/epub/3097/pg3097.cover.medium.jpg",
      "application/octet-stream": "https://www.gutenberg.org/files/3097/3097-0.zip"
    },
    "download_count": 361
  }
}