{
  "average_entropy_rate": 0.2826970569044577,
  "entropy_rate": [
    0.7418300329772224,
    0.0,
    0.0,
    0.0,
    0.0,
    0.0,
    0.5859698530684117,
    0.0,
    0.0,
    0.0,
    0.5019850385535403,
    0.0,
    0.0,
    0.0,
    0.0,
    0.0,
    0.5742477039873537,
    0.7476603782389899,
    0.0,
    0.0,
    0.0,
    0.723323976693278,
    0.0,
    0.0,
    0.6939913803326003,
    0.0,
    0.0,
    0.0,
    0.0,
    0.7504201985390334,
    0.0,
    0.7412376831685652,
    0.7241190417585189,
    0.7339816617494032,
    0.6277666877986452,
    0.6465960481712026,
    0.7066258927361495,
    0.0,
    0.7555642333324417,
    0.6114039627733435,
    0.7238555592040664
  ],
  "estimated_posterior_probability": 59.75828170776367,
  "input": "./smaller_in/Guten_index3941.txt",
  "prevalence_assumed": 0.5,
  "process_length": 80000,
  "gutenberg": {
    "id": 3941,
    "title": "The Confession of a Child of the Century — Volume 3",
    "authors": [
      {
        "name": "Musset, Alfred de",
        "birth_year": 1810,
        "death_year": 1857
      }
    ],
    "summaries": [
      "\"The Confession of a Child of the Century — Volume 3\" by Alfred de Musset is a novel written during the early 19th century, which delves into the emotional tumult of love, loss, and existential doubt. The narrative centers around Octave, a young man seeking to escape his past and embrace a new life with his beloved Brigitte, attempting to rekindle their happiness amid the shadows of previous sorrows and familial conflicts.  At the start of this volume, audience witnesses the hopeful preparations of Octave and Brigitte for an escape to Geneva, where they envision starting afresh. However, their plans encounter turbulence when Brigitte receives letters from her disgraced relatives, causing her distress and a sudden illness. Octave becomes increasingly anxious and suspicious as he notes Brigitte’s emotional struggles and silent battles. In the following chapters, the couple grapples with their relationship's fragility amidst the haunting memories of their past and the looming specter of doubt, leading to a poignant exploration of emotional turmoil, jealousy, and the complexities of their love. The opening chapters set the stage for a deep dive into introspection and the struggles that test the boundaries of their devotion to one another. (This is an automatically generated summary.)"
    ],
    "editors": [],
    "translators": [],
    "subjects": [
      "France -- Fiction",
      "French fiction -- Translations into English",
      "Historical fiction"
    ],
    "bookshelves": [
      "Category: French Literature",
      "Category: Novels"
    ],
    "languages": [
      "en"
    ],
    "copyright": false,
    "media_type": "Text",
    "formats": {
      "text/html": "https://www.gutenberg.org/ebooks/3941.html.images",
      "application/epub+zip": "https://www.gutenberg.org/ebooks/3941.epub3.images",
      "application/x-mobipocket-ebook": "https://www.gutenberg.org/ebooks/3941.kf8.images",
      "text/plain; charset=us-ascii": "https://www.gutenberg.org/ebooks/3941.txt.utf-8",
      "application/rdf+xml": "https://www.gutenberg.org/ebooks/3941.rdf",
      "image/jpeg": "https://www.gutenberg.org/cache/epub/3941/pg3941.cover.medium.jpg",
      "application/octet-stream": "https://www.gutenberg.org/files/3941/3941.zip"
    },
    "download_count": 197
  }
}