{
  "average_entropy_rate": 0.15452228251549655,
  "entropy_rate": [
    0.5816011023341028,
    0.0,
    0.0,
    0.0,
    0.0,
    0.0,
    0.0,
    0.0,
    0.0,
    0.0,
    0.0,
    0.765246529235802,
    0.765246529235802,
    0.0,
    0.765246529235802,
    0.5283208328746554,
    0.0,
    0.0,
    0.0,
    0.0,
    0.0,
    0.0,
    0.0,
    0.0,
    0.0,
    0.0,
    0.0,
    0.0,
    0.0,
    0.0,
    0.0,
    0.0,
    0.7736159101854981,
    0.0,
    0.0,
    0.765246529235802,
    0.765246529235802,
    0.6256430915620917,
    0.0,
    0.0,
    0.0
  ],
  "estimated_posterior_probability": 54.7319221496582,
  "input": "./smaller_in/Guten_index740.txt",
  "prevalence_assumed": 0.5,
  "process_length": 80000,
  "gutenberg": {
    "id": 740,
    "title": "Remarks of Mr. Calhoun of South Carolina on the bill to prevent the interference of certain federal officers in elections: delivered in the Senate of the United States February 22, 1839",
    "authors": [
      {
        "name": "Calhoun, John C. (John Caldwell)",
        "birth_year": 1782,
        "death_year": 1850
      }
    ],
    "summaries": [
      "\"Remarks of Mr. Calhoun of South Carolina on the bill to prevent the…\" is a historical account written by John C. Calhoun in the early 19th century. This book captures Calhoun's passionate defense of the doctrine of nullification, arguing against federal overreach as it relates to states’ rights and the economic burdens imposed on Southern states. It reflects the intense political climate of the time, particularly the tensions between federal authority and state sovereignty.  In this speech delivered in the U.S. Senate on February 15, 1833, Calhoun outlines his opposition to the proposed bill aimed at enforcing federal laws in South Carolina which he views as unconstitutional. He asserts that the state possesses the right to nullify federal laws that are deemed oppressive and unfair. Throughout his arguments, Calhoun articulates a distinction between a union of states and an aggregate of individuals, advocating for a system where state sovereignty is paramount. He draws analogies to the American Revolution to highlight the struggle between liberty and governmental power. The speech serves as a crucial examination of the philosophical underpinnings of federalism and states' rights that would continue to influence American political discourse leading up to the Civil War. (This is an automatically generated summary.)"
    ],
    "editors": [],
    "translators": [],
    "subjects": [
      "Constitutional law -- United States",
      "Election law -- United States -- Speeches in Congress",
      "Nullification (States' rights)",
      "United States -- Politics and government -- 1837-1841"
    ],
    "bookshelves": [
      "Category: Essays, Letters & Speeches",
      "Category: History - American",
      "Category: Politics"
    ],
    "languages": [
      "en"
    ],
    "copyright": false,
    "media_type": "Text",
    "formats": {
      "text/html": "https://www.gutenberg.org/ebooks/740.html.images",
      "application/epub+zip": "https://www.gutenberg.org/ebooks/740.epub3.images",
      "application/x-mobipocket-ebook": "https://www.gutenberg.org/ebooks/740.kf8.images",
      "text/plain; charset=us-ascii": "https://www.gutenberg.org/ebooks/740.txt.utf-8",
      "application/rdf+xml": "https://www.gutenberg.org/ebooks/740.rdf",
      "image/jpeg": "https://www.gutenberg.org/cache/epub/740/pg740.cover.medium.jpg",
      "application/octet-stream": "https://www.gutenberg.org/cache/epub/740/pg740-h.zip"
    },
    "download_count": 326
  }
}