{
  "average_entropy_rate": 0.1632277882579509,
  "entropy_rate": [
    0.0,
    0.0,
    0.0,
    0.49279363982607655,
    0.0,
    0.0,
    0.0,
    0.0,
    0.6341619971466272,
    0.0,
    0.0,
    0.0,
    0.0,
    0.0,
    0.0,
    0.0,
    0.0,
    0.0,
    0.0,
    0.9125554404501747,
    0.0,
    0.0,
    0.4901966953755132,
    0.0,
    0.0,
    0.0,
    0.0,
    0.0,
    0.0,
    0.0,
    0.8310784681951113,
    0.0,
    0.0,
    0.0,
    0.4854752884544698,
    0.8852670713506415,
    0.0,
    0.904534904165659,
    0.48719381721914823,
    0.0,
    0.5690819963925652
  ],
  "estimated_posterior_probability": 55.038578033447266,
  "input": "./smaller_in/Guten_index263.txt",
  "prevalence_assumed": 0.5,
  "process_length": 80000,
  "gutenberg": {
    "id": 263,
    "title": "Trees, and Other Poems",
    "authors": [
      {
        "name": "Kilmer, Joyce",
        "birth_year": 1886,
        "death_year": 1918
      }
    ],
    "summaries": [
      "\"Trees, and Other Poems by Joyce Kilmer\" is a collection of poems written in the early 20th century. This anthology showcases Kilmer's appreciation for nature, spirituality, and the human experience, reflecting on both beauty and melancholy in life. The poems often celebrate the simplicity of everyday moments while also engaging with deeper philosophical themes.  The collection includes notable pieces like \"Trees,\" which famously extols the virtues of nature through the metaphor of a tree, portraying it as a divine creation. Other poems explore themes of love, loss, and the passage of time, often imbued with a sense of longing and appreciation for the transient beauty of life. Kilmer's work blends personal reflection with universal themes, providing readers with a lyrical exploration of both the inner and outer worlds. Throughout the book, there is a palpable reverence for the natural world and an exploration of the poet's place within it, making the collection resonate with those seeking both beauty and meaning in poetry. (This is an automatically generated summary.)"
    ],
    "editors": [],
    "translators": [],
    "subjects": [
      "Poetry, Modern -- 20th century"
    ],
    "bookshelves": [
      "Category: American Literature",
      "Category: Poetry"
    ],
    "languages": [
      "en"
    ],
    "copyright": false,
    "media_type": "Text",
    "formats": {
      "text/html": "https://www.gutenberg.org/ebooks/263.html.images",
      "text/html; charset=us-ascii": "https://www.gutenberg.org/files/263/263-h/263-h.htm",
      "application/epub+zip": "https://www.gutenberg.org/ebooks/263.epub3.images",
      "application/x-mobipocket-ebook": "https://www.gutenberg.org/ebooks/263.kf8.images",
      "text/plain; charset=us-ascii": "https://www.gutenberg.org/ebooks/263.txt.utf-8",
      "application/rdf+xml": "https://www.gutenberg.org/ebooks/263.rdf",
      "image/jpeg": "https://www.gutenberg.org/cache/epub/263/pg263.cover.medium.jpg",
      "application/octet-stream": "https://www.gutenberg.org/cache/epub/263/pg263-h.zip"
    },
    "download_count": 992
  }
}