{
  "average_entropy_rate": 0.0308990079062775,
  "entropy_rate": [
    0.19419011538178785,
    0.23117870878784258,
    0.0,
    0.0,
    0.0,
    0.0,
    0.0,
    0.0,
    0.0,
    0.0,
    0.0,
    0.0,
    0.0,
    0.0,
    0.0,
    0.0,
    0.0,
    0.0,
    0.0,
    0.0,
    0.0,
    0.0,
    0.0,
    0.0,
    0.0,
    0.0,
    0.0,
    0.0,
    0.0,
    0.0,
    0.3236501923029797,
    0.0,
    0.3236501923029797,
    0.19419011538178785,
    0.0,
    0.0,
    0.0,
    0.0,
    0.0,
    0.0,
    0.0
  ],
  "estimated_posterior_probability": 50.85466003417969,
  "input": "./smaller_in/Guten_index4715.txt",
  "prevalence_assumed": 0.5,
  "process_length": 80000,
  "gutenberg": {
    "id": 4715,
    "title": "An African Millionaire: Episodes in the Life of the Illustrious Colonel Clay",
    "authors": [
      {
        "name": "Allen, Grant",
        "birth_year": 1848,
        "death_year": 1899
      }
    ],
    "summaries": [],
    "editors": [],
    "translators": [],
    "subjects": [
      "Detective and mystery stories"
    ],
    "bookshelves": [
      "Africa",
      "Category: British Literature",
      "Category: Crime, Thrillers and Mystery",
      "Category: Novels",
      "Crime Fiction"
    ],
    "languages": [
      "en"
    ],
    "copyright": false,
    "media_type": "Text",
    "formats": {
      "text/html": "https://www.gutenberg.org/ebooks/4715.html.images",
      "application/epub+zip": "https://www.gutenberg.org/ebooks/4715.epub3.images",
      "application/x-mobipocket-ebook": "https://www.gutenberg.org/ebooks/4715.kf8.images",
      "text/plain; charset=us-ascii": "https://www.gutenberg.org/ebooks/4715.txt.utf-8",
      "application/rdf+xml": "https://www.gutenberg.org/ebooks/4715.rdf",
      "image/jpeg": "https://www.gutenberg.org/cache/epub/4715/pg4715.cover.medium.jpg",
      "application/octet-stream": "https://www.gutenberg.org/files/4715/4715-8.zip"
    },
    "download_count": 411
  }
}