{
  "average_entropy_rate": 0.12972727907362633,
  "entropy_rate": [
    0.49177782099843814,
    0.7806390622295668,
    0.7806390622295668,
    0.4311278112737896,
    0.0,
    0.0,
    0.0,
    0.0,
    0.0,
    0.0,
    0.0,
    0.0,
    0.0,
    0.0,
    0.0,
    0.0,
    0.0,
    0.0,
    0.0,
    0.0,
    0.0,
    0.0,
    0.0,
    0.0,
    0.0,
    0.0,
    0.0,
    0.0,
    0.0,
    0.0,
    0.0,
    0.0,
    0.7806390622295668,
    0.7806390622295668,
    0.49271749859861697,
    0.7806390622295668,
    0.0,
    0.0,
    0.0,
    0.0,
    0.0
  ],
  "estimated_posterior_probability": 53.88778305053711,
  "input": "./smaller_in/Guten_index1137.txt",
  "prevalence_assumed": 0.5,
  "process_length": 80000,
  "gutenberg": {
    "id": 1137,
    "title": "A Lover's Complaint",
    "authors": [
      {
        "name": "Shakespeare, William",
        "birth_year": 1564,
        "death_year": 1616
      }
    ],
    "summaries": [
      "\"A Lover's Complaint\" by William Shakespeare is a narrative poem published in 1609 as part of Shakespeare's Sonnets. The poem follows a young woman weeping by a river, throwing away tokens of lost love. When an old man asks about her sorrow, she recounts her seduction and abandonment by a charming young lover. Written in rhyme royal, the forty-seven stanza poem explores themes of deception and desire, concluding with a haunting admission about the power of false charms. (This is an automatically generated summary.)"
    ],
    "editors": [],
    "translators": [],
    "subjects": [
      "Poetry"
    ],
    "bookshelves": [
      "Category: British Literature",
      "Category: Poetry"
    ],
    "languages": [
      "en"
    ],
    "copyright": false,
    "media_type": "Text",
    "formats": {
      "text/html": "https://www.gutenberg.org/ebooks/1137.html.images",
      "application/epub+zip": "https://www.gutenberg.org/ebooks/1137.epub3.images",
      "image/jpeg": "https://www.gutenberg.org/files/1137/cover.jpg",
      "application/x-mobipocket-ebook": "https://www.gutenberg.org/ebooks/1137.kf8.images",
      "text/plain; charset=us-ascii": "https://www.gutenberg.org/ebooks/1137.txt.utf-8",
      "application/rdf+xml": "https://www.gutenberg.org/ebooks/1137.rdf",
      "application/octet-stream": "https://www.gutenberg.org/cache/epub/1137/pg1137-h.zip"
    },
    "download_count": 328
  }
}