{
  "average_entropy_rate": 0.30986269526841315,
  "entropy_rate": [
    0.0,
    0.0,
    0.0,
    0.0,
    0.7677714905369735,
    0.0,
    0.9227616997165489,
    0.6511216818507044,
    0.0,
    0.0,
    0.0,
    0.0,
    0.8597530367875187,
    0.0,
    0.0,
    0.7640422893429601,
    0.0,
    0.0,
    0.0,
    0.7606006367897346,
    0.0,
    0.0,
    0.777301694082709,
    0.0,
    0.0,
    0.0,
    0.0,
    0.0,
    0.0,
    0.0,
    0.7848266616128551,
    0.0,
    0.7660421913299853,
    0.8263833728765866,
    0.7977873740226281,
    0.9152746783411444,
    0.7700688209391738,
    0.7671090362621255,
    0.7883314051717548,
    0.0,
    0.7851944363415341
  ],
  "estimated_posterior_probability": 60.99214553833008,
  "input": "./smaller_in/Guten_index495.txt",
  "prevalence_assumed": 0.5,
  "process_length": 80000,
  "gutenberg": {
    "id": 495,
    "title": "Amy Foster",
    "authors": [
      {
        "name": "Conrad, Joseph",
        "birth_year": 1857,
        "death_year": 1924
      }
    ],
    "summaries": [
      "\"Amy Foster\" by Joseph Conrad is a short story written in 1901. A shipwrecked emigrant from Central Europe washes ashore in England, where terrified locals reject him as a madman because he speaks no English. Eventually given shelter, Yanko Goorall learns some English and marries Amy Foster, a servant who showed him kindness. But cultural differences haunt their relationship, and Amy remains disturbed by his foreign language and customs. When fever strikes Yanko, a tragic misunderstanding unfolds that reveals the devastating cost of isolation and failed communication. (This is an automatically generated summary.)"
    ],
    "editors": [],
    "translators": [],
    "subjects": [
      "Man-woman relationships -- Fiction"
    ],
    "bookshelves": [
      "Category: British Literature",
      "Category: Short Stories"
    ],
    "languages": [
      "en"
    ],
    "copyright": false,
    "media_type": "Text",
    "formats": {
      "text/html": "https://www.gutenberg.org/ebooks/495.html.images",
      "text/html; charset=utf-8": "https://www.gutenberg.org/files/495/495-h/495-h.htm",
      "application/epub+zip": "https://www.gutenberg.org/ebooks/495.epub3.images",
      "application/x-mobipocket-ebook": "https://www.gutenberg.org/ebooks/495.kf8.images",
      "text/plain; charset=us-ascii": "https://www.gutenberg.org/ebooks/495.txt.utf-8",
      "text/plain; charset=utf-8": "https://www.gutenberg.org/files/495/495-0.txt",
      "application/rdf+xml": "https://www.gutenberg.org/ebooks/495.rdf",
      "image/jpeg": "https://www.gutenberg.org/cache/epub/495/pg495.cover.medium.jpg",
      "application/octet-stream": "https://www.gutenberg.org/cache/epub/495/pg495-h.zip"
    },
    "download_count": 985
  }
}