{
  "average_entropy_rate": 0.3387988477483766,
  "entropy_rate": [
    0.7841582489206828,
    0.0,
    0.0,
    0.5946194746957171,
    0.0,
    0.0,
    0.0,
    0.0,
    0.0,
    0.0,
    0.0,
    0.0,
    0.7330631593286225,
    0.6245818710432979,
    0.784319507932264,
    0.6353506770075178,
    0.0,
    0.0,
    0.7842657549284037,
    0.0,
    0.7845345199477062,
    0.7842657549284037,
    0.7841582489206828,
    0.0,
    0.0,
    0.0,
    0.0,
    0.0,
    0.0,
    0.0,
    0.0,
    0.0,
    0.6364770924105606,
    0.6347874693059964,
    0.7845345199477062,
    0.7842657549284038,
    0.6203614367277214,
    0.7841582489206828,
    0.7842120019245432,
    0.7842657549284037,
    0.7843732609361247
  ],
  "estimated_posterior_probability": 62.38676834106445,
  "input": "./smaller_in/Guten_index3115.txt",
  "prevalence_assumed": 0.5,
  "process_length": 80000,
  "gutenberg": {
    "id": 3115,
    "title": "The Indeterminate Sentence: What Shall Be Done with the Criminal Class?",
    "authors": [
      {
        "name": "Warner, Charles Dudley",
        "birth_year": 1829,
        "death_year": 1900
      }
    ],
    "summaries": [
      "\"The Indeterminate Sentence: What Shall Be Done with the Criminal Class?\" by Charles Dudley Warner is a thought-provoking examination of how society deals with crime, written during the late 19th century. This book can be categorized as a social reform treatise that focuses on criminal justice and societal responsibility. The primary topic of Warner’s work is the exploration of a more effective approach to managing and reforming the professional criminal class, advocating for a system that emphasizes rehabilitation rather than mere punishment.  In this compelling argument, Warner critiques existing penal systems that he believes fail to protect society or effectively reform criminals. He proposes the concept of the \"indeterminate sentence,\" which would allow for a flexible term of imprisonment focused on rehabilitation rather than fixed terms tied to specific crimes. By examining the failures of the current justice system, including the cycles of recidivism fueled by short sentences and inadequate reform, Warner insists that a shift to a model that prioritizes the psychological and moral rehabilitation of offenders is essential. He argues that with proper support and structure within reformatories, offenders could be transformed into productive members of society, thus reducing the overall criminal class and enhancing public safety. (This is an automatically generated summary.)"
    ],
    "editors": [],
    "translators": [],
    "subjects": [
      "Indeterminate sentences -- United States"
    ],
    "bookshelves": [
      "Category: Law & Criminology",
      "Category: Sociology"
    ],
    "languages": [
      "en"
    ],
    "copyright": false,
    "media_type": "Text",
    "formats": {
      "text/html": "https://www.gutenberg.org/ebooks/3115.html.images",
      "application/epub+zip": "https://www.gutenberg.org/ebooks/3115.epub3.images",
      "application/x-mobipocket-ebook": "https://www.gutenberg.org/ebooks/3115.kf8.images",
      "text/plain; charset=us-ascii": "https://www.gutenberg.org/ebooks/3115.txt.utf-8",
      "application/rdf+xml": "https://www.gutenberg.org/ebooks/3115.rdf",
      "image/jpeg": "https://www.gutenberg.org/cache/epub/3115/pg3115.cover.medium.jpg",
      "application/octet-stream": "https://www.gutenberg.org/files/3115/3115.zip"
    },
    "download_count": 237
  }
}