{
  "average_entropy_rate": 0.25534479955766515,
  "entropy_rate": [
    0.6683068063031742,
    0.0,
    0.0,
    0.7147366466569823,
    0.0,
    0.0,
    0.6892848353915999,
    0.0,
    0.0,
    0.0,
    0.0,
    0.4688665212223437,
    0.0,
    0.0,
    0.0,
    0.0,
    0.0,
    0.583817655407157,
    0.0,
    0.706749928668184,
    0.0,
    0.5512786529385055,
    0.0,
    0.0,
    0.0,
    0.0,
    0.0,
    0.7117573677714326,
    0.7146509230581249,
    0.0,
    0.0,
    0.6959955107788024,
    0.7194226994549346,
    0.6209075878922911,
    0.6507147470252642,
    0.0,
    0.6065529572023592,
    0.0,
    0.6632744109783324,
    0.0,
    0.7028195311147832
  ],
  "estimated_posterior_probability": 58.58287811279297,
  "input": "data/human/Gutenberg//Guten_index91.txt",
  "prevalence_assumed": 0.5,
  "process_length": 80000,
  "gutenberg": {
    "id": 91,
    "title": "Tom Sawyer Abroad",
    "authors": [
      {
        "name": "Twain, Mark",
        "birth_year": 1835,
        "death_year": 1910
      }
    ],
    "summaries": [
      "\"Tom Sawyer Abroad\" by Mark Twain is a novel published in 1894. Tom Sawyer, Huckleberry Finn, and Jim accidentally stow away on a futuristic hot air balloon bound for Europe. After the ship's owner falls overboard during a storm, the trio finds themselves sailing solo across uncharted skies. Their journey takes an unexpected turn toward Africa, where they encounter lions, robbers, and ancient wonders like the Pyramids and Sphinx in this parody of Jules Verne-style adventure tales. (This is an automatically generated summary.)"
    ],
    "editors": [],
    "translators": [],
    "subjects": [
      "Adventure stories",
      "Americans -- Foreign countries -- Fiction",
      "Balloon ascensions -- Fiction",
      "Sawyer, Tom (Fictitious character) -- Fiction"
    ],
    "bookshelves": [
      "Category: Adventure",
      "Category: American Literature",
      "Category: Humour",
      "Category: Novels"
    ],
    "languages": [
      "en"
    ],
    "copyright": false,
    "media_type": "Text",
    "formats": {
      "text/html": "https://www.gutenberg.org/ebooks/91.html.images",
      "application/epub+zip": "https://www.gutenberg.org/ebooks/91.epub3.images",
      "application/x-mobipocket-ebook": "https://www.gutenberg.org/ebooks/91.kf8.images",
      "text/plain; charset=us-ascii": "https://www.gutenberg.org/ebooks/91.txt.utf-8",
      "application/rdf+xml": "https://www.gutenberg.org/ebooks/91.rdf",
      "image/jpeg": "https://www.gutenberg.org/cache/epub/91/pg91.cover.medium.jpg",
      "application/octet-stream": "https://www.gutenberg.org/files/91/91-0.zip"
    },
    "download_count": 868
  }
}