{
  "average_entropy_rate": 0.2850512498243105,
  "entropy_rate": [
    0.0,
    0.0,
    0.6997906136687636,
    0.6502839996369669,
    0.0,
    0.6420251790491203,
    0.0,
    0.0,
    0.0,
    0.0,
    0.0,
    0.0,
    0.9926541675314626,
    0.0,
    0.0,
    0.0,
    0.0,
    0.7890064172022531,
    0.0,
    0.0,
    0.0,
    0.0,
    0.0,
    0.6778908122389057,
    1.0078126858954475,
    0.0,
    0.0,
    0.0,
    0.0,
    0.0,
    0.6853205957120377,
    0.0,
    0.0,
    0.8716408075128045,
    0.6624812695957488,
    1.0244978995284675,
    0.7021600696136295,
    0.6980577467548467,
    0.8633849981574161,
    0.0,
    0.7200939806988611
  ],
  "estimated_posterior_probability": 59.8627815246582,
  "input": "./smaller_in/Guten_index4560.txt",
  "prevalence_assumed": 0.5,
  "process_length": 80000,
  "gutenberg": {
    "id": 4560,
    "title": "Verses",
    "authors": [
      {
        "name": "Coolidge, Susan",
        "birth_year": 1835,
        "death_year": 1905
      }
    ],
    "summaries": [
      "\"Verses\" by Susan Coolidge is a collection of poems likely written in the late 19th century. The work embodies themes of love, loss, and the beauty of nature, articulating deep emotional experiences and reflections on life through a lyrical and heartfelt lens. The poems explore various facets of human experience, focusing on connections between people and the impact of life events.  At the start of \"Verses,\" the poem addresses two friends, J. H. and E. W. H., offering praises for their beauty and kindness, suggesting a bond formed through shared experiences and the giving of love. The opening further introduces a \"Prelude\" that distinguishes poems as accessible and earthly things, showcasing the author's humility and recognition of the divine inspiration behind her work. This section sets a tone of reverence for the literary craft and invites readers to prepare for a journey through the rich emotional landscape that unfolds in the subsequent verses. As the collection progresses, poignant themes emerge, reflecting on mortality, the passage of time, and the enduring nature of love amidst joy and sorrow. (This is an automatically generated summary.)"
    ],
    "editors": [],
    "translators": [],
    "subjects": [
      "American poetry"
    ],
    "bookshelves": [
      "Category: Poetry",
      "Children's Literature"
    ],
    "languages": [
      "en"
    ],
    "copyright": false,
    "media_type": "Text",
    "formats": {
      "text/html": "https://www.gutenberg.org/ebooks/4560.html.images",
      "application/epub+zip": "https://www.gutenberg.org/ebooks/4560.epub3.images",
      "application/x-mobipocket-ebook": "https://www.gutenberg.org/ebooks/4560.kf8.images",
      "text/plain; charset=us-ascii": "https://www.gutenberg.org/ebooks/4560.txt.utf-8",
      "application/rdf+xml": "https://www.gutenberg.org/ebooks/4560.rdf",
      "image/jpeg": "https://www.gutenberg.org/cache/epub/4560/pg4560.cover.medium.jpg",
      "application/octet-stream": "https://www.gutenberg.org/files/4560/4560.zip"
    },
    "download_count": 236
  }
}