{
  "average_entropy_rate": 0.15159807047168217,
  "entropy_rate": [
    0.35069231415030344,
    0.0,
    0.48059476545064395,
    0.0,
    0.0,
    0.0,
    0.0,
    0.0,
    0.0,
    0.0,
    0.0,
    0.5512299762224211,
    0.0,
    0.0,
    0.0,
    0.0,
    0.0,
    0.0,
    0.0,
    0.0,
    0.0,
    0.0,
    0.0,
    0.0,
    0.0,
    0.6734320428524458,
    0.6552797917752098,
    0.6634577395996556,
    0.5225354466766232,
    0.5528822077438209,
    0.0,
    0.0,
    0.0,
    0.0,
    0.0,
    0.4611535494586952,
    0.0,
    0.0,
    0.6502414094530863,
    0.654021645956064,
    0.0
  ],
  "estimated_posterior_probability": 54.63163375854492,
  "input": "data/human/Gutenberg//Guten_index2312.txt",
  "prevalence_assumed": 0.5,
  "process_length": 80000,
  "gutenberg": {
    "id": 2312,
    "title": "Hermann und Dorothea",
    "authors": [
      {
        "name": "Goethe, Johann Wolfgang von",
        "birth_year": 1749,
        "death_year": 1832
      }
    ],
    "summaries": [
      "\"Hermann und Dorothea\" by Johann Wolfgang von Goethe is an epic poem written between 1796 and 1797. When a wealthy innkeeper's son encounters a refugee woman named Dorothea in a fleeing convoy, he falls instantly in love. But his father demands a bride with a proper dowry, and Hermann fears rejection. As friends investigate the mysterious woman's past, they discover tales of her courage and virtue. Through misunderstandings and hesitation, the young man must find the courage to reveal his true feelings before Dorothea disappears forever. (This is an automatically generated summary.)"
    ],
    "editors": [],
    "translators": [],
    "subjects": [
      "German poetry -- 18th century"
    ],
    "bookshelves": [
      "Category: German Literature",
      "Category: Poetry",
      "DE Lyrik",
      "Harvard Classics"
    ],
    "languages": [
      "de"
    ],
    "copyright": false,
    "media_type": "Text",
    "formats": {
      "text/html": "https://www.gutenberg.org/ebooks/2312.html.images",
      "text/html; charset=utf-8": "https://www.gutenberg.org/files/2312/2312-h/2312-h.htm",
      "application/epub+zip": "https://www.gutenberg.org/ebooks/2312.epub3.images",
      "application/x-mobipocket-ebook": "https://www.gutenberg.org/ebooks/2312.kf8.images",
      "text/plain; charset=us-ascii": "https://www.gutenberg.org/ebooks/2312.txt.utf-8",
      "text/plain; charset=utf-8": "https://www.gutenberg.org/files/2312/2312-0.txt",
      "application/rdf+xml": "https://www.gutenberg.org/ebooks/2312.rdf",
      "image/jpeg": "https://www.gutenberg.org/cache/epub/2312/pg2312.cover.medium.jpg",
      "application/octet-stream": "https://www.gutenberg.org/cache/epub/2312/pg2312-h.zip"
    },
    "download_count": 377
  }
}