{
  "average_entropy_rate": 0.335097086188263,
  "entropy_rate": [
    0.0,
    0.0,
    0.0,
    0.604843727790924,
    0.0,
    0.0,
    0.518851437833525,
    0.7922406868812077,
    0.0,
    0.6123392255555301,
    0.7377600793733916,
    0.7608191997174475,
    0.7159305350812329,
    0.722915577801147,
    0.0,
    0.0,
    0.7855008482494245,
    0.0,
    0.0,
    0.0,
    0.7288587354633985,
    0.0,
    0.0,
    0.0,
    0.0,
    0.0,
    0.0,
    0.0,
    0.5871628823170518,
    0.0,
    0.0,
    0.0,
    0.6776502782927765,
    0.7599577164842307,
    0.780775008622996,
    0.677048422268248,
    0.5095823984405141,
    0.7332188830620717,
    0.5209650291095849,
    0.7135049437602642,
    0.7990549176138155
  ],
  "estimated_posterior_probability": 62.20266342163086,
  "input": "./smaller_in/Guten_index2365.txt",
  "prevalence_assumed": 0.5,
  "process_length": 80000,
  "gutenberg": {
    "id": 2365,
    "title": "The Princess De Montpensier",
    "authors": [
      {
        "name": "La Fayette, Madame de (Marie-Madeleine Pioche de La Vergne)",
        "birth_year": 1634,
        "death_year": 1693
      }
    ],
    "summaries": [
      "\"The Princess De Montpensier\" by Madame de La Fayette is a short novel published in 1662. Set during France's Wars of Religion, it tells the story of a young noblewoman married without love and caught between duty and desire. Surrounded by four men who want her—including her husband, his trusted friend, her former suitor, and a royal duke—she faces impossible choices in a society where reputation means everything. This pioneering work is considered one of the first modern French novels and a masterpiece of historical fiction. (This is an automatically generated summary.)"
    ],
    "editors": [],
    "translators": [],
    "subjects": [
      "France -- History -- 16th century -- Fiction",
      "Man-woman relationships -- Fiction",
      "Princesses -- Fiction"
    ],
    "bookshelves": [
      "Category: Classics of Literature",
      "Category: French Literature",
      "Category: Historical Novels",
      "Category: Romance"
    ],
    "languages": [
      "en"
    ],
    "copyright": false,
    "media_type": "Text",
    "formats": {
      "text/html": "https://www.gutenberg.org/ebooks/2365.html.images",
      "text/html; charset=iso-8859-1": "https://www.gutenberg.org/files/2365/2365-h/2365-h.htm",
      "application/epub+zip": "https://www.gutenberg.org/ebooks/2365.epub3.images",
      "application/x-mobipocket-ebook": "https://www.gutenberg.org/ebooks/2365.kf8.images",
      "text/plain; charset=us-ascii": "https://www.gutenberg.org/ebooks/2365.txt.utf-8",
      "text/plain; charset=iso-8859-1": "https://www.gutenberg.org/files/2365/2365-8.txt",
      "application/rdf+xml": "https://www.gutenberg.org/ebooks/2365.rdf",
      "image/jpeg": "https://www.gutenberg.org/cache/epub/2365/pg2365.cover.medium.jpg",
      "application/octet-stream": "https://www.gutenberg.org/cache/epub/2365/pg2365-h.zip"
    },
    "download_count": 387
  }
}