{
  "average_entropy_rate": 0.0,
  "entropy_rate": [
    0.0,
    0.0,
    0.0,
    0.0,
    0.0,
    0.0,
    0.0,
    0.0,
    0.0,
    0.0,
    0.0,
    0.0,
    0.0,
    0.0,
    0.0,
    0.0,
    0.0,
    0.0,
    0.0,
    0.0,
    0.0,
    0.0,
    0.0,
    0.0,
    0.0,
    0.0,
    0.0,
    0.0,
    0.0,
    0.0,
    0.0,
    0.0,
    0.0,
    0.0,
    0.0,
    0.0,
    0.0,
    0.0,
    0.0,
    0.0,
    0.0
  ],
  "estimated_posterior_probability": 50.0,
  "input": "./smaller_in/Guten_index2894.txt",
  "prevalence_assumed": 0.5,
  "process_length": 80000,
  "gutenberg": {
    "id": 2894,
    "title": "Short Stories",
    "authors": [
      {
        "name": "Botev, Khristo",
        "birth_year": 1848,
        "death_year": 1876
      }
    ],
    "summaries": [
      "\"Short Stories\" by Hristo Botev is a collection of poignant narratives likely written during the late 19th century, exploring themes of society, political criticism, and human nature. The stories are framed by Botev's reflections on the turmoil in Bulgaria at that time, addressing the struggles of the nation while critiquing various facets of societal behavior and governance.  The opening of this collection features a powerful piece titled \"O, tempora! O, mores!\" which delves into the absurdities of social hierarchies and the contrasting perceptions of different animals in society. Botev employs a satirical tone to question why certain animals are revered while others are scorned, mirroring the arbitrary distinctions made in human society. As he critiques writers, journalists, and the elite, Botev highlights the hypocrisy within the literary world and underscores the importance of sincerity in a time rife with superficiality. Through his sharp observations and witty rhetoric, he sets the stage for the exploration of social themes and the call for a more genuine engagement with reality throughout the stories that follow. (This is an automatically generated summary.)"
    ],
    "editors": [],
    "translators": [],
    "subjects": [
      "Short stories, Bulgarian"
    ],
    "bookshelves": [
      "Category: Short Stories"
    ],
    "languages": [
      "bg"
    ],
    "copyright": false,
    "media_type": "Text",
    "formats": {
      "text/html": "https://www.gutenberg.org/ebooks/2894.html.images",
      "application/epub+zip": "https://www.gutenberg.org/ebooks/2894.epub3.images",
      "application/x-mobipocket-ebook": "https://www.gutenberg.org/ebooks/2894.kf8.images",
      "text/plain; charset=us-ascii": "https://www.gutenberg.org/ebooks/2894.txt.utf-8",
      "application/rdf+xml": "https://www.gutenberg.org/ebooks/2894.rdf",
      "image/jpeg": "https://www.gutenberg.org/cache/epub/2894/pg2894.cover.medium.jpg",
      "application/octet-stream": "https://www.gutenberg.org/files/2894/2894-0.zip"
    },
    "download_count": 379
  }
}