{
  "average_entropy_rate": 0.2686657402689531,
  "entropy_rate": [
    0.5769034453747012,
    0.0,
    0.0,
    0.0,
    0.7390126778451879,
    0.0,
    0.5197148410935878,
    0.4990004350712667,
    0.6714545106598019,
    0.0,
    0.0,
    0.6690188122436546,
    0.0,
    0.0,
    0.543420676847284,
    0.0,
    0.0,
    0.0,
    0.0,
    0.5253627999445236,
    0.0,
    0.7698128150149441,
    0.0,
    0.0,
    0.0,
    0.5105192627538101,
    0.0,
    0.0,
    0.0,
    0.0,
    0.0,
    0.0,
    0.6154033630971175,
    0.518352063401295,
    0.7806123878063801,
    0.718871353851682,
    0.5430103494464392,
    0.5351147120788992,
    0.0,
    0.7605625714289709,
    0.5191482730675345
  ],
  "estimated_posterior_probability": 59.14798355102539,
  "input": "./smaller_in/Guten_index4041.txt",
  "prevalence_assumed": 0.5,
  "process_length": 80000,
  "gutenberg": {
    "id": 4041,
    "title": "Conscience",
    "authors": [
      {
        "name": "Follen, Eliza Lee Cabot",
        "birth_year": 1787,
        "death_year": 1860
      }
    ],
    "summaries": [
      "\"Conscience\" by Eliza Lee Cabot Follen is a moral tale likely written in the early to mid-19th century. This book serves as a moral instruction aimed primarily at young readers, illustrating the importance of conscience and the distinction between right and wrong through a series of relatable stories and anecdotes. It intricately examines how personal choices, even seemingly trivial ones, can have significant consequences, thus emphasizing ethical living.  The narrative focuses on two primary storylines intertwined with lessons of integrity and kindness. In the first, two schoolboys, Frank and Harry, struggle with feelings of revenge against a classmate, John Green, who has humiliated them. Their mother instills in them the value of responding to wrongs with kindness, ultimately leading to a moment of compassion that transforms their attitude. The second storyline follows George Pratt, who, through neglecting a simple duty, inadvertently causes the wrongful accusation of a young man, Harry Brown, leading him to join the military out of despair. Both stories converge on the theme that no act of conscience is insignificant, reinforcing the notion that a good conscience can bring peace even amidst trials and tribulations. The book serves as an engaging moral compass for readers, urging them to reflect on their own actions and the moral implications they carry. (This is an automatically generated summary.)"
    ],
    "editors": [],
    "translators": [],
    "subjects": [
      "Children -- Conduct of life -- Juvenile fiction",
      "Conduct of life -- Juvenile fiction",
      "Conscience -- Juvenile fiction"
    ],
    "bookshelves": [
      "Category: Children & Young Adult Reading"
    ],
    "languages": [
      "en"
    ],
    "copyright": false,
    "media_type": "Text",
    "formats": {
      "text/html": "https://www.gutenberg.org/ebooks/4041.html.images",
      "application/epub+zip": "https://www.gutenberg.org/ebooks/4041.epub3.images",
      "application/x-mobipocket-ebook": "https://www.gutenberg.org/ebooks/4041.kf8.images",
      "text/plain; charset=us-ascii": "https://www.gutenberg.org/ebooks/4041.txt.utf-8",
      "application/rdf+xml": "https://www.gutenberg.org/ebooks/4041.rdf",
      "image/jpeg": "https://www.gutenberg.org/cache/epub/4041/pg4041.cover.medium.jpg",
      "application/octet-stream": "https://www.gutenberg.org/files/4041/4041-h.zip"
    },
    "download_count": 230
  }
}