{
  "average_entropy_rate": 0.0,
  "entropy_rate": [
    0.0,
    0.0,
    0.0,
    0.0,
    0.0,
    0.0,
    0.0,
    0.0,
    0.0,
    0.0,
    0.0,
    0.0,
    0.0,
    0.0,
    0.0,
    0.0,
    0.0,
    0.0,
    0.0,
    0.0,
    0.0,
    0.0,
    0.0,
    0.0,
    0.0,
    0.0,
    0.0,
    0.0,
    0.0,
    0.0,
    0.0,
    0.0,
    0.0,
    0.0,
    0.0,
    0.0,
    0.0,
    0.0,
    0.0,
    0.0,
    0.0
  ],
  "estimated_posterior_probability": 50.0,
  "input": "./smaller_in/Guten_index2538.txt",
  "prevalence_assumed": 0.5,
  "process_length": 80000,
  "gutenberg": {
    "id": 2538,
    "title": "Poems and Tales from Romania",
    "authors": [
      {
        "name": "Hart, Michael",
        "birth_year": 1947,
        "death_year": 2011
      },
      {
        "name": "Sumanaru, Simona",
        "birth_year": null,
        "death_year": null
      }
    ],
    "summaries": [
      "\"Poems and Tales from Romania\" by Simona Sumanaru and Michael Hart is a collection of poetry and short stories that likely draws upon the rich folklore and cultural traditions of Romania. Written in the late 20th century, this book offers a glimpse into the soul of Romanian narratives, both in original Romanian and in English translation. The works encapsulate themes of human emotions, natural beauty, and the complexities of life, awakening curiosity in readers about Romanian heritage and literary artistry.  The collection includes evocative poems and enchanting tales, the first being \"Broken Flights,\" which poetically explores themes of loss and resilience through vivid imagery and emotion. Another compelling story, \"The Story of Lake Dimbovitsa,\" narrates the enchanting life of a girl named Dimbovitsa who, through her passion for ice skating, transforms her community's perception of the art and brings joy to their winters. In an atmosphere where artistry and societal expectations clash, Dimbovitsa ultimately chooses to pursue her own path, leading to the creation of a beautiful lake named after her. The book stands as a homage to artistic expression and the longing for freedom, enriched by the backdrop of Romanian culture and nature. (This is an automatically generated summary.)"
    ],
    "editors": [],
    "translators": [],
    "subjects": [
      "Fiction"
    ],
    "bookshelves": [
      "Category: Mythology, Legends & Folklore",
      "Category: Poetry",
      "Category: Short Stories"
    ],
    "languages": [
      "en"
    ],
    "copyright": true,
    "media_type": "Text",
    "formats": {
      "text/html": "https://www.gutenberg.org/ebooks/2538.html.images",
      "application/epub+zip": "https://www.gutenberg.org/ebooks/2538.epub3.images",
      "application/x-mobipocket-ebook": "https://www.gutenberg.org/ebooks/2538.kf8.images",
      "text/plain; charset=us-ascii": "https://www.gutenberg.org/ebooks/2538.txt.utf-8",
      "application/rdf+xml": "https://www.gutenberg.org/ebooks/2538.rdf",
      "image/jpeg": "https://www.gutenberg.org/cache/epub/2538/pg2538.cover.medium.jpg",
      "application/octet-stream": "https://www.gutenberg.org/files/2538/2538.zip"
    },
    "download_count": 206
  }
}