{
  "average_entropy_rate": 0.29293076886457314,
  "entropy_rate": [
    0.0,
    0.0,
    0.0,
    0.0,
    0.795801477468759,
    0.0,
    0.0,
    0.5553265137539035,
    0.7522003147073854,
    0.0,
    0.0,
    0.824851727844177,
    0.0,
    0.0,
    0.0,
    0.0,
    0.0,
    0.6889479634198152,
    0.6333919704682279,
    0.7208044482871199,
    0.0,
    0.0,
    0.0,
    0.7814166616931938,
    0.0,
    0.0,
    0.0,
    0.0,
    0.0,
    0.0,
    0.0,
    0.0,
    0.7213743629489997,
    0.7490184206000062,
    0.8989837287205494,
    0.0,
    0.7697174112490028,
    0.7285025838337762,
    0.7258917043791748,
    0.7950881565264308,
    0.868844077546978
  ],
  "estimated_posterior_probability": 60.216957092285156,
  "input": "./smaller_in/Guten_index3270.txt",
  "prevalence_assumed": 0.5,
  "process_length": 80000,
  "gutenberg": {
    "id": 3270,
    "title": "The Jerusalem Sinner Saved; or, Good News for the Vilest of Men",
    "authors": [
      {
        "name": "Bunyan, John",
        "birth_year": 1628,
        "death_year": 1688
      }
    ],
    "summaries": [
      "\"The Jerusalem Sinner Saved; or, Good News for the Vilest of Men\" by John Bunyan is a religious treatise written in the mid-17th century. The work reflects on the theme of redemption, focusing on the idea that even the most wretched sinners can find grace and forgiveness through Christ, with a particular emphasis on the city of Jerusalem as a symbol of spiritual decay and corruption.  The opening of this text sets the stage for a deep theological exploration of sin, repentance, and divine mercy. Bunyan references Biblical passages to discuss the nature of Jerusalem, portraying it as a city that once held divine favor but has since become a bastion of sinfulness, having rejected God's truth. He argues that despite its grievous sins, the inhabitants of Jerusalem should be the first to receive the gospel of repentance and forgiveness, demonstrating God’s compassionate desire to save the most lost among us. Through this, Bunyan emphasizes the transformative power of grace and the importance of sharing this message with all who are in need of redemption, regardless of their past transgressions.   This summary captures the core themes and messages conveyed in the opening of Bunyan’s work while inviting readers to reflect on their understanding of sin and salvation. (This is an automatically generated summary.)"
    ],
    "editors": [],
    "translators": [],
    "subjects": [
      "Bible. Luke XXIV, 47 -- Sermons -- Early works to 1800",
      "Forgiveness of sin -- Sermons -- Early works to 1800",
      "Salvation",
      "Sermons, English -- 17th century",
      "Sin"
    ],
    "bookshelves": [
      "Category: British Literature",
      "Category: Philosophy & Ethics",
      "Category: Religion/Spirituality"
    ],
    "languages": [
      "en"
    ],
    "copyright": false,
    "media_type": "Text",
    "formats": {
      "text/html": "https://www.gutenberg.org/ebooks/3270.html.images",
      "application/epub+zip": "https://www.gutenberg.org/ebooks/3270.epub3.images",
      "application/x-mobipocket-ebook": "https://www.gutenberg.org/ebooks/3270.kf8.images",
      "text/plain; charset=us-ascii": "https://www.gutenberg.org/ebooks/3270.txt.utf-8",
      "application/rdf+xml": "https://www.gutenberg.org/ebooks/3270.rdf",
      "image/jpeg": "https://www.gutenberg.org/cache/epub/3270/pg3270.cover.medium.jpg",
      "application/octet-stream": "https://www.gutenberg.org/files/3270/3270-0.zip"
    },
    "download_count": 292
  }
}