{
  "average_entropy_rate": 0.0308990079062775,
  "entropy_rate": [
    0.19419011538178785,
    0.23117870878784258,
    0.0,
    0.0,
    0.0,
    0.0,
    0.0,
    0.0,
    0.0,
    0.0,
    0.0,
    0.0,
    0.0,
    0.0,
    0.0,
    0.0,
    0.0,
    0.0,
    0.0,
    0.0,
    0.0,
    0.0,
    0.0,
    0.0,
    0.0,
    0.0,
    0.0,
    0.3236501923029797,
    0.0,
    0.0,
    0.0,
    0.0,
    0.19419011538178785,
    0.3236501923029797,
    0.0,
    0.0,
    0.0,
    0.0,
    0.0,
    0.0,
    0.0
  ],
  "estimated_posterior_probability": 50.85466003417969,
  "input": "./smaller_in/Guten_index3204.txt",
  "prevalence_assumed": 0.5,
  "process_length": 80000,
  "gutenberg": {
    "id": 3204,
    "title": "Moby Hyphenation List",
    "authors": [
      {
        "name": "Ward, Grady",
        "birth_year": 1951,
        "death_year": null
      }
    ],
    "summaries": [
      "\"Moby Hyphenation List by Grady Ward\" is a technical documentation published in the early 21st century. This book provides details on software functionality for the Moby Hyphenator II, which is designed for hyphenation in text on MSDOS operating systems. The likely topic of the book centers on practical guidance for users of the hyphenation software, including setup and operational instructions.  The documentation outlines essential steps for users to install and utilize the Moby Hyphenator II effectively. It includes instructions for decompressing files, managing disk space, and ensuring proper file formats are used for hyphenation. Additionally, the content specifies the importance of certain ASCII characters for hyphenation marks, and it provides a comprehensive list of hyphenation rules, including exceptions for specific words to avoid unwanted hyphenation. Overall, the book serves as a user manual for those seeking to enhance their text formatting capabilities through the Moby Hyphenator II software. (This is an automatically generated summary.)"
    ],
    "editors": [],
    "translators": [],
    "subjects": [
      "Words and phrase lists -- English"
    ],
    "bookshelves": [
      "Category: How To ..."
    ],
    "languages": [
      "en"
    ],
    "copyright": false,
    "media_type": "Text",
    "formats": {
      "text/html": "https://www.gutenberg.org/ebooks/3204.html.images",
      "application/epub+zip": "https://www.gutenberg.org/ebooks/3204.epub3.images",
      "application/x-mobipocket-ebook": "https://www.gutenberg.org/ebooks/3204.kf8.images",
      "text/plain; charset=us-ascii": "https://www.gutenberg.org/ebooks/3204.txt.utf-8",
      "application/rdf+xml": "https://www.gutenberg.org/ebooks/3204.rdf",
      "image/jpeg": "https://www.gutenberg.org/cache/epub/3204/pg3204.cover.medium.jpg",
      "application/octet-stream": "https://www.gutenberg.org/files/3204/files.zip"
    },
    "download_count": 389
  }
}