{
  "average_entropy_rate": 0.0308990079062775,
  "entropy_rate": [
    0.19419011538178785,
    0.23117870878784258,
    0.0,
    0.0,
    0.0,
    0.0,
    0.0,
    0.0,
    0.0,
    0.0,
    0.0,
    0.0,
    0.0,
    0.0,
    0.0,
    0.0,
    0.0,
    0.0,
    0.0,
    0.0,
    0.0,
    0.0,
    0.0,
    0.0,
    0.0,
    0.0,
    0.0,
    0.0,
    0.0,
    0.0,
    0.0,
    0.3236501923029797,
    0.19419011538178785,
    0.3236501923029797,
    0.0,
    0.0,
    0.0,
    0.0,
    0.0,
    0.0,
    0.0
  ],
  "estimated_posterior_probability": 50.85466003417969,
  "input": "./smaller_in/Guten_index255.txt",
  "prevalence_assumed": 0.5,
  "process_length": 80000,
  "gutenberg": {
    "id": 255,
    "title": "QREAD, Etext Reader for Windows",
    "authors": [
      {
        "name": "Scavezze, Dan",
        "birth_year": null,
        "death_year": null
      }
    ],
    "summaries": [
      "\"QREAD, Etext Reader for Windows\" by Dan Scavezze is a software guide published in the early 1990s. This book serves as a user manual for a shareware program designed for reading text files on the Microsoft Windows 3.1 platform. The primary focus of the book is to provide users with detailed instructions on how to set up and utilize the QRead program effectively.  The content of this manual includes information on the installation process, featuring files included in the software package, as well as operational guidance on customizing the text display. It explains how users can select different fonts, adjust text size, and manage their text files efficiently. Additionally, it outlines the registration process required for continued use of the software after an evaluation period, making it clear that sharing the software for evaluation is permitted. Overall, this manual is concise and straightforward, targeting users who wish to enhance their reading experience on Windows by utilizing QRead. (This is an automatically generated summary.)"
    ],
    "editors": [],
    "translators": [],
    "subjects": [
      "Electronic book readers"
    ],
    "bookshelves": [
      "Category: How To ..."
    ],
    "languages": [
      "en"
    ],
    "copyright": true,
    "media_type": "Text",
    "formats": {
      "text/html": "https://www.gutenberg.org/ebooks/255.html.images",
      "application/epub+zip": "https://www.gutenberg.org/ebooks/255.epub3.images",
      "application/x-mobipocket-ebook": "https://www.gutenberg.org/ebooks/255.kf8.images",
      "text/plain; charset=us-ascii": "https://www.gutenberg.org/ebooks/255.txt.utf-8",
      "application/rdf+xml": "https://www.gutenberg.org/ebooks/255.rdf",
      "image/jpeg": "https://www.gutenberg.org/cache/epub/255/pg255.cover.medium.jpg",
      "application/octet-stream": "https://www.gutenberg.org/files/255/qread121.zip"
    },
    "download_count": 270
  }
}