{
  "average_entropy_rate": 0.3619832370205899,
  "entropy_rate": [
    0.0,
    0.0,
    0.0,
    0.0,
    0.6675458270955531,
    0.0,
    0.0,
    0.6673596705309547,
    0.0,
    0.9262436116311428,
    0.7555991081886491,
    0.7337289804671653,
    0.9522855806846376,
    0.0,
    0.8564085647107692,
    0.0,
    0.0,
    0.0,
    0.0,
    0.0,
    0.0,
    0.0,
    0.0,
    0.0,
    0.0,
    0.0,
    0.6944609952506706,
    0.0,
    0.0,
    0.8556400141852822,
    0.0,
    0.6737548860323248,
    0.664086256104608,
    0.6946833020024936,
    0.876518080236521,
    0.9571194015069892,
    0.8392663841423225,
    0.8322314956457001,
    0.6637742238694699,
    0.856674127863156,
    0.6739322076957731
  ],
  "estimated_posterior_probability": 63.5660400390625,
  "input": "./smaller_in/Guten_index4754.txt",
  "prevalence_assumed": 0.5,
  "process_length": 80000,
  "gutenberg": {
    "id": 4754,
    "title": "The Philosophy of Despair",
    "authors": [
      {
        "name": "Jordan, David Starr",
        "birth_year": 1851,
        "death_year": 1931
      }
    ],
    "summaries": [
      "\"The Philosophy of Despair\" by David Starr Jordan is a philosophical treatise written during the early 20th century. This book delves into existential themes, examining the nature of despair and pessimism while contemplating human existence within the grand scheme of the universe. Jordan wrestles with concepts of action, love, and the potential for human experience amidst the seemingly incomprehensible nature of life.  The core content of the book reflects a critical exploration of pessimistic philosophy and its systematic implications on human behavior and thought. Jordan analyzes the sources of despair, especially in youth and the educated class, pointing out that unexpressed knowledge leads to cynicism and apathy. He emphasizes the importance of purpose and action as antidotes to despair, advocating that each individual should strive to make their lives meaningful through personal contribution and the pursuit of love and human helpfulness. The author ultimately promotes an optimistic view of life where individual actions contribute to a larger continuum, suggesting that while life may be impermanent and filled with challenges, it is this very experience that offers opportunities for growth and fulfillment. (This is an automatically generated summary.)"
    ],
    "editors": [],
    "translators": [],
    "subjects": [
      "Pessimism"
    ],
    "bookshelves": [
      "Category: Philosophy & Ethics",
      "Philosophy"
    ],
    "languages": [
      "en"
    ],
    "copyright": false,
    "media_type": "Text",
    "formats": {
      "text/html": "https://www.gutenberg.org/ebooks/4754.html.images",
      "application/epub+zip": "https://www.gutenberg.org/ebooks/4754.epub3.images",
      "application/x-mobipocket-ebook": "https://www.gutenberg.org/ebooks/4754.kf8.images",
      "text/plain; charset=us-ascii": "https://www.gutenberg.org/ebooks/4754.txt.utf-8",
      "application/rdf+xml": "https://www.gutenberg.org/ebooks/4754.rdf",
      "image/jpeg": "https://www.gutenberg.org/cache/epub/4754/pg4754.cover.medium.jpg",
      "application/octet-stream": "https://www.gutenberg.org/files/4754/4754-8.zip"
    },
    "download_count": 372
  }
}