{
  "average_entropy_rate": 0.0,
  "entropy_rate": [
    0.0,
    0.0,
    0.0,
    0.0,
    0.0,
    0.0,
    0.0,
    0.0,
    0.0,
    0.0,
    0.0,
    0.0,
    0.0,
    0.0,
    0.0,
    0.0,
    0.0,
    0.0,
    0.0,
    0.0,
    0.0,
    0.0,
    0.0,
    0.0,
    0.0,
    0.0,
    0.0,
    0.0,
    0.0,
    0.0,
    0.0,
    0.0,
    0.0,
    0.0,
    0.0,
    0.0,
    0.0,
    0.0,
    0.0,
    0.0,
    0.0
  ],
  "estimated_posterior_probability": 50.0,
  "input": "./smaller_in/Guten_index4100.txt",
  "prevalence_assumed": 0.5,
  "process_length": 80000,
  "gutenberg": {
    "id": 4100,
    "title": "Όραμα και Μεταμόρφωση : Μια εισαγωγή στο Ευγενές Οκταπλό Μονοπάτι του Βούδδα",
    "authors": [
      {
        "name": "Sangharakshita, Bhikshu",
        "birth_year": 1925,
        "death_year": null
      }
    ],
    "summaries": [
      "\"Όραμα και Μεταμόρφωση: Μια εισαγωγή στο Ευγενές Οκταπλό Μονοπάτι του Βούδδα\" by Σανγκαράκσιτα is a philosophical exploration of Buddhism and its ethical teachings likely written in the late 20th century. This work aims to introduce readers to the foundational principles of Buddhism, particularly focusing on the Noble Eightfold Path, while examining the intersection between spiritual practice and everyday life.  The opening portion of the text introduces the challenges in defining Buddhism, emphasizing its non-dogmatic essence and the need for practical teachings as a means of transcending the limitations of the ego. It establishes that Buddhism is rooted in the experiences of the historical Buddha, Siddhartha Gautama, and delineates the core tenets, such as the Four Noble Truths. Moreover, it suggests that personal growth and development in Buddhism hinge on the understanding of interconnectedness, the impermanence of existence, and the ethical imperative towards a compassionate life free from delusion. This initial discussion sets the tone for a deeper examination of Buddhist philosophy as a guide to personal and collective transformation. (This is an automatically generated summary.)"
    ],
    "editors": [],
    "translators": [
      {
        "name": "Doikas, Spiros",
        "birth_year": null,
        "death_year": null
      }
    ],
    "subjects": [
      "Religious life -- Buddhism",
      "Sangharakshita, Bhikshu, 1925-"
    ],
    "bookshelves": [
      "Category: Philosophy & Ethics",
      "Category: Religion/Spirituality"
    ],
    "languages": [
      "el"
    ],
    "copyright": true,
    "media_type": "Text",
    "formats": {
      "text/html": "https://www.gutenberg.org/ebooks/4100.html.images",
      "application/epub+zip": "https://www.gutenberg.org/ebooks/4100.epub3.images",
      "text/rtf": "https://www.gutenberg.org/files/4100/4100-r.rtf",
      "application/x-mobipocket-ebook": "https://www.gutenberg.org/ebooks/4100.kf8.images",
      "text/plain; charset=us-ascii": "https://www.gutenberg.org/ebooks/4100.txt.utf-8",
      "application/rdf+xml": "https://www.gutenberg.org/ebooks/4100.rdf",
      "image/jpeg": "https://www.gutenberg.org/cache/epub/4100/pg4100.cover.medium.jpg",
      "application/octet-stream": "https://www.gutenberg.org/files/4100/4100-0.zip"
    },
    "download_count": 307
  }
}