{
  "average_entropy_rate": 0.29397760882417145,
  "entropy_rate": [
    0.0,
    0.0,
    0.7481265650447837,
    0.7771686243162165,
    0.0,
    0.6266487817286279,
    0.0,
    0.0,
    0.4990004350712667,
    0.5869958567390061,
    0.0,
    0.0,
    0.0,
    0.6291878111234342,
    0.7509965220736208,
    0.7002134283798169,
    0.0,
    0.0,
    0.0,
    0.0,
    0.0,
    0.7294194856918782,
    0.0,
    0.0,
    0.0,
    0.0,
    0.0,
    0.0,
    0.0,
    0.0,
    0.0,
    0.6611250008026253,
    0.7381908513287726,
    0.7686587941190272,
    0.0,
    0.6916875980034273,
    0.4943497041442487,
    0.7280324986682416,
    0.6997764381927135,
    0.5944660390451421,
    0.629037527318181
  ],
  "estimated_posterior_probability": 60.26506423950195,
  "input": "./smaller_in/Guten_index3296.txt",
  "prevalence_assumed": 0.5,
  "process_length": 80000,
  "gutenberg": {
    "id": 3296,
    "title": "The Confessions of St. Augustine",
    "authors": [
      {
        "name": "Augustine, of Hippo, Saint",
        "birth_year": 354,
        "death_year": 430
      }
    ],
    "summaries": [
      "\"The Confessions of St. Augustine\" by Bishop of Hippo Saint Augustine is an autobiographical work written between AD 397 and 400. In thirteen books composed as prayers to God, Augustine recounts his turbulent journey from a sinful youth to Christian conversion. He reflects on his immoral past, his time following Manichaeism, and the influential figures who guided him toward faith. Considered the first Western autobiography, this intimate spiritual memoir explores themes of sin, redemption, and humanity's restless search for divine truth. (This is an automatically generated summary.)"
    ],
    "editors": [],
    "translators": [
      {
        "name": "Pusey, E. B. (Edward Bouverie)",
        "birth_year": 1800,
        "death_year": 1882
      }
    ],
    "subjects": [
      "Augustine, of Hippo, Saint, 354-430",
      "Bishops -- Algeria -- Hippo (Extinct city) -- Biography",
      "Catholic Church -- Bishops -- Biography",
      "Christian saints -- Algeria -- Hippo (Extinct city) -- Biography"
    ],
    "bookshelves": [
      "Category: Biographies",
      "Category: Classics of Literature",
      "Category: Philosophy & Ethics",
      "Category: Religion/Spirituality",
      "Christianity",
      "Classical Antiquity",
      "Harvard Classics"
    ],
    "languages": [
      "en"
    ],
    "copyright": false,
    "media_type": "Text",
    "formats": {
      "text/html": "https://www.gutenberg.org/ebooks/3296.html.images",
      "application/epub+zip": "https://www.gutenberg.org/ebooks/3296.epub3.images",
      "application/x-mobipocket-ebook": "https://www.gutenberg.org/ebooks/3296.kf8.images",
      "text/plain; charset=us-ascii": "https://www.gutenberg.org/ebooks/3296.txt.utf-8",
      "application/rdf+xml": "https://www.gutenberg.org/ebooks/3296.rdf",
      "image/jpeg": "https://www.gutenberg.org/cache/epub/3296/pg3296.cover.medium.jpg",
      "application/octet-stream": "https://www.gutenberg.org/files/3296/3296-0.zip"
    },
    "download_count": 21702
  }
}