{
  "average_entropy_rate": 0.32681511858676043,
  "entropy_rate": [
    0.0,
    0.771585034752913,
    0.0,
    0.0,
    0.7830354307163178,
    0.0,
    0.0,
    0.0,
    0.5962794051092682,
    0.0,
    0.0,
    0.0,
    0.0,
    0.0,
    0.0,
    0.0,
    0.0,
    0.0,
    0.7794788663095816,
    0.0,
    0.0,
    0.0,
    0.0,
    0.0,
    0.9046819183931757,
    0.0,
    0.8520427154552177,
    0.0,
    0.7894963742111332,
    0.7829833968156087,
    0.7847153397371054,
    0.7775068237367666,
    0.0,
    0.7198721308621817,
    0.7851780318460243,
    0.7789982384407034,
    0.8432708672688566,
    0.8847376513636684,
    0.7841813241647684,
    0.7813763128738884,
    0.0
  ],
  "estimated_posterior_probability": 61.798221588134766,
  "input": "./smaller_in/Guten_index2880.txt",
  "prevalence_assumed": 0.5,
  "process_length": 80000,
  "gutenberg": {
    "id": 2880,
    "title": "A Blot in the 'Scutcheon",
    "authors": [
      {
        "name": "Browning, Robert",
        "birth_year": 1812,
        "death_year": 1889
      }
    ],
    "summaries": [
      "\"A Blot in the 'Scutcheon\" by Robert Browning is a tragedy in blank verse published and performed in 1843. When Earl Thorold Tresham learns of a secret lover climbing to his sister Mildred's chamber, his wounded family pride drives him toward vengeance. He cannot see that the mysterious intruder and Mildred's honorable suitor are the same man. This tale of passion, honor, and devastating misunderstanding moved Charles Dickens to tears and showcases Browning's power for tragedy, though its brief initial run was marred by backstage jealousy. (This is an automatically generated summary.)"
    ],
    "editors": [],
    "translators": [],
    "subjects": [
      "English drama"
    ],
    "bookshelves": [
      "Category: British Literature",
      "Category: Plays/Films/Dramas",
      "Harvard Classics"
    ],
    "languages": [
      "en"
    ],
    "copyright": false,
    "media_type": "Text",
    "formats": {
      "text/html": "https://www.gutenberg.org/ebooks/2880.html.images",
      "application/epub+zip": "https://www.gutenberg.org/ebooks/2880.epub3.images",
      "application/x-mobipocket-ebook": "https://www.gutenberg.org/ebooks/2880.kf8.images",
      "text/plain; charset=us-ascii": "https://www.gutenberg.org/ebooks/2880.txt.utf-8",
      "application/rdf+xml": "https://www.gutenberg.org/ebooks/2880.rdf",
      "image/jpeg": "https://www.gutenberg.org/cache/epub/2880/pg2880.cover.medium.jpg",
      "application/octet-stream": "https://www.gutenberg.org/files/2880/2880-h.zip"
    },
    "download_count": 313
  }
}