{
  "average_entropy_rate": 0.14835392634520522,
  "entropy_rate": [
    0.0,
    0.0,
    0.8379686580512266,
    0.0,
    0.0,
    0.0,
    0.0,
    0.0,
    0.0,
    0.3937072192586606,
    0.0,
    1.010820331112101,
    0.0,
    0.0,
    0.0,
    0.0,
    0.0,
    0.0,
    0.0,
    0.0,
    0.0,
    0.0,
    0.0,
    0.0,
    0.0,
    0.0,
    0.0,
    1.0581750999635235,
    0.0,
    0.0,
    0.0,
    0.0,
    0.0,
    0.0,
    0.7352641873200517,
    0.973614206916569,
    0.0,
    0.0,
    0.0,
    0.0,
    1.0729612775312827
  ],
  "estimated_posterior_probability": 54.51875305175781,
  "input": "./smaller_in/Guten_index3675.txt",
  "prevalence_assumed": 0.5,
  "process_length": 80000,
  "gutenberg": {
    "id": 3675,
    "title": "Die Versuchung des Pescara",
    "authors": [
      {
        "name": "Meyer, Conrad Ferdinand",
        "birth_year": 1825,
        "death_year": 1898
      }
    ],
    "summaries": [
      "\"Die Versuchung des Pescara\" by Conrad Ferdinand Meyer is a novella published in 1887. Set in 1525 Italy, the story follows Pescara, the supreme commander of Emperor Charles V's forces, who has just captured the French king at Pavia. Italian conspirators attempt to lure him into betraying the emperor by offering him rule over a united Italy. As political intrigue unfolds, Pescara must navigate temptation, loyalty, and betrayal while concealing a deadly secret that may determine his choice. (This is an automatically generated summary.)"
    ],
    "editors": [],
    "translators": [],
    "subjects": [
      "Biographical fiction",
      "Italy -- Fiction",
      "Italy -- History -- 1492-1559 -- Fiction",
      "Pescara, Ferdinando Francesco d'Avalos, marchese di, 1489-1525 -- Fiction"
    ],
    "bookshelves": [
      "Category: German Literature",
      "Category: Historical Novels",
      "DE Prosa"
    ],
    "languages": [
      "de"
    ],
    "copyright": false,
    "media_type": "Text",
    "formats": {
      "text/html": "https://www.gutenberg.org/ebooks/3675.html.images",
      "application/epub+zip": "https://www.gutenberg.org/ebooks/3675.epub3.images",
      "application/x-mobipocket-ebook": "https://www.gutenberg.org/ebooks/3675.kf8.images",
      "text/plain; charset=us-ascii": "https://www.gutenberg.org/ebooks/3675.txt.utf-8",
      "application/rdf+xml": "https://www.gutenberg.org/ebooks/3675.rdf",
      "image/jpeg": "https://www.gutenberg.org/cache/epub/3675/pg3675.cover.medium.jpg",
      "application/octet-stream": "https://www.gutenberg.org/files/3675/3675-8.zip"
    },
    "download_count": 224
  }
}