{
  "average_entropy_rate": 0.35935635745116495,
  "entropy_rate": [
    0.0,
    0.6549406616098049,
    0.0,
    0.7648887700450656,
    0.7572531672794999,
    0.0,
    0.0,
    0.0,
    0.7648887700450656,
    0.0,
    0.0,
    0.0,
    0.0,
    0.0,
    0.0,
    0.0,
    0.0,
    0.0,
    0.0,
    0.7648887700450656,
    0.0,
    0.0,
    0.0,
    0.0,
    0.9551082465075768,
    0.0,
    1.015073740373847,
    0.0,
    0.0,
    0.0,
    0.7712602691652942,
    0.7645310108543292,
    0.7301631739131226,
    0.9985058857436809,
    0.7648887700450656,
    0.7641732516635927,
    0.7648887700450656,
    0.9547824010114728,
    1.0146707346322958,
    0.7641732516635927,
    0.7645310108543292
  ],
  "estimated_posterior_probability": 63.4277229309082,
  "input": "./smaller_in/Guten_index1635.txt",
  "prevalence_assumed": 0.5,
  "process_length": 80000,
  "gutenberg": {
    "id": 1635,
    "title": "Ion",
    "authors": [
      {
        "name": "Plato",
        "birth_year": -428,
        "death_year": -348
      }
    ],
    "summaries": [
      "\"Ion\" by Plato is a dialogue written in ancient Greece. In this short work, Socrates questions Ion, a professional rhapsode who performs and lectures on Homer's poetry. Their conversation explores a provocative question: does Ion's skill come from genuine knowledge and artistic technique, or from divine possession? Through pointed questioning, Socrates challenges Ion's claims of expertise, suggesting that poets and their performers may be inspired vessels of the gods rather than masters of craft—a conclusion the rhapsode resists accepting. (This is an automatically generated summary.)"
    ],
    "editors": [],
    "translators": [
      {
        "name": "Jowett, Benjamin",
        "birth_year": 1817,
        "death_year": 1893
      }
    ],
    "subjects": [
      "Aesthetics, Ancient",
      "Classical literature",
      "Homer. Iliad",
      "Poetics -- History -- To 1500"
    ],
    "bookshelves": [
      "Category: Classics of Literature",
      "Category: Philosophy & Ethics",
      "Philosophy"
    ],
    "languages": [
      "en"
    ],
    "copyright": false,
    "media_type": "Text",
    "formats": {
      "text/html": "https://www.gutenberg.org/ebooks/1635.html.images",
      "text/html; charset=us-ascii": "https://www.gutenberg.org/files/1635/1635-h/1635-h.htm",
      "application/epub+zip": "https://www.gutenberg.org/ebooks/1635.epub3.images",
      "application/x-mobipocket-ebook": "https://www.gutenberg.org/ebooks/1635.kf8.images",
      "text/plain; charset=us-ascii": "https://www.gutenberg.org/ebooks/1635.txt.utf-8",
      "application/rdf+xml": "https://www.gutenberg.org/ebooks/1635.rdf",
      "image/jpeg": "https://www.gutenberg.org/cache/epub/1635/pg1635.cover.medium.jpg",
      "application/octet-stream": "https://www.gutenberg.org/cache/epub/1635/pg1635-h.zip"
    },
    "download_count": 1667
  }
}