{
  "average_entropy_rate": 0.22743370383264128,
  "entropy_rate": [
    0.0,
    0.0,
    0.0,
    0.0,
    0.0,
    0.5472454432235974,
    0.0,
    0.0,
    0.0,
    0.0,
    0.0,
    0.0,
    0.483583994213117,
    0.5693108578872611,
    0.6284434831364231,
    0.5033786332965583,
    0.545983786201562,
    0.0,
    0.0,
    0.0,
    0.505211349708847,
    0.0,
    0.0,
    0.0,
    0.0,
    0.0,
    0.5936376921506796,
    0.0,
    0.0,
    0.0,
    0.0,
    0.5391458327351899,
    0.5550904791533795,
    0.6100984341213398,
    0.5664855592307643,
    0.48745760340793054,
    0.5977666669009825,
    0.5375973577906712,
    0.0,
    0.5309293510009397,
    0.52341533297905
  ],
  "estimated_posterior_probability": 57.44379806518555,
  "input": "./smaller_in/Guten_index4193.txt",
  "prevalence_assumed": 0.5,
  "process_length": 80000,
  "gutenberg": {
    "id": 4193,
    "title": "Diary of Samuel Pepys — Volume 69: November 1668",
    "authors": [
      {
        "name": "Pepys, Samuel",
        "birth_year": 1633,
        "death_year": 1703
      }
    ],
    "summaries": [
      "\"Diary of Samuel Pepys — Volume 69: November 1668\" by Samuel Pepys is a historical account written in the 17th century. This diary entry provides a glimpse into the life and thoughts of Pepys, who served as a Clerk of the Acts and Secretary to the Admiralty during the Restoration period in England. The likely topic of the book revolves around Pepys's personal and professional experiences, which intersect with significant historical events and social dynamics of his time.  In this volume, Pepys narrates the ongoing tensions in his personal life, particularly the strain in his marriage due to his relationship with a maid named Deb. The entries reveal his internal conflicts about love, loyalty, and social status, as he navigates challenges at both home and work. Alongside reflections on his professional responsibilities concerning the Duke of York and the administration of the Navy, the diary highlights his efforts to reconcile his marriage while managing the complexities of life in a politically charged environment. Through this rich tapestry of daily life, readers gain insight into the socio-political landscape of 17th-century England, as well as the intimate details of Pepys's personal dilemmas. (This is an automatically generated summary.)"
    ],
    "editors": [
      {
        "name": "Wheatley, Henry B. (Henry Benjamin)",
        "birth_year": 1838,
        "death_year": 1917
      },
      {
        "name": "Braybrooke, Richard Griffin, Baron",
        "birth_year": 1783,
        "death_year": 1858
      }
    ],
    "translators": [
      {
        "name": "Bright, Mynors",
        "birth_year": 1818,
        "death_year": 1883
      }
    ],
    "subjects": [
      "Cabinet officers -- Great Britain -- Diaries",
      "Diarists -- Great Britain -- Diaries",
      "Great Britain -- History -- Charles II, 1660-1685 -- Sources",
      "Great Britain -- Social life and customs -- 17th century -- Sources",
      "Pepys, Samuel, 1633-1703 -- Diaries"
    ],
    "bookshelves": [
      "Category: Biographies",
      "Category: British Literature",
      "Category: History - Early Modern (c. 1450-1750)"
    ],
    "languages": [
      "en"
    ],
    "copyright": false,
    "media_type": "Text",
    "formats": {
      "text/html": "https://www.gutenberg.org/ebooks/4193.html.images",
      "application/epub+zip": "https://www.gutenberg.org/ebooks/4193.epub3.images",
      "application/x-mobipocket-ebook": "https://www.gutenberg.org/ebooks/4193.kf8.images",
      "text/plain; charset=us-ascii": "https://www.gutenberg.org/ebooks/4193.txt.utf-8",
      "application/rdf+xml": "https://www.gutenberg.org/ebooks/4193.rdf",
      "image/jpeg": "https://www.gutenberg.org/cache/epub/4193/pg4193.cover.medium.jpg",
      "application/octet-stream": "https://www.gutenberg.org/files/4193/4193.zip"
    },
    "download_count": 223
  }
}