{
  "average_entropy_rate": 0.2453246882660243,
  "entropy_rate": [
    0.0,
    0.0,
    0.0,
    0.0,
    0.8574911454623166,
    0.0,
    0.7334598544734513,
    0.7199395531662486,
    0.0,
    0.0,
    0.5564142732598348,
    0.0,
    0.7259557787795409,
    0.0,
    0.0,
    0.7037518161113904,
    0.0,
    0.0,
    0.0,
    0.7392018044834321,
    0.0,
    0.0,
    0.0,
    0.0,
    0.0,
    0.0,
    0.0,
    0.0,
    0.0,
    0.0,
    0.0,
    0.0,
    0.7421608011534496,
    0.7322110979361639,
    0.6910534768075016,
    0.608419548889253,
    0.0,
    0.7348594568656847,
    0.7090692252071041,
    0.8043243863116252,
    0.0
  ],
  "estimated_posterior_probability": 58.166168212890625,
  "input": "./smaller_in/Guten_index4191.txt",
  "prevalence_assumed": 0.5,
  "process_length": 80000,
  "gutenberg": {
    "id": 4191,
    "title": "Diary of Samuel Pepys — Volume 67: August 1668",
    "authors": [
      {
        "name": "Pepys, Samuel",
        "birth_year": 1633,
        "death_year": 1703
      }
    ],
    "summaries": [
      "\"Diary of Samuel Pepys — Volume 67: August 1668\" by Samuel Pepys is a historical account written in the 17th century, specifically during the Restoration period of England. This work is part of a larger series that chronicles the day-to-day life, personal reflections, and significant events of Pepys, who served as a naval administrator. The diary provides an intriguing window into the inner workings of government and society during this tumultuous era, as well as insights into Pepys's personal life and struggles.  In this volume, Pepys recounts his daily activities, from attending to naval matters to social outings and family interactions. He describes encounters with notable figures, participation in committees, and the complexities of his office duties, while also reflecting on his health issues, including his troubling eyesight. The diary entries reveal not only the political climate of the time, including discussions about military affairs and the management of the navy, but also the mundane details of life, such as theater visits, family gatherings, and moments of leisure. Overall, this volume encapsulates the richness of Pepys's experiences and the historical context of 17th-century England. (This is an automatically generated summary.)"
    ],
    "editors": [
      {
        "name": "Wheatley, Henry B. (Henry Benjamin)",
        "birth_year": 1838,
        "death_year": 1917
      },
      {
        "name": "Braybrooke, Richard Griffin, Baron",
        "birth_year": 1783,
        "death_year": 1858
      }
    ],
    "translators": [
      {
        "name": "Bright, Mynors",
        "birth_year": 1818,
        "death_year": 1883
      }
    ],
    "subjects": [
      "Cabinet officers -- Great Britain -- Diaries",
      "Diarists -- Great Britain -- Diaries",
      "Great Britain -- History -- Charles II, 1660-1685 -- Sources",
      "Great Britain -- Social life and customs -- 17th century -- Sources",
      "Pepys, Samuel, 1633-1703 -- Diaries"
    ],
    "bookshelves": [
      "Category: Biographies",
      "Category: History - British",
      "Category: History - Early Modern (c. 1450-1750)"
    ],
    "languages": [
      "en"
    ],
    "copyright": false,
    "media_type": "Text",
    "formats": {
      "text/html": "https://www.gutenberg.org/ebooks/4191.html.images",
      "application/epub+zip": "https://www.gutenberg.org/ebooks/4191.epub3.images",
      "application/x-mobipocket-ebook": "https://www.gutenberg.org/ebooks/4191.kf8.images",
      "text/plain; charset=us-ascii": "https://www.gutenberg.org/ebooks/4191.txt.utf-8",
      "application/rdf+xml": "https://www.gutenberg.org/ebooks/4191.rdf",
      "image/jpeg": "https://www.gutenberg.org/cache/epub/4191/pg4191.cover.medium.jpg",
      "application/octet-stream": "https://www.gutenberg.org/files/4191/4191.zip"
    },
    "download_count": 243
  }
}