{
  "average_entropy_rate": 0.32870890891365484,
  "entropy_rate": [
    0.0,
    0.0,
    0.7775335789222113,
    0.0,
    0.0,
    0.0,
    0.714268055461672,
    0.0,
    0.0,
    0.0,
    0.0,
    0.7830951924037932,
    0.8183070804126845,
    0.0,
    0.0,
    0.0,
    0.0,
    1.0017256481369807,
    0.0,
    0.0,
    0.7835193162656571,
    0.0,
    0.0,
    0.9931730787467182,
    0.7789229129206218,
    0.0,
    0.0,
    0.0,
    0.0,
    0.0,
    0.0,
    0.0,
    0.7806390622295665,
    0.9199525964389544,
    0.7895368302554248,
    0.7886947937631553,
    0.0,
    1.0254836423949694,
    0.9251495022908601,
    0.804277522802843,
    0.7927864520137362
  ],
  "estimated_posterior_probability": 61.8903694152832,
  "input": "./smaller_in/Guten_index377.txt",
  "prevalence_assumed": 0.5,
  "process_length": 80000,
  "gutenberg": {
    "id": 377,
    "title": "Kansas Women in Literature",
    "authors": [
      {
        "name": "Barker, Nettie Garmer",
        "birth_year": 1882,
        "death_year": 1953
      }
    ],
    "summaries": [
      "\"Kansas Women in Literature\" by Nettie Garmer Barker is a collection of biographical sketches written during the early 20th century. This book highlights the contributions of various Kansas women writers, poets, and educators, celebrating their literary achievements and social impacts. It likely focuses on themes of empowerment and the cultural significance of women's voices in the literary landscape of Kansas.  The book features a wide array of notable figures such as Effie Graham, known for her engaging teaching methods and writings; Esther M. Clark, celebrated for her evocative poetry about Kansas; and Margaret Hill McCarter, one of the most financially successful women writers of her time. Each chapter offers insight into the lives of these women, detailing their origins, achievements, and the challenges they faced in a male-dominated society. Through anecdotes and excerpts from their works, Barker illustrates the rich literary heritage that these women have fostered, emphasizing their vital roles in shaping Kansas's identity and culture. (This is an automatically generated summary.)"
    ],
    "editors": [],
    "translators": [],
    "subjects": [
      "Kansas -- Biography",
      "Kansas -- In literature",
      "Women -- Kansas -- Intellectual life",
      "Women and literature -- Kansas",
      "Women authors, American -- Homes and haunts -- Kansas"
    ],
    "bookshelves": [
      "Category: American Literature",
      "Category: Biographies"
    ],
    "languages": [
      "en"
    ],
    "copyright": false,
    "media_type": "Text",
    "formats": {
      "text/html": "https://www.gutenberg.org/ebooks/377.html.images",
      "text/html; charset=us-ascii": "https://www.gutenberg.org/files/377/377-h/377-h.htm",
      "application/epub+zip": "https://www.gutenberg.org/ebooks/377.epub3.images",
      "application/x-mobipocket-ebook": "https://www.gutenberg.org/ebooks/377.kf8.images",
      "text/plain; charset=us-ascii": "https://www.gutenberg.org/ebooks/377.txt.utf-8",
      "application/rdf+xml": "https://www.gutenberg.org/ebooks/377.rdf",
      "image/jpeg": "https://www.gutenberg.org/cache/epub/377/pg377.cover.medium.jpg",
      "application/octet-stream": "https://www.gutenberg.org/cache/epub/377/pg377-h.zip"
    },
    "download_count": 374
  }
}