{
  "average_entropy_rate": 0.2913344008888257,
  "entropy_rate": [
    0.0,
    0.9090351674530309,
    0.0,
    0.0,
    0.0,
    0.0,
    0.0,
    0.6736620421504367,
    0.0,
    0.0,
    0.6388894272383933,
    0.0,
    0.0,
    0.0,
    0.0,
    0.0,
    0.0,
    0.0,
    0.0,
    0.0,
    0.7417960325758536,
    0.0,
    0.8708704308386499,
    0.0,
    0.0,
    0.0,
    0.0,
    0.0,
    0.0,
    0.761775526886382,
    0.6556760062954511,
    0.7465359017796942,
    0.9120627942147884,
    0.7121728560896367,
    0.0,
    0.8038666211127155,
    0.7726985592900274,
    0.6396083337113005,
    0.752102788715522,
    0.7526204074720739,
    0.6013375406178942
  ],
  "estimated_posterior_probability": 60.144989013671875,
  "input": "./smaller_in/Guten_index1902.txt",
  "prevalence_assumed": 0.5,
  "process_length": 80000,
  "gutenberg": {
    "id": 1902,
    "title": "The Old Peabody Pew: A Christmas Romance of a Country Church",
    "authors": [
      {
        "name": "Wiggin, Kate Douglas Smith",
        "birth_year": 1856,
        "death_year": 1923
      }
    ],
    "summaries": [
      "\"The Old Peabody Pew: A Christmas Romance of a Country Church\" by Kate Douglas Wiggin is a heartfelt novel set in the early 20th century, likely written in the early 1900s. The narrative revolves around the themes of love, community, and the spirit of Christmas, exploring how a small country church and its members come together to bring warmth and welcome into their lives during the holiday season.   The story follows Nancy Wentworth, a devoted and kind-hearted woman living in the village of Edgewood, where the aging Tory Hill Meeting-House stands as a centerpiece for the community. Amid the preparations for Christmas services and renovations of the church, Nancy reflects on her past love for Justin Peabody, who left the village years ago to seek better fortune. As fate would have it, Justin returns home just in time for the Christmas celebrations, leading to a poignant reunion filled with emotion and rekindled feelings. The novel captures the essence of hope, love, and the joy of coming together, highlighting how the bonds of community and the spirit of giving can change lives, all set against the backdrop of the quaint New England countryside. (This is an automatically generated summary.)"
    ],
    "editors": [],
    "translators": [],
    "subjects": [
      "Christian fiction",
      "Christmas stories",
      "Church buildings -- Fiction",
      "Country life -- Fiction"
    ],
    "bookshelves": [
      "Category: American Literature",
      "Category: Novels",
      "Category: Romance",
      "Christmas"
    ],
    "languages": [
      "en"
    ],
    "copyright": false,
    "media_type": "Text",
    "formats": {
      "text/html": "https://www.gutenberg.org/ebooks/1902.html.images",
      "application/epub+zip": "https://www.gutenberg.org/ebooks/1902.epub3.images",
      "application/x-mobipocket-ebook": "https://www.gutenberg.org/ebooks/1902.kf8.images",
      "text/plain; charset=us-ascii": "https://www.gutenberg.org/ebooks/1902.txt.utf-8",
      "application/rdf+xml": "https://www.gutenberg.org/ebooks/1902.rdf",
      "image/jpeg": "https://www.gutenberg.org/cache/epub/1902/pg1902.cover.medium.jpg",
      "application/octet-stream": "https://www.gutenberg.org/cache/epub/1902/pg1902-h.zip"
    },
    "download_count": 474
  }
}