{
  "average_entropy_rate": 0.3535491396223752,
  "entropy_rate": [
    0.8557665234868426,
    0.9115962055215484,
    0.9115962055215484,
    0.6561278110715467,
    1.0742601039515696,
    0.0,
    0.0,
    0.9115962055215484,
    0.9115962055215484,
    0.9115962055215484,
    0.0,
    0.0,
    0.0,
    0.0,
    0.0,
    0.0,
    0.0,
    0.0,
    0.0,
    0.0,
    0.0,
    0.0,
    0.0,
    0.0,
    0.0,
    0.0,
    0.0,
    0.0,
    0.0,
    0.0,
    0.0,
    0.0,
    1.0742601039515696,
    0.9115962055215484,
    0.9115962055215484,
    0.9115962055215484,
    0.8075419213188264,
    0.9115962055215484,
    0.0,
    0.9115962055215484,
    0.9115962055215484
  ],
  "estimated_posterior_probability": 63.13009262084961,
  "input": "./smaller_in/Guten_index1820.txt",
  "prevalence_assumed": 0.5,
  "process_length": 80000,
  "gutenberg": {
    "id": 1820,
    "title": "A Wasted Day",
    "authors": [
      {
        "name": "Davis, Richard Harding",
        "birth_year": 1864,
        "death_year": 1916
      }
    ],
    "summaries": [
      "\"A Wasted Day\" by Richard Harding Davis is a short story written during the early 20th century. This narrative unfolds around a wealthy businessman, Arnold Thorndike, who becomes unexpectedly involved in the life of a young man, Henry Spear, facing sentencing for theft. The story explores themes of compassion, the impact of social class, and the unexpected, often humorous consequences of good intentions.  The plot centers on Thorndike's spontaneous decision to intervene on behalf of Spear, a former employee who found himself in trouble after a night of drinking. As Thorndike navigates through the unfamiliar setting of a courtroom, he witnesses the stark realities faced by those less fortunate than himself, which prompts a shift in his perspective. Throughout the proceedings, Thorndike’s growing interest in the characters and their struggles reveals his desire to assist others, culminating in an acknowledgment of Spear's chances for redemption. The story concludes with Thorndike feeling a sense of fulfillment from his actions, despite the time he \"wasted,\" highlighting the deeper value of human connection and the importance of lending a hand in the lives of others. (This is an automatically generated summary.)"
    ],
    "editors": [],
    "translators": [],
    "subjects": [
      "Fiction",
      "Short stories"
    ],
    "bookshelves": [
      "Category: American Literature",
      "Category: Short Stories"
    ],
    "languages": [
      "en"
    ],
    "copyright": false,
    "media_type": "Text",
    "formats": {
      "text/html": "https://www.gutenberg.org/ebooks/1820.html.images",
      "text/html; charset=us-ascii": "https://www.gutenberg.org/files/1820/1820-h/1820-h.htm",
      "application/epub+zip": "https://www.gutenberg.org/ebooks/1820.epub3.images",
      "application/x-mobipocket-ebook": "https://www.gutenberg.org/ebooks/1820.kf8.images",
      "text/plain; charset=us-ascii": "https://www.gutenberg.org/ebooks/1820.txt.utf-8",
      "text/plain; charset=utf-8": "https://www.gutenberg.org/files/1820/1820-0.txt",
      "application/rdf+xml": "https://www.gutenberg.org/ebooks/1820.rdf",
      "image/jpeg": "https://www.gutenberg.org/cache/epub/1820/pg1820.cover.medium.jpg",
      "application/octet-stream": "https://www.gutenberg.org/cache/epub/1820/pg1820-h.zip"
    },
    "download_count": 282
  }
}