{
  "average_entropy_rate": 0.0308990079062775,
  "entropy_rate": [
    0.19419011538178785,
    0.23117870878784258,
    0.0,
    0.0,
    0.0,
    0.0,
    0.0,
    0.0,
    0.0,
    0.0,
    0.3236501923029797,
    0.0,
    0.0,
    0.0,
    0.0,
    0.0,
    0.0,
    0.0,
    0.0,
    0.0,
    0.0,
    0.0,
    0.0,
    0.0,
    0.0,
    0.0,
    0.0,
    0.0,
    0.0,
    0.0,
    0.0,
    0.0,
    0.19419011538178785,
    0.3236501923029797,
    0.0,
    0.0,
    0.0,
    0.0,
    0.0,
    0.0,
    0.0
  ],
  "estimated_posterior_probability": 50.85466003417969,
  "input": "./smaller_in/Guten_index4585.txt",
  "prevalence_assumed": 0.5,
  "process_length": 80000,
  "gutenberg": {
    "id": 4585,
    "title": "God's Country—And the Woman",
    "authors": [
      {
        "name": "Curwood, James Oliver",
        "birth_year": 1878,
        "death_year": 1927
      }
    ],
    "summaries": [],
    "editors": [],
    "translators": [],
    "subjects": [
      "Canada -- Fiction",
      "Northwest, Canadian -- Fiction",
      "Western stories"
    ],
    "bookshelves": [],
    "languages": [
      "en"
    ],
    "copyright": false,
    "media_type": "Text",
    "formats": {
      "text/html": "https://www.gutenberg.org/ebooks/4585.html.images",
      "application/epub+zip": "https://www.gutenberg.org/ebooks/4585.epub3.images",
      "application/x-mobipocket-ebook": "https://www.gutenberg.org/ebooks/4585.kf8.images",
      "text/plain; charset=us-ascii": "https://www.gutenberg.org/ebooks/4585.txt.utf-8",
      "application/rdf+xml": "https://www.gutenberg.org/ebooks/4585.rdf",
      "image/jpeg": "https://www.gutenberg.org/cache/epub/4585/pg4585.cover.medium.jpg",
      "application/octet-stream": "https://www.gutenberg.org/files/4585/4585-h.zip"
    },
    "download_count": 298
  }
}