{
  "average_entropy_rate": 0.28513583477689275,
  "entropy_rate": [
    0.0,
    0.0,
    0.0,
    0.0,
    0.8183125412908884,
    0.0,
    0.9311404824921318,
    0.6389334265996391,
    0.0,
    0.0,
    0.680539830330048,
    0.0,
    0.0,
    0.0,
    0.0,
    0.0,
    0.0,
    0.0,
    0.0,
    0.9532709283254619,
    0.7048191148154176,
    0.0,
    0.0,
    0.0,
    0.0,
    0.0,
    0.0,
    0.7529115532173758,
    0.7680561417828564,
    0.0,
    0.0,
    0.0,
    0.840414864676962,
    0.807988047029097,
    0.7749999313454575,
    0.6948811227697195,
    0.9367035578182342,
    0.6826573282057973,
    0.0,
    0.0,
    0.7049403551535163
  ],
  "estimated_posterior_probability": 59.866153717041016,
  "input": "./smaller_in/Guten_index4151.txt",
  "prevalence_assumed": 0.5,
  "process_length": 80000,
  "gutenberg": {
    "id": 4151,
    "title": "Diary of Samuel Pepys — Volume 31: October/November 1664",
    "authors": [
      {
        "name": "Pepys, Samuel",
        "birth_year": 1633,
        "death_year": 1703
      }
    ],
    "summaries": [
      "\"Diary of Samuel Pepys — Volume 31: October/November 1664\" by Samuel Pepys is a historical account documented in the 17th century. It presents a detailed, firsthand narrative of everyday life and significant events during the latter part of the English Commonwealth and the Restoration era. The likely topic of the book revolves around Pepys's observations and experiences relating to his personal life, his work in the British Navy, and the political climate of the time.  In this volume, Pepys chronicles his daily activities, interactions with various figures, and reflections on numerous subjects, such as military preparations against the Dutch and the intricacies of the naval administration. He shares personal anecdotes about his relationships, including moments of discord with his wife and admiration for women he encounters. The entries cover significant events including the launch of naval ships, discussions of contracts for supplies, and the ups and downs of life in London. Pepys's candid insights into both mundane and profound aspects of his life make this diary a captivating snapshot of a pivotal period in British history. (This is an automatically generated summary.)"
    ],
    "editors": [
      {
        "name": "Wheatley, Henry B. (Henry Benjamin)",
        "birth_year": 1838,
        "death_year": 1917
      },
      {
        "name": "Braybrooke, Richard Griffin, Baron",
        "birth_year": 1783,
        "death_year": 1858
      }
    ],
    "translators": [
      {
        "name": "Bright, Mynors",
        "birth_year": 1818,
        "death_year": 1883
      }
    ],
    "subjects": [
      "Cabinet officers -- Great Britain -- Diaries",
      "Diarists -- Great Britain -- Diaries",
      "Great Britain -- History -- Charles II, 1660-1685 -- Sources",
      "Great Britain -- Social life and customs -- 17th century -- Sources",
      "Pepys, Samuel, 1633-1703 -- Diaries"
    ],
    "bookshelves": [
      "Category: Biographies",
      "Category: History - British"
    ],
    "languages": [
      "en"
    ],
    "copyright": false,
    "media_type": "Text",
    "formats": {
      "text/html": "https://www.gutenberg.org/ebooks/4151.html.images",
      "application/epub+zip": "https://www.gutenberg.org/ebooks/4151.epub3.images",
      "application/x-mobipocket-ebook": "https://www.gutenberg.org/ebooks/4151.kf8.images",
      "text/plain; charset=us-ascii": "https://www.gutenberg.org/ebooks/4151.txt.utf-8",
      "application/rdf+xml": "https://www.gutenberg.org/ebooks/4151.rdf",
      "image/jpeg": "https://www.gutenberg.org/cache/epub/4151/pg4151.cover.medium.jpg",
      "application/octet-stream": "https://www.gutenberg.org/files/4151/4151.zip"
    },
    "download_count": 252
  }
}