{
  "average_entropy_rate": 0.3192575121374675,
  "entropy_rate": [
    0.0,
    0.726973596913059,
    0.0,
    0.0,
    0.6638619119224198,
    0.0,
    0.0,
    0.7564438092560372,
    0.0,
    0.0,
    0.502981092741102,
    0.0,
    0.0,
    0.6645204445316221,
    0.0,
    0.0,
    0.0,
    0.0,
    0.0,
    0.0,
    0.0,
    0.700161154016379,
    0.7378135024715277,
    0.0,
    0.6883694437838626,
    0.0,
    0.0,
    0.0,
    0.0,
    0.7156394005218464,
    0.0,
    0.6786653836722141,
    0.7072956436174062,
    0.6639900757388463,
    0.5961323573937203,
    0.737657883588525,
    0.7124038308918078,
    0.7147347376552778,
    0.6955628896676902,
    0.7204914544191312,
    0.7058593848336935
  ],
  "estimated_posterior_probability": 61.436885833740234,
  "input": "./smaller_in/Guten_index654.txt",
  "prevalence_assumed": 0.5,
  "process_length": 80000,
  "gutenberg": {
    "id": 654,
    "title": "Grace Abounding to the Chief of Sinners",
    "authors": [
      {
        "name": "Bunyan, John",
        "birth_year": 1628,
        "death_year": 1688
      }
    ],
    "summaries": [
      "\"Grace Abounding to the Chief of Sinners\" by John Bunyan is a theological autobiography written in the late 17th century. This reflective work chronicles Bunyan's profound spiritual journey, particularly emphasizing his struggles with sin, guilt, and the grace of God that ultimately led to his conversion and faith in Jesus Christ.  The opening of this work introduces Bunyan's background, detailing his humble upbringing and his early life marked by sin and rebellion against God. He describes the internal turmoil he faced as a child, grappling with fear and haunting thoughts of damnation. As he transitions into adulthood, his life is characterized by a deep exploration of religious matters, driven by various temptations and doubts. Bunyan recounts his initial rejection of faith, despite moments of awareness and fear regarding his sinful state. Throughout this opening portion, his sincere reflections on feeling lost and in despair suggest a candid journey against a backdrop of spiritual awakening and highlight the significant role of divine mercy in his eventual redemption. (This is an automatically generated summary.)"
    ],
    "editors": [],
    "translators": [],
    "subjects": [
      "Authors, English -- Early modern, 1500-1700 -- Biography",
      "Bunyan, John, 1628-1688",
      "Christian biography -- England",
      "Puritans -- England -- Biography"
    ],
    "bookshelves": [
      "Category: Biographies",
      "Category: British Literature",
      "Category: Religion/Spirituality",
      "Christianity"
    ],
    "languages": [
      "en"
    ],
    "copyright": false,
    "media_type": "Text",
    "formats": {
      "text/html": "https://www.gutenberg.org/ebooks/654.html.images",
      "application/epub+zip": "https://www.gutenberg.org/ebooks/654.epub3.images",
      "application/x-mobipocket-ebook": "https://www.gutenberg.org/ebooks/654.kf8.images",
      "text/plain; charset=us-ascii": "https://www.gutenberg.org/ebooks/654.txt.utf-8",
      "text/plain; charset=utf-8": "https://www.gutenberg.org/files/654/654-0.txt",
      "application/rdf+xml": "https://www.gutenberg.org/ebooks/654.rdf",
      "image/jpeg": "https://www.gutenberg.org/cache/epub/654/pg654.cover.medium.jpg",
      "application/octet-stream": "https://www.gutenberg.org/cache/epub/654/pg654-h.zip"
    },
    "download_count": 1636
  }
}