{
  "average_entropy_rate": 0.0,
  "entropy_rate": [
    0.0,
    0.0,
    0.0,
    0.0,
    0.0,
    0.0,
    0.0,
    0.0,
    0.0,
    0.0,
    0.0,
    0.0,
    0.0,
    0.0,
    0.0,
    0.0,
    0.0,
    0.0,
    0.0,
    0.0,
    0.0,
    0.0,
    0.0,
    0.0,
    0.0,
    0.0,
    0.0,
    0.0,
    0.0,
    0.0,
    0.0,
    0.0,
    0.0,
    0.0,
    0.0,
    0.0,
    0.0,
    0.0,
    0.0,
    0.0,
    0.0
  ],
  "estimated_posterior_probability": 50.0,
  "input": "./smaller_in/Guten_index4575.txt",
  "prevalence_assumed": 0.5,
  "process_length": 80000,
  "gutenberg": {
    "id": 4575,
    "title": "粉妝樓31-40回",
    "authors": [
      {
        "name": "Luo, Guanzhong",
        "birth_year": null,
        "death_year": null
      }
    ],
    "summaries": [
      "\"粉妝樓31-40回\" by Guanzhong Luo is a fictional work written during the late 14th century. This book is part of a traditional Chinese narrative rich in drama, intrigue, and character development, focusing on themes of revenge, betrayal, and societal ethics. The story revolves around characters such as 祁子富 (Qi Zifu), a man wrongfully accused and embroiled in dark dealings, and 侯登 (Hou Deng), whose machinations drive much of the conflict.  The opening portion of the narrative introduces a tense situation involving the characters' entangled fates. It begins with Qi Zifu being wrongfully punished after being accused of harboring stolen goods. The story reveals the manipulative schemes of Hou Deng, who conspires against Qi Zifu out of personal vengeance. As the drama unfolds, characters like 王媒婆 (Wang Meipo) scheme to benefit from the conflict, displaying the underlying deception and social commentary present in the book. This beginning sets the tone for a tale filled with emotional turmoil, social stratification, and the quest for justice amidst betrayal. (This is an automatically generated summary.)"
    ],
    "editors": [],
    "translators": [],
    "subjects": [
      "China -- History -- Tang dynasty, 618-907 -- Fiction"
    ],
    "bookshelves": [
      "Category: Novels"
    ],
    "languages": [
      "zh"
    ],
    "copyright": false,
    "media_type": "Text",
    "formats": {
      "text/html": "https://www.gutenberg.org/ebooks/4575.html.images",
      "application/epub+zip": "https://www.gutenberg.org/ebooks/4575.epub3.images",
      "application/x-mobipocket-ebook": "https://www.gutenberg.org/ebooks/4575.kf8.images",
      "text/plain; charset=us-ascii": "https://www.gutenberg.org/ebooks/4575.txt.utf-8",
      "application/rdf+xml": "https://www.gutenberg.org/ebooks/4575.rdf",
      "image/jpeg": "https://www.gutenberg.org/cache/epub/4575/pg4575.cover.medium.jpg",
      "application/octet-stream": "https://www.gutenberg.org/files/4575/4575-0.zip"
    },
    "download_count": 227
  }
}