{
  "average_entropy_rate": 0.21815411383586333,
  "entropy_rate": [
    0.7602944693498762,
    0.0,
    0.0,
    0.0,
    0.0,
    0.0,
    0.0,
    0.0,
    0.0,
    0.0,
    0.0,
    0.5399027604834409,
    0.0,
    0.0,
    0.0,
    0.0,
    0.0,
    0.0,
    0.0,
    0.0,
    0.0,
    0.0,
    0.7602944693498762,
    0.47318645282071425,
    0.6498691006507858,
    0.6498691006507858,
    0.0,
    0.0,
    0.0,
    0.0,
    0.0,
    0.7346346355182795,
    0.6095676328038845,
    0.7602944693498762,
    0.0,
    0.0,
    0.47318645282071425,
    0.47318645282071425,
    0.6498691006507858,
    0.6498691006507858,
    0.7602944693498762
  ],
  "estimated_posterior_probability": 57.07828903198242,
  "input": "./smaller_in/Guten_index2990.txt",
  "prevalence_assumed": 0.5,
  "process_length": 80000,
  "gutenberg": {
    "id": 2990,
    "title": "Never Again! A Protest and a Warning Addressed to the Peoples of Europe",
    "authors": [
      {
        "name": "Carpenter, Edward",
        "birth_year": 1844,
        "death_year": 1929
      }
    ],
    "summaries": [
      "\"Never Again! A Protest and a Warning Addressed to the Peoples of Europe\" by Edward Carpenter is a powerful plea against the horrors of warfare, written during the early 20th century, specifically amid the tumult of World War I. This thought-provoking work can be characterized as a socio-political manifesto, urging readers to confront the inherent violence of war and the dire consequences it brings to humanity. Carpenter's work carries a deep sense of urgency, positing that humanity stands at a critical juncture where a choice must be made: to continue down the destructive path of conflict or to pursue a peaceful future.  In this book, Carpenter reflects on the tremendous suffering inflicted by war, weaving together poignant observations from the front lines and the emotional toll it takes on individuals and families. He vividly describes the irony of soldiers forming bonds with their supposed enemies while being commanded to fight against one another, pointing to the broader insanity of armed conflict. Throughout the text, Carpenter emphasizes the need for unity, compassion, and collective action among the masses, rather than blind allegiance to governments that perpetuate violence for their own ambitions. The book serves as both a heart-wrenching testament to the brutality of war and a hopeful call for a peaceful, collaborative future grounded in love and understanding. (This is an automatically generated summary.)"
    ],
    "editors": [],
    "translators": [],
    "subjects": [
      "Pamphlets",
      "Peace",
      "World War, 1914-1918"
    ],
    "bookshelves": [
      "Category: History - Warfare",
      "Category: Philosophy & Ethics",
      "Category: Politics",
      "World War I"
    ],
    "languages": [
      "en"
    ],
    "copyright": false,
    "media_type": "Text",
    "formats": {
      "text/html": "https://www.gutenberg.org/ebooks/2990.html.images",
      "application/epub+zip": "https://www.gutenberg.org/ebooks/2990.epub3.images",
      "application/x-mobipocket-ebook": "https://www.gutenberg.org/ebooks/2990.kf8.images",
      "text/plain; charset=us-ascii": "https://www.gutenberg.org/ebooks/2990.txt.utf-8",
      "application/rdf+xml": "https://www.gutenberg.org/ebooks/2990.rdf",
      "image/jpeg": "https://www.gutenberg.org/cache/epub/2990/pg2990.cover.medium.jpg",
      "application/octet-stream": "https://www.gutenberg.org/files/2990/2990.zip"
    },
    "download_count": 230
  }
}