{
  "average_entropy_rate": 0.10192041236679464,
  "entropy_rate": [
    0.49261405615055953,
    0.49261405615055953,
    0.745308773399351,
    0.5614709783253246,
    0.0,
    0.0,
    0.0,
    0.0,
    0.0,
    0.0,
    0.0,
    0.0,
    0.0,
    0.0,
    0.0,
    0.0,
    0.0,
    0.0,
    0.0,
    0.0,
    0.0,
    0.0,
    0.0,
    0.0,
    0.0,
    0.0,
    0.0,
    0.0,
    0.0,
    0.0,
    0.0,
    0.0,
    0.0,
    0.49261405615055953,
    0.7164775992282131,
    0.6776373876340123,
    0.0,
    0.0,
    0.0,
    0.0,
    0.0
  ],
  "estimated_posterior_probability": 52.98451232910156,
  "input": "./smaller_in/Guten_index300.txt",
  "prevalence_assumed": 0.5,
  "process_length": 80000,
  "gutenberg": {
    "id": 300,
    "title": "United States Declaration of Independence",
    "authors": [
      {
        "name": "Jefferson, Thomas",
        "birth_year": 1743,
        "death_year": 1826
      }
    ],
    "summaries": [
      "\"United States Declaration of Independence\" by Thomas Jefferson is a founding document written in 1776. Drafted by Jefferson and edited by the Continental Congress, it explains why the Thirteen Colonies declared themselves independent from British rule. The document lists colonial grievances against King George III and asserts natural rights, including life, liberty, and the pursuit of happiness. Signed by delegates who risked execution for treason, it became one of history's most influential statements on human rights and self-governance. (This is an automatically generated summary.)"
    ],
    "editors": [],
    "translators": [],
    "subjects": [
      "United States -- History -- Revolution, 1775-1783 -- Sources"
    ],
    "bookshelves": [
      "Category: Essays, Letters & Speeches",
      "Category: History - American",
      "Politics"
    ],
    "languages": [
      "en"
    ],
    "copyright": false,
    "media_type": "Text",
    "formats": {
      "text/html": "https://www.gutenberg.org/ebooks/300.html.images",
      "text/html; charset=iso-8859-1": "https://www.gutenberg.org/files/300/300-h/300-h.htm",
      "application/epub+zip": "https://www.gutenberg.org/ebooks/300.epub3.images",
      "application/x-mobipocket-ebook": "https://www.gutenberg.org/ebooks/300.kf8.images",
      "text/plain; charset=us-ascii": "https://www.gutenberg.org/ebooks/300.txt.utf-8",
      "application/rdf+xml": "https://www.gutenberg.org/ebooks/300.rdf",
      "image/jpeg": "https://www.gutenberg.org/cache/epub/300/pg300.cover.medium.jpg",
      "application/octet-stream": "https://www.gutenberg.org/cache/epub/300/pg300-h.zip"
    },
    "download_count": 506
  }
}