{
  "average_entropy_rate": 0.16916059555312296,
  "entropy_rate": [
    0.0,
    0.7148943269012377,
    0.0,
    0.0,
    0.0,
    0.0,
    0.39936706580559544,
    0.0,
    0.0,
    0.0,
    0.0,
    0.0,
    0.0,
    0.0,
    0.6214375681307522,
    0.0,
    0.0,
    0.0,
    0.0,
    0.0,
    0.0,
    0.7565874186611251,
    0.0,
    0.0,
    0.0,
    0.0,
    0.6774261446077663,
    0.0,
    0.6938177697129733,
    0.0,
    0.0,
    0.0,
    0.5701805716161671,
    0.504222030973142,
    0.0,
    0.0,
    0.7551731579889595,
    0.6249341926058996,
    0.0,
    0.6175441706744226,
    0.0
  ],
  "estimated_posterior_probability": 55.249298095703125,
  "input": "./smaller_in/Guten_index2188.txt",
  "prevalence_assumed": 0.5,
  "process_length": 80000,
  "gutenberg": {
    "id": 2188,
    "title": "Die Aufzeichnungen des Malte Laurids Brigge",
    "authors": [
      {
        "name": "Rilke, Rainer Maria",
        "birth_year": 1875,
        "death_year": 1926
      }
    ],
    "summaries": [
      "\"Die Aufzeichnungen des Malte Laurids Brigge\" by Rainer Maria Rilke is a novel written during the early 20th century. The narrative is centered around Malte Laurids Brigge, a young poet grappling with feelings of alienation and existential angst as he navigates life in Paris. The novel delves into themes of death, the search for identity, and the complexities of human experience.  At the start of the book, the protagonist reflects on the struggles faced by those sensitive to their own development and warns against drawing parallels between their lives and the entries in his writings. His observations of city life include encounters with the ill and pregnant women, emphasizing a pervasive sense of mortality and the myriad of human experiences. As he describes his surroundings, including the sounds and smells of the city, Malte becomes increasingly aware of his internal transformation and the passage of time. He grapples with the concept of death, both personally and within the context of societal indifference, questioning notions of identity and human connection. This opening portion sets the tone for a deep exploration of existential themes through Malte's introspective lens. (This is an automatically generated summary.)"
    ],
    "editors": [],
    "translators": [],
    "subjects": [
      "Paris (France) -- Fiction",
      "Stream of consciousness fiction"
    ],
    "bookshelves": [
      "Category: German Literature",
      "Category: Novels",
      "DE Prosa"
    ],
    "languages": [
      "de"
    ],
    "copyright": false,
    "media_type": "Text",
    "formats": {
      "text/html": "https://www.gutenberg.org/ebooks/2188.html.images",
      "application/epub+zip": "https://www.gutenberg.org/ebooks/2188.epub3.images",
      "application/x-mobipocket-ebook": "https://www.gutenberg.org/ebooks/2188.kf8.images",
      "text/plain; charset=us-ascii": "https://www.gutenberg.org/ebooks/2188.txt.utf-8",
      "application/rdf+xml": "https://www.gutenberg.org/ebooks/2188.rdf",
      "image/jpeg": "https://www.gutenberg.org/cache/epub/2188/pg2188.cover.medium.jpg",
      "application/octet-stream": "https://www.gutenberg.org/cache/epub/2188/pg2188-h.zip"
    },
    "download_count": 509
  }
}