{
  "average_entropy_rate": 0.26478904461838393,
  "entropy_rate": [
    0.0,
    0.46048120488443184,
    0.0,
    0.6211586773688288,
    0.547271753363889,
    0.6195274157266678,
    0.5601410895088603,
    0.0,
    0.0,
    0.0,
    0.0,
    0.0,
    0.7516683037063618,
    0.0,
    0.0,
    0.7073795524755199,
    0.0,
    0.0,
    0.0,
    0.0,
    0.0,
    0.0,
    0.0,
    0.5548139018777825,
    0.0,
    0.499283652811662,
    0.0,
    0.0,
    0.458500789674907,
    0.7170425356786229,
    0.0,
    0.5749673066181101,
    0.5180194914340494,
    0.6610638817164928,
    0.0,
    0.7667627455778195,
    0.6014143039890599,
    0.0,
    0.6246570074415199,
    0.6121972154991543,
    0.0
  ],
  "estimated_posterior_probability": 58.981781005859375,
  "input": "data/human/Gutenberg//Guten_index1816.txt",
  "prevalence_assumed": 0.5,
  "process_length": 80000,
  "gutenberg": {
    "id": 1816,
    "title": "Tattine",
    "authors": [
      {
        "name": "Ogden, Ruth",
        "birth_year": 1853,
        "death_year": 1927
      }
    ],
    "summaries": [
      "\"Tattine\" by Ruth Ogden is a children's novel written in the early 20th century. The story revolves around a young girl named Tattine, who grapples with the complexities of growing up, love for animals, and the realization that nature can be cruel. With her keen observation, Tattine navigates her experiences with her pets, particularly two setter dogs, and finds herself in morally challenging situations concerning the natural behaviors of animals and the impact they have on her sensitive heart.  The narrative follows Tattine through a series of adventures and encounters, reflecting her innocent yet profound understanding of the world. After witnessing her dogs' natural hunting instincts, which lead them to capture a rabbit, Tattine struggles with her feelings of love for her pets and her sorrow for the harmed creatures. Throughout the book, she also engages with friends, goes on imaginative excursions, and has heartwarming interactions with family. As Tattine learns about the inherent behaviors of different animals, she begins to understand the concept of nature versus nurture, leading to thoughtful reflections on compassion, responsibility, and the idea that while certain behaviors are instinctual, love can guide our actions towards kindness. Overall, \"Tattine\" presents a beautiful coming-of-age tale filled with heartfelt lessons that resonate with both children and adults. (This is an automatically generated summary.)"
    ],
    "editors": [],
    "translators": [],
    "subjects": [
      "Pets -- Juvenile fiction"
    ],
    "bookshelves": [
      "Category: Children & Young Adult Reading",
      "Category: Novels"
    ],
    "languages": [
      "en"
    ],
    "copyright": false,
    "media_type": "Text",
    "formats": {
      "text/html": "https://www.gutenberg.org/ebooks/1816.html.images",
      "text/html; charset=utf-8": "https://www.gutenberg.org/files/1816/1816-h/1816-h.htm",
      "application/epub+zip": "https://www.gutenberg.org/ebooks/1816.epub3.images",
      "application/x-mobipocket-ebook": "https://www.gutenberg.org/ebooks/1816.kf8.images",
      "text/plain; charset=us-ascii": "https://www.gutenberg.org/ebooks/1816.txt.utf-8",
      "text/plain; charset=utf-8": "https://www.gutenberg.org/files/1816/1816-0.txt",
      "application/rdf+xml": "https://www.gutenberg.org/ebooks/1816.rdf",
      "image/jpeg": "https://www.gutenberg.org/cache/epub/1816/pg1816.cover.medium.jpg",
      "application/octet-stream": "https://www.gutenberg.org/cache/epub/1816/pg1816-h.zip"
    },
    "download_count": 266
  }
}