{
  "average_entropy_rate": 0.10003900310577962,
  "entropy_rate": [
    0.0,
    0.3655417158448848,
    0.0,
    0.0,
    0.0,
    0.0,
    0.445214560131261,
    0.0,
    0.0,
    0.0,
    0.4924758759469218,
    0.29912777125170226,
    0.0,
    0.0,
    0.0,
    0.0,
    0.0,
    0.0,
    0.37304301614749635,
    0.0,
    0.0,
    0.0,
    0.0,
    0.0,
    0.0,
    0.0,
    0.0,
    0.0,
    0.0,
    0.0,
    0.0,
    0.0,
    0.49323747010674024,
    0.0,
    0.0,
    0.4173078604535018,
    0.338470688224589,
    0.43653471232849494,
    0.0,
    0.44064545690137263,
    0.0
  ],
  "estimated_posterior_probability": 52.92418670654297,
  "input": "./smaller_in/Guten_index4513.txt",
  "prevalence_assumed": 0.5,
  "process_length": 80000,
  "gutenberg": {
    "id": 4513,
    "title": "The Rainbow and the Rose",
    "authors": [
      {
        "name": "Nesbit, E. (Edith)",
        "birth_year": 1858,
        "death_year": 1924
      }
    ],
    "summaries": [
      "\"The Rainbow and the Rose\" by E. Nesbit is a poetry collection published in the early 20th century, specifically in 1905. The work features an array of themes, primarily exploring love, loss, memory, and the beauty of nature, often reflecting on profound emotional experiences. Nesbit, known for her children's literature and fantasy stories, offers readers an intimate look at life’s complexities through her verse.  The collection is organized into nine chapters, each consisting of various poems that capture the essence of human emotions. Through a blend of lyrical expressions and vivid imagery, Nesbit delves into the different facets of love, from romantic longing to the bittersweet pain of separation. Notable poems such as \"The Confession,\" \"The Prodigal Son,\" and \"After Death\" resonate with deep reflections on personal experiences of joy and sorrow. The poems are characterized by their rhythmic quality and evocative language, illustrating the delicate balance between beauty and sadness that accompanies love and life's ephemeral nature. Overall, this collection invites readers to contemplate the intricate relationship between joy, pain, and the passage of time. (This is an automatically generated summary.)"
    ],
    "editors": [],
    "translators": [],
    "subjects": [
      "English poetry -- 20th century"
    ],
    "bookshelves": [
      "Category: British Literature",
      "Category: Poetry",
      "Children's Literature"
    ],
    "languages": [
      "en"
    ],
    "copyright": false,
    "media_type": "Text",
    "formats": {
      "text/html": "https://www.gutenberg.org/ebooks/4513.html.images",
      "application/epub+zip": "https://www.gutenberg.org/ebooks/4513.epub3.images",
      "application/x-mobipocket-ebook": "https://www.gutenberg.org/ebooks/4513.kf8.images",
      "text/plain; charset=us-ascii": "https://www.gutenberg.org/ebooks/4513.txt.utf-8",
      "application/rdf+xml": "https://www.gutenberg.org/ebooks/4513.rdf",
      "image/jpeg": "https://www.gutenberg.org/cache/epub/4513/pg4513.cover.medium.jpg",
      "application/octet-stream": "https://www.gutenberg.org/files/4513/4513.zip"
    },
    "download_count": 306
  }
}