{
  "average_entropy_rate": 0.17808116633183368,
  "entropy_rate": [
    0.0,
    0.0,
    0.0,
    0.0,
    0.6522202096552301,
    0.0,
    0.0,
    0.0,
    0.6610896709625093,
    0.5383901285830783,
    0.0,
    0.0,
    0.0,
    0.0,
    0.7165749829391944,
    0.0,
    0.0,
    0.0,
    0.0,
    0.0,
    0.0,
    0.0,
    0.0,
    0.6511382341397279,
    0.0,
    0.0,
    0.0,
    0.0,
    0.0,
    0.6644019912764999,
    0.0,
    0.0,
    0.6641064708112007,
    0.0,
    0.0,
    0.6975816832984916,
    0.0,
    0.7081706974173748,
    0.664583123383338,
    0.6830706271385352,
    0.0
  ],
  "estimated_posterior_probability": 55.56958770751953,
  "input": "./smaller_in/Guten_index3614.txt",
  "prevalence_assumed": 0.5,
  "process_length": 80000,
  "gutenberg": {
    "id": 3614,
    "title": "An Exhortation to Peace and Unity",
    "authors": [
      {
        "name": "Bunyan, John",
        "birth_year": 1628,
        "death_year": 1688
      }
    ],
    "summaries": [
      "\"An Exhortation to Peace and Unity\" attributed (incorrectly) to John Bunyan is a theological treatise likely written during the 17th century, a time marked by religious turmoil and various denominational conflicts in England. This work focuses on the crucial theme of unity within the Christian community, emphasizing the necessity of maintaining both spiritual unity and peace among believers, despite differences in doctrine and practice.  In this treatise, the author explores the concept of unity as essential to the functioning of the Church, drawing parallels between the human body and the body of Christ, where individual believers work together for a common purpose. The text outlines the importance of charity and love as fundamental components of unity, encouraging Christians to focus on shared beliefs rather than contentious issues. The author provides practical guidance on fostering peace, including the need for prayer, choosing wise leaders, and exercising humility in interactions with fellow believers. Ultimately, the work serves as a reminder of the dangers of division and the blessings that come from living in harmony. (This is an automatically generated summary.)"
    ],
    "editors": [],
    "translators": [],
    "subjects": [
      "Christian life"
    ],
    "bookshelves": [
      "Category: Essays, Letters & Speeches",
      "Category: History - Religious",
      "Category: Philosophy & Ethics",
      "Category: Religion/Spirituality",
      "Christianity"
    ],
    "languages": [
      "en"
    ],
    "copyright": false,
    "media_type": "Text",
    "formats": {
      "text/html": "https://www.gutenberg.org/ebooks/3614.html.images",
      "application/epub+zip": "https://www.gutenberg.org/ebooks/3614.epub3.images",
      "application/x-mobipocket-ebook": "https://www.gutenberg.org/ebooks/3614.kf8.images",
      "text/plain; charset=us-ascii": "https://www.gutenberg.org/ebooks/3614.txt.utf-8",
      "application/rdf+xml": "https://www.gutenberg.org/ebooks/3614.rdf",
      "image/jpeg": "https://www.gutenberg.org/cache/epub/3614/pg3614.cover.medium.jpg",
      "application/octet-stream": "https://www.gutenberg.org/files/3614/3614-0.zip"
    },
    "download_count": 285
  }
}