{
  "average_entropy_rate": 0.3516683030882922,
  "entropy_rate": [
    0.6533125719609595,
    0.8698782156495898,
    0.8808672871318212,
    0.7535240068479417,
    0.0,
    0.0,
    0.0,
    0.7389054896099829,
    0.0,
    0.0,
    0.0,
    0.0,
    0.7435996501550348,
    0.0,
    0.0,
    0.0,
    0.0,
    0.0,
    0.7935158864446853,
    0.0,
    0.0,
    0.0,
    0.0,
    0.0,
    0.7448283505478408,
    0.0,
    0.0,
    0.0,
    0.9382819819843865,
    0.0,
    0.0,
    0.0,
    0.7930219077997689,
    0.8302228536100154,
    0.7924812524805281,
    0.9810979409898647,
    0.7598620564433345,
    0.7450067250248262,
    0.736205936011858,
    0.7472124728402357,
    0.9165758410873082
  ],
  "estimated_posterior_probability": 63.032989501953125,
  "input": "./smaller_in/Guten_index1128.txt",
  "prevalence_assumed": 0.5,
  "process_length": 80000,
  "gutenberg": {
    "id": 1128,
    "title": "King Lear",
    "authors": [
      {
        "name": "Shakespeare, William",
        "birth_year": 1564,
        "death_year": 1616
      }
    ],
    "summaries": [
      "\"King Lear\" by William Shakespeare is a tragedy written in late 1605 or early 1606. Set in pre-Roman Britain, the play follows King Lear's catastrophic decision to divide his kingdom among his three daughters based on their declarations of love. When his youngest daughter refuses to flatter him, Lear sets in motion a chain of devastating consequences involving betrayal, madness, and blindness. Known for its dark tone and complex poetry, the play is regarded as one of Shakespeare's supreme achievements and among the greatest works of literature ever written. (This is an automatically generated summary.)"
    ],
    "editors": [],
    "translators": [],
    "subjects": [
      "Aging parents -- Drama",
      "Britons -- Drama",
      "Fathers and daughters -- Drama",
      "Inheritance and succession -- Drama",
      "Kings and rulers -- Drama",
      "Lear, King (Legendary character) -- Drama",
      "Tragedies (Drama)"
    ],
    "bookshelves": [
      "Best Books Ever Listings",
      "Category: British Literature",
      "Category: Classics of Literature",
      "Category: Plays/Films/Dramas"
    ],
    "languages": [
      "en"
    ],
    "copyright": false,
    "media_type": "Text",
    "formats": {
      "text/html": "https://www.gutenberg.org/ebooks/1128.html.images",
      "application/epub+zip": "https://www.gutenberg.org/ebooks/1128.epub3.images",
      "image/jpeg": "https://www.gutenberg.org/files/1128/cover.jpg",
      "application/x-mobipocket-ebook": "https://www.gutenberg.org/ebooks/1128.kf8.images",
      "text/plain; charset=us-ascii": "https://www.gutenberg.org/ebooks/1128.txt.utf-8",
      "application/rdf+xml": "https://www.gutenberg.org/ebooks/1128.rdf",
      "application/octet-stream": "https://www.gutenberg.org/cache/epub/1128/pg1128-h.zip"
    },
    "download_count": 549
  }
}