{
  "average_entropy_rate": 0.04835289261880255,
  "entropy_rate": [
    0.0,
    0.0,
    0.0,
    0.25812815168676184,
    0.0,
    0.0,
    0.0,
    0.0,
    0.0,
    0.0,
    0.0,
    0.0,
    0.0,
    0.0,
    0.0,
    0.0,
    0.49750641231494985,
    0.0,
    0.0,
    0.0,
    0.0,
    0.0,
    0.0,
    0.0,
    0.0,
    0.0,
    0.0,
    0.0,
    0.0,
    0.36096404207354893,
    0.0,
    0.0,
    0.0,
    0.4462332380261004,
    0.4196367532695437,
    0.0,
    0.0,
    0.0,
    0.0,
    0.0,
    0.0
  ],
  "estimated_posterior_probability": 51.35429000854492,
  "input": "./smaller_in/Guten_index2174.txt",
  "prevalence_assumed": 0.5,
  "process_length": 80000,
  "gutenberg": {
    "id": 2174,
    "title": "Frau und Kindern auf der Spur",
    "authors": [
      {
        "name": "Rohner, Gerold K.",
        "birth_year": null,
        "death_year": null
      }
    ],
    "summaries": [
      "\"Frau und Kindern auf der Spur\" by Gerold K. Rohner is a fictional novel likely written in the late 20th century. The story unfolds in the American West, where a character reflects on his past and the mounting dangers posed to his family, specifically a woman and her three children, who are subjected to threats by violent men. The narrative centers on the protagonist as he grapples with feelings of love, uncertainty, and the desperate need to protect his family from harm while remaining undetected.  The opening of the book introduces us to an intense scene in a Santa Fe saloon, where a menacing figure threatens a woman and her children. The protagonist observes this unsettling confrontation and wrestles with his instincts to intervene while remaining cautious to avoid escalating the situation. We learn that he has been living apart from his family for over two years and is now secretly following them, filled with both love and a sense of estrangement. The turmoil of the Wild West backdrop is vividly portrayed, reflecting themes of danger, familial bonds, and individual courage as the protagonist resolves to protect his loved ones amidst the chaos. (This is an automatically generated summary.)"
    ],
    "editors": [],
    "translators": [],
    "subjects": [
      "Fiction",
      "Western stories"
    ],
    "bookshelves": [
      "Category: Adventure",
      "Category: Novels",
      "DE Prosa"
    ],
    "languages": [
      "de"
    ],
    "copyright": true,
    "media_type": "Text",
    "formats": {
      "text/html": "https://www.gutenberg.org/ebooks/2174.html.images",
      "application/epub+zip": "https://www.gutenberg.org/ebooks/2174.epub3.images",
      "application/x-mobipocket-ebook": "https://www.gutenberg.org/ebooks/2174.kf8.images",
      "text/plain; charset=us-ascii": "https://www.gutenberg.org/ebooks/2174.txt.utf-8",
      "application/rdf+xml": "https://www.gutenberg.org/ebooks/2174.rdf",
      "image/jpeg": "https://www.gutenberg.org/cache/epub/2174/pg2174.cover.medium.jpg",
      "application/octet-stream": "https://www.gutenberg.org/cache/epub/2174/pg2174-h.zip"
    },
    "download_count": 198
  }
}