{
  "average_entropy_rate": 0.27418008107056996,
  "entropy_rate": [
    0.0,
    0.0,
    0.0,
    0.8447411381367127,
    0.0,
    0.6224176049982286,
    0.7926943785139003,
    0.0,
    0.0,
    0.0,
    0.0,
    0.5226958512547655,
    0.0,
    0.0,
    0.8064714364111272,
    0.0,
    0.0,
    0.0,
    0.0,
    0.0,
    0.0,
    0.0,
    0.0,
    0.0,
    0.7942412062931556,
    0.0,
    0.7614534565095767,
    0.7998024904817911,
    0.0,
    0.0,
    0.0,
    0.0,
    0.0,
    0.8122019993828865,
    0.6771385364467201,
    0.728452132959287,
    0.8053589862559785,
    0.7214859356606441,
    0.0,
    0.7787707704147879,
    0.7734574001738073
  ],
  "estimated_posterior_probability": 59.384788513183594,
  "input": "./smaller_in/Guten_index330.txt",
  "prevalence_assumed": 0.5,
  "process_length": 80000,
  "gutenberg": {
    "id": 330,
    "title": "Where There's a Will",
    "authors": [
      {
        "name": "Rinehart, Mary Roberts",
        "birth_year": 1876,
        "death_year": 1958
      }
    ],
    "summaries": [
      "\"Where There's a Will\" by Mary Roberts Rinehart is a novel written in the early 20th century. The book revolves around the lives and relationships of the staff and guests at Hope Springs Sanatorium, particularly focusing on the spirited spring-house girl named Minnie Waters as she navigates intrigue, duty, and the unexpected arrival of a new owner.  The opening of the story introduces us to Minnie as she reflects on her life at Hope Springs, where she has dedicated fourteen years to serving guests and tending to their needs. Following the death of the old doctor who managed the sanatorium, Minnie grapples with her responsibilities and the future of the place she considers home. Key players like Miss Patty Jennings, a frequent guest entangled in royal romance, and Mr. Richard Carter, the doctor's grandson who is expected to take charge of the establishment, begin to emerge. As excitement builds around new developments—including Miss Patty's engagement and intriguing secrets in the air—the stage is set for a mix of drama and humor, showcasing Minnie's bold personality and her connections to the unfolding storylines. (This is an automatically generated summary.)"
    ],
    "editors": [],
    "translators": [],
    "subjects": [
      "Detective and mystery stories",
      "Health resorts -- Fiction",
      "Humorous stories",
      "Impersonation -- Fiction",
      "Love stories",
      "Man-woman relationships -- Fiction"
    ],
    "bookshelves": [
      "Category: American Literature",
      "Category: Humour",
      "Category: Novels"
    ],
    "languages": [
      "en"
    ],
    "copyright": false,
    "media_type": "Text",
    "formats": {
      "application/rdf+xml": "https://www.gutenberg.org/ebooks/330.rdf",
      "text/html": "https://www.gutenberg.org/ebooks/330.html.images",
      "text/html; charset=us-ascii": "https://www.gutenberg.org/files/330/330-h/330-h.htm",
      "application/epub+zip": "https://www.gutenberg.org/ebooks/330.epub3.images",
      "application/x-mobipocket-ebook": "https://www.gutenberg.org/ebooks/330.kf8.images",
      "text/plain; charset=us-ascii": "https://www.gutenberg.org/ebooks/330.txt.utf-8",
      "image/jpeg": "https://www.gutenberg.org/cache/epub/330/pg330.cover.medium.jpg",
      "application/octet-stream": "https://www.gutenberg.org/cache/epub/330/pg330-h.zip"
    },
    "download_count": 437
  }
}