{
  "average_entropy_rate": 0.17544437702576116,
  "entropy_rate": [
    0.0,
    0.0,
    0.0,
    0.0,
    0.8262325865792295,
    0.0,
    0.8847316343009234,
    0.9182958355218688,
    0.46460586116763025,
    0.0,
    0.0,
    0.0,
    0.0,
    0.0,
    0.0,
    0.0,
    0.0,
    0.0,
    0.8852669605586984,
    0.0,
    0.0,
    0.0,
    0.0,
    0.0,
    0.0,
    0.0,
    0.0,
    0.0,
    0.0,
    0.0,
    0.0,
    0.0,
    0.8426120811811958,
    0.6167736885804671,
    0.886279757302923,
    0.0,
    0.0,
    0.8684210528632709,
    0.0,
    0.0,
    0.0
  ],
  "estimated_posterior_probability": 55.47323989868164,
  "input": "./smaller_in/Guten_index591.txt",
  "prevalence_assumed": 0.5,
  "process_length": 80000,
  "gutenberg": {
    "id": 591,
    "title": "Flame and Shadow",
    "authors": [
      {
        "name": "Teasdale, Sara",
        "birth_year": 1884,
        "death_year": 1933
      }
    ],
    "summaries": [
      "\"Flame and Shadow\" by Sara Teasdale is a collection of poetry written in the early 20th century. The book explores themes of beauty, love, nature, and the complexities of human emotion across a series of lyrical poems. Teasdale's work reflects her deep sensibility to the natural world and the inner landscape of feeling, intertwined with reflections on life and mortality.  In this collection, each poem embodies Teasdale's rich imagery and profound insights, capturing moments of beauty and sorrow. The pieces range from meditations on the fleeting nature of life and love to vibrant depictions of the natural world, including flowers, stars, and seasons. Throughout the poems, there is a sense of longing and introspection, as the speaker grapples with existential questions and personal memories. Teasdale's ability to express complex emotions through simple, expressive language makes \"Flame and Shadow\" resonate deeply, inviting readers to reflect on their own experiences of love, loss, and the beauty of the world around them. (This is an automatically generated summary.)"
    ],
    "editors": [],
    "translators": [],
    "subjects": [
      "American poetry",
      "Lyric poetry"
    ],
    "bookshelves": [
      "Category: American Literature",
      "Category: Poetry"
    ],
    "languages": [
      "en"
    ],
    "copyright": false,
    "media_type": "Text",
    "formats": {
      "application/rdf+xml": "https://www.gutenberg.org/ebooks/591.rdf",
      "text/html": "https://www.gutenberg.org/ebooks/591.html.images",
      "application/epub+zip": "https://www.gutenberg.org/ebooks/591.epub3.images",
      "application/x-mobipocket-ebook": "https://www.gutenberg.org/ebooks/591.kf8.images",
      "text/plain; charset=us-ascii": "https://www.gutenberg.org/ebooks/591.txt.utf-8",
      "image/jpeg": "https://www.gutenberg.org/cache/epub/591/pg591.cover.medium.jpg",
      "application/octet-stream": "https://www.gutenberg.org/cache/epub/591/pg591-h.zip"
    },
    "download_count": 439
  }
}