{
  "average_entropy_rate": 0.31757360476287505,
  "entropy_rate": [
    0.0,
    0.0,
    0.0,
    0.0,
    0.0,
    0.0,
    0.0,
    0.0,
    0.6803527556033903,
    0.0,
    0.736799859277681,
    0.9183560871438526,
    0.0,
    0.0,
    0.0,
    0.6798853267842555,
    0.0,
    0.0,
    0.0,
    0.0,
    1.0018965771040722,
    0.0,
    0.0,
    0.0,
    0.0,
    0.0,
    0.0,
    0.9182307638328526,
    0.9615303914660045,
    0.0,
    0.6808201844225251,
    0.0,
    0.683157328518199,
    0.9181889893958526,
    0.9569615431211649,
    0.6794178979651206,
    0.9181472149588524,
    0.6808201844225251,
    0.9265347932964081,
    0.6794178979651206,
    0.0
  ],
  "estimated_posterior_probability": 61.35735321044922,
  "input": "./smaller_in/Guten_index2502.txt",
  "prevalence_assumed": 0.5,
  "process_length": 80000,
  "gutenberg": {
    "id": 2502,
    "title": "Chitra, a Play in One Act",
    "authors": [
      {
        "name": "Tagore, Rabindranath",
        "birth_year": 1861,
        "death_year": 1941
      }
    ],
    "summaries": [
      "\"Chitra, a Play in One Act\" by Rabindranath Tagore is a one-act play first published in English in 1913. Drawing from the Mahabharata, it tells the story of Chitrangada, a warrior princess raised as a boy who falls in love with the hero Arjuna. Desperate to win his heart despite his vow of celibacy, she asks the gods for perfect beauty. But when Arjuna falls for her transformed appearance, Chitra must confront whether love built on illusion can ever become real. (This is an automatically generated summary.)"
    ],
    "editors": [],
    "translators": [],
    "subjects": [
      "Indic drama"
    ],
    "bookshelves": [
      "Category: Mythology, Legends & Folklore",
      "Category: Plays/Films/Dramas",
      "Nobel Prizes in Literature",
      "One Act Plays"
    ],
    "languages": [
      "en"
    ],
    "copyright": false,
    "media_type": "Text",
    "formats": {
      "text/html": "https://www.gutenberg.org/ebooks/2502.html.images",
      "text/html; charset=us-ascii": "https://www.gutenberg.org/files/2502/2502-h/2502-h.htm",
      "application/epub+zip": "https://www.gutenberg.org/ebooks/2502.epub3.images",
      "application/x-mobipocket-ebook": "https://www.gutenberg.org/ebooks/2502.kf8.images",
      "text/plain; charset=us-ascii": "https://www.gutenberg.org/ebooks/2502.txt.utf-8",
      "application/rdf+xml": "https://www.gutenberg.org/ebooks/2502.rdf",
      "image/jpeg": "https://www.gutenberg.org/cache/epub/2502/pg2502.cover.medium.jpg",
      "application/octet-stream": "https://www.gutenberg.org/cache/epub/2502/pg2502-h.zip"
    },
    "download_count": 988
  }
}