{
  "average_entropy_rate": 0.2595945907087636,
  "entropy_rate": [
    0.47069123223315074,
    0.0,
    0.0,
    0.0,
    0.0,
    0.6557222141736325,
    0.5835068377463607,
    0.5282643440837931,
    0.0,
    0.0,
    0.0,
    0.0,
    0.0,
    0.0,
    0.0,
    0.4469058026555129,
    0.0,
    0.0,
    0.0,
    0.6135990560694009,
    0.5031203195244078,
    0.6350654945245378,
    0.0,
    0.6810228796799058,
    0.2953619704765263,
    0.0,
    0.0,
    0.0,
    0.4141445571421573,
    0.0,
    0.0,
    0.0,
    0.0,
    0.5954852077208932,
    0.5549502672527545,
    0.7360204322169415,
    0.5076147702586894,
    0.520346329263327,
    0.6839606013604517,
    0.6816783870009754,
    0.5359175156758886
  ],
  "estimated_posterior_probability": 58.762123107910156,
  "input": "./smaller_in/Guten_index4070.txt",
  "prevalence_assumed": 0.5,
  "process_length": 80000,
  "gutenberg": {
    "id": 4070,
    "title": "The Master Builder",
    "authors": [
      {
        "name": "Ibsen, Henrik",
        "birth_year": 1828,
        "death_year": 1906
      }
    ],
    "summaries": [
      "\"The Master Builder\" by Henrik Ibsen is a play published in 1892. When a young woman named Hilda arrives at the home of Halvard Solness, a successful master builder, she claims they met years ago and that he made her extraordinary promises. As Hilda insinuates herself into his household and encourages his ambitions, Solness becomes convinced he possesses mysterious powers to will events into existence. This psychological drama blends realistic characters with symbolic elements, exploring obsession, ambition, and the dangerous allure of youth. (This is an automatically generated summary.)"
    ],
    "editors": [],
    "translators": [
      {
        "name": "Archer, William",
        "birth_year": 1856,
        "death_year": 1924
      },
      {
        "name": "Gosse, Edmund",
        "birth_year": 1849,
        "death_year": 1928
      }
    ],
    "subjects": [
      "Architects -- Drama",
      "Norwegian drama -- Translations into English"
    ],
    "bookshelves": [
      "Category: Plays/Films/Dramas"
    ],
    "languages": [
      "en"
    ],
    "copyright": false,
    "media_type": "Text",
    "formats": {
      "text/html": "https://www.gutenberg.org/ebooks/4070.html.images",
      "application/epub+zip": "https://www.gutenberg.org/ebooks/4070.epub3.images",
      "application/x-mobipocket-ebook": "https://www.gutenberg.org/ebooks/4070.kf8.images",
      "text/plain; charset=us-ascii": "https://www.gutenberg.org/ebooks/4070.txt.utf-8",
      "application/rdf+xml": "https://www.gutenberg.org/ebooks/4070.rdf",
      "image/jpeg": "https://www.gutenberg.org/cache/epub/4070/pg4070.cover.medium.jpg",
      "application/octet-stream": "https://www.gutenberg.org/files/4070/4070-h.zip"
    },
    "download_count": 958
  }
}