{
  "average_entropy_rate": 0.3984193664139281,
  "entropy_rate": [
    0.0,
    0.0,
    0.0,
    0.0,
    0.0,
    0.0,
    0.0,
    0.0,
    0.0,
    0.0,
    0.0,
    0.0,
    0.0,
    0.0,
    0.0,
    0.0,
    0.0,
    0.0,
    0.0,
    0.0,
    0.0,
    0.0,
    0.0,
    0.7060986106046818,
    0.8860386284753285,
    0.8860386284753285,
    0.8860386284753285,
    0.8860386284753285,
    0.8860386284753285,
    1.0112015306389042,
    0.9776534890963867,
    0.9209981877452373,
    0.8950545768228365,
    1.0112015306389042,
    0.8860386284753285,
    0.8860386284753285,
    0.8860386284753285,
    0.8860386284753285,
    0.8860386284753285,
    0.8860386284753285,
    1.066561184195489
  ],
  "estimated_posterior_probability": 65.5421142578125,
  "input": "./smaller_in/Guten_index3380.txt",
  "prevalence_assumed": 0.5,
  "process_length": 80000,
  "gutenberg": {
    "id": 3380,
    "title": "Staccato Notes of a Vanished Summer (from Literature and Life)",
    "authors": [
      {
        "name": "Howells, William Dean",
        "birth_year": 1837,
        "death_year": 1920
      }
    ],
    "summaries": [
      "\"Staccato Notes of a Vanished Summer (from Literature and Life)\" by William Dean Howells is a reflective piece that falls into the category of literary essays, likely written during the early 20th century. This work captures the essence of summer at Kittery Point, Maine, exploring themes of nostalgia, the passage of time, and the idyllic charm of coastal life. The narrative weaves together personal observations and a deep appreciation for the natural surroundings and the local community.  The book is structured as a series of vignettes, with the narrator contemplating the fleeting nature of summer and the memories associated with it. Descriptions of the coastal landscape and maritime activities paint a vibrant picture of Kittery Point, while observations about the village's inhabitants and their lives offer a glimpse into a simpler, more connected existence. The narrative captures moments of beauty and tranquility, interspersed with reflections on the historical significance of the region, as seen through the lens of both personal experience and historical context. Through the character of Jim the cat and the interactions within the village, Howells evokes a sense of belonging and the bittersweet realities of change, encapsulating the essence of a summer that feels uniquely precious and ultimately ephemeral. (This is an automatically generated summary.)"
    ],
    "editors": [],
    "translators": [],
    "subjects": [
      "Maine -- Fiction",
      "Short stories"
    ],
    "bookshelves": [
      "Category: American Literature",
      "Category: Essays, Letters & Speeches"
    ],
    "languages": [
      "en"
    ],
    "copyright": false,
    "media_type": "Text",
    "formats": {
      "text/html": "https://www.gutenberg.org/ebooks/3380.html.images",
      "application/epub+zip": "https://www.gutenberg.org/ebooks/3380.epub3.images",
      "application/x-mobipocket-ebook": "https://www.gutenberg.org/ebooks/3380.kf8.images",
      "text/plain; charset=us-ascii": "https://www.gutenberg.org/ebooks/3380.txt.utf-8",
      "application/rdf+xml": "https://www.gutenberg.org/ebooks/3380.rdf",
      "image/jpeg": "https://www.gutenberg.org/cache/epub/3380/pg3380.cover.medium.jpg",
      "application/octet-stream": "https://www.gutenberg.org/files/3380/3380.zip"
    },
    "download_count": 263
  }
}