{
  "average_entropy_rate": 0.12400379026170104,
  "entropy_rate": [
    0.4311278112737896,
    0.5946590500328134,
    0.0,
    0.0,
    0.0,
    0.0,
    0.0,
    0.0,
    0.0,
    0.0,
    0.0,
    0.7028195311147837,
    0.7028195311147837,
    0.0,
    0.0,
    0.0,
    0.0,
    0.0,
    0.0,
    0.0,
    0.0,
    0.0,
    0.0,
    0.0,
    0.0,
    0.0,
    0.0,
    0.0,
    0.0,
    0.0,
    0.0,
    0.0,
    0.5225791651803514,
    0.7245112497836531,
    0.0,
    0.0,
    0.0,
    0.7028195311147837,
    0.7028195311147837,
    0.0,
    0.0
  ],
  "estimated_posterior_probability": 53.698665618896484,
  "input": "./smaller_in/Guten_index1763.txt",
  "prevalence_assumed": 0.5,
  "process_length": 80000,
  "gutenberg": {
    "id": 1763,
    "title": "The Nature Faker",
    "authors": [
      {
        "name": "Davis, Richard Harding",
        "birth_year": 1864,
        "death_year": 1916
      }
    ],
    "summaries": [
      "\"The Nature Faker\" by Richard Harding Davis is a satirical short story written in the early 20th century. It explores the relationship between man and nature through the lens of a wealthy man's misguided attempt to liberate three performing bears. The narrative addresses themes of friendship, nature, and the absurdity of human ambitions, all framed within an entertaining commentary on society's perceptions of wild animals and their roles.  The story follows Richard Herrick, a wealthy young man who, after being spurned in love, becomes enamored with nature. He buys three bears from a vaudeville act with the intention of releasing them into a game preserve he has created. His friends, Jackson and Kelly, ridicule his idealistic views, warning him that the bears are too domesticated to survive in the wild. Nevertheless, Herrick insists on his noble ambition to free them. Upon their release, the bears initially wander into the woods, but unexpectedly, their instincts are overridden by their familiarity with the performing life, leading to an ironic and humorous conclusion as they entertain the guests with an impromptu waltz. The story ends with Herrick's realization of the futility of his actions, highlighting the ironic conflict between his noble intentions and the reality of the bears' nature. (This is an automatically generated summary.)"
    ],
    "editors": [],
    "translators": [],
    "subjects": [
      "Fiction",
      "Short stories"
    ],
    "bookshelves": [
      "Category: Humour",
      "Category: Short Stories"
    ],
    "languages": [
      "en"
    ],
    "copyright": false,
    "media_type": "Text",
    "formats": {
      "text/html": "https://www.gutenberg.org/ebooks/1763.html.images",
      "text/html; charset=utf-8": "https://www.gutenberg.org/files/1763/1763-h/1763-h.htm",
      "application/epub+zip": "https://www.gutenberg.org/ebooks/1763.epub3.images",
      "application/x-mobipocket-ebook": "https://www.gutenberg.org/ebooks/1763.kf8.images",
      "text/plain; charset=us-ascii": "https://www.gutenberg.org/ebooks/1763.txt.utf-8",
      "text/plain; charset=utf-8": "https://www.gutenberg.org/files/1763/1763-0.txt",
      "application/rdf+xml": "https://www.gutenberg.org/ebooks/1763.rdf",
      "image/jpeg": "https://www.gutenberg.org/cache/epub/1763/pg1763.cover.medium.jpg",
      "application/octet-stream": "https://www.gutenberg.org/cache/epub/1763/pg1763-h.zip"
    },
    "download_count": 272
  }
}