{
  "average_entropy_rate": 0.24080010851428138,
  "entropy_rate": [
    0.6693053428941053,
    0.0,
    0.0,
    0.7214617604861969,
    0.0,
    0.0,
    0.0,
    0.6761781278125498,
    0.0,
    0.5222511260639046,
    0.0,
    0.7472948744223545,
    0.0,
    0.7282823847025551,
    0.0,
    0.0,
    0.0,
    0.0,
    0.0,
    0.0,
    0.0,
    0.6486966618803306,
    0.5882014508597222,
    0.0,
    0.0,
    0.0,
    0.0,
    0.0,
    0.0,
    0.0,
    0.0,
    0.0,
    0.6739102337645713,
    0.5835625026900244,
    0.7148798407789096,
    0.5959454285678871,
    0.757197186718765,
    0.0,
    0.6304324636499382,
    0.6152050637937221,
    0.0
  ],
  "estimated_posterior_probability": 57.97938537597656,
  "input": "./smaller_in/Guten_index4906.txt",
  "prevalence_assumed": 0.5,
  "process_length": 80000,
  "gutenberg": {
    "id": 4906,
    "title": "The Lucky Man",
    "authors": [
      {
        "name": "Baron, Monsieur (Michel)",
        "birth_year": 1653,
        "death_year": 1729
      }
    ],
    "summaries": [
      "\"The Lucky Man\" by Monsieur Baron is a play adapted from the French by Frank J. Morlock, likely written in the late 20th century. Set in 1687 London, it explores themes of love, fidelity, and deception, centering around the character of Cadwell, a charming yet untrustworthy man entangled in multiple romantic pursuits.  At the start of the play, we are introduced to a complex web of relationships involving Cadwell, Laura, and several other women who are all vying for his attention. Laura, a widow, is in conflict over her feelings for Cadwell and is being urged by her friends Olivia and Jenny to recognize his faults. Meanwhile, various characters plot to expose Cadwell’s true nature, showcasing both his charm and his tendency to manipulate those around him. The opening establishes tension and intrigue as the characters navigate love, jealousy, and the societal pressures of their time, hinting at comedic outcomes as the story unfolds. (This is an automatically generated summary.)"
    ],
    "editors": [],
    "translators": [
      {
        "name": "Morlock, Frank J.",
        "birth_year": null,
        "death_year": null
      }
    ],
    "subjects": [
      "Comedy plays",
      "French drama -- 17th century -- Translations into English"
    ],
    "bookshelves": [
      "Category: French Literature",
      "Category: Plays/Films/Dramas"
    ],
    "languages": [
      "en"
    ],
    "copyright": true,
    "media_type": "Text",
    "formats": {
      "text/html": "https://www.gutenberg.org/ebooks/4906.html.images",
      "application/epub+zip": "https://www.gutenberg.org/ebooks/4906.epub3.images",
      "application/x-mobipocket-ebook": "https://www.gutenberg.org/ebooks/4906.kf8.images",
      "text/plain; charset=us-ascii": "https://www.gutenberg.org/ebooks/4906.txt.utf-8",
      "application/rdf+xml": "https://www.gutenberg.org/ebooks/4906.rdf",
      "image/jpeg": "https://www.gutenberg.org/cache/epub/4906/pg4906.cover.medium.jpg",
      "application/octet-stream": "https://www.gutenberg.org/files/4906/4906.zip"
    },
    "download_count": 177
  }
}