{
  "average_entropy_rate": 0.35105942581294286,
  "entropy_rate": [
    0.7098764506901765,
    0.0,
    0.0,
    0.853225499450065,
    0.0,
    0.0,
    0.0,
    0.8414142726281286,
    0.0,
    0.6171229638813683,
    0.0,
    0.0,
    0.0,
    0.0,
    0.7159853875652767,
    0.7112063216506669,
    0.0,
    0.0,
    0.0,
    0.0,
    0.0,
    0.0,
    0.0,
    0.0,
    0.0,
    0.0,
    0.0,
    0.0,
    0.7465244087861446,
    0.7291656181413302,
    0.745644864268883,
    0.832649801887058,
    0.7441694294626643,
    0.8646635270533153,
    0.7542510529394604,
    0.7586599788543055,
    0.7141085784767491,
    0.7385169829424403,
    0.7349426516309945,
    0.7366884654721036,
    0.8446202025495251
  ],
  "estimated_posterior_probability": 63.00200271606445,
  "input": "./smaller_in/Guten_index3405.txt",
  "prevalence_assumed": 0.5,
  "process_length": 80000,
  "gutenberg": {
    "id": 3405,
    "title": "Ragged Lady — Volume 1",
    "authors": [
      {
        "name": "Howells, William Dean",
        "birth_year": 1837,
        "death_year": 1920
      }
    ],
    "summaries": [
      "\"Ragged Lady — Volume 1\" by William Dean Howells is a novel written during the late 19th century. The story revolves around the Landers, specifically Mr. and Mrs. Albert Lander, who are navigating their first summer in a rural area called Middlemount. Their experiences weave together themes of social class, curiosity, and personal connection, particularly highlighted through their interactions with a young girl named Clementina and her family, known as the Claxons, who live in an unfinished house nearby.  The opening of the narrative introduces the Landers’ arrival at Middlemount, showcasing Mrs. Lander's controlling nature and her insistence that her husband ask for directions. Their encounter with Clementina marks a notable moment, as she exemplifies youthful charm and grace despite her family's humble circumstances. This meeting sparks Mrs. Lander's intense curiosity about the girl's life, leading her to seek further connection despite her husband's reluctance. The dynamics presented in these initial chapters hint at deeper themes of class disparity and the human need for companionship, setting the stage for the unfolding relationships throughout the season. (This is an automatically generated summary.)"
    ],
    "editors": [],
    "translators": [],
    "subjects": [
      "Americans -- Italy -- Fiction",
      "New England -- Fiction",
      "Young women -- Fiction"
    ],
    "bookshelves": [
      "Category: American Literature",
      "Category: Novels"
    ],
    "languages": [
      "en"
    ],
    "copyright": false,
    "media_type": "Text",
    "formats": {
      "text/html": "https://www.gutenberg.org/ebooks/3405.html.images",
      "application/epub+zip": "https://www.gutenberg.org/ebooks/3405.epub3.images",
      "application/x-mobipocket-ebook": "https://www.gutenberg.org/ebooks/3405.kf8.images",
      "text/plain; charset=us-ascii": "https://www.gutenberg.org/ebooks/3405.txt.utf-8",
      "application/rdf+xml": "https://www.gutenberg.org/ebooks/3405.rdf",
      "image/jpeg": "https://www.gutenberg.org/cache/epub/3405/pg3405.cover.medium.jpg",
      "application/octet-stream": "https://www.gutenberg.org/files/3405/3405.zip"
    },
    "download_count": 235
  }
}