{
  "average_entropy_rate": 0.3060592013727529,
  "entropy_rate": [
    0.0,
    0.0,
    0.0,
    0.6174154031792266,
    0.0,
    0.7582625905299438,
    0.5573322812733321,
    0.0,
    0.0,
    0.7045853460444342,
    0.0,
    0.0,
    0.0,
    0.0,
    0.0,
    0.0,
    0.0,
    0.7444818146428963,
    0.62059105029186,
    0.0,
    0.6935433972347594,
    0.7412996571046855,
    0.0,
    0.0,
    0.0,
    0.0,
    0.6740934692049887,
    0.0,
    0.0,
    0.0,
    0.0,
    0.6299043861659721,
    0.651711702463687,
    0.7361874672271901,
    0.5758631929842609,
    0.6836615298978589,
    0.6955909968701355,
    0.661575197646563,
    0.5633094619335414,
    0.6687326241034741,
    0.5702856874840572
  ],
  "estimated_posterior_probability": 60.81523132324219,
  "input": "./smaller_in/Guten_index3548.txt",
  "prevalence_assumed": 0.5,
  "process_length": 80000,
  "gutenberg": {
    "id": 3548,
    "title": "The Pharisee and the Publican",
    "authors": [
      {
        "name": "Bunyan, John",
        "birth_year": 1628,
        "death_year": 1688
      }
    ],
    "summaries": [
      "“The Pharisee and the Publican” by John Bunyan is a theological discourse that reflects the moral complexities of salvation, righteousness, and self-perception in the context of Christianity, likely written in the early 17th century. The text draws on the parable found in the Gospel of Luke, wherein a Pharisee and a Publican (tax collector) pray at the temple, illustrating the contrast between self-righteousness and humble repentance. This work invites readers to contemplate themes of pride, mercy, and the true nature of faith in God’s eyes, rather than through mere human standards.  The opening portion of the book elaborates on the parable by contrasting the attitudes and states of the Pharisee and the Publican. The Pharisee, confident in his perceived righteousness, thanks God for not being like others, including the Publican, and boasts of his religious practices. In stark opposition, the Publican displays deep humility, recognizing his sinfulness and pleading for God's mercy. Bunyan delves into the implications of their prayers, criticizing the Pharisee's self-deception and highlighting the significance of acknowledging one's need for grace, ultimately affirming that true righteousness comes from God alone, rather than personal merit. This foundational comparison sets the stage for deeper theological reflection on the nature of repentance and divine mercy. (This is an automatically generated summary.)"
    ],
    "editors": [],
    "translators": [],
    "subjects": [
      "Pharisee and the publican (Parable) -- Early works to 1800"
    ],
    "bookshelves": [
      "Category: Philosophy & Ethics",
      "Category: Religion/Spirituality"
    ],
    "languages": [
      "en"
    ],
    "copyright": false,
    "media_type": "Text",
    "formats": {
      "text/html": "https://www.gutenberg.org/ebooks/3548.html.images",
      "application/epub+zip": "https://www.gutenberg.org/ebooks/3548.epub3.images",
      "application/x-mobipocket-ebook": "https://www.gutenberg.org/ebooks/3548.kf8.images",
      "text/plain; charset=us-ascii": "https://www.gutenberg.org/ebooks/3548.txt.utf-8",
      "application/rdf+xml": "https://www.gutenberg.org/ebooks/3548.rdf",
      "image/jpeg": "https://www.gutenberg.org/cache/epub/3548/pg3548.cover.medium.jpg",
      "application/octet-stream": "https://www.gutenberg.org/files/3548/3548-0.zip"
    },
    "download_count": 347
  }
}