{
  "average_entropy_rate": 0.049815427735801665,
  "entropy_rate": [
    0.0,
    0.0,
    0.0,
    0.0,
    0.0,
    0.0,
    0.0,
    0.0,
    0.0,
    0.0,
    0.0,
    0.0,
    0.36708757928368546,
    0.0,
    0.0,
    0.0,
    0.360964042073549,
    0.0,
    0.0,
    0.0,
    0.0,
    0.0,
    0.0,
    0.0,
    0.0,
    0.48092740696938135,
    0.0,
    0.0,
    0.0,
    0.0,
    0.0,
    0.0,
    0.0,
    0.0,
    0.0,
    0.40594746220753625,
    0.0,
    0.0,
    0.4275060466337164,
    0.0,
    0.0
  ],
  "estimated_posterior_probability": 51.39636993408203,
  "input": "./smaller_in/Guten_index2910.txt",
  "prevalence_assumed": 0.5,
  "process_length": 80000,
  "gutenberg": {
    "id": 2910,
    "title": "The Little Dream: An Allegory in Six Scenes",
    "authors": [
      {
        "name": "Galsworthy, John",
        "birth_year": 1867,
        "death_year": 1933
      }
    ],
    "summaries": [
      "\"The Little Dream: An Allegory in Six Scenes\" by John Galsworthy is a play written in the early 20th century. This allegorical work explores themes of life, love, and the contrasting experiences of rural and urban existence through a dream-like narrative. It features a young mountain girl named Seelchen, who finds herself caught between the allure of the town and the beauty of her mountain home, represented through various characters and symbols.  The play unfolds in six scenes, initiating with Seelchen's encounter with Lamond, a climber, who aspires to scale the Great Horn mountain. Through their interactions, the narrative evolves into a dream where Seelchen is confronted by personified mountains and flowers, each representing different aspects of life—tranquility, adventure, and the bittersweet nature of love. As Seelchen navigates this dream world, she must reconcile her feelings for Lamond and Felsman while exploring the dualities of her existence. In the end, the allegory culminates in a profound statement about the nature of love and the human experience, leaving readers to ponder the balance between the serenity of nature and the chaos of urban life. (This is an automatically generated summary.)"
    ],
    "editors": [],
    "translators": [],
    "subjects": [
      "English drama"
    ],
    "bookshelves": [
      "Category: British Literature",
      "Category: Plays/Films/Dramas",
      "Nobel Prizes in Literature"
    ],
    "languages": [
      "en"
    ],
    "copyright": false,
    "media_type": "Text",
    "formats": {
      "text/html": "https://www.gutenberg.org/ebooks/2910.html.images",
      "application/epub+zip": "https://www.gutenberg.org/ebooks/2910.epub3.images",
      "application/x-mobipocket-ebook": "https://www.gutenberg.org/ebooks/2910.kf8.images",
      "text/plain; charset=us-ascii": "https://www.gutenberg.org/ebooks/2910.txt.utf-8",
      "application/rdf+xml": "https://www.gutenberg.org/ebooks/2910.rdf",
      "image/jpeg": "https://www.gutenberg.org/cache/epub/2910/pg2910.cover.medium.jpg",
      "application/octet-stream": "https://www.gutenberg.org/files/2910/2910-h.zip"
    },
    "download_count": 285
  }
}