{
  "average_entropy_rate": 0.30996188687976656,
  "entropy_rate": [
    0.718096358239488,
    0.0,
    0.0,
    0.7780195509072818,
    0.0,
    0.0,
    0.0,
    0.6936377532074437,
    0.0,
    0.0,
    0.0,
    0.5650401137293082,
    0.0,
    0.0,
    0.6811716629287997,
    0.6997568692794217,
    0.0,
    0.0,
    0.0,
    0.0,
    0.7212417772197557,
    0.7418357651829842,
    0.0,
    0.0,
    0.0,
    0.0,
    0.6848404401548848,
    0.0,
    0.0,
    0.0,
    0.0,
    0.0,
    0.7403410596030997,
    0.711151420374599,
    0.6992292210309472,
    0.7082093061905442,
    0.6631087294486242,
    0.7192167140147496,
    0.6943369760283892,
    0.7944766454159556,
    0.6947269991141529
  ],
  "estimated_posterior_probability": 60.9992561340332,
  "input": "./smaller_in/Guten_index2536.txt",
  "prevalence_assumed": 0.5,
  "process_length": 80000,
  "gutenberg": {
    "id": 2536,
    "title": "Amphitryon",
    "authors": [
      {
        "name": "Molière",
        "birth_year": 1622,
        "death_year": 1673
      }
    ],
    "summaries": [
      "\"Amphitryon\" by Molière is a comedy first performed in 1668. Based on Greek mythology and Plautus's ancient play, it tells the story of Jupiter disguising himself as the mortal Amphitryon to seduce the beautiful Alcmene. Meanwhile, Mercury impersonates Amphitryon's servant Sosie, creating chaos and confusion. As look-alikes clash and identities blur, the real Amphitryon struggles to understand why his faithful wife describes a night that never happened. This comedic tale of divine deception became an immediate success and allegedly sparked scandal by hinting at King Louis XIV's own romantic escapades. (This is an automatically generated summary.)"
    ],
    "editors": [],
    "translators": [
      {
        "name": "Waller, A. R. (Alfred Rayney)",
        "birth_year": 1867,
        "death_year": 1922
      }
    ],
    "subjects": [
      "Amphitryon (Greek mythology) -- Drama",
      "Comedy plays",
      "French drama -- Translations into English"
    ],
    "bookshelves": [
      "Category: French Literature",
      "Category: Plays/Films/Dramas"
    ],
    "languages": [
      "en"
    ],
    "copyright": false,
    "media_type": "Text",
    "formats": {
      "text/html": "https://www.gutenberg.org/ebooks/2536.html.images",
      "text/html; charset=us-ascii": "https://www.gutenberg.org/files/2536/2536-h/2536-h.htm",
      "application/epub+zip": "https://www.gutenberg.org/ebooks/2536.epub3.images",
      "application/x-mobipocket-ebook": "https://www.gutenberg.org/ebooks/2536.kf8.images",
      "text/plain; charset=us-ascii": "https://www.gutenberg.org/ebooks/2536.txt.utf-8",
      "application/rdf+xml": "https://www.gutenberg.org/ebooks/2536.rdf",
      "image/jpeg": "https://www.gutenberg.org/cache/epub/2536/pg2536.cover.medium.jpg",
      "application/octet-stream": "https://www.gutenberg.org/cache/epub/2536/pg2536-h.zip"
    },
    "download_count": 535
  }
}