{
  "average_entropy_rate": 0.34957435338677034,
  "entropy_rate": [
    0.7566335353012821,
    0.7197433696601454,
    0.0,
    0.0,
    0.6616750408400697,
    0.8583766054582216,
    0.0,
    0.8138347803457466,
    0.6824529070994702,
    0.8044139020538699,
    0.6804820247620647,
    0.0,
    0.0,
    0.0,
    0.7231728714031733,
    0.7364235398175829,
    0.5561677930391223,
    0.0,
    0.7613760489352803,
    0.0,
    0.0,
    0.0,
    0.0,
    0.0,
    0.0,
    0.6405864840461021,
    0.0,
    0.0,
    0.0,
    0.709223635459963,
    0.0,
    0.7510968933517856,
    0.0,
    0.8482252891862714,
    0.672656095283891,
    0.0,
    0.0,
    0.0,
    0.7323590815881624,
    0.631567136198072,
    0.5920814550273068
  ],
  "estimated_posterior_probability": 62.928558349609375,
  "input": "smaller_in/Guten_index1876.txt",
  "prevalence_assumed": 0.5,
  "process_length": 80000,
  "gutenberg": {
    "id": 1876,
    "title": "The Shape of Fear",
    "authors": [
      {
        "name": "Peattie, Elia Wilkinson",
        "birth_year": 1862,
        "death_year": 1935
      }
    ],
    "summaries": [
      "\"The Shape of Fear\" by Elia Wilkinson Peattie is a collection of ghostly tales likely written in the late 19th century. The collection features a variety of intriguing stories, with a focus on the themes of fear, the supernatural, and the complexities of human emotions, encapsulated in vivid storytelling that draws the reader into a realm where the ethereal mingles with the living.  The opening portion introduces Tim O'Connor, a man caught between his artistic aspirations and the haunting grip of fear, particularly a fear of darkness and ghosts. His character is vividly painted as a once-idealistic poet now disillusioned by life and constrained by a toxic relationship with a captivating yet dangerous woman. Amidst the backdrop of a lively saloon culture, Tim’s interactions with friends lead to contemplative discussions about his fears, culminating in a chilling encounter with a beautiful and mysterious apparition he refers to as \"the Shape of Fear.\" This encounter leaves him profoundly affected and paves the way for themes of existential dread and reflection on lost opportunities, setting the tone for the supernatural explorations to follow in the collection. (This is an automatically generated summary.)"
    ],
    "editors": [],
    "translators": [],
    "subjects": [
      "Fiction",
      "Ghost stories, American",
      "Short stories"
    ],
    "bookshelves": [
      "Category: Crime, Thrillers and Mystery",
      "Category: Short Stories"
    ],
    "languages": [
      "en"
    ],
    "copyright": false,
    "media_type": "Text",
    "formats": {
      "text/html": "https://www.gutenberg.org/ebooks/1876.html.images",
      "text/html; charset=utf-8": "https://www.gutenberg.org/files/1876/1876-h/1876-h.htm",
      "application/epub+zip": "https://www.gutenberg.org/ebooks/1876.epub3.images",
      "application/x-mobipocket-ebook": "https://www.gutenberg.org/ebooks/1876.kf8.images",
      "text/plain; charset=us-ascii": "https://www.gutenberg.org/ebooks/1876.txt.utf-8",
      "text/plain; charset=utf-8": "https://www.gutenberg.org/files/1876/1876-0.txt",
      "text/plain; charset=iso-8859-1": "https://www.gutenberg.org/files/1876/1876-8.txt",
      "application/rdf+xml": "https://www.gutenberg.org/ebooks/1876.rdf",
      "image/jpeg": "https://www.gutenberg.org/cache/epub/1876/pg1876.cover.medium.jpg",
      "application/octet-stream": "https://www.gutenberg.org/cache/epub/1876/pg1876-h.zip"
    },
    "download_count": 339
  }
}