{
  "average_entropy_rate": 0.3966473182168628,
  "entropy_rate": [
    0.0,
    0.0,
    0.0,
    0.0,
    0.0,
    0.7564625069877323,
    0.0,
    0.0,
    0.9158714684058348,
    0.6437775457021431,
    0.0,
    0.0,
    0.8227392992474617,
    0.0,
    0.0,
    0.0,
    0.859860861627542,
    0.0,
    0.7276135976678508,
    0.0,
    0.0,
    0.0,
    0.8783377502696454,
    0.7857201489677852,
    0.0,
    0.8324466162470796,
    0.0,
    0.0,
    0.0,
    0.7055682821766449,
    0.7307638027500001,
    0.0,
    0.7877301932031859,
    0.8737466635521755,
    0.8607089231462538,
    0.8423627545555561,
    0.9342209710940972,
    0.8540546460185257,
    0.9065867499768729,
    0.8135050974966559,
    0.7304621677983307
  ],
  "estimated_posterior_probability": 65.43926239013672,
  "input": "./smaller_in/Guten_index4252.txt",
  "prevalence_assumed": 0.5,
  "process_length": 80000,
  "gutenberg": {
    "id": 4252,
    "title": "Theodore Roosevelt",
    "authors": [
      {
        "name": "Pearson, Edmund Lester",
        "birth_year": 1880,
        "death_year": 1937
      }
    ],
    "summaries": [
      "\"Theodore Roosevelt\" by Edmund Lester Pearson is a historical account likely written in the early 20th century. This biography explores the life and achievements of Theodore Roosevelt, focusing on his journey from a sickly child with a passion for natural history to becoming a prominent political figure and eventually the President of the United States.  The opening of the book introduces Theodore Roosevelt during a public appearance in 1917, highlighting his charisma and the admiration he commanded from the American populace even after leaving office. It traces his roots to a prominent New York family, details his early struggles with health, and outlines the influence of his parents on his character. Emphasizing his childhood passion for collecting animals and his growing interest in natural history, the text sets the stage for Roosevelt's later explorations and adventures. This portion establishes a foundation for understanding Roosevelt's complex personality, characterized by both gentleness and vigor, foreshadowing his notable political career and dedication to public service. (This is an automatically generated summary.)"
    ],
    "editors": [],
    "translators": [],
    "subjects": [
      "Roosevelt, Theodore, 1858-1919"
    ],
    "bookshelves": [
      "Category: Biographies",
      "Category: History - American"
    ],
    "languages": [
      "en"
    ],
    "copyright": false,
    "media_type": "Text",
    "formats": {
      "text/html": "https://www.gutenberg.org/ebooks/4252.html.images",
      "application/epub+zip": "https://www.gutenberg.org/ebooks/4252.epub3.images",
      "application/x-mobipocket-ebook": "https://www.gutenberg.org/ebooks/4252.kf8.images",
      "text/plain; charset=us-ascii": "https://www.gutenberg.org/ebooks/4252.txt.utf-8",
      "application/rdf+xml": "https://www.gutenberg.org/ebooks/4252.rdf",
      "image/jpeg": "https://www.gutenberg.org/cache/epub/4252/pg4252.cover.medium.jpg",
      "application/octet-stream": "https://www.gutenberg.org/files/4252/4252-8.zip"
    },
    "download_count": 567
  }
}