{
  "average_entropy_rate": 0.29575463085596343,
  "entropy_rate": [
    0.8474977156839619,
    0.0,
    0.0,
    0.790253042567563,
    0.6479455676161655,
    0.0,
    0.8624889285710128,
    0.8356602320496154,
    0.0,
    0.617497416766642,
    0.7300788431249601,
    0.0,
    0.0,
    0.0,
    0.768804667773461,
    0.0,
    0.0,
    0.0,
    0.0,
    0.7700508597719378,
    0.0,
    0.0,
    0.0,
    0.0,
    0.0,
    0.0,
    0.0,
    0.0,
    0.0,
    0.0,
    0.0,
    0.0,
    0.0,
    0.6081037372003434,
    0.7763354171015355,
    0.8797240077389337,
    0.8565323838263402,
    0.5917648587717804,
    0.7604103534397135,
    0.7827918330905324,
    0.0
  ],
  "estimated_posterior_probability": 60.34432601928711,
  "input": "./smaller_in/Guten_index2842.txt",
  "prevalence_assumed": 0.5,
  "process_length": 80000,
  "gutenberg": {
    "id": 2842,
    "title": "Black Heart and White Heart: A Zulu Idyll",
    "authors": [
      {
        "name": "Haggard, H. Rider (Henry Rider)",
        "birth_year": 1856,
        "death_year": 1925
      }
    ],
    "summaries": [
      "\"Black Heart and White Heart: A Zulu Idyll\" by H. Rider Haggard is a novel written during the late 19th century that explores the complex dynamics of love and conflict within Zulu culture during a tumultuous period. The narrative follows Philip Hadden, a white trader who becomes embroiled in the courtship of two Zulu lovers, Nahoon and Nanea, against the backdrop of King Cetywayo's rule and impending war. The story intertwines themes of betrayal, duty, and the struggle between personal desires and societal expectations.  The opening of the novel introduces Philip Hadden's background as a charming yet troubled trader on the Zulu frontier, facing obstacles as he interacts with King Cetywayo and the local people. It sets the stage for Hadden's encounter with Nahoon, a Zulu captain, and their subsequent venture into hunting. As they navigate the challenges of their surroundings, the narrative hints at rising tensions from both external threats and personal conflicts, particularly concerning Hadden's unacknowledged infatuation with Nanea. Forming alliances and facing betrayals, the characters find themselves enmeshed in a dangerous web of political intrigue and romantic rivalry, establishing an engaging foundation for the unfolding drama. (This is an automatically generated summary.)"
    ],
    "editors": [],
    "translators": [],
    "subjects": [
      "Zulu (African people) -- Fiction"
    ],
    "bookshelves": [
      "Category: Adventure",
      "Category: Historical Novels",
      "Category: Novels"
    ],
    "languages": [
      "en"
    ],
    "copyright": false,
    "media_type": "Text",
    "formats": {
      "text/html": "https://www.gutenberg.org/ebooks/2842.html.images",
      "application/epub+zip": "https://www.gutenberg.org/ebooks/2842.epub3.images",
      "application/x-mobipocket-ebook": "https://www.gutenberg.org/ebooks/2842.kf8.images",
      "text/plain; charset=us-ascii": "https://www.gutenberg.org/ebooks/2842.txt.utf-8",
      "application/rdf+xml": "https://www.gutenberg.org/ebooks/2842.rdf",
      "image/jpeg": "https://www.gutenberg.org/cache/epub/2842/pg2842.cover.medium.jpg",
      "application/octet-stream": "https://www.gutenberg.org/files/2842/2842-0.zip"
    },
    "download_count": 480
  }
}