{
  "average_entropy_rate": 0.39914934052130047,
  "entropy_rate": [
    0.0,
    0.0,
    0.0,
    0.0,
    0.0,
    0.6203133514583129,
    0.0,
    0.0,
    0.0,
    0.7934494720941531,
    0.0,
    0.7874364180346678,
    0.0,
    0.0,
    0.0,
    0.7905804647800312,
    0.0,
    0.7866259217495959,
    0.7726142332612307,
    0.9140661187284215,
    0.0,
    0.0,
    0.0,
    0.9875166431452107,
    0.0,
    0.0,
    0.0,
    0.8569259222226544,
    0.0,
    0.0,
    0.7906454509409082,
    0.7869520775930096,
    0.8465870259447251,
    0.7778343731720722,
    0.7869457573034906,
    1.0180773755539048,
    0.7776909174118509,
    0.7775068686290199,
    0.8016283582021531,
    0.9096753265877984,
    0.782050884560111
  ],
  "estimated_posterior_probability": 65.5807876586914,
  "input": "./smaller_in/Guten_index1519.txt",
  "prevalence_assumed": 0.5,
  "process_length": 80000,
  "gutenberg": {
    "id": 1519,
    "title": "Much Ado about Nothing",
    "authors": [
      {
        "name": "Shakespeare, William",
        "birth_year": 1564,
        "death_year": 1616
      }
    ],
    "summaries": [
      "\"Much Ado about Nothing\" by William Shakespeare is a comedy written in 1598 and 1599. Set in Messina, the play follows two romantic pairings among soldiers and townspeople. Claudio's love for Hero nearly crumbles under false accusations from the villain Don John. Meanwhile, the witty Benedick and Beatrice engage in a \"merry war\" of banter before being tricked into admitting their love for each other. Through gossip, eavesdropping, and deception, the play weaves secrets and misunderstandings into comedy and intrigue. (This is an automatically generated summary.)"
    ],
    "editors": [],
    "translators": [],
    "subjects": [
      "Comedy plays",
      "Conspiracies -- Drama",
      "Courtship -- Drama",
      "Messina (Italy) -- Drama",
      "Rejection (Psychology) -- Drama"
    ],
    "bookshelves": [
      "Category: British Literature",
      "Category: Classics of Literature",
      "Category: Plays/Films/Dramas"
    ],
    "languages": [
      "en"
    ],
    "copyright": false,
    "media_type": "Text",
    "formats": {
      "text/html": "https://www.gutenberg.org/ebooks/1519.html.images",
      "application/epub+zip": "https://www.gutenberg.org/ebooks/1519.epub3.images",
      "application/x-mobipocket-ebook": "https://www.gutenberg.org/ebooks/1519.kf8.images",
      "text/plain; charset=us-ascii": "https://www.gutenberg.org/ebooks/1519.txt.utf-8",
      "application/rdf+xml": "https://www.gutenberg.org/ebooks/1519.rdf",
      "image/jpeg": "https://www.gutenberg.org/cache/epub/1519/pg1519.cover.medium.jpg",
      "application/octet-stream": "https://www.gutenberg.org/cache/epub/1519/pg1519-h.zip"
    },
    "download_count": 2101
  }
}