{
  "average_entropy_rate": 0.3068315553401717,
  "entropy_rate": [
    0.8145409569610358,
    0.7655005205809773,
    0.7023848137463724,
    0.0,
    0.0,
    0.7040490409106186,
    0.0,
    0.7057378984566313,
    0.0,
    0.0,
    0.0,
    0.0,
    0.0,
    0.0,
    0.0,
    0.701040700999525,
    0.8093163983877429,
    0.0,
    0.0,
    0.0,
    0.7027012006774068,
    0.0,
    0.0,
    0.0,
    0.0,
    0.0,
    0.0,
    0.0,
    0.0,
    0.0,
    0.0,
    0.7040556593853479,
    0.7460285103425589,
    0.8086364585151387,
    0.7043896710758656,
    0.8010960573423211,
    0.7024860004681724,
    0.0,
    0.8003470021887311,
    0.7053980651622248,
    0.7023848137463724
  ],
  "estimated_posterior_probability": 60.854034423828125,
  "input": "./smaller_in/Guten_index3487.txt",
  "prevalence_assumed": 0.5,
  "process_length": 80000,
  "gutenberg": {
    "id": 3487,
    "title": "Augustus Does His Bit: A True-to-Life Farce",
    "authors": [
      {
        "name": "Shaw, Bernard",
        "birth_year": 1856,
        "death_year": 1950
      }
    ],
    "summaries": [
      "\"Augustus Does His Bit: A True-to-Life Farce\" by Bernard Shaw is a one-act play written in 1916. Set during World War I, this comedy follows the pompous Lord Augustus Highcastle as he faces off against a cunning female spy. When a glamorous woman arrives seeking an important military document, Augustus must prove he cannot be easily duped. Through flattery and deception, the encounter tests whether aristocratic pride can match clever manipulation in matters of wartime espionage. (This is an automatically generated summary.)"
    ],
    "editors": [],
    "translators": [],
    "subjects": [
      "English drama (Comedy)",
      "World War, 1914-1918 -- Great Britain -- Drama"
    ],
    "bookshelves": [
      "Category: British Literature",
      "Category: Humour",
      "Category: Plays/Films/Dramas",
      "Nobel Prizes in Literature",
      "One Act Plays"
    ],
    "languages": [
      "en"
    ],
    "copyright": false,
    "media_type": "Text",
    "formats": {
      "text/html": "https://www.gutenberg.org/ebooks/3487.html.images",
      "application/epub+zip": "https://www.gutenberg.org/ebooks/3487.epub3.images",
      "application/x-mobipocket-ebook": "https://www.gutenberg.org/ebooks/3487.kf8.images",
      "text/plain; charset=us-ascii": "https://www.gutenberg.org/ebooks/3487.txt.utf-8",
      "application/rdf+xml": "https://www.gutenberg.org/ebooks/3487.rdf",
      "image/jpeg": "https://www.gutenberg.org/cache/epub/3487/pg3487.cover.medium.jpg",
      "application/octet-stream": "https://www.gutenberg.org/files/3487/3487-h.zip"
    },
    "download_count": 454
  }
}