{
  "average_entropy_rate": 0.3433355370458836,
  "entropy_rate": [
    0.8403144429432567,
    0.7930003858846428,
    0.8394890719718717,
    0.0,
    0.0,
    0.0,
    0.0,
    0.8480528029858071,
    0.0,
    0.7375205736827826,
    0.0,
    0.0,
    0.0,
    0.0,
    0.5830291457653375,
    0.0,
    0.0,
    0.0,
    0.0,
    0.0,
    0.0,
    0.789194914620282,
    0.0,
    0.0,
    0.0,
    0.0,
    0.7713142773399292,
    0.7827647075900965,
    0.0,
    0.0,
    0.0,
    0.0,
    0.8416928018470529,
    0.8461408516298822,
    0.7725080582973827,
    0.7517657412418811,
    0.7919210282899385,
    0.768021979859358,
    0.7166171652213325,
    0.7963055265200585,
    0.807103543190336
  ],
  "estimated_posterior_probability": 62.61417770385742,
  "input": "./smaller_in/Guten_index1885.txt",
  "prevalence_assumed": 0.5,
  "process_length": 80000,
  "gutenberg": {
    "id": 1885,
    "title": "Bunyan Characters (1st Series)",
    "authors": [
      {
        "name": "Whyte, Alexander",
        "birth_year": 1836,
        "death_year": 1921
      }
    ],
    "summaries": [
      "\"Bunyan Characters (1st Series)\" by Alexander Whyte is a collection of lectures exploring the vividly drawn characters from John Bunyan's works, particularly focusing on moral and spiritual themes, written in the late 19th century. The book delves into the nature of character, comparing it to the biblical concepts of good and evil, and it sets a philosophical foundation upon which the characters of Bunyan's narratives are analyzed, including prominent figures like Christian, Obstinate, and Pliable.   The opening of the text begins with a discussion on the profound concept of moral character, as outlined by Bishop Butler, and how it is depicted through the rich variety of Bunyan's characters. Whyte emphasizes that character is not merely an external display but a manifestation of one's inner will and heart condition. He introduces various figures from Bunyan's work and sets the stage for a deeper examination of their moral dispositions and the influences that shape them, illustrating how these characters are reflections of human nature and our struggles on the journey of life toward spiritual fulfillment. The narrative thrives on the interplay between personal trials, societal norms, and divine influence, prompting readers to reflect on their own character and moral standing in the world. (This is an automatically generated summary.)"
    ],
    "editors": [],
    "translators": [],
    "subjects": [
      "Bunyan, John, 1628-1688 -- Criticism and interpretation",
      "Bunyan, John, 1628-1688. Pilgrim's progress"
    ],
    "bookshelves": [
      "Category: Essays, Letters & Speeches",
      "Category: Philosophy & Ethics",
      "Category: Religion/Spirituality"
    ],
    "languages": [
      "en"
    ],
    "copyright": false,
    "media_type": "Text",
    "formats": {
      "text/html": "https://www.gutenberg.org/ebooks/1885.html.images",
      "application/epub+zip": "https://www.gutenberg.org/ebooks/1885.epub3.images",
      "application/x-mobipocket-ebook": "https://www.gutenberg.org/ebooks/1885.kf8.images",
      "text/plain; charset=us-ascii": "https://www.gutenberg.org/ebooks/1885.txt.utf-8",
      "application/rdf+xml": "https://www.gutenberg.org/ebooks/1885.rdf",
      "image/jpeg": "https://www.gutenberg.org/cache/epub/1885/pg1885.cover.medium.jpg",
      "application/octet-stream": "https://www.gutenberg.org/cache/epub/1885/pg1885-h.zip"
    },
    "download_count": 429
  }
}