{
  "average_entropy_rate": 0.29550644371793827,
  "entropy_rate": [
    0.0,
    0.8431085929316107,
    0.0,
    0.0,
    0.0,
    0.7451719786015017,
    0.0,
    0.0,
    0.0,
    0.0,
    0.6378388204017365,
    0.0,
    0.725359685477745,
    0.6793466110278024,
    0.0,
    0.0,
    0.7696410841891562,
    0.0,
    0.0,
    0.0,
    0.815533265904991,
    0.0,
    0.0,
    0.7887985550650374,
    0.0,
    0.0,
    0.0,
    0.0,
    0.0,
    0.0,
    0.0,
    0.0,
    0.8175732777832074,
    0.7519815194614221,
    0.7456093325352565,
    0.7303544499688884,
    0.7633108915748712,
    0.7590313932633201,
    0.8182436405131949,
    0.7248610937357263,
    0.0
  ],
  "estimated_posterior_probability": 60.3339729309082,
  "input": "./smaller_in/Guten_index3983.txt",
  "prevalence_assumed": 0.5,
  "process_length": 80000,
  "gutenberg": {
    "id": 3983,
    "title": "Gerfaut — Volume 3",
    "authors": [
      {
        "name": "Bernard, Charles de",
        "birth_year": 1804,
        "death_year": 1850
      }
    ],
    "summaries": [
      "\"Gerfaut — Volume 3\" by Charles de Bernard is a novel likely written in the mid-19th century. The opening chapters introduce themes of love, marital obligations, and societal expectations, focusing on the intricacies of a romantic entanglement involving the characters Clemence, Christian de Bergenheim, and Octave Gerfaut, among others. The narrative delves into the tensions within marriages shaped by familial pressures and personal desires, particularly as Clemence navigates her feelings for her husband and her growing attraction to Gerfaut.  At the start of the novel, we see the backdrop of societal pressures surrounding marriage through the experience of Clemence and Christian. Clemence finds herself in a seemingly perfect yet emotionally barren marriage, longing for more than what her husband's affections provide. As Christian resigns himself to a life of quiet domesticity, warmth between him and Clemence begins to dwindle. This causes her to grapple with feelings of isolation and desire, especially regarding her affair with Gerfaut, who is presented as an insightful yet conflicted lover. The opening chapters set up a complex interplay of emotions, highlighting the conflict between duty and desire that will likely drive the plot forward. (This is an automatically generated summary.)"
    ],
    "editors": [],
    "translators": [],
    "subjects": [
      "French fiction -- Translations into English"
    ],
    "bookshelves": [
      "Category: French Literature",
      "Category: Novels",
      "Category: Romance"
    ],
    "languages": [
      "en"
    ],
    "copyright": false,
    "media_type": "Text",
    "formats": {
      "text/html": "https://www.gutenberg.org/ebooks/3983.html.images",
      "application/epub+zip": "https://www.gutenberg.org/ebooks/3983.epub3.images",
      "application/x-mobipocket-ebook": "https://www.gutenberg.org/ebooks/3983.kf8.images",
      "text/plain; charset=us-ascii": "https://www.gutenberg.org/ebooks/3983.txt.utf-8",
      "application/rdf+xml": "https://www.gutenberg.org/ebooks/3983.rdf",
      "image/jpeg": "https://www.gutenberg.org/cache/epub/3983/pg3983.cover.medium.jpg",
      "application/octet-stream": "https://www.gutenberg.org/files/3983/3983.zip"
    },
    "download_count": 209
  }
}