{
  "average_entropy_rate": 0.02638510177849759,
  "entropy_rate": [
    0.173178317809141,
    0.0,
    0.0,
    0.0,
    0.0,
    0.0,
    0.0,
    0.0,
    0.0,
    0.0,
    0.0,
    0.0,
    0.0,
    0.0,
    0.0,
    0.0,
    0.0,
    0.0,
    0.0,
    0.0,
    0.0,
    0.0,
    0.0,
    0.0,
    0.4591479092130874,
    0.0,
    0.0,
    0.0,
    0.0,
    0.0,
    0.0,
    0.0,
    0.4494629458961729,
    0.0,
    0.0,
    0.0,
    0.0,
    0.0,
    0.0,
    0.0,
    0.0
  ],
  "estimated_posterior_probability": 50.72603225708008,
  "input": "./smaller_in/Guten_index2340.txt",
  "prevalence_assumed": 0.5,
  "process_length": 80000,
  "gutenberg": {
    "id": 2340,
    "title": "Wilhelm Meisters Lehrjahre — Band 6",
    "authors": [
      {
        "name": "Goethe, Johann Wolfgang von",
        "birth_year": 1749,
        "death_year": 1832
      }
    ],
    "summaries": [
      "\"Wilhelm Meisters Lehrjahre — Band 6\" by Johann Wolfgang von Goethe is a classical Bildungsroman published in 1795/96. This sixth book presents the \"Confessions of a Beautiful Soul,\" a deeply personal account of a young woman's journey toward spiritual enlightenment. As she explores love, emancipation, and natural science, she develops her own intimate relationship with faith. Her story offers Wilhelm a model of self-cultivation that profoundly influences his path, illuminating ideals of purity and moral independence that will shape his continuing transformation. (This is an automatically generated summary.)"
    ],
    "editors": [],
    "translators": [],
    "subjects": [
      "Bildungsromans"
    ],
    "bookshelves": [
      "Category: German Literature",
      "Category: Novels",
      "DE Prosa",
      "Opera"
    ],
    "languages": [
      "de"
    ],
    "copyright": false,
    "media_type": "Text",
    "formats": {
      "text/html": "https://www.gutenberg.org/ebooks/2340.html.images",
      "application/epub+zip": "https://www.gutenberg.org/ebooks/2340.epub3.images",
      "application/x-mobipocket-ebook": "https://www.gutenberg.org/ebooks/2340.kf8.images",
      "text/plain; charset=us-ascii": "https://www.gutenberg.org/ebooks/2340.txt.utf-8",
      "application/rdf+xml": "https://www.gutenberg.org/ebooks/2340.rdf",
      "image/jpeg": "https://www.gutenberg.org/cache/epub/2340/pg2340.cover.medium.jpg",
      "application/octet-stream": "https://www.gutenberg.org/cache/epub/2340/pg2340-h.zip"
    },
    "download_count": 241
  }
}