{
  "average_entropy_rate": 0.269504587875141,
  "entropy_rate": [
    0.48977895056061505,
    0.0,
    0.0,
    0.0,
    0.0,
    0.4978624212996053,
    0.0,
    0.0,
    0.0,
    0.0,
    0.43110067468494445,
    0.0,
    0.0,
    0.6132967535192829,
    0.0,
    0.0,
    0.6151220512373263,
    0.0,
    0.0,
    0.5297672357688488,
    0.0,
    0.0,
    0.0,
    0.0,
    0.6148264399940809,
    0.0,
    0.0,
    0.6466130301165678,
    0.6833798947404294,
    0.5520089968492421,
    0.0,
    0.0,
    0.4250662750249547,
    0.5596279331744132,
    0.640350297652397,
    0.6159980313338848,
    0.584557096289397,
    0.5737892579067756,
    0.6168547718817557,
    0.7083556347922388,
    0.6513323560540208
  ],
  "estimated_posterior_probability": 59.18400192260742,
  "input": "./smaller_in/Guten_index3229.txt",
  "prevalence_assumed": 0.5,
  "process_length": 80000,
  "gutenberg": {
    "id": 3229,
    "title": "Helen of Troy",
    "authors": [
      {
        "name": "Lang, Andrew",
        "birth_year": 1844,
        "death_year": 1912
      }
    ],
    "summaries": [
      "\"Helen of Troy\" by Andrew Lang is a poetic narrative likely written in the late 19th century. This work explores the legendary figure of Helen, often described as the most beautiful woman in the world, and the fateful events surrounding her abduction by Paris, which lead to the Trojan War. The narrative is rich in imagery and steeped in themes of love, desire, longing, and the catastrophic consequences that follow the whims of gods and mortals alike.  The opening of \"Helen of Troy\" sets a dramatic scene with the arrival of Paris at the palace of Menelaus, King of Lacedaemon. The festivities and rituals of hospitality are depicted as Menelaus hosts Paris, who stands out as a remarkably handsome figure. As the banquet unfolds, Paris reveals his intentions to seek Helen's hand, invoking the goddess Aphrodite's influence. The chapter introduces Helen, who is portrayed as both a thriving figure of beauty and a harbinger of doom, setting the stage for the tumultuous events that will ensue. By the end of this portion, we sense the growing tension as Helen is beckoned by fate and love, leading her away from her current life and towards inevitable tragedy. (This is an automatically generated summary.)"
    ],
    "editors": [],
    "translators": [],
    "subjects": [
      "Helen, of Troy, Queen of Sparta -- Poetry"
    ],
    "bookshelves": [
      "Category: Mythology, Legends & Folklore",
      "Category: Poetry"
    ],
    "languages": [
      "en"
    ],
    "copyright": false,
    "media_type": "Text",
    "formats": {
      "text/html": "https://www.gutenberg.org/ebooks/3229.html.images",
      "application/epub+zip": "https://www.gutenberg.org/ebooks/3229.epub3.images",
      "application/x-mobipocket-ebook": "https://www.gutenberg.org/ebooks/3229.kf8.images",
      "text/plain; charset=us-ascii": "https://www.gutenberg.org/ebooks/3229.txt.utf-8",
      "application/rdf+xml": "https://www.gutenberg.org/ebooks/3229.rdf",
      "image/jpeg": "https://www.gutenberg.org/cache/epub/3229/pg3229.cover.medium.jpg",
      "application/octet-stream": "https://www.gutenberg.org/files/3229/3229-h.zip"
    },
    "download_count": 305
  }
}