{
  "average_entropy_rate": 0.34796302586779687,
  "entropy_rate": [
    0.7925493244221686,
    0.0,
    0.0,
    0.0,
    0.0,
    0.0,
    0.0,
    0.8468064189204083,
    0.56492456485967,
    0.0,
    0.7717963049064928,
    0.0,
    0.7012450636961292,
    0.0,
    0.0,
    0.0,
    0.0,
    0.0,
    0.7046490232658266,
    0.8569883359501965,
    0.710848362930696,
    0.0,
    0.0,
    0.7381484148690622,
    0.0,
    0.0,
    0.0,
    0.786318618360746,
    0.0,
    0.0,
    0.8112325930331508,
    0.0,
    0.0,
    0.72310219512822,
    0.6860136800115393,
    0.6957788038501516,
    0.7099898303116572,
    0.8653662394900689,
    0.6343689685622036,
    0.817991607502,
    0.8483657105092827
  ],
  "estimated_posterior_probability": 62.843807220458984,
  "input": "./smaller_in/Guten_index2888.txt",
  "prevalence_assumed": 0.5,
  "process_length": 80000,
  "gutenberg": {
    "id": 2888,
    "title": "Yorkshire Dialect Poems (1673-1915) and traditional poems",
    "authors": [
      {
        "name": "Moorman, F. W. (Frederic William)",
        "birth_year": 1872,
        "death_year": 1919
      }
    ],
    "summaries": [
      "\"Yorkshire Dialect Poems (1673-1915)\" by F. W. Moorman is a collection of dialect poetry that showcases the rich literary heritage of Yorkshire, primarily composed during the late 19th and early 20th centuries. This anthology features both traditional poems and works from various authors renowned for their contributions to Yorkshire dialect literature. The likely topic of the collection revolves around the everyday lives, customs, and experiences of Yorkshire people, expressed through the distinctive and lively vernacular of the region.  The opening of this volume includes a preface by F. W. Moorman that delves into the historical context of Yorkshire dialect poetry and its evolution over centuries. He emphasizes the book's unification of poems across different dialects and highlights the importance of capturing the authentic speech of Yorkshire. The first poem presented is \"A Yorkshire Dialogue between an Awd Wife, a Lass, and a Butcher,\" a lively and realistic exchange that vividly represents the dialect and daily occurrences in rural Yorkshire, setting the tone for the collection as an exploration of local culture and language through poetry. (This is an automatically generated summary.)"
    ],
    "editors": [],
    "translators": [],
    "subjects": [
      "Dialect poetry, English -- England -- Yorkshire",
      "English language -- Dialects -- England -- Yorkshire",
      "English literature -- England -- Yorkshire",
      "English poetry -- England -- Yorkshire",
      "Yorkshire (England) -- Languages -- History -- Sources",
      "Yorkshire (England) -- Poetry"
    ],
    "bookshelves": [
      "Category: Poetry",
      "United Kingdom"
    ],
    "languages": [
      "en"
    ],
    "copyright": false,
    "media_type": "Text",
    "formats": {
      "text/html": "https://www.gutenberg.org/ebooks/2888.html.images",
      "application/epub+zip": "https://www.gutenberg.org/ebooks/2888.epub3.images",
      "application/x-mobipocket-ebook": "https://www.gutenberg.org/ebooks/2888.kf8.images",
      "text/plain; charset=us-ascii": "https://www.gutenberg.org/ebooks/2888.txt.utf-8",
      "application/rdf+xml": "https://www.gutenberg.org/ebooks/2888.rdf",
      "image/jpeg": "https://www.gutenberg.org/cache/epub/2888/pg2888.cover.medium.jpg",
      "application/octet-stream": "https://www.gutenberg.org/files/2888/2888-8.zip"
    },
    "download_count": 798
  }
}