{
  "average_entropy_rate": 0.33233532847995134,
  "entropy_rate": [
    0.9619223466575774,
    0.6763736379144787,
    0.0,
    0.689519062946941,
    0.0,
    0.0,
    0.0,
    0.681710299631402,
    0.0,
    0.0,
    0.900106302189969,
    0.8523136780633914,
    0.7193679691479039,
    0.0,
    0.0,
    0.0,
    0.0,
    0.0,
    0.0,
    0.0,
    0.0,
    0.0,
    0.6838512374297157,
    0.0,
    0.0,
    0.0,
    0.0,
    0.0,
    0.9798551814619051,
    0.0,
    0.0,
    0.0,
    0.684491539885262,
    0.9723460348232533,
    0.7107073890400687,
    0.8050630187539486,
    0.9285959986213846,
    0.7311027574232353,
    0.0,
    0.674953291431798,
    0.9734687222557709
  ],
  "estimated_posterior_probability": 62.06830596923828,
  "input": "./smaller_in/Guten_index3119.txt",
  "prevalence_assumed": 0.5,
  "process_length": 80000,
  "gutenberg": {
    "id": 3119,
    "title": "What Is Your Culture to Me?",
    "authors": [
      {
        "name": "Warner, Charles Dudley",
        "birth_year": 1829,
        "death_year": 1900
      }
    ],
    "summaries": [
      "\"What Is Your Culture to Me?\" by Charles Dudley Warner is an insightful address delivered in the early 1870s, likely during the post-Civil War period, a time marked by social and economic transition in America. This lecture candidly explores the themes of culture, education, and the relationship of the educated elite to the broader society. Warner examines how the scholars and those with refined cultural tastes often seem disconnected from the practical needs of the common man, raising the question of what true culture can contribute to the everyday lives of those who toil in labor.  In this thought-provoking work, Warner articulates a sense of urgency for how those with the privilege of education should engage with and uplift the less fortunate. He emphasizes that mere accumulation of knowledge is insufficient if it does not translate into meaningful influence and connection with the larger community. Highlighting various societal roles—from scholars to artists—Warner calls for a symbiotic relationship wherein cultural refinement enhances the collective experience of humanity, advocating for education that serves not only personal enrichment but also fosters compassion, understanding, and mutual respect across social classes. The text ultimately serves as a critique of elitism and a rallying call for scholars to bring their insights and culture into the realm of common life, asserting that genuine culture should aim to bridge societal divides. (This is an automatically generated summary.)"
    ],
    "editors": [],
    "translators": [],
    "subjects": [
      "Essays"
    ],
    "bookshelves": [
      "Category: American Literature",
      "Category: Essays, Letters & Speeches"
    ],
    "languages": [
      "en"
    ],
    "copyright": false,
    "media_type": "Text",
    "formats": {
      "text/html": "https://www.gutenberg.org/ebooks/3119.html.images",
      "application/epub+zip": "https://www.gutenberg.org/ebooks/3119.epub3.images",
      "application/x-mobipocket-ebook": "https://www.gutenberg.org/ebooks/3119.kf8.images",
      "text/plain; charset=us-ascii": "https://www.gutenberg.org/ebooks/3119.txt.utf-8",
      "application/rdf+xml": "https://www.gutenberg.org/ebooks/3119.rdf",
      "image/jpeg": "https://www.gutenberg.org/cache/epub/3119/pg3119.cover.medium.jpg",
      "application/octet-stream": "https://www.gutenberg.org/files/3119/3119.zip"
    },
    "download_count": 234
  }
}