{
  "average_entropy_rate": 0.26161172967139634,
  "entropy_rate": [
    0.0,
    0.6338567919387813,
    0.0,
    0.0,
    0.0,
    0.0,
    0.5107277387029877,
    0.49866869962078353,
    0.0,
    0.0,
    0.0,
    0.0,
    0.0,
    0.6515113136727084,
    0.5058416715833737,
    0.0,
    0.0,
    0.0,
    0.0,
    0.0,
    0.567354095891121,
    0.5226120216340505,
    0.6262652543106441,
    0.0,
    0.0,
    0.0,
    0.0,
    0.0,
    0.49323524989753814,
    0.0,
    0.6119020254304349,
    0.0,
    0.5895489867903796,
    0.5509109389458758,
    0.6519454692859984,
    0.5303275779210813,
    0.632099419932355,
    0.4871129053641487,
    0.5342173024238722,
    0.49533434855419206,
    0.6326091046269238
  ],
  "estimated_posterior_probability": 58.845848083496094,
  "input": "./smaller_in/Guten_index1328.txt",
  "prevalence_assumed": 0.5,
  "process_length": 80000,
  "gutenberg": {
    "id": 1328,
    "title": "The Tinker's Wedding",
    "authors": [
      {
        "name": "Synge, J. M. (John Millington)",
        "birth_year": 1871,
        "death_year": 1909
      }
    ],
    "summaries": [
      "\"The Tinker's Wedding\" by J. M. Synge is a two-act play that premiered in 1909. Set on a roadside near a rural Irish chapel, it follows Irish Tinkers Sarah Casey and Michael Byrne as they attempt to get married. Sarah convinces a reluctant Michael and strikes a deal with a local priest, but the wedding plans unravel when Michael's drunken mother causes trouble. What begins as a simple ceremony spirals into a chaotic confrontation that tests everyone's patience and principles. (This is an automatically generated summary.)"
    ],
    "editors": [],
    "translators": [],
    "subjects": [
      "Ireland -- Drama"
    ],
    "bookshelves": [
      "Category: British Literature",
      "Category: Humour",
      "Category: Plays/Films/Dramas"
    ],
    "languages": [
      "en"
    ],
    "copyright": false,
    "media_type": "Text",
    "formats": {
      "text/html": "https://www.gutenberg.org/ebooks/1328.html.images",
      "text/html; charset=utf-8": "https://www.gutenberg.org/files/1328/1328-h/1328-h.htm",
      "application/epub+zip": "https://www.gutenberg.org/ebooks/1328.epub3.images",
      "application/x-mobipocket-ebook": "https://www.gutenberg.org/ebooks/1328.kf8.images",
      "text/plain; charset=us-ascii": "https://www.gutenberg.org/ebooks/1328.txt.utf-8",
      "text/plain; charset=utf-8": "https://www.gutenberg.org/files/1328/1328-0.txt",
      "application/rdf+xml": "https://www.gutenberg.org/ebooks/1328.rdf",
      "image/jpeg": "https://www.gutenberg.org/cache/epub/1328/pg1328.cover.medium.jpg",
      "application/octet-stream": "https://www.gutenberg.org/cache/epub/1328/pg1328-h.zip"
    },
    "download_count": 286
  }
}