{
  "average_entropy_rate": 0.23244122281367158,
  "entropy_rate": [
    0.5700338748732148,
    0.504780856356714,
    0.0,
    0.0,
    0.0,
    0.5177953412622804,
    0.0,
    0.0,
    0.5372904095103068,
    0.6660604839134745,
    0.3678467168458892,
    0.0,
    0.0,
    0.0,
    0.0,
    0.0,
    0.0,
    0.0,
    0.5505259078974002,
    0.0,
    0.5101259448712379,
    0.6686848694103227,
    0.0,
    0.0,
    0.0,
    0.0,
    0.0,
    0.5990057759812429,
    0.0,
    0.0,
    0.0,
    0.0,
    0.0,
    0.0,
    0.5082350706735002,
    0.6691585034089522,
    0.629330626962378,
    0.4651748624601956,
    0.6640536029894223,
    0.5319534130707873,
    0.5700338748732148
  ],
  "estimated_posterior_probability": 57.64420700073242,
  "input": "./smaller_in/Guten_index1545.txt",
  "prevalence_assumed": 0.5,
  "process_length": 80000,
  "gutenberg": {
    "id": 1545,
    "title": "Mucedorus",
    "authors": [],
    "summaries": [
      "\"Mucedorus\" by William Shakespeare is an Elizabethan romantic comedy first performed around 1590. Prince Mucedorus disguises himself as a shepherd to pursue the beautiful Princess Amadine of Aragon. After rescuing her from a bear, he wins her admiration but faces jealousy, false accusations, and banishment. When Amadine is captured by Bremo, a wild man of the woods, Mucedorus must adopt yet another disguise to save her and reveal his true identity. This wildly popular play blends romance, adventure, and comedy. (This is an automatically generated summary.)"
    ],
    "editors": [],
    "translators": [],
    "subjects": [
      "English poetry -- Early modern, 1500-1700"
    ],
    "bookshelves": [
      "Category: British Literature",
      "Category: Plays/Films/Dramas",
      "Category: Romance"
    ],
    "languages": [
      "en"
    ],
    "copyright": false,
    "media_type": "Text",
    "formats": {
      "text/html": "https://www.gutenberg.org/ebooks/1545.html.images",
      "application/epub+zip": "https://www.gutenberg.org/ebooks/1545.epub3.images",
      "application/x-mobipocket-ebook": "https://www.gutenberg.org/ebooks/1545.kf8.images",
      "text/plain; charset=us-ascii": "https://www.gutenberg.org/ebooks/1545.txt.utf-8",
      "application/rdf+xml": "https://www.gutenberg.org/ebooks/1545.rdf",
      "image/jpeg": "https://www.gutenberg.org/cache/epub/1545/pg1545.cover.medium.jpg",
      "application/octet-stream": "https://www.gutenberg.org/files/1545/1545-0.zip"
    },
    "download_count": 265
  }
}