{
  "average_entropy_rate": 0.19041127916401054,
  "entropy_rate": [
    0.706840430032865,
    0.0,
    0.661954056921989,
    0.0,
    0.0,
    0.0,
    0.0,
    0.5878141254373941,
    0.0,
    0.0,
    0.0,
    0.0,
    0.7615424850119207,
    0.0,
    0.0,
    0.0,
    0.0,
    0.0,
    0.0,
    0.0,
    0.0,
    0.0,
    0.0,
    0.0,
    0.739443640256133,
    0.7422236633957981,
    0.0,
    0.0,
    0.0,
    0.0,
    0.0,
    0.0,
    0.0,
    0.7142116377080713,
    0.7029969314205198,
    0.0,
    0.7570361366975259,
    0.0,
    0.0,
    0.6914484610857857,
    0.7413508777564298
  ],
  "estimated_posterior_probability": 56.02164840698242,
  "input": "./smaller_in/Guten_index1911.txt",
  "prevalence_assumed": 0.5,
  "process_length": 80000,
  "gutenberg": {
    "id": 1911,
    "title": "Concerning Christian Liberty; with Letter of Martin Luther to Pope Leo X.",
    "authors": [
      {
        "name": "Luther, Martin",
        "birth_year": 1483,
        "death_year": 1546
      }
    ],
    "summaries": [
      "\"Concerning Christian Liberty; with Letter of Martin Luther to Pope Leo X.\" by Martin Luther is a treatise written in 1520. As the third of Luther's major reforming works that year, it explores a revolutionary concept: Christians, as forgiven children of God, are no longer compelled to keep God's law for salvation, yet freely choose to serve God and their neighbors. Luther develops his doctrine of justification by faith, declaring that a Christian is simultaneously the \"most free lord of all\" and the \"most dutiful servant of all.\" (This is an automatically generated summary.)"
    ],
    "editors": [],
    "translators": [],
    "subjects": [
      "Reformation -- Germany"
    ],
    "bookshelves": [
      "Category: History - Early Modern (c. 1450-1750)",
      "Category: Philosophy & Ethics",
      "Category: Religion/Spirituality",
      "Christianity"
    ],
    "languages": [
      "en"
    ],
    "copyright": false,
    "media_type": "Text",
    "formats": {
      "text/html": "https://www.gutenberg.org/ebooks/1911.html.images",
      "text/html; charset=us-ascii": "https://www.gutenberg.org/files/1911/1911-h/1911-h.htm",
      "application/epub+zip": "https://www.gutenberg.org/ebooks/1911.epub3.images",
      "application/x-mobipocket-ebook": "https://www.gutenberg.org/ebooks/1911.kf8.images",
      "text/plain; charset=us-ascii": "https://www.gutenberg.org/ebooks/1911.txt.utf-8",
      "application/rdf+xml": "https://www.gutenberg.org/ebooks/1911.rdf",
      "image/jpeg": "https://www.gutenberg.org/cache/epub/1911/pg1911.cover.medium.jpg",
      "application/octet-stream": "https://www.gutenberg.org/cache/epub/1911/pg1911-h.zip"
    },
    "download_count": 1030
  }
}