{
  "average_entropy_rate": 0.24661095816132153,
  "entropy_rate": [
    0.6669358276131517,
    0.7870165758970972,
    0.8547134013043688,
    0.7631174565991578,
    0.7631174565991578,
    0.7631174565991578,
    0.7631174565991578,
    0.0,
    0.0,
    0.0,
    0.0,
    0.0,
    0.0,
    0.0,
    0.0,
    0.0,
    0.0,
    0.0,
    0.0,
    0.0,
    0.0,
    0.0,
    0.0,
    0.0,
    0.0,
    0.0,
    0.0,
    0.0,
    0.0,
    0.0,
    0.0,
    0.0,
    0.8547134013043688,
    0.7741219427652656,
    0.7631174565991578,
    0.7631174565991578,
    0.8317259395358255,
    0.7631174565991578,
    0.0,
    0.0,
    0.0
  ],
  "estimated_posterior_probability": 58.219383239746094,
  "input": "./smaller_in/Guten_index1821.txt",
  "prevalence_assumed": 0.5,
  "process_length": 80000,
  "gutenberg": {
    "id": 1821,
    "title": "A Charmed Life",
    "authors": [
      {
        "name": "Davis, Richard Harding",
        "birth_year": 1864,
        "death_year": 1916
      }
    ],
    "summaries": [
      "\"A Charmed Life\" by Richard Harding Davis is a romantic narrative set in the late 19th century, during the backdrop of the Spanish-American War. The story centers on a young newspaper correspondent named Chesterton and his passionate relationship with a woman named Miss Armitage, exploring themes of love, duty, and the intertwining of personal and national conflicts.  The narrative follows Chesterton as he grapples with the conflicting feelings of love and duty when he is called to cover the war. Miss Armitage expresses her fear for his safety, insisting that his life now belongs to her, and she believes her love can protect him from harm. As the war unfolds, Chesterton enjoys an unusual string of good luck, encountering danger yet emerging unscathed, which he attributes to the charm of Miss Armitage's love. Ultimately, despite the chaos of war and the anxieties it brings, he rushes home out of homesickness, realizing that peace has been declared while he was unaware, reinforcing the notion that love can transcend fear and conflict. (This is an automatically generated summary.)"
    ],
    "editors": [],
    "translators": [],
    "subjects": [
      "Fiction",
      "Short stories"
    ],
    "bookshelves": [
      "Category: American Literature",
      "Category: Novels",
      "Category: Romance"
    ],
    "languages": [
      "en"
    ],
    "copyright": false,
    "media_type": "Text",
    "formats": {
      "text/html": "https://www.gutenberg.org/ebooks/1821.html.images",
      "text/html; charset=utf-8": "https://www.gutenberg.org/files/1821/1821-h/1821-h.htm",
      "application/epub+zip": "https://www.gutenberg.org/ebooks/1821.epub3.images",
      "application/x-mobipocket-ebook": "https://www.gutenberg.org/ebooks/1821.kf8.images",
      "text/plain; charset=us-ascii": "https://www.gutenberg.org/ebooks/1821.txt.utf-8",
      "text/plain; charset=utf-8": "https://www.gutenberg.org/files/1821/1821-0.txt",
      "application/rdf+xml": "https://www.gutenberg.org/ebooks/1821.rdf",
      "image/jpeg": "https://www.gutenberg.org/cache/epub/1821/pg1821.cover.medium.jpg",
      "application/octet-stream": "https://www.gutenberg.org/cache/epub/1821/pg1821-h.zip"
    },
    "download_count": 290
  }
}