{
  "average_entropy_rate": 0.04638914648666505,
  "entropy_rate": [
    0.0,
    0.0,
    0.0,
    0.0,
    0.0,
    0.0,
    0.0,
    0.0,
    0.3169925009922114,
    0.0,
    0.0,
    0.0,
    0.0,
    0.0,
    0.0,
    0.0,
    0.0,
    0.7924812524805278,
    0.0,
    0.0,
    0.0,
    0.0,
    0.0,
    0.0,
    0.0,
    0.0,
    0.0,
    0.0,
    0.0,
    0.0,
    0.0,
    0.0,
    0.7924812524805278,
    0.0,
    0.0,
    0.0,
    0.0,
    0.0,
    0.0,
    0.0,
    0.0
  ],
  "estimated_posterior_probability": 51.29685974121094,
  "input": "./smaller_in/Guten_index1934.txt",
  "prevalence_assumed": 0.5,
  "process_length": 80000,
  "gutenberg": {
    "id": 1934,
    "title": "Songs of Innocence and of Experience",
    "authors": [
      {
        "name": "Blake, William",
        "birth_year": 1757,
        "death_year": 1827
      }
    ],
    "summaries": [
      "\"Songs of Innocence and of Experience\" by William Blake is a collection of illustrated poems combined in 1794. Blake hand-engraved, printed, and colored unique artwork to accompany each poem, exploring childhood innocence and experience as contrary states of the human soul. Originally published as separate volumes, the combined work shows pastoral harmony alongside subtle dangers of naiveté. Each page features distinctive illustrations that intensify the poems' meanings, making Blake's vision inseparable from both visual art and verse. The collection became a hallmark of Romanticism and has inspired countless musical adaptations. (This is an automatically generated summary.)"
    ],
    "editors": [],
    "translators": [],
    "subjects": [
      "English poetry -- 18th century",
      "Pastoral poetry"
    ],
    "bookshelves": [
      "Category: British Literature",
      "Category: Classics of Literature",
      "Category: Poetry"
    ],
    "languages": [
      "en"
    ],
    "copyright": false,
    "media_type": "Text",
    "formats": {
      "text/html": "https://www.gutenberg.org/ebooks/1934.html.images",
      "application/epub+zip": "https://www.gutenberg.org/ebooks/1934.epub3.images",
      "application/x-mobipocket-ebook": "https://www.gutenberg.org/ebooks/1934.kf8.images",
      "text/plain; charset=us-ascii": "https://www.gutenberg.org/ebooks/1934.txt.utf-8",
      "application/rdf+xml": "https://www.gutenberg.org/ebooks/1934.rdf",
      "image/jpeg": "https://www.gutenberg.org/cache/epub/1934/pg1934.cover.medium.jpg",
      "application/octet-stream": "https://www.gutenberg.org/files/1934/1934-0.zip"
    },
    "download_count": 7106
  }
}