{
  "average_entropy_rate": 0.2573291794568082,
  "entropy_rate": [
    0.0,
    0.0,
    0.0,
    0.0,
    0.0,
    0.6465016516086474,
    0.0,
    0.669497338519757,
    0.0,
    0.0,
    0.8715821583036543,
    0.0,
    0.0,
    0.6483701408846227,
    0.0,
    0.0,
    0.0,
    0.0,
    0.8816138977117596,
    0.0,
    0.0,
    0.0,
    0.0,
    0.0,
    0.7896179817528317,
    0.5455142668979815,
    0.0,
    0.6131537780101013,
    0.0,
    0.0,
    0.0,
    0.0,
    0.0,
    0.6458843048044316,
    0.8824459625563434,
    0.7886866944509443,
    0.0,
    0.864758562779097,
    0.7165547185991935,
    0.47870855676195473,
    0.5076063440878176
  ],
  "estimated_posterior_probability": 58.66591262817383,
  "input": "./smaller_in/Guten_index4148.txt",
  "prevalence_assumed": 0.5,
  "process_length": 80000,
  "gutenberg": {
    "id": 4148,
    "title": "Diary of Samuel Pepys — Volume 28: April/May 1664",
    "authors": [
      {
        "name": "Pepys, Samuel",
        "birth_year": 1633,
        "death_year": 1703
      }
    ],
    "summaries": [
      "\"Diary of Samuel Pepys — Volume 28: April/May 1664\" by Samuel Pepys is a historical account recorded during the mid-17th century. This volume captures the day-to-day life of Pepys, a prominent figure in the English Navy and the Civil Service, detailing both his personal experiences and the political events surrounding the Anglo-Dutch tensions leading up to war. The diary entries provide insights into the societal norms, daily routines, and intrigues of the time, along with Pepys' reflections and observations.  At the start of this volume, we find Pepys engaged in his typical routine: attending to his duties in the office, visiting various locations around London, and interacting with key figures, such as the Duke of York. The entries also reveal personal details, including his relationship with his wife and concerns regarding his family, particularly surrounding the impending Dutch conflict. As conversations about war intensify among merchants and parliament members, Pepys grapples with bureaucratic challenges and political maneuvering while also dealing with the common woes and delights of life in England at that time. Through this opening section, readers gain both a historical context and a personal viewpoint on the era's complexities. (This is an automatically generated summary.)"
    ],
    "editors": [
      {
        "name": "Wheatley, Henry B. (Henry Benjamin)",
        "birth_year": 1838,
        "death_year": 1917
      },
      {
        "name": "Braybrooke, Richard Griffin, Baron",
        "birth_year": 1783,
        "death_year": 1858
      }
    ],
    "translators": [
      {
        "name": "Bright, Mynors",
        "birth_year": 1818,
        "death_year": 1883
      }
    ],
    "subjects": [
      "Cabinet officers -- Great Britain -- Diaries",
      "Diarists -- Great Britain -- Diaries",
      "Great Britain -- History -- Charles II, 1660-1685 -- Sources",
      "Great Britain -- Social life and customs -- 17th century -- Sources",
      "Pepys, Samuel, 1633-1703 -- Diaries"
    ],
    "bookshelves": [
      "Category: Biographies",
      "Category: History - British",
      "Category: History - Early Modern (c. 1450-1750)"
    ],
    "languages": [
      "en"
    ],
    "copyright": false,
    "media_type": "Text",
    "formats": {
      "text/html": "https://www.gutenberg.org/ebooks/4148.html.images",
      "application/epub+zip": "https://www.gutenberg.org/ebooks/4148.epub3.images",
      "application/x-mobipocket-ebook": "https://www.gutenberg.org/ebooks/4148.kf8.images",
      "text/plain; charset=us-ascii": "https://www.gutenberg.org/ebooks/4148.txt.utf-8",
      "application/rdf+xml": "https://www.gutenberg.org/ebooks/4148.rdf",
      "image/jpeg": "https://www.gutenberg.org/cache/epub/4148/pg4148.cover.medium.jpg",
      "application/octet-stream": "https://www.gutenberg.org/files/4148/4148.zip"
    },
    "download_count": 349
  }
}