{
  "average_entropy_rate": 0.30459546776517016,
  "entropy_rate": [
    0.0,
    0.0,
    0.0,
    0.0,
    0.739954570188431,
    0.0,
    0.0,
    0.0,
    0.0,
    0.0,
    0.0,
    0.0,
    0.0,
    0.0,
    0.5747170571442279,
    0.7428277910418352,
    0.0,
    0.0,
    0.7279919532579657,
    0.0,
    0.5918367898331784,
    0.7510542780230074,
    0.0,
    0.0,
    0.7984960907234836,
    0.0,
    0.0,
    0.6736115258298037,
    0.6131723789330358,
    0.0,
    0.0,
    0.0,
    0.7923211076643039,
    0.6147971768898906,
    0.6713626312871247,
    0.7314845176010936,
    0.6039252183939249,
    0.8135112161261794,
    0.7555969560185283,
    0.6736115258298037,
    0.6181413935861549
  ],
  "estimated_posterior_probability": 60.74836349487305,
  "input": "./smaller_in/Guten_index4185.txt",
  "prevalence_assumed": 0.5,
  "process_length": 80000,
  "gutenberg": {
    "id": 4185,
    "title": "Diary of Samuel Pepys — Volume 61: January 1667-68",
    "authors": [
      {
        "name": "Pepys, Samuel",
        "birth_year": 1633,
        "death_year": 1703
      }
    ],
    "summaries": [
      "\"Diary of Samuel Pepys — Volume 61: January 1667-68\" by Samuel Pepys is a historical account written in the 17th century, specifically during the Restoration period of England. This volume of Pepys' extensive diary captures the day-to-day life of a Londoner in his time, providing a personal glimpse into the political, social, and cultural events of the era. The content mainly revolves around his responsibilities in the Admiralty and glimpses of domestic life, reflecting on various topics including political intrigues and personal reflections.  In this volume, Pepys documents an array of events from January 1667 to 1668, detailing his routine at the office, interactions with notable individuals, and his opinions on ongoing political matters, particularly regarding naval affairs and the tensions with France and the Dutch. He also reflects on personal happenings with family and friends, such as the pressures of managing finances and his relationships with colleagues. Through insightful observations and anecdotes, the diary illustrates the complexities of his life, the societal norms of the time, and the continuous interplay between private desires and public duties, making it a rich resource for understanding 17th-century English life. (This is an automatically generated summary.)"
    ],
    "editors": [
      {
        "name": "Wheatley, Henry B. (Henry Benjamin)",
        "birth_year": 1838,
        "death_year": 1917
      },
      {
        "name": "Braybrooke, Richard Griffin, Baron",
        "birth_year": 1783,
        "death_year": 1858
      }
    ],
    "translators": [
      {
        "name": "Bright, Mynors",
        "birth_year": 1818,
        "death_year": 1883
      }
    ],
    "subjects": [
      "Cabinet officers -- Great Britain -- Diaries",
      "Diarists -- Great Britain -- Diaries",
      "Great Britain -- History -- Charles II, 1660-1685 -- Sources",
      "Great Britain -- Social life and customs -- 17th century -- Sources",
      "Pepys, Samuel, 1633-1703 -- Diaries"
    ],
    "bookshelves": [
      "Category: Biographies",
      "Category: History - British",
      "Category: History - Early Modern (c. 1450-1750)"
    ],
    "languages": [
      "en"
    ],
    "copyright": false,
    "media_type": "Text",
    "formats": {
      "text/html": "https://www.gutenberg.org/ebooks/4185.html.images",
      "application/epub+zip": "https://www.gutenberg.org/ebooks/4185.epub3.images",
      "application/x-mobipocket-ebook": "https://www.gutenberg.org/ebooks/4185.kf8.images",
      "text/plain; charset=us-ascii": "https://www.gutenberg.org/ebooks/4185.txt.utf-8",
      "application/rdf+xml": "https://www.gutenberg.org/ebooks/4185.rdf",
      "image/jpeg": "https://www.gutenberg.org/cache/epub/4185/pg4185.cover.medium.jpg",
      "application/octet-stream": "https://www.gutenberg.org/files/4185/4185.zip"
    },
    "download_count": 206
  }
}