{
  "average_entropy_rate": 0.24350127000787156,
  "entropy_rate": [
    0.6695083681263333,
    0.6209730205340874,
    0.5732495789500356,
    0.6948087868008934,
    0.739248823139493,
    0.6209730205340874,
    0.0,
    0.6209730205340874,
    0.0,
    0.0,
    0.0,
    0.0,
    0.0,
    0.0,
    0.0,
    0.0,
    0.0,
    0.0,
    0.0,
    0.0,
    0.0,
    0.0,
    0.0,
    0.0,
    0.0,
    0.0,
    0.0,
    0.0,
    0.0,
    0.0,
    0.0,
    0.6962117871823981,
    0.739248823139493,
    0.6209730205340874,
    0.6614418218654261,
    0.6695083681263333,
    0.6209730205340874,
    0.0,
    0.739248823139493,
    0.0,
    0.6962117871823981
  ],
  "estimated_posterior_probability": 58.09125900268555,
  "input": "./smaller_in/Guten_index723.txt",
  "prevalence_assumed": 0.5,
  "process_length": 80000,
  "gutenberg": {
    "id": 723,
    "title": "Henry James, Jr.",
    "authors": [
      {
        "name": "Howells, William Dean",
        "birth_year": 1837,
        "death_year": 1920
      }
    ],
    "summaries": [
      "\"Henry James, Jr.\" by William Dean Howells is a biographical account written in the late 19th century. The book focuses on the life and literary contributions of Henry James, one of America's most significant novelists. Howells provides an insightful examination of James's characteristics as a writer, along with a reflection on his evolving style and the perceptions of his work during his time.  In this commentary, Howells outlines Henry James’s background, noting his affluent upbringing and the literary influences he encountered throughout his life. He discusses James’s evolution as a writer, touching on the unconventional aspects of his narratives, particularly his emphasis on character over plot, and his distinctive style that blends detailed analysis with profound themes. Howells also addresses the mixed reception of James's work, explaining how readers often required adjustment to appreciate his unique perspective. Furthermore, he highlights the significance of James's contributions to the novel form and his impact on both American and international literature, establishing him as a pivotal figure in evolving narrative techniques and character-driven storytelling. (This is an automatically generated summary.)"
    ],
    "editors": [],
    "translators": [],
    "subjects": [
      "James, Henry, 1843-1916 -- Criticism and interpretation"
    ],
    "bookshelves": [
      "Category: American Literature",
      "Category: Biographies"
    ],
    "languages": [
      "en"
    ],
    "copyright": false,
    "media_type": "Text",
    "formats": {
      "text/html": "https://www.gutenberg.org/ebooks/723.html.images",
      "application/epub+zip": "https://www.gutenberg.org/ebooks/723.epub3.images",
      "application/x-mobipocket-ebook": "https://www.gutenberg.org/ebooks/723.kf8.images",
      "text/plain; charset=us-ascii": "https://www.gutenberg.org/ebooks/723.txt.utf-8",
      "application/rdf+xml": "https://www.gutenberg.org/ebooks/723.rdf",
      "image/jpeg": "https://www.gutenberg.org/cache/epub/723/pg723.cover.medium.jpg",
      "application/octet-stream": "https://www.gutenberg.org/files/723/723-h.zip"
    },
    "download_count": 306
  }
}