{
  "average_entropy_rate": 0.17538019456131132,
  "entropy_rate": [
    0.5692878679355077,
    0.8349809954573929,
    0.0,
    0.0,
    0.0,
    0.0,
    0.0,
    0.0,
    0.0,
    0.0,
    0.0,
    0.0,
    0.0,
    0.0,
    0.0,
    0.0,
    0.0,
    0.0,
    0.0,
    0.0,
    0.0,
    0.0,
    0.0,
    0.0,
    0.6477309168603363,
    0.0,
    0.6477309168603363,
    0.756125525622154,
    0.0,
    0.0,
    0.0,
    0.0,
    0.7693079296425783,
    0.0,
    0.0,
    0.8349809954573929,
    0.0,
    0.0,
    0.6477309168603363,
    0.6477309168603363,
    0.8349809954573929
  ],
  "estimated_posterior_probability": 55.470489501953125,
  "input": "./smaller_in/Guten_index2839.txt",
  "prevalence_assumed": 0.5,
  "process_length": 80000,
  "gutenberg": {
    "id": 2839,
    "title": "Franse Toestanden",
    "authors": [
      {
        "name": "Heine, Heinrich",
        "birth_year": 1797,
        "death_year": 1856
      }
    ],
    "summaries": [
      "\"Franse Toestanden\" by Heinrich Heine is a socio-political commentary written during the early 19th century. This work serves as a vivid and satirical reflection on the state of Paris amidst the cholera outbreak of 1832, examining the societal upheaval, moral decay, and governmental incompetence of the time. Heine's writing not only documents the historical moment but also delves into the emotional and physical turmoil that ensued as the disease ravaged the population.  The book presents a series of observations and narratives from Paris, capturing the chaos of everyday life during the cholera crisis. Heine describes the alarming number of deaths, the confusion surrounding the disease's origins, and the startling reactions of the citizens, who turn to scapegoating and riots instead of rationality. As the cholera spreads, fear grips the population, leading to violent outbursts against perceived threats—namely, individuals believed to be responsible for poisoning the food supply. Through sharp wit and poignant prose, Heine vividly illustrates the intersection of personal tragedy and collective panic, offering a profound reflection on human behavior in the face of catastrophe. (This is an automatically generated summary.)"
    ],
    "editors": [],
    "translators": [],
    "subjects": [
      "Cholera -- France -- Paris -- History -- 19th century"
    ],
    "bookshelves": [
      "Category: Essays, Letters & Speeches",
      "Category: French Literature",
      "Category: History - Modern (1750+)"
    ],
    "languages": [
      "nl"
    ],
    "copyright": false,
    "media_type": "Text",
    "formats": {
      "text/html": "https://www.gutenberg.org/ebooks/2839.html.images",
      "application/epub+zip": "https://www.gutenberg.org/ebooks/2839.epub3.images",
      "application/x-mobipocket-ebook": "https://www.gutenberg.org/ebooks/2839.kf8.images",
      "text/plain; charset=us-ascii": "https://www.gutenberg.org/ebooks/2839.txt.utf-8",
      "application/rdf+xml": "https://www.gutenberg.org/ebooks/2839.rdf",
      "image/jpeg": "https://www.gutenberg.org/cache/epub/2839/pg2839.cover.medium.jpg",
      "application/octet-stream": "https://www.gutenberg.org/files/2839/2839.zip"
    },
    "download_count": 184
  }
}