{
  "average_entropy_rate": 0.054269832555377574,
  "entropy_rate": [
    0.0,
    0.3379016808259678,
    0.0,
    0.0,
    0.0,
    0.0,
    0.0,
    0.0,
    0.0,
    0.0,
    0.0,
    0.0,
    0.5853569492171714,
    0.0,
    0.0,
    0.4854752884544701,
    0.0,
    0.0,
    0.0,
    0.0,
    0.0,
    0.0,
    0.0,
    0.0,
    0.0,
    0.0,
    0.0,
    0.0,
    0.0,
    0.0,
    0.0,
    0.0,
    0.330853927818401,
    0.0,
    0.0,
    0.4854752884544701,
    0.0,
    0.0,
    0.0,
    0.0,
    0.0
  ],
  "estimated_posterior_probability": 51.52768325805664,
  "input": "./smaller_in/Guten_index2847.txt",
  "prevalence_assumed": 0.5,
  "process_length": 80000,
  "gutenberg": {
    "id": 2847,
    "title": "An Extract out of Josephus's Discourse to The Greeks Concerning Hades",
    "authors": [
      {
        "name": "Josephus, Flavius",
        "birth_year": 37,
        "death_year": null
      }
    ],
    "summaries": [
      "\"An Extract out of Josephus's Discourse to The Greeks Concerning Hades\" by Flavius Josephus is a historical and theological discourse written in the early centuries of the Common Era. This work discusses the nature of Hades, the afterlife, and the fates of souls based on their earthly lives. Josephus, a first-century Jewish historian, aims to clarify these concepts to a Greek audience, addressing their philosophical ideas about the soul and the afterlife.  In this extract, Josephus elaborates on Hades as a place for the souls of both the righteous and the unrighteous, describing it as a subterranean region of darkness and confinement. He contrasts the experiences of the just, who are led to a place of light and joy called \"The Bosom of Abraham,\" with the unjust, who face punishment and despair. Josephus emphasizes the belief in the resurrection of the body, arguing against Greek philosophical notions of the immortality of the soul without bodily resurrection. Ultimately, he asserts that all will face divine judgment, leading to eternal reward for the just and eternal punishment for the unjust, while encouraging the Greeks to embrace faith in God to share in the promised eternal happiness. (This is an automatically generated summary.)"
    ],
    "editors": [],
    "translators": [
      {
        "name": "Whiston, William",
        "birth_year": 1667,
        "death_year": 1752
      }
    ],
    "subjects": [
      "Jews -- Antiquities",
      "Jews -- History"
    ],
    "bookshelves": [
      "Category: History - Ancient",
      "Category: Religion/Spirituality",
      "Judaism"
    ],
    "languages": [
      "en"
    ],
    "copyright": false,
    "media_type": "Text",
    "formats": {
      "text/html": "https://www.gutenberg.org/ebooks/2847.html.images",
      "application/epub+zip": "https://www.gutenberg.org/ebooks/2847.epub3.images",
      "application/x-mobipocket-ebook": "https://www.gutenberg.org/ebooks/2847.kf8.images",
      "text/plain; charset=us-ascii": "https://www.gutenberg.org/ebooks/2847.txt.utf-8",
      "application/rdf+xml": "https://www.gutenberg.org/ebooks/2847.rdf",
      "image/jpeg": "https://www.gutenberg.org/cache/epub/2847/pg2847.cover.medium.jpg",
      "application/octet-stream": "https://www.gutenberg.org/files/2847/2847-h.zip"
    },
    "download_count": 408
  }
}