{
  "average_entropy_rate": 0.2912968966021479,
  "entropy_rate": [
    0.0,
    0.7118747009641435,
    0.9095192930941406,
    0.0,
    0.8136578043507595,
    0.0,
    0.6991533986971509,
    0.5897873204495883,
    0.0,
    0.8109586454051024,
    0.0,
    0.7015237493611466,
    0.7030813154777944,
    0.0,
    0.0,
    0.0,
    0.7255776333750076,
    0.0,
    0.0,
    0.0,
    0.0,
    0.0,
    0.0,
    0.0,
    0.0,
    0.0,
    0.0,
    0.0,
    0.0,
    0.0,
    0.0,
    0.0,
    0.0,
    0.851211404471688,
    0.8036919507272791,
    0.7397691742705899,
    0.7122914327868786,
    0.7628506502169016,
    0.7005324957704808,
    0.7076917912694132,
    0.0
  ],
  "estimated_posterior_probability": 60.141571044921875,
  "input": "./smaller_in/Guten_index4006.txt",
  "prevalence_assumed": 0.5,
  "process_length": 80000,
  "gutenberg": {
    "id": 4006,
    "title": "Yesterdays",
    "authors": [
      {
        "name": "Wilcox, Ella Wheeler",
        "birth_year": 1850,
        "death_year": 1919
      }
    ],
    "summaries": [
      "\"Yesterdays\" by Ella Wheeler Wilcox is a collection of poems written in the early 20th century. This reflective work explores themes of nostalgia, love, loss, and the passage of time through a series of heartfelt verses, capturing the essence of human emotions and experiences. The poet addresses the complexities of youth and maturity, examining how the memories of love and sorrow weave into the fabric of life.  The beginning of \"Yesterdays\" presents a foreword in which Wilcox expresses her desire to share poems from her early youth that encapsulate the fleeting sorrows and joys of that time. She reflects on the nature of youth and the tendency to indulge in despair, albeit from a perspective that recognizes the resilience of life. The initial poems convey strong emotions, often contrasting youthful vigor with the weight of accumulated experiences, as the speaker grapples with the lessons of love and the bittersweet nature of memory. Through lyrical expressions, Wilcox sets the tone for the exploration of these poignant themes in subsequent verses. (This is an automatically generated summary.)"
    ],
    "editors": [],
    "translators": [],
    "subjects": [
      "American poetry"
    ],
    "bookshelves": [
      "Category: Poetry"
    ],
    "languages": [
      "en"
    ],
    "copyright": false,
    "media_type": "Text",
    "formats": {
      "text/html": "https://www.gutenberg.org/ebooks/4006.html.images",
      "application/epub+zip": "https://www.gutenberg.org/ebooks/4006.epub3.images",
      "application/x-mobipocket-ebook": "https://www.gutenberg.org/ebooks/4006.kf8.images",
      "text/plain; charset=us-ascii": "https://www.gutenberg.org/ebooks/4006.txt.utf-8",
      "application/rdf+xml": "https://www.gutenberg.org/ebooks/4006.rdf",
      "image/jpeg": "https://www.gutenberg.org/cache/epub/4006/pg4006.cover.medium.jpg",
      "application/octet-stream": "https://www.gutenberg.org/cache/epub/4006/pg4006-h.zip"
    },
    "download_count": 336
  }
}