{
  "average_entropy_rate": 0.2957708942346927,
  "entropy_rate": [
    0.0,
    0.0,
    0.8508071679152002,
    0.717904044116336,
    0.0,
    0.5939003388384471,
    0.6222935991683882,
    0.7278418298215292,
    0.0,
    0.0,
    0.8378216777125157,
    0.0,
    0.0,
    0.0,
    0.0,
    0.0,
    0.0,
    0.0,
    0.781320131462269,
    0.6267709948515783,
    0.0,
    0.0,
    0.0,
    0.0,
    0.0,
    0.0,
    0.0,
    0.0,
    0.835457445855076,
    0.0,
    0.8355248609169933,
    0.0,
    0.0,
    0.5868064464757811,
    0.6996321101726412,
    0.6323830841255387,
    0.6109225354773805,
    0.0,
    0.8171912044995145,
    0.7771670789198223,
    0.5728621132933873
  ],
  "estimated_posterior_probability": 60.34432601928711,
  "input": "./smaller_in/Guten_index3397.txt",
  "prevalence_assumed": 0.5,
  "process_length": 80000,
  "gutenberg": {
    "id": 3397,
    "title": "Roundabout to Boston (from Literary Friends and Acquaintance)",
    "authors": [
      {
        "name": "Howells, William Dean",
        "birth_year": 1837,
        "death_year": 1920
      }
    ],
    "summaries": [
      "\"Roundabout to Boston\" by William Dean Howells is a collection of literary reflections and autobiographical anecdotes written in the late 19th century. This book encapsulates the author's experiences and connections within the literary circles of his time, particularly focusing on his life in Venice and the figures he encountered from American and European literature. It explores themes of ambition, recognition, and the struggles of a writer amid the socio-political backdrop of the Civil War.  In the book, Howells shares intimate memories of prominent literary figures, including John Lothrop Motley, Henry Ward Beecher, and George William Curtis, highlighting his admiration for their work and the influence they had on his career as a writer. He recounts his journey from the defeats he experienced trying to publish his poetry to finding success in prose, particularly the letters he wrote about Venetian life. Through these personal stories and contemplations, Howells reflects on his growth as a writer, his longing for acceptance in the literary world, and the ups and downs of a writer's life, capturing both the vibrancy of 19th-century American culture and his deep-seated love for literature. (This is an automatically generated summary.)"
    ],
    "editors": [],
    "translators": [],
    "subjects": [
      "American literature -- 19th century -- History and criticism",
      "Authors, American -- 19th century -- Biography",
      "Howells, William Dean, 1837-1920 -- Friends and associates",
      "New York (N.Y.)",
      "Venice (Italy) -- Description and travel"
    ],
    "bookshelves": [
      "Category: American Literature",
      "Category: Biographies",
      "Category: Essays, Letters & Speeches"
    ],
    "languages": [
      "en"
    ],
    "copyright": false,
    "media_type": "Text",
    "formats": {
      "text/html": "https://www.gutenberg.org/ebooks/3397.html.images",
      "application/epub+zip": "https://www.gutenberg.org/ebooks/3397.epub3.images",
      "application/x-mobipocket-ebook": "https://www.gutenberg.org/ebooks/3397.kf8.images",
      "text/plain; charset=us-ascii": "https://www.gutenberg.org/ebooks/3397.txt.utf-8",
      "application/rdf+xml": "https://www.gutenberg.org/ebooks/3397.rdf",
      "image/jpeg": "https://www.gutenberg.org/cache/epub/3397/pg3397.cover.medium.jpg",
      "application/octet-stream": "https://www.gutenberg.org/files/3397/3397.zip"
    },
    "download_count": 236
  }
}