{
  "average_entropy_rate": 0.12000072527301023,
  "entropy_rate": [
    0.0,
    0.48128014114388795,
    0.0,
    0.4144356770961259,
    0.0,
    0.0,
    0.0,
    0.0,
    0.0,
    0.0,
    0.0,
    0.6758220511212228,
    0.0,
    0.43445703286364296,
    0.0,
    0.0,
    0.6758220511212228,
    0.0,
    0.0,
    0.0,
    0.0,
    0.0,
    0.0,
    0.0,
    0.0,
    0.0,
    0.0,
    0.0,
    0.0,
    0.0,
    0.0,
    0.0,
    0.43445703286364296,
    0.0,
    0.0,
    0.4521116477412282,
    0.0,
    0.6758220511212228,
    0.6758220511212228,
    0.0,
    0.0
  ],
  "estimated_posterior_probability": 53.56613540649414,
  "input": "./smaller_in/Guten_index1065.txt",
  "prevalence_assumed": 0.5,
  "process_length": 80000,
  "gutenberg": {
    "id": 1065,
    "title": "The Raven",
    "authors": [
      {
        "name": "Poe, Edgar Allan",
        "birth_year": 1809,
        "death_year": 1849
      }
    ],
    "summaries": [
      "\"The Raven\" by Edgar Allan Poe is a narrative poem first published in January 1845. It tells of a grief-stricken lover mourning his lost Lenore when a mysterious raven arrives at his chamber, perching on a bust of Pallas and speaking only one haunting word: \"Nevermore.\" As the narrator questions the bird, he descends from melancholy into madness, trapped between his desire to forget and his compulsion to remember, while the raven's shadow darkens his soul. (This is an automatically generated summary.)"
    ],
    "editors": [],
    "translators": [],
    "subjects": [
      "Fantasy poetry, American",
      "Ravens -- Poetry"
    ],
    "bookshelves": [
      "Category: American Literature",
      "Category: Classics of Literature",
      "Category: Poetry"
    ],
    "languages": [
      "en"
    ],
    "copyright": false,
    "media_type": "Text",
    "formats": {
      "text/html": "https://www.gutenberg.org/ebooks/1065.html.images",
      "application/epub+zip": "https://www.gutenberg.org/ebooks/1065.epub3.images",
      "application/x-mobipocket-ebook": "https://www.gutenberg.org/ebooks/1065.kf8.images",
      "text/plain; charset=us-ascii": "https://www.gutenberg.org/ebooks/1065.txt.utf-8",
      "application/rdf+xml": "https://www.gutenberg.org/ebooks/1065.rdf",
      "image/jpeg": "https://www.gutenberg.org/cache/epub/1065/pg1065.cover.medium.jpg",
      "application/octet-stream": "https://www.gutenberg.org/cache/epub/1065/pg1065-h.zip"
    },
    "download_count": 2180
  }
}