{
  "average_entropy_rate": 0.0,
  "entropy_rate": [
    0.0,
    0.0,
    0.0,
    0.0,
    0.0,
    0.0,
    0.0,
    0.0,
    0.0,
    0.0,
    0.0,
    0.0,
    0.0,
    0.0,
    0.0,
    0.0,
    0.0,
    0.0,
    0.0,
    0.0,
    0.0,
    0.0,
    0.0,
    0.0,
    0.0,
    0.0,
    0.0,
    0.0,
    0.0,
    0.0,
    0.0,
    0.0,
    0.0,
    0.0,
    0.0,
    0.0,
    0.0,
    0.0,
    0.0,
    0.0,
    0.0
  ],
  "estimated_posterior_probability": 50.0,
  "input": "./smaller_in/Guten_index4778.txt",
  "prevalence_assumed": 0.5,
  "process_length": 80000,
  "gutenberg": {
    "id": 4778,
    "title": "Sipurim (Stories)",
    "authors": [
      {
        "name": "Vaknin, Samuel",
        "birth_year": 1961,
        "death_year": null
      }
    ],
    "summaries": [
      "\"Sipurim (Stories)\" by Samuel Vaknin is a collection of short stories likely written in the late 20th century. The book presents a variety of narratives exploring human experiences, relationships, and the dichotomy of existence, reflecting the complexities of life through compelling characters and thought-provoking themes.   The opening of the collection introduces the story \"The Corruption of Abimbola Salako,\" which immerses readers into a corporate environment where themes of ambition and ethical dilemmas unfold. The protagonist finds himself in a tense meeting with his superior, discussing a lucrative project in Nigeria and the need to secure the approval of Abimbola Salako, a pivotal character who is a professor at a Lagos university. Amidst this corporate intrigue, the protagonist grapples with the implications of his dealings and the nature of his professional relationships. As the narrative unfolds, it hints at the challenges and moral complexities that accompany the pursuit of success, setting the stage for the exploration of various human conditions throughout the collection. (This is an automatically generated summary.)"
    ],
    "editors": [],
    "translators": [],
    "subjects": [
      "Fiction",
      "Short stories"
    ],
    "bookshelves": [
      "Category: Short Stories",
      "Judaism"
    ],
    "languages": [
      "he"
    ],
    "copyright": true,
    "media_type": "Text",
    "formats": {
      "text/html": "https://www.gutenberg.org/ebooks/4778.html.images",
      "application/epub+zip": "https://www.gutenberg.org/ebooks/4778.epub3.images",
      "application/x-mobipocket-ebook": "https://www.gutenberg.org/ebooks/4778.kf8.images",
      "text/plain; charset=us-ascii": "https://www.gutenberg.org/ebooks/4778.txt.utf-8",
      "application/rdf+xml": "https://www.gutenberg.org/ebooks/4778.rdf",
      "image/jpeg": "https://www.gutenberg.org/cache/epub/4778/pg4778.cover.medium.jpg",
      "application/octet-stream": "https://www.gutenberg.org/files/4778/4778-0.zip"
    },
    "download_count": 688
  }
}