{
  "average_entropy_rate": 0.3012843996713982,
  "entropy_rate": [
    0.0,
    0.0,
    0.7973688523755357,
    0.0,
    0.7176003253325943,
    0.0,
    0.0,
    0.8648325530754329,
    0.0,
    0.0,
    0.0,
    0.0,
    0.7764421998271329,
    0.0,
    0.0,
    0.0,
    0.0,
    0.0,
    0.0,
    0.6797353143784364,
    0.6922113280110295,
    0.6337111293949239,
    0.0,
    0.0,
    0.0,
    0.8073442135367473,
    0.0,
    0.0,
    0.0,
    0.0,
    0.6034085157223626,
    0.0,
    0.7541342495012995,
    0.8243921073560284,
    0.6102501855610933,
    0.0,
    0.8071267813764363,
    0.6398368910149028,
    0.6697527461968313,
    0.8098276594734959,
    0.6646853343930408
  ],
  "estimated_posterior_probability": 60.597747802734375,
  "input": "./smaller_in/Guten_index1131.txt",
  "prevalence_assumed": 0.5,
  "process_length": 80000,
  "gutenberg": {
    "id": 1131,
    "title": "Coriolanus",
    "authors": [
      {
        "name": "Shakespeare, William",
        "birth_year": 1564,
        "death_year": 1616
      }
    ],
    "summaries": [
      "\"Coriolanus\" by William Shakespeare is a tragedy written between 1605 and 1608. The play follows a brilliant Roman general whose military triumphs against the Volscians earn him fame and the name Coriolanus. When he seeks the consulship, his contempt for common citizens leads to his banishment from Rome. Driven by rage, he joins his former enemies and leads them against his homeland, setting up a devastating confrontation between personal pride, family loyalty, and political power. (This is an automatically generated summary.)"
    ],
    "editors": [],
    "translators": [],
    "subjects": [
      "Coriolanus, Cnaeus Marcius -- Drama",
      "Generals -- Drama",
      "Rome -- Drama",
      "Tragedies (Drama)"
    ],
    "bookshelves": [
      "Category: British Literature",
      "Category: Classics of Literature",
      "Category: Plays/Films/Dramas"
    ],
    "languages": [
      "en"
    ],
    "copyright": false,
    "media_type": "Text",
    "formats": {
      "text/html": "https://www.gutenberg.org/ebooks/1131.html.images",
      "application/epub+zip": "https://www.gutenberg.org/ebooks/1131.epub3.images",
      "image/jpeg": "https://www.gutenberg.org/files/1131/cover.jpg",
      "application/x-mobipocket-ebook": "https://www.gutenberg.org/ebooks/1131.kf8.images",
      "text/plain; charset=us-ascii": "https://www.gutenberg.org/ebooks/1131.txt.utf-8",
      "application/rdf+xml": "https://www.gutenberg.org/ebooks/1131.rdf",
      "application/octet-stream": "https://www.gutenberg.org/cache/epub/1131/pg1131-h.zip"
    },
    "download_count": 280
  }
}