{
  "average_entropy_rate": 0.11259427079159674,
  "entropy_rate": [
    0.4955380215904289,
    0.4955380215904289,
    0.544753252581009,
    0.4838763835625511,
    0.531083835617434,
    0.0,
    0.0,
    0.0,
    0.0,
    0.0,
    0.0,
    0.0,
    0.0,
    0.0,
    0.0,
    0.0,
    0.0,
    0.0,
    0.0,
    0.0,
    0.0,
    0.0,
    0.0,
    0.0,
    0.0,
    0.0,
    0.0,
    0.0,
    0.0,
    0.0,
    0.0,
    0.0,
    0.4955380215904289,
    0.4955380215904289,
    0.0,
    0.531083835617434,
    0.5434157087153223,
    0.0,
    0.0,
    0.0,
    0.0
  ],
  "estimated_posterior_probability": 53.325931549072266,
  "input": "./smaller_in/Guten_index1330.txt",
  "prevalence_assumed": 0.5,
  "process_length": 80000,
  "gutenberg": {
    "id": 1330,
    "title": "The Story of Little Black Sambo, and The Story of Little Black Mingo",
    "authors": [
      {
        "name": "Bannerman, Helen",
        "birth_year": 1862,
        "death_year": 1946
      }
    ],
    "summaries": [
      "\"The Story of Little Black Sambo, and The Story of Little Black Mingo\" by Helen Bannerman is a children's book written and illustrated in 1899. When young Sambo encounters four hungry tigers during a walk, he must surrender his colorful new clothes and umbrella to save himself. But the vain tigers' argument leads to an unexpected transformation. Once celebrated as featuring one of the first Black heroes in children's literature, the book later became controversial due to racial stereotypes in its illustrations and character names, prompting numerous revised editions. (This is an automatically generated summary.)"
    ],
    "editors": [],
    "translators": [],
    "subjects": [
      "Boys -- Juvenile fiction",
      "Children's stories",
      "Crocodiles -- Juvenile fiction",
      "Girls -- Juvenile fiction",
      "India -- Juvenile fiction",
      "Mongooses -- Juvenile fiction",
      "Pride and vanity -- Juvenile fiction",
      "Tiger -- Juvenile fiction"
    ],
    "bookshelves": [
      "Category: Adventure",
      "Category: Children & Young Adult Reading"
    ],
    "languages": [
      "en"
    ],
    "copyright": false,
    "media_type": "Text",
    "formats": {
      "text/html": "https://www.gutenberg.org/ebooks/1330.html.images",
      "text/html; charset=utf-8": "https://www.gutenberg.org/files/1330/1330-h/1330-h.htm",
      "application/epub+zip": "https://www.gutenberg.org/ebooks/1330.epub3.images",
      "application/x-mobipocket-ebook": "https://www.gutenberg.org/ebooks/1330.kf8.images",
      "text/plain; charset=us-ascii": "https://www.gutenberg.org/ebooks/1330.txt.utf-8",
      "text/plain; charset=utf-8": "https://www.gutenberg.org/files/1330/1330-0.txt",
      "application/rdf+xml": "https://www.gutenberg.org/ebooks/1330.rdf",
      "image/jpeg": "https://www.gutenberg.org/cache/epub/1330/pg1330.cover.medium.jpg",
      "application/octet-stream": "https://www.gutenberg.org/cache/epub/1330/pg1330-h.zip"
    },
    "download_count": 2604
  }
}