{
  "average_entropy_rate": 0.07166493261715501,
  "entropy_rate": [
    0.0,
    0.0,
    0.0,
    0.0,
    0.0,
    0.0,
    0.0,
    0.0,
    0.0,
    0.38095237871976434,
    0.0,
    0.0,
    0.0,
    0.0,
    0.0,
    0.0,
    0.8571428504450082,
    0.0,
    0.0,
    0.0,
    0.0,
    0.0,
    0.0,
    0.0,
    0.0,
    0.0,
    0.0,
    0.0,
    0.0,
    0.0,
    0.0,
    0.0,
    0.8888888836794504,
    0.0,
    0.8112781244591326,
    0.0,
    0.0,
    0.0,
    0.0,
    0.0,
    0.0
  ],
  "estimated_posterior_probability": 52.046539306640625,
  "input": "./smaller_in/Guten_index2090.txt",
  "prevalence_assumed": 0.5,
  "process_length": 80000,
  "gutenberg": {
    "id": 2090,
    "title": "Peach Blossom Shangri-la: Tao Hua Yuan Ji",
    "authors": [
      {
        "name": "Tao, Qian",
        "birth_year": 365,
        "death_year": 427
      }
    ],
    "summaries": [
      "\"Peach Blossom Shangri-la: Tao Hua Yuan Ji\" by Tao Yuan Ming is a notable classic of Chinese literature, categorized as a narrative prose written during the early 5th century AD. This timeless tale delves into themes of escapism and the search for an idyllic utopia, reflecting on the contrast between the chaotic outside world and the serene haven found within the peach blossom grove.  The story follows a humble fisherman who, while venturing along a stream, stumbles upon a hidden paradise filled with beautiful peach trees and welcoming villagers who have lived in isolation since the tumult of the Qin Dynasty. The villagers, untouched by the outside world's chaos, express their blissful ignorance of contemporary dynasties, fostering a profound connection with the fisherman. After spending a few days in this utopia, he leaves, eager to share this paradise with others, but upon returning to the prefecture, his attempts to re-find the place are futile, as no one is able to trace his path. Ultimately, this tale embodies a longing for peace and contentment away from the complexities of life and explores the ephemeral nature of such escapes. (This is an automatically generated summary.)"
    ],
    "editors": [],
    "translators": [],
    "subjects": [
      "Chinese fiction -- To 618",
      "Chinese literature -- Translations into English"
    ],
    "bookshelves": [
      "Category: Classics of Literature",
      "Category: Mythology, Legends & Folklore"
    ],
    "languages": [
      "en",
      "zh"
    ],
    "copyright": false,
    "media_type": "Text",
    "formats": {
      "text/html": "https://www.gutenberg.org/ebooks/2090.html.images",
      "application/epub+zip": "https://www.gutenberg.org/ebooks/2090.epub3.images",
      "application/x-mobipocket-ebook": "https://www.gutenberg.org/ebooks/2090.kf8.images",
      "text/plain; charset=us-ascii": "https://www.gutenberg.org/ebooks/2090.txt.utf-8",
      "text/plain; charset=utf-8": "https://www.gutenberg.org/files/2090/2090-0.txt",
      "application/rdf+xml": "https://www.gutenberg.org/ebooks/2090.rdf",
      "image/jpeg": "https://www.gutenberg.org/cache/epub/2090/pg2090.cover.medium.jpg",
      "application/octet-stream": "https://www.gutenberg.org/cache/epub/2090/pg2090-h.zip"
    },
    "download_count": 673
  }
}