{
  "average_entropy_rate": 0.0,
  "entropy_rate": [
    0.0,
    0.0,
    0.0,
    0.0,
    0.0,
    0.0,
    0.0,
    0.0,
    0.0,
    0.0,
    0.0,
    0.0,
    0.0,
    0.0,
    0.0,
    0.0,
    0.0,
    0.0,
    0.0,
    0.0,
    0.0,
    0.0,
    0.0,
    0.0,
    0.0,
    0.0,
    0.0,
    0.0,
    0.0,
    0.0,
    0.0,
    0.0,
    0.0,
    0.0,
    0.0,
    0.0,
    0.0,
    0.0,
    0.0,
    0.0,
    0.0
  ],
  "estimated_posterior_probability": 50.0,
  "input": "./smaller_in/Guten_index4579.txt",
  "prevalence_assumed": 0.5,
  "process_length": 80000,
  "gutenberg": {
    "id": 4579,
    "title": "粉妝樓71-80回",
    "authors": [
      {
        "name": "Luo, Guanzhong",
        "birth_year": null,
        "death_year": null
      }
    ],
    "summaries": [
      "\"粉妝樓71-80回\" by Guanzhong Luo is a historical novel likely written in the late 14th century. The narrative unfolds within a backdrop of political intrigue, military conflict, and the quest for justice, featuring key characters like the determined general 马成龙 (Ma Chenglong) and the cunning沈谦 (Shen Qian), along with strong female figures such as 祁巧云 (Qi Qiaoyun), who play pivotal roles in the unfolding story.   The opening portion of the novel sets the stage for an intense conflict involving the emperor’s court, where political machinations reveal deeper plots and personal vendettas. It depicts a dramatic moment when沈谦 enters the court armed, eliciting panic from the emperor, which indicates the tensions brewing within the state. A coalition of military leaders, led by马成龙, is rallying to confront沈谦, who is implicated in treachery against the emperor. The narrative introduces various players, including 马成龙 and his trusted allies who are determined to expose沈谦's deceit and seek justice for their fallen comrades. Just as the stage is set for an impending battle, the story hints at the mysterious powers ofQi Qiaoyun, who seeks divine guidance to aid their cause, foreshadowing thrilling developments ahead. (This is an automatically generated summary.)"
    ],
    "editors": [],
    "translators": [],
    "subjects": [
      "China -- History -- Tang dynasty, 618-907 -- Fiction"
    ],
    "bookshelves": [
      "Category: Historical Novels",
      "Category: Novels"
    ],
    "languages": [
      "zh"
    ],
    "copyright": false,
    "media_type": "Text",
    "formats": {
      "text/html": "https://www.gutenberg.org/ebooks/4579.html.images",
      "application/epub+zip": "https://www.gutenberg.org/ebooks/4579.epub3.images",
      "application/x-mobipocket-ebook": "https://www.gutenberg.org/ebooks/4579.kf8.images",
      "text/plain; charset=us-ascii": "https://www.gutenberg.org/ebooks/4579.txt.utf-8",
      "application/rdf+xml": "https://www.gutenberg.org/ebooks/4579.rdf",
      "image/jpeg": "https://www.gutenberg.org/cache/epub/4579/pg4579.cover.medium.jpg",
      "application/octet-stream": "https://www.gutenberg.org/files/4579/4579-0.zip"
    },
    "download_count": 487
  }
}