{
  "average_entropy_rate": 0.2125282879330434,
  "entropy_rate": [
    0.0,
    0.0,
    0.0,
    0.0,
    0.6682497600406876,
    0.0,
    0.0,
    0.0,
    0.0,
    0.7742282901132143,
    0.0,
    0.0,
    0.8726937301630782,
    0.0,
    0.0,
    0.0,
    0.5299811149246523,
    0.0,
    0.0,
    0.0,
    0.0,
    0.8118765909583597,
    0.0,
    0.0,
    0.0,
    0.0,
    0.0,
    0.0,
    0.0,
    0.0,
    0.0,
    0.7281278967689732,
    0.5943609319098155,
    0.7269858624217095,
    0.0,
    0.7721048389877053,
    0.7122189623740471,
    0.0,
    0.7300424371567825,
    0.0,
    0.7927893894357538
  ],
  "estimated_posterior_probability": 56.85966110229492,
  "input": "./smaller_in/Guten_index1953.txt",
  "prevalence_assumed": 0.5,
  "process_length": 80000,
  "gutenberg": {
    "id": 1953,
    "title": "A Book of Strife in the Form of The Diary of an Old Soul",
    "authors": [
      {
        "name": "MacDonald, George",
        "birth_year": 1824,
        "death_year": 1905
      }
    ],
    "summaries": [
      "\"A Book of Strife in the Form of The Diary of an Old Soul\" by George MacDonald is a collection of reflective poetry written in the late 19th century. This work takes the form of a spiritual diary, articulating the internal struggles, contemplations, and prayers of an old soul grappling with faith, doubt, and divine connection.  At the start of the diary, we encounter a deeply introspective voice, the narrator, who expresses a longing for renewal and deeper understanding in old age. The first entries reveal his contemplative inquiry into his past actions, an awareness of human frailty, and the hope for a guiding presence in his life. Through a series of poetic verses, he explores themes of faith, the passage of time, personal loss, and the search for truth, balancing between despair and the yearning for enlightenment. The beginning sets a poignant and contemplative tone, inviting readers to reflect on their own spiritual journeys. (This is an automatically generated summary.)"
    ],
    "editors": [],
    "translators": [],
    "subjects": [
      "Christian poetry, English",
      "Devotional calendars",
      "Devotional literature",
      "English poetry"
    ],
    "bookshelves": [
      "Category: Poetry",
      "Category: Religion/Spirituality"
    ],
    "languages": [
      "en"
    ],
    "copyright": false,
    "media_type": "Text",
    "formats": {
      "text/html": "https://www.gutenberg.org/ebooks/1953.html.images",
      "text/html; charset=iso-8859-1": "https://www.gutenberg.org/files/1953/1953-h/1953-h.htm",
      "application/epub+zip": "https://www.gutenberg.org/ebooks/1953.epub3.images",
      "application/x-mobipocket-ebook": "https://www.gutenberg.org/ebooks/1953.kf8.images",
      "text/plain; charset=us-ascii": "https://www.gutenberg.org/ebooks/1953.txt.utf-8",
      "text/plain; charset=iso-8859-1": "https://www.gutenberg.org/files/1953/1953-8.txt",
      "application/rdf+xml": "https://www.gutenberg.org/ebooks/1953.rdf",
      "image/jpeg": "https://www.gutenberg.org/cache/epub/1953/pg1953.cover.medium.jpg",
      "application/octet-stream": "https://www.gutenberg.org/cache/epub/1953/pg1953-h.zip"
    },
    "download_count": 572
  }
}