{
  "average_entropy_rate": 0.3353687775987896,
  "entropy_rate": [
    0.0,
    0.8154405068573249,
    0.0,
    0.0,
    0.0,
    0.0,
    0.0,
    0.0,
    0.599869599219786,
    0.9605278556543714,
    0.0,
    0.0,
    0.0,
    0.881368102487072,
    0.0,
    0.0,
    0.0,
    0.8074328720687386,
    0.0,
    0.7937019567990383,
    0.0,
    0.0,
    0.0,
    0.9213832473984124,
    0.0,
    0.8040982194081979,
    0.0,
    0.7024906351273235,
    0.0,
    0.0,
    0.0,
    0.0,
    0.7774015780244455,
    0.0,
    0.6791329156785371,
    0.8468313773107855,
    0.8072870192189843,
    0.9179138972252927,
    0.8779298194527401,
    0.7484743495404707,
    0.808835930078851
  ],
  "estimated_posterior_probability": 62.21763610839844,
  "input": "./smaller_in/Guten_index4295.txt",
  "prevalence_assumed": 0.5,
  "process_length": 80000,
  "gutenberg": {
    "id": 4295,
    "title": "Songs of Action",
    "authors": [
      {
        "name": "Doyle, Arthur Conan",
        "birth_year": 1859,
        "death_year": 1930
      }
    ],
    "summaries": [
      "\"Songs of Action\" by Arthur Conan Doyle is a collection of poems written during the early 20th century. This work predominantly explores themes of bravery, adventure, and the camaraderie of soldiers, reflecting the spirit of wartime valor and heroism. The poems conjure images of historical battles, military life, and the landscape of the British countryside, tapping into the chivalric traditions and the natural beauty that often serves as a backdrop to personal and collective struggles.  The book is organized into various poems, each telling its own tale or encapsulating moments of action and reflection. In \"The Song of the Bow,\" for example, the narrator celebrates the English longbow as a symbol of freedom and strength. Other pieces convey stories of military exploits and the emotional undercurrents of soldiering, such as the harrowing courage of Corporal Dick or the comradely spirit among soldiers highlighted in \"A Ballad of the Ranks.\" With vivid imagery and rhythmic cadence, Doyle’s work immerses readers in the joys, sorrows, and triumphs of those who lived for adventure and loyalty, making it a compelling read for anyone interested in poetry steeped in historical and military narrative. (This is an automatically generated summary.)"
    ],
    "editors": [],
    "translators": [],
    "subjects": [
      "English poetry -- 19th century"
    ],
    "bookshelves": [
      "Category: British Literature",
      "Category: Poetry"
    ],
    "languages": [
      "en"
    ],
    "copyright": false,
    "media_type": "Text",
    "formats": {
      "text/html": "https://www.gutenberg.org/ebooks/4295.html.images",
      "application/epub+zip": "https://www.gutenberg.org/ebooks/4295.epub3.images",
      "application/x-mobipocket-ebook": "https://www.gutenberg.org/ebooks/4295.kf8.images",
      "text/plain; charset=us-ascii": "https://www.gutenberg.org/ebooks/4295.txt.utf-8",
      "application/rdf+xml": "https://www.gutenberg.org/ebooks/4295.rdf",
      "image/jpeg": "https://www.gutenberg.org/cache/epub/4295/pg4295.cover.medium.jpg",
      "application/octet-stream": "https://www.gutenberg.org/files/4295/4295-0.zip"
    },
    "download_count": 263
  }
}