{
  "average_entropy_rate": 0.2982745139534313,
  "entropy_rate": [
    0.0,
    0.0,
    0.0,
    0.5753714837884313,
    0.0,
    0.0,
    0.0,
    0.6533518509258823,
    0.9590468388494527,
    0.0,
    0.0,
    0.0,
    0.8947730779848665,
    0.0,
    0.5495522421416483,
    0.0,
    0.0,
    0.0,
    0.7198950680707209,
    0.0,
    0.8592413379567476,
    0.0,
    0.0,
    0.0,
    0.0,
    0.0,
    0.0,
    0.9774985056109595,
    0.0,
    0.0,
    0.0,
    0.0,
    0.0,
    0.5505589259023136,
    0.9800293859378912,
    0.749693658985942,
    0.7641909448596634,
    0.5658727719339163,
    0.5306390622295665,
    0.9198036781951198,
    0.9797362387175608
  ],
  "estimated_posterior_probability": 60.458534240722656,
  "input": "./smaller_in/Guten_index704.txt",
  "prevalence_assumed": 0.5,
  "process_length": 80000,
  "gutenberg": {
    "id": 704,
    "title": "The Mansion",
    "authors": [
      {
        "name": "Van Dyke, Henry",
        "birth_year": 1852,
        "death_year": 1933
      }
    ],
    "summaries": [
      "\"The Mansion\" by Henry Van Dyke is a philosophical novella written in the early 20th century. The narrative explores themes of materialism versus spiritual fulfillment, focusing on the life of John Weightman, a wealthy banker committed to upholding societal norms and expectations. The book delves into the consequences of a life measured solely by material success and the inherent values of selflessness and love for others.  The story follows John Weightman, who prides himself on his material achievements and societal respectability, as he navigates his relationships with his son Harold and wife. Harold, seeking a more authentic life, feels stifled by his father's rigid values and longs for freedom to make his own choices. After a Christmas Eve dinner where tensions rise, John Weightman experiences a life-altering moment that leads him to an unexpected understanding of his existence. In a surreal journey after his death, he encounters the Keeper of the Gate, who reveals the true measure of a person’s worth lies not in material possessions but in acts of love and kindness. Ultimately, John discovers that his earthly deeds, driven by self-interest, do not grant him the grand mansion he expected in the afterlife, but instead a humble abode reflective of his life's true essence. This transformation compels him to change his approach to life and relationships, particularly with Harold, as he learns the value of genuine giving and connection. (This is an automatically generated summary.)"
    ],
    "editors": [],
    "translators": [],
    "subjects": [
      "Christian fiction",
      "Christian life -- Fiction",
      "Christmas stories",
      "Conduct of life -- Fiction",
      "Future life -- Fiction",
      "Immortality -- Fiction",
      "Short stories"
    ],
    "bookshelves": [
      "Category: American Literature",
      "Category: Novels"
    ],
    "languages": [
      "en"
    ],
    "copyright": false,
    "media_type": "Text",
    "formats": {
      "text/html": "https://www.gutenberg.org/ebooks/704.html.images",
      "application/epub+zip": "https://www.gutenberg.org/ebooks/704.epub3.images",
      "application/x-mobipocket-ebook": "https://www.gutenberg.org/ebooks/704.kf8.images",
      "text/plain; charset=us-ascii": "https://www.gutenberg.org/ebooks/704.txt.utf-8",
      "application/rdf+xml": "https://www.gutenberg.org/ebooks/704.rdf",
      "image/jpeg": "https://www.gutenberg.org/cache/epub/704/pg704.cover.medium.jpg",
      "application/octet-stream": "https://www.gutenberg.org/cache/epub/704/pg704-h.zip"
    },
    "download_count": 370
  }
}