{
  "average_entropy_rate": 0.4103987040648668,
  "entropy_rate": [
    0.8394999810172831,
    0.0,
    0.0,
    0.0,
    0.0,
    0.0,
    0.0,
    0.0,
    0.9306956366038175,
    0.0,
    0.0,
    0.0,
    0.0,
    0.9159114976622954,
    0.6104401326053004,
    0.0,
    0.0,
    0.0,
    0.0,
    0.0,
    0.9107539900164574,
    0.0,
    0.9725754766563635,
    0.9134209511615409,
    0.950199731781528,
    0.0,
    0.0,
    0.8936190168969075,
    0.0,
    0.0,
    0.9009548934222346,
    0.0,
    0.9003782249931584,
    0.9208784302208569,
    0.7069336038288125,
    0.8998958426666095,
    0.9198304498591645,
    0.9201310676555406,
    0.9073186201030102,
    0.8997268611599835,
    0.9131824583486741
  ],
  "estimated_posterior_probability": 66.22547149658203,
  "input": "./smaller_in/Guten_index2513.txt",
  "prevalence_assumed": 0.5,
  "process_length": 80000,
  "gutenberg": {
    "id": 2513,
    "title": "God the Known and God the Unknown",
    "authors": [
      {
        "name": "Butler, Samuel",
        "birth_year": 1835,
        "death_year": 1902
      }
    ],
    "summaries": [
      "\"God the Known and God the Unknown\" by Samuel Butler is a philosophical treatise written in the late 19th century. The text examines concepts of God, spirituality, and the nature of life from a perspective that intertwines scientific inquiry with theological questions. It presents an exploration of what we can know about God, differentiating between the personal God of traditional theology and a more expansive, impersonal conception of a life force or unity that connects all living things.  In the book, Butler discusses the inadequacies of both Pantheism and orthodox theism, arguing for a deeper understanding of God as a living entity whose essence pervades all life on Earth. He posits that humans, animals, and plants all share a common spirit and are thus part of a single, greater organism. Through this lens, Butler attempts to bridge the gap between the known (our tangible experiences of life) and the unknown (the vast, unknowable nature of God). He addresses how the characteristics of life can help us understand the divine, suggesting that rather than focusing solely on doctrine, individuals can encounter God through the richness of life itself. Ultimately, the text encourages readers to reconsider traditional views of divinity and adopt a holistic approach to existence. (This is an automatically generated summary.)"
    ],
    "editors": [],
    "translators": [],
    "subjects": [
      "Evolution",
      "God"
    ],
    "bookshelves": [
      "Category: Philosophy & Ethics",
      "Category: Religion/Spirituality"
    ],
    "languages": [
      "en"
    ],
    "copyright": false,
    "media_type": "Text",
    "formats": {
      "text/html": "https://www.gutenberg.org/ebooks/2513.html.images",
      "text/html; charset=us-ascii": "https://www.gutenberg.org/files/2513/2513-h/2513-h.htm",
      "application/epub+zip": "https://www.gutenberg.org/ebooks/2513.epub3.images",
      "application/x-mobipocket-ebook": "https://www.gutenberg.org/ebooks/2513.kf8.images",
      "text/plain; charset=us-ascii": "https://www.gutenberg.org/ebooks/2513.txt.utf-8",
      "application/rdf+xml": "https://www.gutenberg.org/ebooks/2513.rdf",
      "image/jpeg": "https://www.gutenberg.org/cache/epub/2513/pg2513.cover.medium.jpg",
      "application/octet-stream": "https://www.gutenberg.org/cache/epub/2513/pg2513-h.zip"
    },
    "download_count": 322
  }
}