{
  "average_entropy_rate": 0.0,
  "entropy_rate": [
    0.0,
    0.0,
    0.0,
    0.0,
    0.0,
    0.0,
    0.0,
    0.0,
    0.0,
    0.0,
    0.0,
    0.0,
    0.0,
    0.0,
    0.0,
    0.0,
    0.0,
    0.0,
    0.0,
    0.0,
    0.0,
    0.0,
    0.0,
    0.0,
    0.0,
    0.0,
    0.0,
    0.0,
    0.0,
    0.0,
    0.0,
    0.0,
    0.0,
    0.0,
    0.0,
    0.0,
    0.0,
    0.0,
    0.0,
    0.0,
    0.0
  ],
  "estimated_posterior_probability": 50.0,
  "input": "./smaller_in/Guten_index4577.txt",
  "prevalence_assumed": 0.5,
  "process_length": 80000,
  "gutenberg": {
    "id": 4577,
    "title": "粉妝樓51-60回",
    "authors": [
      {
        "name": "Luo, Guanzhong",
        "birth_year": null,
        "death_year": null
      }
    ],
    "summaries": [
      "\"粉妝樓51-60回\" by Guanzhong Luo is a historical novel likely written during the late Yuan to early Ming dynasty period. This work is part of a larger narrative that blends themes of heroism, betrayal, and adventure, set against the backdrop of Chinese folklore and societal conflict. The characters navigate a world of loyalty and treachery, with central figures such as Luo Can, who emerges as a heroic figure confronted by various challenges in pursuit of justice.  The opening of this section introduces readers to a tense situation involving Luo Can and his allies, who face risks from various antagonists, including corrupt officials and bandits. As Luo Can endeavors to protect innocent parties and navigate through schemes of deception, he encounters a series of conflicts that highlight themes of loyalty and personal honor. The narrative quickly escalates, presenting a mix of action, intrigue, and character development as Luo Can struggles against obstacles both external and internal. The reader is drawn into a vivid world where bravery and cunning are essential for survival. (This is an automatically generated summary.)"
    ],
    "editors": [],
    "translators": [],
    "subjects": [
      "China -- History -- Tang dynasty, 618-907 -- Fiction"
    ],
    "bookshelves": [
      "Category: Adventure",
      "Category: Historical Novels",
      "Category: Mythology, Legends & Folklore"
    ],
    "languages": [
      "zh"
    ],
    "copyright": false,
    "media_type": "Text",
    "formats": {
      "text/html": "https://www.gutenberg.org/ebooks/4577.html.images",
      "application/epub+zip": "https://www.gutenberg.org/ebooks/4577.epub3.images",
      "application/x-mobipocket-ebook": "https://www.gutenberg.org/ebooks/4577.kf8.images",
      "text/plain; charset=us-ascii": "https://www.gutenberg.org/ebooks/4577.txt.utf-8",
      "application/rdf+xml": "https://www.gutenberg.org/ebooks/4577.rdf",
      "image/jpeg": "https://www.gutenberg.org/cache/epub/4577/pg4577.cover.medium.jpg",
      "application/octet-stream": "https://www.gutenberg.org/files/4577/4577-0.zip"
    },
    "download_count": 228
  }
}