{
  "average_entropy_rate": 0.21862220125005094,
  "entropy_rate": [
    0.5997301466508206,
    0.58582681872004,
    0.0,
    0.7924812524805281,
    0.0,
    0.5567728306807476,
    0.0,
    0.0,
    0.0,
    0.0,
    0.0,
    0.0,
    0.45859853389069744,
    0.0,
    0.5685634012058759,
    0.36564079491183354,
    0.0,
    0.0,
    0.0,
    0.0,
    0.0,
    0.0,
    0.0,
    0.0,
    0.0,
    0.0,
    0.0,
    0.0,
    0.0,
    0.0,
    0.0,
    0.6760801601146618,
    0.0,
    0.7181645749871848,
    0.8018508506009725,
    0.5271531967508305,
    0.5756919266135723,
    0.5753170283674108,
    0.5508690020055279,
    0.0,
    0.6107697332713851
  ],
  "estimated_posterior_probability": 57.09611129760742,
  "input": "./smaller_in/Guten_index2889.txt",
  "prevalence_assumed": 0.5,
  "process_length": 80000,
  "gutenberg": {
    "id": 2889,
    "title": "Flametti: oder vom Dandysmus der Armen",
    "authors": [
      {
        "name": "Ball, Hugo",
        "birth_year": 1886,
        "death_year": 1927
      }
    ],
    "summaries": [
      "\"Flametti: oder vom Dandysmus der Armen\" by Hugo Ball is a novel written during the early 20th century. The story revolves around Flametti, a character deeply embedded in the world of a variety ensemble, navigating his struggles and interactions with fellow artists and the complexities of a precarious artistic life.   At the start of the novel, we are introduced to Flametti as he wakes up in his modest apartment, prepares for the day, and checks on the finances of his variety troupe. His interactions with a series of eccentric characters, including his grouchy housekeeper Theres and various members of his ensemble, paint a vivid picture of his chaotic yet vibrant life. Flametti's determination to manage his artistic endeavors despite financial uncertainty and the burdens of running his troupe reflect the struggles of artists seeking recognition and stability in their careers. As he heads out to fish and engages with the local community, the mood is characterized by a blend of humor, melancholy, and a quest for artistic vitality. The opening sets the stage for a narrative rich in character dynamics and the exploration of the performative life. (This is an automatically generated summary.)"
    ],
    "editors": [],
    "translators": [],
    "subjects": [
      "Switzerland -- Fiction"
    ],
    "bookshelves": [
      "Category: German Literature",
      "Category: Novels",
      "DE Prosa"
    ],
    "languages": [
      "de"
    ],
    "copyright": false,
    "media_type": "Text",
    "formats": {
      "text/html": "https://www.gutenberg.org/ebooks/2889.html.images",
      "application/epub+zip": "https://www.gutenberg.org/ebooks/2889.epub3.images",
      "application/x-mobipocket-ebook": "https://www.gutenberg.org/ebooks/2889.kf8.images",
      "text/plain; charset=us-ascii": "https://www.gutenberg.org/ebooks/2889.txt.utf-8",
      "application/rdf+xml": "https://www.gutenberg.org/ebooks/2889.rdf",
      "image/jpeg": "https://www.gutenberg.org/cache/epub/2889/pg2889.cover.medium.jpg",
      "application/octet-stream": "https://www.gutenberg.org/files/2889/2889-8.zip"
    },
    "download_count": 192
  }
}