{
  "average_entropy_rate": 0.14621634889361793,
  "entropy_rate": [
    0.0,
    0.0,
    0.0,
    0.7028195311147837,
    0.7028195311147837,
    0.550000000317993,
    0.0,
    0.9565217396834659,
    0.0,
    0.0,
    0.0,
    0.0,
    0.0,
    0.0,
    0.0,
    0.0,
    0.0,
    0.0,
    0.0,
    0.0,
    0.0,
    0.0,
    0.0,
    0.0,
    0.0,
    0.0,
    0.0,
    0.0,
    0.0,
    0.0,
    0.0,
    0.0,
    0.7028195311147837,
    0.7028195311147837,
    0.8148148152859146,
    0.0,
    0.8622556248918266,
    0.0,
    0.0,
    0.0,
    0.0
  ],
  "estimated_posterior_probability": 54.44560241699219,
  "input": "./smaller_in/Guten_index1063.txt",
  "prevalence_assumed": 0.5,
  "process_length": 80000,
  "gutenberg": {
    "id": 1063,
    "title": "The Cask of Amontillado",
    "authors": [
      {
        "name": "Poe, Edgar Allan",
        "birth_year": 1809,
        "death_year": 1849
      }
    ],
    "summaries": [
      "\"The Cask of Amontillado\" by Edgar Allan Poe is a short story first published in November 1846. Set during Carnival in an Italian city, it follows nobleman Montresor as he enacts revenge against fellow noble Fortunato for perceived insults and injuries. Told from the murderer's perspective, the tale lures Fortunato into the catacombs beneath Montresor's home with the promise of rare amontillado wine. What awaits is a carefully planned trap that ends in live burial. The story's central mystery lies not in detection, but in understanding Montresor's true motives for such extreme vengeance. (This is an automatically generated summary.)"
    ],
    "editors": [],
    "translators": [],
    "subjects": [
      "Horror tales, American",
      "Revenge -- Fiction"
    ],
    "bookshelves": [
      "Category: American Literature",
      "Category: Crime, Thrillers and Mystery",
      "Category: Short Stories"
    ],
    "languages": [
      "en"
    ],
    "copyright": false,
    "media_type": "Text",
    "formats": {
      "text/html": "https://www.gutenberg.org/ebooks/1063.html.images",
      "application/epub+zip": "https://www.gutenberg.org/ebooks/1063.epub3.images",
      "application/x-mobipocket-ebook": "https://www.gutenberg.org/ebooks/1063.kf8.images",
      "text/plain; charset=us-ascii": "https://www.gutenberg.org/ebooks/1063.txt.utf-8",
      "application/rdf+xml": "https://www.gutenberg.org/ebooks/1063.rdf",
      "image/jpeg": "https://www.gutenberg.org/cache/epub/1063/pg1063.cover.medium.jpg",
      "application/octet-stream": "https://www.gutenberg.org/cache/epub/1063/pg1063-h.zip"
    },
    "download_count": 4991
  }
}