{
  "average_entropy_rate": 0.1642307934967369,
  "entropy_rate": [
    0.0,
    0.6755952100937411,
    0.0,
    0.0,
    0.0,
    0.0,
    0.0,
    0.6058477441535121,
    0.0,
    0.0,
    0.0,
    0.49145529336717186,
    0.0,
    0.0,
    0.0,
    0.0,
    0.0,
    0.0,
    0.0,
    0.6637580272372631,
    0.0,
    0.5578415038573461,
    0.0,
    0.0,
    0.6234507786057519,
    0.0,
    0.0,
    0.0,
    0.0,
    0.0,
    0.0,
    0.0,
    0.5873215511834525,
    0.0,
    0.0,
    0.5751532375227227,
    0.0,
    0.7280502234592082,
    0.5273538891203656,
    0.0,
    0.697635074765677
  ],
  "estimated_posterior_probability": 55.07353973388672,
  "input": "./smaller_in/Guten_index3713.txt",
  "prevalence_assumed": 0.5,
  "process_length": 80000,
  "gutenberg": {
    "id": 3713,
    "title": "Aaron Trow",
    "authors": [
      {
        "name": "Trollope, Anthony",
        "birth_year": 1815,
        "death_year": 1882
      }
    ],
    "summaries": [
      "\"Aaron Trow\" by Anthony Trollope is a novel written during the Victorian era, specifically in the mid-19th century. The story unfolds on the island of Bermuda, exploring themes of crime, punishment, and human resilience amidst the landscape of a British convict establishment. The plot centers around the titular character, Aaron Trow, an escaped convict whose actions disrupt the quiet lives of the island's residents.  The narrative begins with Trow's escape from prison, leading to a violent encounter with Anastasia Bergen, the daughter of a local tradesman. When Trow confronts Anastasia in her home, he is driven by desperation and hunger, but his desire to survive turns into a brutal struggle for dominance. Anastasia fights back fiercely, exhibiting remarkable strength and determination, managing to defend herself against Trow's violent intentions. The climax escalates as Caleb Morton, Anastasia’s fiancé, embarks on a perilous quest to capture Trow, culminating in a dramatic confrontation that culminates in tragedy. Ultimately, the novel delves into the consequences of Trow's life choices and the moral complexities surrounding justice, survival, and the haunting specters of violence and remorse. (This is an automatically generated summary.)"
    ],
    "editors": [],
    "translators": [],
    "subjects": [
      "Bermuda Islands -- Fiction",
      "Prisoners -- Fiction",
      "Short stories"
    ],
    "bookshelves": [
      "Category: British Literature",
      "Category: Crime, Thrillers and Mystery",
      "Category: Novels"
    ],
    "languages": [
      "en"
    ],
    "copyright": false,
    "media_type": "Text",
    "formats": {
      "text/html": "https://www.gutenberg.org/ebooks/3713.html.images",
      "application/epub+zip": "https://www.gutenberg.org/ebooks/3713.epub3.images",
      "application/x-mobipocket-ebook": "https://www.gutenberg.org/ebooks/3713.kf8.images",
      "text/plain; charset=us-ascii": "https://www.gutenberg.org/ebooks/3713.txt.utf-8",
      "application/rdf+xml": "https://www.gutenberg.org/ebooks/3713.rdf",
      "image/jpeg": "https://www.gutenberg.org/cache/epub/3713/pg3713.cover.medium.jpg",
      "application/octet-stream": "https://www.gutenberg.org/files/3713/3713-0.zip"
    },
    "download_count": 285
  }
}