{
  "average_entropy_rate": 0.10585943473754421,
  "entropy_rate": [
    0.0,
    0.0,
    0.0,
    0.0,
    0.0,
    0.0,
    0.0,
    0.42014874181472,
    0.0,
    0.0,
    0.0,
    0.0,
    0.0,
    0.0,
    0.0,
    0.0,
    0.0,
    0.574417427704375,
    0.6519654485137645,
    0.0,
    0.0,
    0.6654196159092357,
    0.0,
    0.0,
    0.0,
    0.0,
    0.0,
    0.0,
    0.0,
    0.0,
    0.0,
    0.0,
    0.0,
    0.0,
    0.6808556886480861,
    0.0,
    0.7212936291605067,
    0.0,
    0.6261362724886248,
    0.0,
    0.0
  ],
  "estimated_posterior_probability": 53.10816955566406,
  "input": "./smaller_in/Guten_index2335.txt",
  "prevalence_assumed": 0.5,
  "process_length": 80000,
  "gutenberg": {
    "id": 2335,
    "title": "Wilhelm Meisters Lehrjahre — Band 1",
    "authors": [
      {
        "name": "Goethe, Johann Wolfgang von",
        "birth_year": 1749,
        "death_year": 1832
      }
    ],
    "summaries": [
      "\"Wilhelm Meisters Lehrjahre — Band 1\" by Johann Wolfgang von Goethe is a Bildungsroman published in 1795-96. This coming-of-age novel follows Wilhelm Meister, a young man desperate to escape the mundane existence of bourgeois business life. Captivated by theater since childhood, Wilhelm pursues his passion through a failed romance and theatrical ambitions. His journey of self-realization leads him through love, disappointment, and encounters with mysterious wandering performers, ultimately drawing him toward the enigmatic Tower Society. (This is an automatically generated summary.)"
    ],
    "editors": [],
    "translators": [],
    "subjects": [
      "Bildungsromans",
      "Theater, Traveling -- Fiction"
    ],
    "bookshelves": [
      "Category: German Literature",
      "Category: Novels",
      "DE Prosa",
      "Harvard Classics",
      "Opera"
    ],
    "languages": [
      "de"
    ],
    "copyright": false,
    "media_type": "Text",
    "formats": {
      "text/html": "https://www.gutenberg.org/ebooks/2335.html.images",
      "application/epub+zip": "https://www.gutenberg.org/ebooks/2335.epub3.images",
      "application/x-mobipocket-ebook": "https://www.gutenberg.org/ebooks/2335.kf8.images",
      "text/plain; charset=us-ascii": "https://www.gutenberg.org/ebooks/2335.txt.utf-8",
      "application/rdf+xml": "https://www.gutenberg.org/ebooks/2335.rdf",
      "image/jpeg": "https://www.gutenberg.org/cache/epub/2335/pg2335.cover.medium.jpg",
      "application/octet-stream": "https://www.gutenberg.org/cache/epub/2335/pg2335-h.zip"
    },
    "download_count": 328
  }
}