{
  "average_entropy_rate": 0.0,
  "entropy_rate": [
    0.0,
    0.0,
    0.0,
    0.0,
    0.0,
    0.0,
    0.0,
    0.0,
    0.0,
    0.0,
    0.0,
    0.0,
    0.0,
    0.0,
    0.0,
    0.0,
    0.0,
    0.0,
    0.0,
    0.0,
    0.0,
    0.0,
    0.0,
    0.0,
    0.0,
    0.0,
    0.0,
    0.0,
    0.0,
    0.0,
    0.0,
    0.0,
    0.0,
    0.0,
    0.0,
    0.0,
    0.0,
    0.0,
    0.0,
    0.0,
    0.0
  ],
  "estimated_posterior_probability": 50.0,
  "input": "./smaller_in/Guten_index3433.txt",
  "prevalence_assumed": 0.5,
  "process_length": 80000,
  "gutenberg": {
    "id": 3433,
    "title": "Епически песни",
    "authors": [
      {
        "name": "Slaveikov, Pencho P.",
        "birth_year": 1866,
        "death_year": 1912
      }
    ],
    "summaries": [
      "\"Епически песни\" by Pencho P. Slaveikov is a collection of epic poems written in the late 19th century. The work comprises a series of lyrical pieces that reflect on themes of heroism, loss, and the struggles of the Bulgarian people, particularly during times of conflict and oppression. Through vivid imagery and emotional depth, the poems explore the human experience against the backdrop of war and adversity.  The opening of this collection introduces a haunting narrative about a group of freedom fighters known as \"харамиите\" (outlaws) who find themselves in the bleak aftermath of a failed campaign. The verses depict their sorrow and weariness, reflecting on their fallen comrades and the pain of separation from their families. As they navigate the dark mountain trails, the poems convey a melancholic mood marked by themes of honor, loss, and the spectral presence of death. Each stanza evokes a sense of urgency and longing for home while underscoring the universal struggles faced during turbulent times. This poignant beginning sets the tone for the epic tales that follow, inviting readers into a rich tapestry of Bulgarian history and folklore. (This is an automatically generated summary.)"
    ],
    "editors": [],
    "translators": [],
    "subjects": [
      "Bulgarian poetry"
    ],
    "bookshelves": [
      "Category: Mythology, Legends & Folklore",
      "Category: Poetry"
    ],
    "languages": [
      "bg"
    ],
    "copyright": false,
    "media_type": "Text",
    "formats": {
      "text/html": "https://www.gutenberg.org/ebooks/3433.html.images",
      "application/epub+zip": "https://www.gutenberg.org/ebooks/3433.epub3.images",
      "application/x-mobipocket-ebook": "https://www.gutenberg.org/ebooks/3433.kf8.images",
      "text/plain; charset=us-ascii": "https://www.gutenberg.org/ebooks/3433.txt.utf-8",
      "application/rdf+xml": "https://www.gutenberg.org/ebooks/3433.rdf",
      "image/jpeg": "https://www.gutenberg.org/cache/epub/3433/pg3433.cover.medium.jpg",
      "application/octet-stream": "https://www.gutenberg.org/files/3433/3433-0.zip"
    },
    "download_count": 249
  }
}