{
  "average_entropy_rate": 0.0,
  "entropy_rate": [
    0.0,
    0.0,
    0.0,
    0.0,
    0.0,
    0.0,
    0.0,
    0.0,
    0.0,
    0.0,
    0.0,
    0.0,
    0.0,
    0.0,
    0.0,
    0.0,
    0.0,
    0.0,
    0.0,
    0.0,
    0.0,
    0.0,
    0.0,
    0.0,
    0.0,
    0.0,
    0.0,
    0.0,
    0.0,
    0.0,
    0.0,
    0.0,
    0.0,
    0.0,
    0.0,
    0.0,
    0.0,
    0.0,
    0.0,
    0.0,
    0.0
  ],
  "estimated_posterior_probability": 50.0,
  "input": "./smaller_in/Guten_index4574.txt",
  "prevalence_assumed": 0.5,
  "process_length": 80000,
  "gutenberg": {
    "id": 4574,
    "title": "粉妝樓21-30回",
    "authors": [
      {
        "name": "Luo, Guanzhong",
        "birth_year": null,
        "death_year": null
      }
    ],
    "summaries": [
      "\"粉妝樓21-30回\" by Guanzhong Luo is a historical fiction novel likely written in the late 14th century. The narrative revolves around the character Luo Kun, who becomes embroiled in conflicts involving power, injustice, and personal heroism as he navigates a world filled with corrupt officials and rogue characters.   The opening of the chapters introduces the tumultuous events that unfold when Luo Kun witnesses the violent arrest of a couple, Zhao Sheng and his wife, as they are targeted by the notorious local tyrant, Huang Jin Yin. Initially resting in an inn, Luo Kun becomes intrigued and concerned by the injustices he observes. He learns that the couple is in dire straits due to false accusations and exploitation by Huang, which sparks his indignation and sense of justice. As the story progresses, Luo Kun decides to intervene, illustrating themes of loyalty, sacrifice, and the fight against tyranny in a society teeming with corruption. (This is an automatically generated summary.)"
    ],
    "editors": [],
    "translators": [],
    "subjects": [
      "China -- History -- Tang dynasty, 618-907 -- Fiction"
    ],
    "bookshelves": [
      "Category: Historical Novels"
    ],
    "languages": [
      "zh"
    ],
    "copyright": false,
    "media_type": "Text",
    "formats": {
      "text/html": "https://www.gutenberg.org/ebooks/4574.html.images",
      "application/epub+zip": "https://www.gutenberg.org/ebooks/4574.epub3.images",
      "application/x-mobipocket-ebook": "https://www.gutenberg.org/ebooks/4574.kf8.images",
      "text/plain; charset=us-ascii": "https://www.gutenberg.org/ebooks/4574.txt.utf-8",
      "application/rdf+xml": "https://www.gutenberg.org/ebooks/4574.rdf",
      "image/jpeg": "https://www.gutenberg.org/cache/epub/4574/pg4574.cover.medium.jpg",
      "application/octet-stream": "https://www.gutenberg.org/files/4574/4574-0.zip"
    },
    "download_count": 311
  }
}