{
  "average_entropy_rate": 0.3574681010876,
  "entropy_rate": [
    0.8688574722649041,
    0.0,
    0.0,
    0.773315812613684,
    0.0,
    0.0,
    0.0,
    0.0,
    0.0,
    0.773315812613684,
    0.773315812613684,
    0.773315812613684,
    0.773315812613684,
    0.0,
    0.0,
    0.7367084727107608,
    0.0,
    0.0,
    0.0,
    0.0,
    0.0,
    0.0,
    0.0,
    0.0,
    0.0,
    0.0,
    0.0,
    0.0,
    0.0,
    0.0,
    0.9304511732607812,
    0.8900537506281209,
    0.8688574722649041,
    0.773315812613684,
    0.773315812613684,
    0.773315812613684,
    0.773315812613684,
    0.773315812613684,
    0.8287970317996064,
    0.8688574722649041,
    0.9304511732607812
  ],
  "estimated_posterior_probability": 63.32941818237305,
  "input": "./smaller_in/Guten_index1757.txt",
  "prevalence_assumed": 0.5,
  "process_length": 80000,
  "gutenberg": {
    "id": 1757,
    "title": "The Cruise of the Dolphin",
    "authors": [
      {
        "name": "Aldrich, Thomas Bailey",
        "birth_year": 1836,
        "death_year": 1907
      }
    ],
    "summaries": [
      "\"The Cruise of the Dolphin\" by Thomas Bailey Aldrich is a charming narrative that falls within the category of youth fiction, reflecting the adventures and challenges faced by a group of boys during the late 19th century. The story captures the essence of childhood aspirations, exploring themes of friendship, adventure, and the sea, as the narrator, Tom Bailey, recounts his dreams and experiences as a Rivermouth boy, longing for maritime escapades.   The plot centers on Tom Bailey and his friends, who dream of adventure on the water and collectively purchase a small sailboat named the Dolphin. Their excitement leads them on a planned cruise to Sandpeep Island, where they intend to fish and enjoy a picnic. However, their adventure takes a tragic turn when a storm strikes, leading to Binny Wallace, one of the boys, drifting out to sea. The gripping narrative explores the harrowing moments of the storm, the boys’ desperation, and their eventual return to town, where they must confront the profound loss of their friend. Aldrich skillfully blends elements of youthful innocence with the stark realities of nature, making the story both a celebration of childhood and a poignant reminder of its fragility. (This is an automatically generated summary.)"
    ],
    "editors": [],
    "translators": [],
    "subjects": [
      "Boats and boating -- Fiction"
    ],
    "bookshelves": [
      "Category: Adventure",
      "Category: American Literature",
      "Category: Children & Young Adult Reading",
      "Category: Novels"
    ],
    "languages": [
      "en"
    ],
    "copyright": false,
    "media_type": "Text",
    "formats": {
      "text/html": "https://www.gutenberg.org/ebooks/1757.html.images",
      "text/html; charset=utf-8": "https://www.gutenberg.org/files/1757/1757-h/1757-h.htm",
      "application/epub+zip": "https://www.gutenberg.org/ebooks/1757.epub3.images",
      "application/x-mobipocket-ebook": "https://www.gutenberg.org/ebooks/1757.kf8.images",
      "text/plain; charset=us-ascii": "https://www.gutenberg.org/ebooks/1757.txt.utf-8",
      "text/plain; charset=utf-8": "https://www.gutenberg.org/files/1757/1757-0.txt",
      "application/rdf+xml": "https://www.gutenberg.org/ebooks/1757.rdf",
      "image/jpeg": "https://www.gutenberg.org/cache/epub/1757/pg1757.cover.medium.jpg",
      "application/octet-stream": "https://www.gutenberg.org/cache/epub/1757/pg1757-h.zip"
    },
    "download_count": 337
  }
}