{
  "average_entropy_rate": 0.2236623473185661,
  "entropy_rate": [
    0.0,
    0.0,
    0.7710993740253322,
    0.9206294601446868,
    0.0,
    0.0,
    0.5134043171860856,
    0.0,
    0.0,
    0.0,
    0.0,
    0.0,
    0.0,
    0.7651597086834627,
    0.0,
    0.0,
    0.0,
    0.0,
    0.0,
    0.0,
    0.0,
    0.0,
    0.0,
    0.0,
    0.0,
    0.0,
    0.0,
    0.8278514091558462,
    0.0,
    0.7652336988132206,
    0.0,
    0.0,
    0.8655186784507243,
    0.7772925835907813,
    0.6748931731763491,
    0.7569038852419692,
    0.0,
    0.0,
    0.0,
    0.763935234379315,
    0.7682347172134382
  ],
  "estimated_posterior_probability": 57.2932243347168,
  "input": "./smaller_in/Guten_index1522.txt",
  "prevalence_assumed": 0.5,
  "process_length": 80000,
  "gutenberg": {
    "id": 1522,
    "title": "Julius Caesar",
    "authors": [
      {
        "name": "Shakespeare, William",
        "birth_year": 1564,
        "death_year": 1616
      }
    ],
    "summaries": [
      "\"Julius Caesar\" by William Shakespeare is a historical tragedy written and first performed in 1599. The play dramatizes the conspiracy to assassinate the Roman dictator Julius Caesar and the civil war that follows. Though named after Caesar, the work centers on Brutus, whose struggle between personal loyalty and public duty drives the narrative. As conspirators strike and political rhetoric inflames the masses, the play explores ambition, power, and the fragility of republican government. Shakespeare draws a tense portrait of political morality where noble intentions collide with devastating consequences. (This is an automatically generated summary.)"
    ],
    "editors": [],
    "translators": [],
    "subjects": [
      "Assassins -- Drama",
      "Brutus, Marcus Junius, 85 B.C.?-42 B.C. -- Drama",
      "Caesar, Julius -- Assassination -- Drama",
      "Conspiracies -- Drama",
      "Rome -- History -- Civil War, 43-31 B.C. -- Drama",
      "Tragedies (Drama)"
    ],
    "bookshelves": [
      "Category: British Literature",
      "Category: Classics of Literature",
      "Category: Plays/Films/Dramas"
    ],
    "languages": [
      "en"
    ],
    "copyright": false,
    "media_type": "Text",
    "formats": {
      "text/html": "https://www.gutenberg.org/ebooks/1522.html.images",
      "application/epub+zip": "https://www.gutenberg.org/ebooks/1522.epub3.images",
      "application/x-mobipocket-ebook": "https://www.gutenberg.org/ebooks/1522.kf8.images",
      "text/plain; charset=us-ascii": "https://www.gutenberg.org/ebooks/1522.txt.utf-8",
      "application/rdf+xml": "https://www.gutenberg.org/ebooks/1522.rdf",
      "image/jpeg": "https://www.gutenberg.org/cache/epub/1522/pg1522.cover.medium.jpg",
      "application/octet-stream": "https://www.gutenberg.org/cache/epub/1522/pg1522-h.zip"
    },
    "download_count": 3129
  }
}