{
  "average_entropy_rate": 0.3235407163432695,
  "entropy_rate": [
    0.0,
    0.0,
    0.0,
    0.0,
    0.0,
    0.728921644501317,
    0.0,
    0.0,
    0.0,
    0.6402306478637929,
    0.0,
    0.0,
    0.8363369895623375,
    0.8995897101121065,
    0.7511791585422523,
    0.0,
    0.0,
    0.0,
    0.0,
    0.0,
    0.0,
    0.6562743253560054,
    0.0,
    0.6613066801158508,
    0.0,
    0.0,
    0.0,
    0.824135497783338,
    0.0,
    0.7596010996436523,
    0.0,
    0.0,
    0.7542532610169682,
    0.7450930640753427,
    0.8742747360674079,
    0.9434528199305887,
    0.7565740829512138,
    0.5833953609108419,
    0.3095433852368504,
    0.7981629953790045,
    0.7428439110251781
  ],
  "estimated_posterior_probability": 61.64059066772461,
  "input": "./smaller_in/Guten_index4128.txt",
  "prevalence_assumed": 0.5,
  "process_length": 80000,
  "gutenberg": {
    "id": 4128,
    "title": "Diary of Samuel Pepys — Volume 11: June/July/August 1661",
    "authors": [
      {
        "name": "Pepys, Samuel",
        "birth_year": 1633,
        "death_year": 1703
      }
    ],
    "summaries": [
      "\"Diary of Samuel Pepys — Volume 11: June/July/August 1661\" by Samuel Pepys is a historical account written during the mid-17th century. This volume of Pepys's renowned diary chronicles his daily life, responsibilities, and observations in London after the Restoration of Charles II, providing a vivid snapshot of life in that period through the eyes of a public servant and keen observer of society.  The opening of this volume introduces the reader to the everyday activities and social interactions of Pepys during June through August of 1661. He shares his experiences in his role as clerk of the acts and secretary to the Admiralty, detailing visits to various locations, interactions with notable figures, and insights into both personal and public matters. He discusses meetings with influential individuals, dinner gatherings, his enjoyment of the theatre, and the ongoing events in the Navy. Alongside this, the reader gains glimpses into his personal life, including his family dynamics and reflections on acquaintances, showcasing his wit and the era's social customs. The early entries set a tone of both professional diligence and personal engagement, inviting readers into the intricate tapestry of restoration-era England. (This is an automatically generated summary.)"
    ],
    "editors": [
      {
        "name": "Wheatley, Henry B. (Henry Benjamin)",
        "birth_year": 1838,
        "death_year": 1917
      },
      {
        "name": "Braybrooke, Richard Griffin, Baron",
        "birth_year": 1783,
        "death_year": 1858
      }
    ],
    "translators": [
      {
        "name": "Bright, Mynors",
        "birth_year": 1818,
        "death_year": 1883
      }
    ],
    "subjects": [
      "Cabinet officers -- Great Britain -- Diaries",
      "Diarists -- Great Britain -- Diaries",
      "Great Britain -- History -- Charles II, 1660-1685 -- Sources",
      "Great Britain -- Social life and customs -- 17th century -- Sources",
      "Pepys, Samuel, 1633-1703 -- Diaries"
    ],
    "bookshelves": [
      "Category: Biographies",
      "Category: History - British",
      "Category: History - Early Modern (c. 1450-1750)"
    ],
    "languages": [
      "en"
    ],
    "copyright": false,
    "media_type": "Text",
    "formats": {
      "text/html": "https://www.gutenberg.org/ebooks/4128.html.images",
      "application/epub+zip": "https://www.gutenberg.org/ebooks/4128.epub3.images",
      "application/x-mobipocket-ebook": "https://www.gutenberg.org/ebooks/4128.kf8.images",
      "text/plain; charset=us-ascii": "https://www.gutenberg.org/ebooks/4128.txt.utf-8",
      "application/rdf+xml": "https://www.gutenberg.org/ebooks/4128.rdf",
      "image/jpeg": "https://www.gutenberg.org/cache/epub/4128/pg4128.cover.medium.jpg",
      "application/octet-stream": "https://www.gutenberg.org/files/4128/4128.zip"
    },
    "download_count": 277
  }
}