{
  "average_entropy_rate": 0.2604330815075023,
  "entropy_rate": [
    0.0,
    0.6982632401597814,
    0.0,
    0.0,
    0.6019248860232149,
    0.0,
    0.0,
    0.5209165900453452,
    0.7376616570660662,
    0.6983529826354253,
    0.0,
    0.0,
    0.0,
    0.0,
    0.0,
    0.7401442577055571,
    0.0,
    0.0,
    0.0,
    0.0,
    0.6687259383313671,
    0.0,
    0.0,
    0.0,
    0.0,
    0.6955588643110133,
    0.0,
    0.0,
    0.0,
    0.7806390622295665,
    0.0,
    0.6448594421108637,
    0.0,
    0.6467502749009516,
    0.0,
    0.6780351362465961,
    0.622308013854917,
    0.6450069783753384,
    0.6806753964910803,
    0.0,
    0.6179336213205078
  ],
  "estimated_posterior_probability": 58.79750061035156,
  "input": "./smaller_in/Guten_index2855.txt",
  "prevalence_assumed": 0.5,
  "process_length": 80000,
  "gutenberg": {
    "id": 2855,
    "title": "Elissa; Or, The Doom of Zimbabwe",
    "authors": [
      {
        "name": "Haggard, H. Rider (Henry Rider)",
        "birth_year": 1856,
        "death_year": 1925
      }
    ],
    "summaries": [
      "\"Elissa; Or, The Doom of Zimbabwe\" by H. Rider Haggard is a historical novel written during the late 19th century. The narrative explores the ancient civilization of Zimbabwe, intertwining themes of love, survival, and the clash of cultures as the story follows the character Aziel, a Jewish prince, who journeys to the legendary city of Zimboe. His path intersects with Elissa, a priestess of Baaltis, leading to moral and spiritual dilemmas amidst the backdrop of impending doom for their world.  At the start of the novel, we are introduced to a caravan arriving at the ancient city of Zimboe after an arduous journey fraught with danger. Aziel, a prince of royal blood, expresses his relief and gratitude upon reaching the fabled city. He encounters Metem, a Phœnician merchant, and learns about the challenges that lie ahead, including threats from the barbarian Ithobal who desires Elissa’s hand in marriage. Elissa herself emerges as a strong and complex character, struggling with the demands of her faith and the pressures of her society. The opening sections set the stage for a tale of adventure and intrigue that promises to explore not only the external conflicts of culture and power but also the internal battles of love and faith as Aziel and Elissa's fates become intertwined against the tapestry of a crumbling civilization. (This is an automatically generated summary.)"
    ],
    "editors": [],
    "translators": [],
    "subjects": [
      "Zimbabwe -- Fiction"
    ],
    "bookshelves": [
      "Category: Adventure",
      "Category: Historical Novels"
    ],
    "languages": [
      "en"
    ],
    "copyright": false,
    "media_type": "Text",
    "formats": {
      "text/html": "https://www.gutenberg.org/ebooks/2855.html.images",
      "application/epub+zip": "https://www.gutenberg.org/ebooks/2855.epub3.images",
      "application/x-mobipocket-ebook": "https://www.gutenberg.org/ebooks/2855.kf8.images",
      "text/plain; charset=us-ascii": "https://www.gutenberg.org/ebooks/2855.txt.utf-8",
      "application/rdf+xml": "https://www.gutenberg.org/ebooks/2855.rdf",
      "image/jpeg": "https://www.gutenberg.org/cache/epub/2855/pg2855.cover.medium.jpg",
      "application/octet-stream": "https://www.gutenberg.org/files/2855/2855-0.zip"
    },
    "download_count": 381
  }
}