{
  "average_entropy_rate": 0.2075879175345966,
  "entropy_rate": [
    0.6610896709625095,
    0.6610896709625095,
    0.6610896709625095,
    0.0,
    0.0,
    0.0,
    0.0,
    0.0,
    0.0,
    0.0,
    0.8762857990911928,
    0.0,
    0.0,
    0.0,
    0.0,
    0.0,
    0.0,
    0.0,
    0.0,
    0.0,
    0.0,
    0.0,
    0.6054338248266425,
    0.0,
    0.0,
    0.0,
    0.0,
    0.0,
    0.0,
    0.0,
    0.0,
    0.9035307273380476,
    0.6610896709625095,
    0.0,
    0.6610896709625095,
    0.0,
    0.8762857990911928,
    1.0405893864207914,
    0.0,
    0.0,
    0.9035307273380476
  ],
  "estimated_posterior_probability": 56.669498443603516,
  "input": "./smaller_in/Guten_index3175.txt",
  "prevalence_assumed": 0.5,
  "process_length": 80000,
  "gutenberg": {
    "id": 3175,
    "title": "Mark Twain's Burlesque Autobiography",
    "authors": [
      {
        "name": "Twain, Mark",
        "birth_year": 1835,
        "death_year": 1910
      }
    ],
    "summaries": [
      "\"Mark Twain's Burlesque Autobiography\" by Mark Twain is a book published in 1871. This satirical work contains two short stories featuring fictional characters Twain claims are part of his family lineage, despite bearing no relationship to his actual life. The narrative builds to a crisis before Twain abruptly abandons his hero, declaring he cannot resolve the predicament. Notably, the book's illustrations lampoon the Erie Railroad Ring rather than relate to the text itself. (This is an automatically generated summary.)"
    ],
    "editors": [],
    "translators": [],
    "subjects": [
      "American wit and humor"
    ],
    "bookshelves": [
      "Category: American Literature",
      "Category: Humour"
    ],
    "languages": [
      "en"
    ],
    "copyright": false,
    "media_type": "Text",
    "formats": {
      "text/html": "https://www.gutenberg.org/ebooks/3175.html.images",
      "application/epub+zip": "https://www.gutenberg.org/ebooks/3175.epub3.images",
      "application/x-mobipocket-ebook": "https://www.gutenberg.org/ebooks/3175.kf8.images",
      "text/plain; charset=us-ascii": "https://www.gutenberg.org/ebooks/3175.txt.utf-8",
      "application/rdf+xml": "https://www.gutenberg.org/ebooks/3175.rdf",
      "image/jpeg": "https://www.gutenberg.org/cache/epub/3175/pg3175.cover.medium.jpg",
      "application/octet-stream": "https://www.gutenberg.org/files/3175/3175-0.zip"
    },
    "download_count": 427
  }
}