{
  "average_entropy_rate": 0.2189722313773088,
  "entropy_rate": [
    0.0,
    0.0,
    0.0,
    0.0,
    0.0,
    0.0,
    0.7166778817874812,
    0.0,
    0.4855002875895684,
    0.5925539470706834,
    0.0,
    0.0,
    0.0,
    0.0,
    0.0,
    0.0,
    0.0,
    0.0,
    0.0,
    0.6686619808940312,
    0.0,
    0.611373751333407,
    0.0,
    0.0,
    0.0,
    0.0,
    0.0,
    0.0,
    0.8115299327671536,
    0.5892959542330486,
    0.0,
    0.0,
    0.0,
    0.6189861496814312,
    0.6479181946691543,
    0.7297153371970767,
    0.0,
    0.6343880227404797,
    0.5925047254995522,
    0.6474004647331998,
    0.6313548562733938
  ],
  "estimated_posterior_probability": 57.108009338378906,
  "input": "./smaller_in/Guten_index618.txt",
  "prevalence_assumed": 0.5,
  "process_length": 80000,
  "gutenberg": {
    "id": 618,
    "title": "Codex Junius 11",
    "authors": [
      {
        "name": "Unknown",
        "birth_year": null,
        "death_year": null
      }
    ],
    "summaries": [
      "\"Codex Junius 11\" by Unknown is a manuscript written in the 10th century containing four Old English poems on Biblical subjects: Genesis, Exodus, Daniel, and Christ and Satan. This illustrated codex tells stories from Creation through Satan's fall, the Israelites' escape from Egypt, Daniel's trials, and Christ's temptation. Notable for its distinctive Genesis B section—translated from Old Saxon and featuring an epic retelling of Satan and humanity's falls—the manuscript represents one of Anglo-Saxon England's four major literary codices. (This is an automatically generated summary.)"
    ],
    "editors": [],
    "translators": [],
    "subjects": [
      "Bible -- History of Biblical events -- Poetry",
      "English poetry -- Old English, ca. 450-1100"
    ],
    "bookshelves": [
      "Category: British Literature",
      "Category: Classics of Literature",
      "Category: Mythology, Legends & Folklore",
      "Category: Poetry",
      "Category: Religion/Spirituality"
    ],
    "languages": [
      "en"
    ],
    "copyright": false,
    "media_type": "Text",
    "formats": {
      "text/html": "https://www.gutenberg.org/ebooks/618.html.images",
      "text/html; charset=iso-8859-1": "https://www.gutenberg.org/files/618/618-h/618-h.htm",
      "application/epub+zip": "https://www.gutenberg.org/ebooks/618.epub3.images",
      "application/x-mobipocket-ebook": "https://www.gutenberg.org/ebooks/618.kf8.images",
      "text/plain; charset=us-ascii": "https://www.gutenberg.org/ebooks/618.txt.utf-8",
      "application/rdf+xml": "https://www.gutenberg.org/ebooks/618.rdf",
      "image/jpeg": "https://www.gutenberg.org/cache/epub/618/pg618.cover.medium.jpg",
      "application/octet-stream": "https://www.gutenberg.org/cache/epub/618/pg618-h.zip"
    },
    "download_count": 524
  }
}