{
  "average_entropy_rate": 0.01711395584058787,
  "entropy_rate": [
    0.18365916368523497,
    0.0,
    0.0,
    0.0,
    0.0,
    0.0,
    0.0,
    0.0,
    0.0,
    0.0,
    0.0,
    0.0,
    0.0,
    0.0,
    0.0,
    0.0,
    0.306098606142058,
    0.0,
    0.0,
    0.0,
    0.0,
    0.0,
    0.0,
    0.0,
    0.0,
    0.0,
    0.0,
    0.0,
    0.0,
    0.0,
    0.0,
    0.0,
    0.2119144196368097,
    0.0,
    0.0,
    0.0,
    0.0,
    0.0,
    0.0,
    0.0,
    0.0
  ],
  "estimated_posterior_probability": 50.46944046020508,
  "input": "./smaller_in/Guten_index870.txt",
  "prevalence_assumed": 0.5,
  "process_length": 80000,
  "gutenberg": {
    "id": 870,
    "title": "The Love of Ulrich Nebendahl",
    "authors": [
      {
        "name": "Jerome, Jerome K. (Jerome Klapka)",
        "birth_year": 1859,
        "death_year": 1927
      }
    ],
    "summaries": [
      "\"The Love of Ulrich Nebendahl\" by Jerome K. Jerome is a poignant novella written in the early 20th century. This work weaves together elements of romance and philosophical reflection set against the backdrop of war-torn Germany. At its core, it explores themes of love, duty, and the moral complexities surrounding relationships and patriotism.  The story follows Ulrich Nebendahl, a kindly wheelwright who grapples with the nature of love and his feelings for several women in his village. Guided by the village pastor, Ulrich contemplates his responsibilities as a man and the implications of choosing a partner. However, his journey is disrupted by the harsh realities of conflict, as he encounters a wounded French soldier during the war and ultimately discovers that his true love extends beyond romantic notions; it encompasses his entire village and its inhabitants. In a striking culmination, Ulrich sacrifices his life to protect the village he loves, and his act of bravery leads to posthumous recognition as a hero, embodying the profound message that true love can manifest in selfless sacrifice for others. (This is an automatically generated summary.)"
    ],
    "editors": [],
    "translators": [],
    "subjects": [
      "Pastoral fiction",
      "Short stories",
      "Villages -- Fiction"
    ],
    "bookshelves": [
      "Category: Novels",
      "Category: Romance"
    ],
    "languages": [
      "en"
    ],
    "copyright": false,
    "media_type": "Text",
    "formats": {
      "text/html": "https://www.gutenberg.org/ebooks/870.html.images",
      "text/html; charset=us-ascii": "https://www.gutenberg.org/files/870/870-h/870-h.htm",
      "application/epub+zip": "https://www.gutenberg.org/ebooks/870.epub3.images",
      "application/x-mobipocket-ebook": "https://www.gutenberg.org/ebooks/870.kf8.images",
      "text/plain; charset=us-ascii": "https://www.gutenberg.org/ebooks/870.txt.utf-8",
      "application/rdf+xml": "https://www.gutenberg.org/ebooks/870.rdf",
      "image/jpeg": "https://www.gutenberg.org/cache/epub/870/pg870.cover.medium.jpg",
      "application/octet-stream": "https://www.gutenberg.org/cache/epub/870/pg870-h.zip"
    },
    "download_count": 312
  }
}