{
  "average_entropy_rate": 0.24784029384084855,
  "entropy_rate": [
    0.0,
    0.0,
    0.8349029708563094,
    0.7792038214563127,
    0.5959927336114799,
    0.0,
    0.7788723943528904,
    0.0,
    0.0,
    0.0,
    0.0,
    0.0,
    0.0,
    0.0,
    0.0,
    0.0,
    0.0,
    0.0,
    0.0,
    0.0,
    0.0,
    0.0,
    0.0,
    0.0,
    0.7742903082182115,
    0.7765638009632801,
    0.0,
    0.0,
    0.0,
    0.0,
    0.8943276103923614,
    0.0,
    0.7810723006585129,
    0.7793702867441075,
    0.7795601521910748,
    0.7147427807935405,
    0.0,
    0.0,
    0.776892280207772,
    0.8956606070289374,
    0.0
  ],
  "estimated_posterior_probability": 58.269588470458984,
  "input": "./smaller_in/Guten_index3613.txt",
  "prevalence_assumed": 0.5,
  "process_length": 80000,
  "gutenberg": {
    "id": 3613,
    "title": "Miscellaneous Pieces",
    "authors": [
      {
        "name": "Bunyan, John",
        "birth_year": 1628,
        "death_year": 1688
      }
    ],
    "summaries": [
      "\"Miscellaneous Pieces by John Bunyan\" is a collection of theological writings produced in the late 17th century. This compilation delves into various aspects of the Christian faith, offering insights into topics such as the Trinity, the relationship between law and grace, the nature of sin, and reflections from Bunyan's last days. It serves as both a devotional work and a guide for believers seeking a deeper understanding of their spiritual journey.  The book is structured around several key pieces, including essays on the Trinity and the Christian experience, where Bunyan provides comforting guidance for those unsettled in their faith. In discussing the law, he contrasts the experiences of believers and non-believers, revealing that believers are no longer under the law’s condemnation but are instead guided by grace. Bunyan's final sermon elucidates the necessity of being born of God, emphasizing that true salvation comes not from human effort but from divine grace. His heartfelt reflections on sin, prayer, and the joys and terrors of the afterlife offer a compelling testament to his devout Christian belief and serve as a source of encouragement for readers grappling with their own faith. (This is an automatically generated summary.)"
    ],
    "editors": [],
    "translators": [],
    "subjects": [
      "Christianity"
    ],
    "bookshelves": [
      "Category: British Literature",
      "Category: Essays, Letters & Speeches",
      "Category: Religion/Spirituality",
      "Christianity"
    ],
    "languages": [
      "en"
    ],
    "copyright": false,
    "media_type": "Text",
    "formats": {
      "text/html": "https://www.gutenberg.org/ebooks/3613.html.images",
      "application/epub+zip": "https://www.gutenberg.org/ebooks/3613.epub3.images",
      "application/x-mobipocket-ebook": "https://www.gutenberg.org/ebooks/3613.kf8.images",
      "text/plain; charset=us-ascii": "https://www.gutenberg.org/ebooks/3613.txt.utf-8",
      "application/rdf+xml": "https://www.gutenberg.org/ebooks/3613.rdf",
      "image/jpeg": "https://www.gutenberg.org/cache/epub/3613/pg3613.cover.medium.jpg",
      "application/octet-stream": "https://www.gutenberg.org/files/3613/3613-0.zip"
    },
    "download_count": 237
  }
}