{
  "average_entropy_rate": 0.16018296767548312,
  "entropy_rate": [
    0.0,
    0.0,
    0.0,
    0.6212864785917405,
    0.4433033857019375,
    0.45611192425340347,
    0.5426542628530356,
    0.0,
    0.0,
    0.0,
    0.0,
    0.0,
    0.0,
    0.0,
    0.0,
    0.7455218438153755,
    0.0,
    0.0,
    0.0,
    0.0,
    0.0,
    0.0,
    0.0,
    0.0,
    0.0,
    0.687942089673754,
    0.0,
    0.0,
    0.0,
    0.0,
    0.0,
    0.0,
    0.45759585561246885,
    0.0,
    0.43839809455368534,
    0.6438556270168193,
    0.7489906961959967,
    0.0,
    0.0,
    0.7818414164265904,
    0.0
  ],
  "estimated_posterior_probability": 54.931373596191406,
  "input": "./smaller_in/Guten_index3477.txt",
  "prevalence_assumed": 0.5,
  "process_length": 80000,
  "gutenberg": {
    "id": 3477,
    "title": "The Verse-Book of a Homely Woman",
    "authors": [
      {
        "name": "Inchfawn, Fay",
        "birth_year": 1880,
        "death_year": 1978
      }
    ],
    "summaries": [
      "\"The Verse-Book of a Homely Woman\" by Fay Inchfawn is a collection of poems reflecting domestic life, written during the early 20th century. This book captures the everyday experiences, thoughts, and emotions of a woman navigating the challenges of home and family life. Through a blend of personal and universal themes, the work offers insight into the often-overlooked beauty and struggles faced by women in a domestic setting.  In this collection, the author presents a series of heartfelt poems that explore various aspects of a woman's life, both indoors and outdoors. The topics range from the mundane tasks of housekeeping to deeper reflections on motherhood, spirituality, and the passage of time. Poems like \"To Mother\" evoke nostalgia and gratitude toward the nurturing role of mothers, while \"On Washing Day\" humorously details the trials of domestic chores. Through vivid imagery and relatable experiences, Inchfawn captures the joys, trials, and profound moments of everyday life, creating a tapestry of warmth and authenticity that resonates with readers. Overall, the collection celebrates the essence of femininity and the significant yet often unrecognized role women play in shaping homes and families. (This is an automatically generated summary.)"
    ],
    "editors": [],
    "translators": [],
    "subjects": [
      "English poetry",
      "Housewives -- Poetry"
    ],
    "bookshelves": [
      "Category: Poetry"
    ],
    "languages": [
      "en"
    ],
    "copyright": false,
    "media_type": "Text",
    "formats": {
      "text/html": "https://www.gutenberg.org/ebooks/3477.html.images",
      "application/epub+zip": "https://www.gutenberg.org/ebooks/3477.epub3.images",
      "application/x-mobipocket-ebook": "https://www.gutenberg.org/ebooks/3477.kf8.images",
      "text/plain; charset=us-ascii": "https://www.gutenberg.org/ebooks/3477.txt.utf-8",
      "application/rdf+xml": "https://www.gutenberg.org/ebooks/3477.rdf",
      "image/jpeg": "https://www.gutenberg.org/cache/epub/3477/pg3477.cover.medium.jpg",
      "application/octet-stream": "https://www.gutenberg.org/files/3477/3477-h.zip"
    },
    "download_count": 271
  }
}