{
  "average_entropy_rate": 0.03515577857528782,
  "entropy_rate": [
    0.2169924970185682,
    0.0,
    0.0,
    0.0,
    0.0,
    0.0,
    0.0,
    0.0,
    0.0,
    0.0,
    0.0,
    0.0,
    0.0,
    0.0,
    0.0,
    0.0,
    0.0,
    0.0,
    0.0,
    0.0,
    0.0,
    0.0,
    0.0,
    0.0,
    0.0,
    0.0,
    0.0,
    0.0,
    0.0,
    0.9182958184261744,
    0.0,
    0.0,
    0.306098606142058,
    0.0,
    0.0,
    0.0,
    0.0,
    0.0,
    0.0,
    0.0,
    0.0
  ],
  "estimated_posterior_probability": 50.975563049316406,
  "input": "./smaller_in/Guten_index2584.txt",
  "prevalence_assumed": 0.5,
  "process_length": 80000,
  "gutenberg": {
    "id": 2584,
    "title": "The First 1000 Euler Numbers",
    "authors": [],
    "summaries": [
      "\"The First 1000 Euler Numbers\" by Simon Plouffe is a scientific publication likely written in the late 20th century. The work focuses on the mathematical constants known as Euler numbers, specifically presenting an extensive list of their values and highlighting their mathematical significance and applications in various fields of study.  At the start of the work, the author introduces the concept of Euler numbers, explaining their definition through a series expansion related to the exponential function. The opening portion showcases a list of the first 1000 Euler numbers, accompanied by their respective integer values. The presentation emphasizes the alternating nature of the numbers and their growing magnitude, indicating a deep exploration into pattern recognition and numerical properties that will likely follow in the subsequent sections of the publication. (This is an automatically generated summary.)"
    ],
    "editors": [
      {
        "name": "Plouffe, Simon",
        "birth_year": 1956,
        "death_year": null
      }
    ],
    "translators": [],
    "subjects": [
      "Mathematics"
    ],
    "bookshelves": [
      "Category: Mathematics",
      "Mathematics"
    ],
    "languages": [
      "en"
    ],
    "copyright": false,
    "media_type": "Text",
    "formats": {
      "text/html": "https://www.gutenberg.org/ebooks/2584.html.images",
      "application/epub+zip": "https://www.gutenberg.org/ebooks/2584.epub3.images",
      "application/x-mobipocket-ebook": "https://www.gutenberg.org/ebooks/2584.kf8.images",
      "text/plain; charset=us-ascii": "https://www.gutenberg.org/ebooks/2584.txt.utf-8",
      "application/rdf+xml": "https://www.gutenberg.org/ebooks/2584.rdf",
      "image/jpeg": "https://www.gutenberg.org/cache/epub/2584/pg2584.cover.medium.jpg",
      "application/octet-stream": "https://www.gutenberg.org/cache/epub/2584/pg2584-h.zip"
    },
    "download_count": 231
  }
}