{
  "average_entropy_rate": 0.44275779868666654,
  "entropy_rate": [
    0.7092878705060738,
    1.023017639124095,
    0.0,
    0.0,
    1.023017639124095,
    1.023017639124095,
    0.0,
    0.0,
    0.0,
    0.0,
    0.0,
    0.0,
    0.8407481678736086,
    1.0205947297426115,
    0.0,
    0.8407481678736086,
    0.0,
    0.8806419348764118,
    0.0,
    0.0,
    0.0,
    0.8407481678736086,
    0.8407481678736086,
    0.0,
    0.0,
    0.0,
    0.0,
    0.0,
    0.0,
    0.0,
    0.0,
    0.8407481678736086,
    0.7880976338956375,
    1.023017639124095,
    0.8407481678736086,
    1.0205947297426115,
    1.0520311409070298,
    0.8407481678736086,
    1.023017639124095,
    0.8407481678736086,
    0.8407481678736086
  ],
  "estimated_posterior_probability": 68.17683410644531,
  "input": "./smaller_in/Guten_index2510.txt",
  "prevalence_assumed": 0.5,
  "process_length": 80000,
  "gutenberg": {
    "id": 2510,
    "title": "The Invention of a New Religion",
    "authors": [
      {
        "name": "Chamberlain, Basil Hall",
        "birth_year": 1850,
        "death_year": 1935
      }
    ],
    "summaries": [
      "\"The Invention of a New Religion\" by Basil Hall Chamberlain is a critical essay written in the early 20th century. The book examines the emergence of a new form of religion in Japan, specifically focusing on the worship of the Emperor as a divine figure alongside the promotion of patriotic ideologies. Chamberlain, an esteemed scholar of Japanese culture, analyzes how contemporary Japanese society has crafted this new religious framework, influenced by political needs and historical contexts.  In this insightful work, Chamberlain argues that the new Japanese religion arose as a construct to unify the nation and serve the interests of the governing elite. He discusses how the Shinto principles were revitalized to support the Emperor's authority and legitimize the state's power, while drawing parallels with historical examples of fabricated religious identities. He critiques the manipulation of history and mythology by the Japanese bureaucracy, emphasizing the contradictions inherent in their narrative of loyalty and empowerment. Throughout the book, Chamberlain illustrates how this constructed belief system affects not only the political landscape but also the cultural identity of the Japanese people, creating a complex relationship between historical truth and contemporary belief. (This is an automatically generated summary.)"
    ],
    "editors": [],
    "translators": [],
    "subjects": [
      "Japan -- Civilization",
      "Japan -- Religion"
    ],
    "bookshelves": [
      "Category: Essays, Letters & Speeches",
      "Category: History - Religious",
      "Category: Politics",
      "Category: Religion/Spirituality"
    ],
    "languages": [
      "en"
    ],
    "copyright": false,
    "media_type": "Text",
    "formats": {
      "text/html": "https://www.gutenberg.org/ebooks/2510.html.images",
      "text/html; charset=us-ascii": "https://www.gutenberg.org/files/2510/2510-h/2510-h.htm",
      "application/epub+zip": "https://www.gutenberg.org/ebooks/2510.epub3.images",
      "application/x-mobipocket-ebook": "https://www.gutenberg.org/ebooks/2510.kf8.images",
      "text/plain; charset=us-ascii": "https://www.gutenberg.org/ebooks/2510.txt.utf-8",
      "application/rdf+xml": "https://www.gutenberg.org/ebooks/2510.rdf",
      "image/jpeg": "https://www.gutenberg.org/cache/epub/2510/pg2510.cover.medium.jpg",
      "application/octet-stream": "https://www.gutenberg.org/cache/epub/2510/pg2510-h.zip"
    },
    "download_count": 431
  }
}