{
  "average_entropy_rate": 0.1747519081158119,
  "entropy_rate": [
    0.2986426612559629,
    0.507129047415786,
    0.507129047415786,
    0.3162098766239608,
    0.3162098766239608,
    0.3162098766239608,
    0.3785611199019245,
    0.0,
    0.0,
    0.0,
    0.0,
    0.0,
    0.0,
    0.507129047415786,
    0.0,
    0.0,
    0.0,
    0.0,
    0.0,
    0.0,
    0.0,
    0.0,
    0.0,
    0.0,
    0.0,
    0.507129047415786,
    0.0,
    0.0,
    0.0,
    0.0,
    0.0,
    0.0,
    0.3162098766239608,
    0.507129047415786,
    0.507129047415786,
    0.3162098766239608,
    0.3785611199019245,
    0.3162098766239608,
    0.507129047415786,
    0.15477169261842513,
    0.507129047415786
  ],
  "estimated_posterior_probability": 55.44853210449219,
  "input": "./smaller_in/Guten_index1988.txt",
  "prevalence_assumed": 0.5,
  "process_length": 80000,
  "gutenberg": {
    "id": 1988,
    "title": "The History of Tom Thumb: To Which Are Added the Stories of the Cat and the Mouse and Fire! Fire! Burn Stick!",
    "authors": [],
    "summaries": [
      "\"The History of Tom Thumb\" edited by Henry Altemus is a collection of children's tales likely written in the late 19th century. The main narrative focuses on the adventures of Tom Thumb, a tiny boy born no bigger than his father's thumb, who encounters various challenges and whimsical experiences. The book not only tells Tom's story but also includes additional tales such as \"The Cat and the Mouse\" and \"Fire! Fire! Burn Stick!\" that reflect classic storytelling for children.  The tale of Tom Thumb begins with the magical circumstances of his birth, as Merlin the magician grants a ploughman's wife's wish to have a son, albeit a very small one. As Tom grows, he engages in numerous mischievous antics, often finding himself in precarious situations due to his size. From being swallowed by a cow to being consumed by a giant, Tom's journey takes him to King Arthur's court, where he becomes the king's favorite and is knighted. His escapades continue with an array of humorous and perilous encounters until his untimely demise at the hands of a spider. The additional stories serve to complement Tom's adventures, reinforcing the themes of cleverness, bravery, and the whimsical nature of childhood folklore. (This is an automatically generated summary.)"
    ],
    "editors": [
      {
        "name": "Altemus, Henry",
        "birth_year": null,
        "death_year": null
      }
    ],
    "translators": [],
    "subjects": [
      "Children's stories",
      "Fairy tales -- England"
    ],
    "bookshelves": [
      "Category: British Literature",
      "Category: Children & Young Adult Reading",
      "Category: Mythology, Legends & Folklore"
    ],
    "languages": [
      "en"
    ],
    "copyright": false,
    "media_type": "Text",
    "formats": {
      "text/html": "https://www.gutenberg.org/ebooks/1988.html.images",
      "text/html; charset=us-ascii": "https://www.gutenberg.org/files/1988/1988-h/1988-h.htm",
      "application/epub+zip": "https://www.gutenberg.org/ebooks/1988.epub3.images",
      "application/x-mobipocket-ebook": "https://www.gutenberg.org/ebooks/1988.kf8.images",
      "text/plain; charset=us-ascii": "https://www.gutenberg.org/ebooks/1988.txt.utf-8",
      "application/rdf+xml": "https://www.gutenberg.org/ebooks/1988.rdf",
      "image/jpeg": "https://www.gutenberg.org/cache/epub/1988/pg1988.cover.medium.jpg",
      "application/octet-stream": "https://www.gutenberg.org/cache/epub/1988/pg1988-h.zip"
    },
    "download_count": 364
  }
}