{
  "average_entropy_rate": 0.2236715918558996,
  "entropy_rate": [
    0.7120636466157151,
    0.7032112680079259,
    0.0,
    0.6478688957233577,
    0.0,
    0.0,
    0.5551413496482481,
    0.0,
    0.0,
    0.0,
    0.6581038799649311,
    0.0,
    0.0,
    0.0,
    0.0,
    0.0,
    0.806646270356891,
    0.0,
    0.6569541711445739,
    0.0,
    0.0,
    0.0,
    0.0,
    0.8924156732922996,
    0.0,
    0.0,
    0.0,
    0.0,
    0.0,
    0.0,
    0.0,
    0.0,
    0.0,
    0.6581964532174235,
    0.0,
    0.6687935298686506,
    0.0,
    0.6580566821207643,
    0.6561020454156932,
    0.8969814007154099,
    0.0
  ],
  "estimated_posterior_probability": 57.2932243347168,
  "input": "./smaller_in/Guten_index1978.txt",
  "prevalence_assumed": 0.5,
  "process_length": 80000,
  "gutenberg": {
    "id": 1978,
    "title": "Buttercup Gold, and Other Stories",
    "authors": [
      {
        "name": "Field, Ellen Robena",
        "birth_year": null,
        "death_year": null
      }
    ],
    "summaries": [
      "\"Buttercup Gold, and Other Stories\" by Ellen Robena Field is a collection of children's stories written in the late 19th century. The book encompasses delightful tales that reflect themes of love, kindness, and the beauty of nature, appealing to the imaginative minds of young readers. Each story aims to convey moral lessons through whimsical characters and charming narratives, emphasizing the joys of the seasons and the wonders of childhood.  The stories within \"Buttercup Gold, and Other Stories\" transport readers into a world filled with enchanting characters such as Mother Nature, spirited children, and talking animals. For instance, in the titular story, a greedy man loses his pot of gold, which the fairies transform into cheerful buttercup flowers, illustrating the power of generosity. Other stories highlight the arrival of spring with its vibrant life, the cycle of nature with the metamorphosis of caterpillars into butterflies, and the gentle wonders found in simple acts of kindness—a message exemplified through characters like Maurice, who helps the New Year distribute blessings. Overall, Field's storytelling fosters a sense of wonder and inspires readers to appreciate the beauty in caring for one another and the world around them. (This is an automatically generated summary.)"
    ],
    "editors": [],
    "translators": [],
    "subjects": [
      "Children's poetry",
      "Children's stories"
    ],
    "bookshelves": [
      "Category: Children & Young Adult Reading",
      "Category: Short Stories"
    ],
    "languages": [
      "en"
    ],
    "copyright": false,
    "media_type": "Text",
    "formats": {
      "text/html": "https://www.gutenberg.org/ebooks/1978.html.images",
      "text/html; charset=us-ascii": "https://www.gutenberg.org/files/1978/1978-h/1978-h.htm",
      "application/epub+zip": "https://www.gutenberg.org/ebooks/1978.epub3.images",
      "application/x-mobipocket-ebook": "https://www.gutenberg.org/ebooks/1978.kf8.images",
      "text/plain; charset=us-ascii": "https://www.gutenberg.org/ebooks/1978.txt.utf-8",
      "application/rdf+xml": "https://www.gutenberg.org/ebooks/1978.rdf",
      "image/jpeg": "https://www.gutenberg.org/cache/epub/1978/pg1978.cover.medium.jpg",
      "application/octet-stream": "https://www.gutenberg.org/cache/epub/1978/pg1978-h.zip"
    },
    "download_count": 315
  }
}