{
  "average_entropy_rate": 0.29926677656578554,
  "entropy_rate": [
    0.0,
    0.0,
    0.0,
    0.0,
    0.5622298369143511,
    0.728304605908186,
    0.0,
    0.0,
    0.5278617303265873,
    0.0,
    0.0,
    0.7935957099176286,
    0.8892312514861465,
    0.6402272360300871,
    0.4943872731744185,
    0.0,
    0.0,
    0.6766030772180417,
    0.0,
    0.0,
    0.6791851030856283,
    0.0,
    0.0,
    0.0,
    0.0,
    0.0,
    0.0,
    0.0,
    0.0,
    0.0,
    0.44987187235043385,
    0.0,
    0.8082160166396019,
    0.6336203131742256,
    0.5181500581894821,
    0.7351823514724206,
    0.811462551083775,
    0.49441486012742414,
    0.4380372354023473,
    0.681092006161564,
    0.7082647505348554
  ],
  "estimated_posterior_probability": 60.503684997558594,
  "input": "./smaller_in/Guten_index1755.txt",
  "prevalence_assumed": 0.5,
  "process_length": 80000,
  "gutenberg": {
    "id": 1755,
    "title": "Ivanoff: A Play",
    "authors": [
      {
        "name": "Chekhov, Anton Pavlovich",
        "birth_year": 1860,
        "death_year": 1904
      }
    ],
    "summaries": [
      "\"Ivanoff: A Play\" by Anton Pavlovich Chekhov is a four-act drama first performed in 1887. Nikolai Ivanov, a debt-ridden government official, struggles with melancholy as his marriage crumbles and his tuberculosis-stricken wife unknowingly approaches death. When he becomes entangled with Sasha, his creditor's young daughter, a web of accusations about his motives begins to tighten. Chekhov's drama explores internal conflicts and moral judgment, building toward a shocking climax that questions whether redemption is possible for a man who has lost his appetite for life. (This is an automatically generated summary.)"
    ],
    "editors": [],
    "translators": [],
    "subjects": [
      "Russia -- Social life and customs -- 19th century -- Drama",
      "Russian drama -- Translations into English"
    ],
    "bookshelves": [
      "Category: Plays/Films/Dramas",
      "Category: Russian Literature"
    ],
    "languages": [
      "en"
    ],
    "copyright": false,
    "media_type": "Text",
    "formats": {
      "text/html": "https://www.gutenberg.org/ebooks/1755.html.images",
      "text/html; charset=iso-8859-1": "https://www.gutenberg.org/files/1755/1755-h/1755-h.htm",
      "application/epub+zip": "https://www.gutenberg.org/ebooks/1755.epub3.images",
      "application/x-mobipocket-ebook": "https://www.gutenberg.org/ebooks/1755.kf8.images",
      "text/plain; charset=us-ascii": "https://www.gutenberg.org/ebooks/1755.txt.utf-8",
      "text/plain; charset=iso-8859-1": "https://www.gutenberg.org/files/1755/1755-8.txt",
      "application/rdf+xml": "https://www.gutenberg.org/ebooks/1755.rdf",
      "image/jpeg": "https://www.gutenberg.org/cache/epub/1755/pg1755.cover.medium.jpg",
      "application/octet-stream": "https://www.gutenberg.org/cache/epub/1755/pg1755-h.zip"
    },
    "download_count": 623
  }
}