{
  "average_entropy_rate": 0.35004032089356896,
  "entropy_rate": [
    0.0,
    0.0,
    0.0,
    0.0,
    0.0,
    0.0,
    0.0,
    0.0,
    0.77649990012806,
    0.0,
    0.7813439890361914,
    0.0,
    0.6480843930691442,
    0.0,
    0.0,
    0.0,
    0.0,
    0.0,
    0.8792302101957754,
    0.0,
    0.0,
    0.0,
    0.781693698058207,
    0.0,
    0.0,
    0.8324198953011679,
    0.0,
    0.7858252029868341,
    0.0,
    0.8921199390274648,
    0.0,
    0.7980252598973453,
    0.8042458753678754,
    0.7931136672615519,
    0.7357078467303907,
    0.7492710361092833,
    0.8340652813938986,
    0.792697571739592,
    0.8788026110766833,
    0.7843550937182087,
    0.8041516855386536
  ],
  "estimated_posterior_probability": 62.95173263549805,
  "input": "./smaller_in/Guten_index1779.txt",
  "prevalence_assumed": 0.5,
  "process_length": 80000,
  "gutenberg": {
    "id": 1779,
    "title": "The Merchant of Venice",
    "authors": [
      {
        "name": "Shakespeare, William",
        "birth_year": 1564,
        "death_year": 1616
      }
    ],
    "summaries": [
      "\"The Merchant of Venice\" by William Shakespeare is a play written between 1596 and 1598. When Antonio defaults on a loan from Jewish moneylender Shylock, taken to help his friend Bassanio woo the wealthy Portia, the consequences threaten to be fatal. Shylock demands his contractual right: a pound of Antonio's flesh. Though classified as a comedy, the play is best remembered for its dramatic courtroom scenes and Shylock's famous speeches on humanity and justice. (This is an automatically generated summary.)"
    ],
    "editors": [],
    "translators": [],
    "subjects": [
      "Comedy plays",
      "Jews -- Italy -- Drama",
      "Moneylenders -- Drama",
      "Venice (Italy) -- Drama"
    ],
    "bookshelves": [
      "Category: British Literature",
      "Category: Classics of Literature",
      "Category: Plays/Films/Dramas"
    ],
    "languages": [
      "en"
    ],
    "copyright": false,
    "media_type": "Text",
    "formats": {
      "text/html": "https://www.gutenberg.org/ebooks/1779.html.images",
      "application/epub+zip": "https://www.gutenberg.org/ebooks/1779.epub3.images",
      "application/x-mobipocket-ebook": "https://www.gutenberg.org/ebooks/1779.kf8.images",
      "text/plain; charset=us-ascii": "https://www.gutenberg.org/ebooks/1779.txt.utf-8",
      "application/rdf+xml": "https://www.gutenberg.org/ebooks/1779.rdf",
      "image/jpeg": "https://www.gutenberg.org/cache/epub/1779/pg1779.cover.medium.jpg",
      "application/octet-stream": "https://www.gutenberg.org/cache/epub/1779/pg1779-h.zip"
    },
    "download_count": 270
  }
}