{
  "average_entropy_rate": 0.04269990365884026,
  "entropy_rate": [
    0.0,
    0.0,
    0.0,
    0.0,
    0.0,
    0.0,
    0.0,
    0.0,
    0.0,
    0.0,
    0.0,
    0.0,
    0.5835407436344222,
    0.0,
    0.0,
    0.0,
    0.27211712279709044,
    0.0,
    0.0,
    0.0,
    0.0,
    0.0,
    0.0,
    0.0,
    0.0,
    0.0,
    0.0,
    0.0,
    0.0,
    0.0,
    0.0,
    0.0,
    0.4056390622295664,
    0.0,
    0.0,
    0.48939912135137126,
    0.0,
    0.0,
    0.0,
    0.0,
    0.0
  ],
  "estimated_posterior_probability": 51.19131088256836,
  "input": "./smaller_in/Guten_index2228.txt",
  "prevalence_assumed": 0.5,
  "process_length": 80000,
  "gutenberg": {
    "id": 2228,
    "title": "Reineke Fuchs",
    "authors": [
      {
        "name": "Goethe, Johann Wolfgang von",
        "birth_year": 1749,
        "death_year": 1832
      }
    ],
    "summaries": [
      "\"Reineke Fuchs\" by Johann Wolfgang von Goethe is an epic poem written in 1793. Set in a royal court populated entirely by animals, this hexameter verse tale follows Reineke the fox, a cunning trickster accused of countless crimes against his fellow courtiers. When summoned to answer charges including theft, deception, and assault, Reineke outwits every messenger sent to fetch him. As his enemies demand execution, the clever fox must rely on his gift for manipulation to escape the hangman's noose and turn the tables on those who would condemn him. (This is an automatically generated summary.)"
    ],
    "editors": [],
    "translators": [],
    "subjects": [
      "Epic poetry",
      "German poetry -- 18th century",
      "Reynard the Fox (Legendary character) -- Poetry"
    ],
    "bookshelves": [
      "Category: German Literature",
      "Category: Mythology, Legends & Folklore",
      "Category: Poetry",
      "DE Lyrik"
    ],
    "languages": [
      "de"
    ],
    "copyright": false,
    "media_type": "Text",
    "formats": {
      "text/html": "https://www.gutenberg.org/ebooks/2228.html.images",
      "application/epub+zip": "https://www.gutenberg.org/ebooks/2228.epub3.images",
      "application/x-mobipocket-ebook": "https://www.gutenberg.org/ebooks/2228.kf8.images",
      "text/plain; charset=us-ascii": "https://www.gutenberg.org/ebooks/2228.txt.utf-8",
      "text/plain; charset=iso-8859-1": "https://www.gutenberg.org/files/2228/2228-8.txt",
      "application/rdf+xml": "https://www.gutenberg.org/ebooks/2228.rdf",
      "image/jpeg": "https://www.gutenberg.org/cache/epub/2228/pg2228.cover.medium.jpg",
      "application/octet-stream": "https://www.gutenberg.org/cache/epub/2228/pg2228-h.zip"
    },
    "download_count": 363
  }
}