{
  "average_entropy_rate": 0.0308990079062775,
  "entropy_rate": [
    0.19419011538178785,
    0.23117870878784258,
    0.0,
    0.0,
    0.0,
    0.0,
    0.0,
    0.0,
    0.0,
    0.0,
    0.0,
    0.0,
    0.0,
    0.0,
    0.0,
    0.0,
    0.0,
    0.0,
    0.0,
    0.0,
    0.0,
    0.0,
    0.0,
    0.0,
    0.0,
    0.0,
    0.0,
    0.3236501923029797,
    0.0,
    0.0,
    0.0,
    0.0,
    0.3236501923029797,
    0.19419011538178785,
    0.0,
    0.0,
    0.0,
    0.0,
    0.0,
    0.0,
    0.0
  ],
  "estimated_posterior_probability": 50.85466003417969,
  "input": "./smaller_in/Guten_index2840.txt",
  "prevalence_assumed": 0.5,
  "process_length": 80000,
  "gutenberg": {
    "id": 2840,
    "title": "De Franse Pers",
    "authors": [
      {
        "name": "Heine, Heinrich",
        "birth_year": 1797,
        "death_year": 1856
      }
    ],
    "summaries": [
      "\"De Franse Pers\" by Heinrich Heine is a critical examination of the French newspaper industry, written in the early 19th century. This nonfiction work explores the oligarchic nature of the French press, highlighting the way in which wealthy capitalists and industrialists control newspaper publications. Heine discusses the lack of true democracy in the press, as these publications often serve specific political interests, rather than providing a platform for diverse viewpoints.  In the text, Heine likens the editor-in-chief of a French newspaper to a condottiere, or mercenary leader, emphasizing the disciplined and loyal structure of the editorial staff, who are bound to support the interests of their financial backers. He argues that this creates a narrow scope for journalistic expression, with significant limitations placed on the topics that can be covered. For those wishing to voice ideas that fall outside the political confines of these papers, Heine insists that they face systemic barriers, as alternative perspectives are typically dismissed with the phrase, \"CELA N'ENTRE PAS DANS L'IDÉE DE NOTRE JOURNAL.\" Ultimately, Heine's work serves as a critique of the suppression of genuine expression in the press and the resulting impact on societal discourse. (This is an automatically generated summary.)"
    ],
    "editors": [],
    "translators": [],
    "subjects": [
      "Journalism -- France -- History -- 19th century"
    ],
    "bookshelves": [
      "Category: French Literature",
      "Category: Journalism/Media/Writing"
    ],
    "languages": [
      "nl"
    ],
    "copyright": false,
    "media_type": "Text",
    "formats": {
      "text/html": "https://www.gutenberg.org/ebooks/2840.html.images",
      "application/epub+zip": "https://www.gutenberg.org/ebooks/2840.epub3.images",
      "application/x-mobipocket-ebook": "https://www.gutenberg.org/ebooks/2840.kf8.images",
      "text/plain; charset=us-ascii": "https://www.gutenberg.org/ebooks/2840.txt.utf-8",
      "application/rdf+xml": "https://www.gutenberg.org/ebooks/2840.rdf",
      "image/jpeg": "https://www.gutenberg.org/cache/epub/2840/pg2840.cover.medium.jpg",
      "application/octet-stream": "https://www.gutenberg.org/files/2840/2840.zip"
    },
    "download_count": 225
  }
}