{
  "average_entropy_rate": 0.267698066312259,
  "entropy_rate": [
    0.67206199759219,
    0.5298794915055146,
    0.0,
    0.0,
    0.8181624318513617,
    0.0,
    0.0,
    0.7092822215997985,
    0.7092822215997985,
    0.7092822215997985,
    0.0,
    0.5770051331491592,
    0.7092822215997985,
    0.0,
    0.0,
    0.0,
    0.0,
    0.0,
    0.0,
    0.0,
    0.0,
    0.0,
    0.0,
    0.0,
    0.0,
    0.0,
    0.0,
    0.0,
    0.0,
    0.0,
    0.0,
    0.0,
    0.8181624318513617,
    0.5887549905616823,
    0.7092822215997985,
    0.5880542478931656,
    0.7092822215997985,
    0.7092822215997985,
    0.7092822215997985,
    0.7092822215997985,
    0.0
  ],
  "estimated_posterior_probability": 59.105499267578125,
  "input": "./smaller_in/Guten_index1593.txt",
  "prevalence_assumed": 0.5,
  "process_length": 80000,
  "gutenberg": {
    "id": 1593,
    "title": "How to Tell the Birds from the Flowers: A Manual of Flornithology for Beginners",
    "authors": [
      {
        "name": "Wood, Robert Williams",
        "birth_year": 1868,
        "death_year": 1955
      }
    ],
    "summaries": [
      "\"How to Tell the Birds from the Flowers: A Manual of Flornithology for Beginners\" by Robert Williams Wood is a whimsical, illustrated guidebook published in the early 20th century. This unique work blends elements of poetry and humor, aiming to help readers distinguish between birds and plants through playful comparisons. The notable characteristic of this book is its creative approach to natural observation, making it an educational yet entertaining read.  The content comprises a series of humorous verses and illustrations that cleverly juxtapose various birds with corresponding plants, encouraging readers to observe their distinctive traits. Each pairing, such as the \"Crow\" with the \"Crocus\" and the \"Pea\" with the \"Pewee,\" provides lighthearted commentary on how to tell these entities apart based on their behaviors, appearances, or sounds. Wood’s playful tone invites beginners to engage with nature in a fun way, making this manual a delightful introduction to the world of flornithology while fostering a sense of curiosity and appreciation for the natural world. (This is an automatically generated summary.)"
    ],
    "editors": [],
    "translators": [],
    "subjects": [
      "American wit and humor",
      "Nature study -- Humor"
    ],
    "bookshelves": [
      "Category: How To ...",
      "Category: Humour",
      "Category: Nature/Gardening/Animals",
      "Category: Poetry"
    ],
    "languages": [
      "en"
    ],
    "copyright": false,
    "media_type": "Text",
    "formats": {
      "text/html": "https://www.gutenberg.org/ebooks/1593.html.images",
      "text/html; charset=us-ascii": "https://www.gutenberg.org/files/1593/1593-h/1593-h.htm",
      "application/epub+zip": "https://www.gutenberg.org/ebooks/1593.epub3.images",
      "application/x-mobipocket-ebook": "https://www.gutenberg.org/ebooks/1593.kf8.images",
      "text/plain; charset=us-ascii": "https://www.gutenberg.org/ebooks/1593.txt.utf-8",
      "application/rdf+xml": "https://www.gutenberg.org/ebooks/1593.rdf",
      "image/jpeg": "https://www.gutenberg.org/cache/epub/1593/pg1593.cover.medium.jpg",
      "application/octet-stream": "https://www.gutenberg.org/cache/epub/1593/pg1593-h.zip"
    },
    "download_count": 343
  }
}