{
  "average_entropy_rate": 0.1297272790736263,
  "entropy_rate": [
    0.0,
    0.0,
    0.0,
    0.0,
    0.0,
    0.4311278112737896,
    0.7806390622295668,
    0.7806390622295668,
    0.0,
    0.0,
    0.0,
    0.0,
    0.0,
    0.0,
    0.0,
    0.49177782099843814,
    0.0,
    0.0,
    0.0,
    0.0,
    0.0,
    0.0,
    0.0,
    0.0,
    0.0,
    0.0,
    0.0,
    0.0,
    0.0,
    0.0,
    0.0,
    0.0,
    0.49271749859861697,
    0.0,
    0.7806390622295668,
    0.7806390622295668,
    0.0,
    0.7806390622295668,
    0.0,
    0.0,
    0.0
  ],
  "estimated_posterior_probability": 53.88778305053711,
  "input": "./smaller_in/Guten_index1543.txt",
  "prevalence_assumed": 0.5,
  "process_length": 80000,
  "gutenberg": {
    "id": 1543,
    "title": "A Lover's Complaint",
    "authors": [
      {
        "name": "Shakespeare, William",
        "birth_year": 1564,
        "death_year": 1616
      }
    ],
    "summaries": [
      "\"A Lover's Complaint\" by William Shakespeare is a narrative poem published in 1609 alongside Shakespeare's Sonnets. Written in rhyme royal, the poem tells the story of a young woman weeping by a river, casting away tokens of lost love. When an old man approaches, she recounts her seduction and abandonment by a charming but false lover. Despite recognizing his deception, she confesses she would fall for him again, revealing the enduring power of desire over reason. (This is an automatically generated summary.)"
    ],
    "editors": [],
    "translators": [],
    "subjects": [
      "English poetry -- Early modern, 1500-1700"
    ],
    "bookshelves": [
      "Category: British Literature",
      "Category: Poetry"
    ],
    "languages": [
      "en"
    ],
    "copyright": false,
    "media_type": "Text",
    "formats": {
      "text/html": "https://www.gutenberg.org/ebooks/1543.html.images",
      "application/epub+zip": "https://www.gutenberg.org/ebooks/1543.epub3.images",
      "application/x-mobipocket-ebook": "https://www.gutenberg.org/ebooks/1543.kf8.images",
      "text/plain; charset=us-ascii": "https://www.gutenberg.org/ebooks/1543.txt.utf-8",
      "application/rdf+xml": "https://www.gutenberg.org/ebooks/1543.rdf",
      "image/jpeg": "https://www.gutenberg.org/cache/epub/1543/pg1543.cover.medium.jpg",
      "application/octet-stream": "https://www.gutenberg.org/cache/epub/1543/pg1543-h.zip"
    },
    "download_count": 296
  }
}