{
  "average_entropy_rate": 0.31460895488734275,
  "entropy_rate": [
    0.0,
    0.9045786618531966,
    0.0,
    0.8297928723422822,
    0.0,
    0.0,
    0.0,
    0.6448929921778987,
    0.0,
    0.712130062510793,
    0.0,
    0.5797773706310202,
    0.0,
    0.0,
    0.6482936664936216,
    0.0,
    0.0,
    0.6787167847561472,
    0.0,
    0.0,
    0.0,
    0.9006195260569763,
    0.0,
    0.0,
    0.0,
    0.0,
    0.0,
    0.0,
    0.8132346988699931,
    0.0,
    0.0,
    0.0,
    0.7725929765707314,
    0.9307877510232648,
    0.612681318143109,
    0.7247402899864704,
    0.0,
    0.8515081884833028,
    0.650393693106618,
    0.8711170503336911,
    0.7731092470419348
  ],
  "estimated_posterior_probability": 61.21703338623047,
  "input": "./smaller_in/Guten_index4187.txt",
  "prevalence_assumed": 0.5,
  "process_length": 80000,
  "gutenberg": {
    "id": 4187,
    "title": "Diary of Samuel Pepys — Volume 63: March 1667-68",
    "authors": [
      {
        "name": "Pepys, Samuel",
        "birth_year": 1633,
        "death_year": 1703
      }
    ],
    "summaries": [
      "\"Diary of Samuel Pepys — Volume 63: March 1667-68\" by Samuel Pepys is an unabridged historical diary written during the 17th century, specifically in the period of the Restoration in England. This work provides a detailed account of Pepys's daily life, the political and social events of his time, and his own personal reflections, making it a remarkable document for understanding life in post-Cromwell England. The primary topic revolves around the workings of the British Navy and government during a time of political intrigue and social change.  In this volume, Pepys details his experiences and challenges as Clerk of the Acts and Secretary to the Admiralty. His entries reflect deep concerns over parliamentary proceedings, especially regarding the Navy's readiness and the political maneuvers against him and his colleagues. He encounters various figures of importance, discusses the difficulties in acquiring funds for naval operations, and navigates complex personal relationships. Through his candid observations, readers witness the weight of responsibility Pepys felt in managing public affairs while also contending with his private life and social gatherings, offering a vibrant portrait of a pivotal era in British history. (This is an automatically generated summary.)"
    ],
    "editors": [
      {
        "name": "Wheatley, Henry B. (Henry Benjamin)",
        "birth_year": 1838,
        "death_year": 1917
      },
      {
        "name": "Braybrooke, Richard Griffin, Baron",
        "birth_year": 1783,
        "death_year": 1858
      }
    ],
    "translators": [
      {
        "name": "Bright, Mynors",
        "birth_year": 1818,
        "death_year": 1883
      }
    ],
    "subjects": [
      "Cabinet officers -- Great Britain -- Diaries",
      "Diarists -- Great Britain -- Diaries",
      "Great Britain -- History -- Charles II, 1660-1685 -- Sources",
      "Great Britain -- Social life and customs -- 17th century -- Sources",
      "Pepys, Samuel, 1633-1703 -- Diaries"
    ],
    "bookshelves": [
      "Category: Biographies",
      "Category: History - British",
      "Category: History - Early Modern (c. 1450-1750)"
    ],
    "languages": [
      "en"
    ],
    "copyright": false,
    "media_type": "Text",
    "formats": {
      "text/html": "https://www.gutenberg.org/ebooks/4187.html.images",
      "application/epub+zip": "https://www.gutenberg.org/ebooks/4187.epub3.images",
      "application/x-mobipocket-ebook": "https://www.gutenberg.org/ebooks/4187.kf8.images",
      "text/plain; charset=us-ascii": "https://www.gutenberg.org/ebooks/4187.txt.utf-8",
      "application/rdf+xml": "https://www.gutenberg.org/ebooks/4187.rdf",
      "image/jpeg": "https://www.gutenberg.org/cache/epub/4187/pg4187.cover.medium.jpg",
      "application/octet-stream": "https://www.gutenberg.org/files/4187/4187.zip"
    },
    "download_count": 213
  }
}