{
  "average_entropy_rate": 0.035833778621214875,
  "entropy_rate": [
    0.0,
    0.0,
    0.0,
    0.0,
    0.0,
    0.20634920634920637,
    0.0,
    0.0,
    0.0,
    0.0,
    0.0,
    0.0,
    0.0,
    0.0,
    0.0,
    0.0,
    0.7924812524805281,
    0.0,
    0.0,
    0.0,
    0.0,
    0.0,
    0.0,
    0.0,
    0.0,
    0.0,
    0.0,
    0.0,
    0.0,
    0.0,
    0.0,
    0.0,
    0.0,
    0.4703544646400754,
    0.0,
    0.0,
    0.0,
    0.0,
    0.0,
    0.0,
    0.0
  ],
  "estimated_posterior_probability": 50.99506378173828,
  "input": "./smaller_in/Guten_index4503.txt",
  "prevalence_assumed": 0.5,
  "process_length": 80000,
  "gutenberg": {
    "id": 4503,
    "title": "Geschichte vom braven Kasperl und dem schönen Annerl",
    "authors": [
      {
        "name": "Brentano, Clemens",
        "birth_year": 1778,
        "death_year": 1842
      }
    ],
    "summaries": [
      "\"Geschichte vom braven Kasperl und dem schönen Annerl\" by Clemens Brentano is a frame novella published in 1817. On a cool early summer night, a writer encounters an old peasant woman with a desperate request. Her grandson Kasperl has shot himself over a matter of honor, while his fiancée Annerl awaits execution for infanticide. The grandmother seeks an honorable burial for both, but the writer becomes determined to save Annerl's life. The story explores different conceptions of honor and their devastating consequences. (This is an automatically generated summary.)"
    ],
    "editors": [],
    "translators": [],
    "subjects": [
      "Germany -- History -- Coalition Wars, 1789-1814 -- Fiction",
      "Germany -- Social life and customs -- 19th century -- Fiction",
      "Honor",
      "Love stories",
      "Weltschmerz"
    ],
    "bookshelves": [
      "Category: German Literature",
      "Category: Novels",
      "DE Prosa"
    ],
    "languages": [
      "de"
    ],
    "copyright": false,
    "media_type": "Text",
    "formats": {
      "text/html": "https://www.gutenberg.org/ebooks/4503.html.images",
      "application/epub+zip": "https://www.gutenberg.org/ebooks/4503.epub3.images",
      "application/x-mobipocket-ebook": "https://www.gutenberg.org/ebooks/4503.kf8.images",
      "text/plain; charset=us-ascii": "https://www.gutenberg.org/ebooks/4503.txt.utf-8",
      "application/octet-stream": "https://www.gutenberg.org/files/4503/4503-page-images/f0001-image.png",
      "application/rdf+xml": "https://www.gutenberg.org/ebooks/4503.rdf",
      "image/jpeg": "https://www.gutenberg.org/cache/epub/4503/pg4503.cover.medium.jpg"
    },
    "download_count": 325
  }
}