{
  "average_entropy_rate": 0.3865170796354398,
  "entropy_rate": [
    0.0,
    0.0,
    0.0,
    0.6338851035860404,
    0.9052171384885975,
    0.0,
    0.0,
    0.673301161778445,
    0.0,
    0.6823195153254785,
    0.0,
    0.9248549299728237,
    0.0,
    0.0,
    0.0,
    0.0,
    0.0,
    0.9043462027952957,
    0.0,
    0.0,
    0.0,
    0.0,
    0.0,
    0.732131111445979,
    0.9189694064709631,
    0.0,
    0.0,
    0.0,
    0.0,
    0.7094196826339874,
    0.7745595119101399,
    0.700892897347734,
    0.9115781575754961,
    0.8377471692711151,
    0.9335814296808347,
    0.8176765172516164,
    0.7096273254466737,
    0.8908151699501796,
    0.7863766718323859,
    0.6943611792843825,
    0.7055399830048668
  ],
  "estimated_posterior_probability": 64.87684631347656,
  "input": "./smaller_in/Guten_index1057.txt",
  "prevalence_assumed": 0.5,
  "process_length": 80000,
  "gutenberg": {
    "id": 1057,
    "title": "Poems, with The Ballad of Reading Gaol",
    "authors": [
      {
        "name": "Wilde, Oscar",
        "birth_year": 1854,
        "death_year": 1900
      }
    ],
    "summaries": [
      "\"Poems, with The Ballad of Reading Gaol\" by Oscar Wilde is a collection of poetry written during the late 19th century. This work encompasses various themes, from love and beauty to social justice and the human condition, reflecting Wilde’s keen observations and exquisite literary style. The poems feature a range of subjects, including personal emotions, political reflections, and intricate imagery, showcasing his distinctive voice and artistry.  The opening of this collection introduces readers to Wilde's lyrical prowess through a series of poignant verses. The first poem, \"Hélas!\", reflects a sense of melancholic reflection on lost wisdom and the passage of time. It explores themes of personal struggle and longing for deeper meaning. Following this, \"Eleutheria\" contains verses that engage with concepts of liberty and the dichotomy of love and pain, hinting at Wilde's complex relationship with societal ideals and personal desires. As the reader progresses through the text, they are invited into a world where the beauty of nature, the tragedy of loss, and the quest for identity intertwine beautifully, setting the stage for the rich and multifaceted poems that follow. (This is an automatically generated summary.)"
    ],
    "editors": [],
    "translators": [],
    "subjects": [
      "Poetry",
      "Prisons -- Poetry"
    ],
    "bookshelves": [
      "Category: British Literature",
      "Category: Poetry"
    ],
    "languages": [
      "en"
    ],
    "copyright": false,
    "media_type": "Text",
    "formats": {
      "text/html": "https://www.gutenberg.org/ebooks/1057.html.images",
      "application/epub+zip": "https://www.gutenberg.org/ebooks/1057.epub3.images",
      "application/x-mobipocket-ebook": "https://www.gutenberg.org/ebooks/1057.kf8.images",
      "text/plain; charset=us-ascii": "https://www.gutenberg.org/ebooks/1057.txt.utf-8",
      "text/plain; charset=utf-8": "https://www.gutenberg.org/files/1057/1057-0.txt",
      "application/rdf+xml": "https://www.gutenberg.org/ebooks/1057.rdf",
      "image/jpeg": "https://www.gutenberg.org/cache/epub/1057/pg1057.cover.medium.jpg",
      "application/octet-stream": "https://www.gutenberg.org/cache/epub/1057/pg1057-h.zip"
    },
    "download_count": 5296
  }
}