{
  "average_entropy_rate": 0.024082405652427356,
  "entropy_rate": [
    0.0,
    0.0,
    0.0,
    0.0,
    0.0,
    0.0,
    0.0,
    0.0,
    0.23656015531830266,
    0.0,
    0.0,
    0.0,
    0.0,
    0.0,
    0.0,
    0.0,
    0.0,
    0.0,
    0.0,
    0.0,
    0.0,
    0.3716911646010707,
    0.0,
    0.0,
    0.0,
    0.0,
    0.0,
    0.0,
    0.0,
    0.0,
    0.0,
    0.0,
    0.0,
    0.3791273118301483,
    0.0,
    0.0,
    0.0,
    0.0,
    0.0,
    0.0,
    0.0
  ],
  "estimated_posterior_probability": 50.66206359863281,
  "input": "./smaller_in/Guten_index4079.txt",
  "prevalence_assumed": 0.5,
  "process_length": 80000,
  "gutenberg": {
    "id": 4079,
    "title": "Agnes Bernauer",
    "authors": [
      {
        "name": "Hebbel, Friedrich",
        "birth_year": 1813,
        "death_year": 1863
      }
    ],
    "summaries": [
      "\"Agnes Bernauer\" by Friedrich Hebbel is a drama written in 1851. When Duke Albrecht of Bavaria secretly marries Agnes Bernauer, a commoner's daughter, he defies both his father and the political future of Bavaria. His father Duke Ernst faces an impossible choice: accept a marriage that threatens the duchy's stability and succession, or sacrifice an innocent woman to preserve the state. This realistic tragedy explores the devastating conflict between personal love and political necessity, between individual desire and the demands of power. (This is an automatically generated summary.)"
    ],
    "editors": [],
    "translators": [],
    "subjects": [
      "Bernauer, Agnes, -1435 -- Drama"
    ],
    "bookshelves": [
      "Category: German Literature",
      "Category: Plays/Films/Dramas",
      "DE Drama"
    ],
    "languages": [
      "de"
    ],
    "copyright": false,
    "media_type": "Text",
    "formats": {
      "text/html": "https://www.gutenberg.org/ebooks/4079.html.images",
      "application/epub+zip": "https://www.gutenberg.org/ebooks/4079.epub3.images",
      "application/x-mobipocket-ebook": "https://www.gutenberg.org/ebooks/4079.kf8.images",
      "text/plain; charset=us-ascii": "https://www.gutenberg.org/ebooks/4079.txt.utf-8",
      "application/rdf+xml": "https://www.gutenberg.org/ebooks/4079.rdf",
      "image/jpeg": "https://www.gutenberg.org/cache/epub/4079/pg4079.cover.medium.jpg",
      "application/octet-stream": "https://www.gutenberg.org/files/4079/4079-8.zip"
    },
    "download_count": 287
  }
}