{
  "average_entropy_rate": 0.33952929003875676,
  "entropy_rate": [
    0.7443683948492535,
    0.0,
    0.7437590323914842,
    0.0,
    0.6628163282216702,
    0.0,
    0.7174676569009126,
    0.5103736275031068,
    0.6813392904269671,
    0.0,
    0.0,
    0.7109557519002023,
    0.7340458733482408,
    0.0,
    0.0,
    0.0,
    0.0,
    0.0,
    0.0,
    0.6949522837450686,
    0.7474594248951705,
    0.7477690182457952,
    0.0,
    0.0,
    0.0,
    0.0,
    0.0,
    0.7022200884081142,
    0.0,
    0.0,
    0.0,
    0.758097030069478,
    0.7205832759935618,
    0.0,
    0.710465352096172,
    0.6270448835166884,
    0.699975108042591,
    0.6124569170719839,
    0.6689142435019294,
    0.0,
    0.7256373104606353
  ],
  "estimated_posterior_probability": 62.42451477050781,
  "input": "./smaller_in/Guten_index418.txt",
  "prevalence_assumed": 0.5,
  "process_length": 80000,
  "gutenberg": {
    "id": 418,
    "title": "A Treatise on Good Works",
    "authors": [
      {
        "name": "Luther, Martin",
        "birth_year": 1483,
        "death_year": 1546
      }
    ],
    "summaries": [
      "\"A Treatise on Good Works\" by Martin Luther is a theological treatise written in the early 16th century during the Reformation period. The text explores the concept of good works in the Christian faith, arguing against the prevailing notion that only traditional religious practices and rituals are acceptable to God. Instead, Luther posits that true good works are those commanded by God and performed out of faith, thus reshaping the understanding of morality and righteousness within the Church.  The opening of the treatise sets the stage for Luther's reflection on his role as a pastor and reformer, emphasizing that his writings were motivated by his duty to guide his congregation toward true spiritual understanding. He details his journey of faith and the intellectual struggles that led to his insistence that genuine good works must arise from faith alone, rather than external adherence to rituals. Luther addresses misconceptions about his teachings, reaffirming that good works should not be equated with self-elected or superficial acts. He introduces the central tenets of his argument, which he plans to elaborate on using the framework of the Ten Commandments, thereby outlining a path for believers to engage in meaningful expressions of faith through their everyday actions. (This is an automatically generated summary.)"
    ],
    "editors": [],
    "translators": [
      {
        "name": "Reu, Johann Michael",
        "birth_year": 1869,
        "death_year": 1943
      }
    ],
    "subjects": [
      "Good works (Theology)",
      "Lutheran Church -- Doctrines"
    ],
    "bookshelves": [
      "Category: History - Early Modern (c. 1450-1750)",
      "Category: Philosophy & Ethics",
      "Category: Religion/Spirituality",
      "Christianity"
    ],
    "languages": [
      "en"
    ],
    "copyright": false,
    "media_type": "Text",
    "formats": {
      "text/html": "https://www.gutenberg.org/ebooks/418.html.images",
      "text/html; charset=iso-8859-1": "https://www.gutenberg.org/files/418/418-h/418-h.htm",
      "application/epub+zip": "https://www.gutenberg.org/ebooks/418.epub3.images",
      "application/x-mobipocket-ebook": "https://www.gutenberg.org/ebooks/418.kf8.images",
      "text/plain; charset=us-ascii": "https://www.gutenberg.org/ebooks/418.txt.utf-8",
      "application/rdf+xml": "https://www.gutenberg.org/ebooks/418.rdf",
      "image/jpeg": "https://www.gutenberg.org/cache/epub/418/pg418.cover.medium.jpg",
      "application/octet-stream": "https://www.gutenberg.org/cache/epub/418/pg418-h.zip"
    },
    "download_count": 774
  }
}