{
  "average_entropy_rate": 0.1742410738028242,
  "entropy_rate": [
    0.0,
    0.0,
    0.0,
    0.8019346680331076,
    0.0,
    0.0,
    0.0,
    0.0,
    0.0,
    0.0,
    0.0,
    0.5736042096372274,
    0.0,
    0.0,
    0.0,
    0.0,
    0.0,
    0.0,
    0.7221625892513645,
    0.0,
    0.0,
    0.0,
    0.0,
    0.0,
    0.0,
    0.8187731172927258,
    0.0,
    0.0,
    0.0,
    0.673443810117818,
    0.0,
    0.0,
    0.6963913540209147,
    0.0,
    0.8102523218844536,
    0.46096404356366505,
    0.8185617338796285,
    0.0,
    0.0,
    0.0,
    0.7677961782348866
  ],
  "estimated_posterior_probability": 55.429344177246094,
  "input": "./smaller_in/Guten_index4160.txt",
  "prevalence_assumed": 0.5,
  "process_length": 80000,
  "gutenberg": {
    "id": 4160,
    "title": "Diary of Samuel Pepys — Volume 39: October 1665",
    "authors": [
      {
        "name": "Pepys, Samuel",
        "birth_year": 1633,
        "death_year": 1703
      }
    ],
    "summaries": [
      "\"Diary of Samuel Pepys — Volume 39: October 1665\" by Samuel Pepys is a historical account written in the 17th century, specifically during the early modern period. The book is a diary that chronicles the daily life, observations, and experiences of Pepys, a prominent English naval administrator and Member of Parliament. The likely topic of this volume revolves around Pepys' reflections on naval affairs, personal events, and the social and political climate of the time.  In this volume, Pepys documents his experiences during a tumultuous October in 1665, amidst the backdrop of the Second Anglo-Dutch War and the ongoing plague in London. The entries reveal his concerns about the state of the British navy, discussions with various naval officers, and interactions with both notable figures and ordinary citizens. Throughout his writings, Pepys encounters issues related to prize goods, the management of naval supplies, and the challenges posed by the Dutch fleet. Notably, he reflects on personal affairs, such as his relationships and celebrations, alongside the pressing issues of illness and societal unrest, providing a rich, layered perspective on life during this historical period. (This is an automatically generated summary.)"
    ],
    "editors": [
      {
        "name": "Wheatley, Henry B. (Henry Benjamin)",
        "birth_year": 1838,
        "death_year": 1917
      },
      {
        "name": "Braybrooke, Richard Griffin, Baron",
        "birth_year": 1783,
        "death_year": 1858
      }
    ],
    "translators": [
      {
        "name": "Bright, Mynors",
        "birth_year": 1818,
        "death_year": 1883
      }
    ],
    "subjects": [
      "Cabinet officers -- Great Britain -- Diaries",
      "Diarists -- Great Britain -- Diaries",
      "Great Britain -- History -- Charles II, 1660-1685 -- Sources",
      "Great Britain -- Social life and customs -- 17th century -- Sources",
      "Pepys, Samuel, 1633-1703 -- Diaries"
    ],
    "bookshelves": [
      "Category: Biographies",
      "Category: History - British",
      "Category: History - Early Modern (c. 1450-1750)"
    ],
    "languages": [
      "en"
    ],
    "copyright": false,
    "media_type": "Text",
    "formats": {
      "text/html": "https://www.gutenberg.org/ebooks/4160.html.images",
      "application/epub+zip": "https://www.gutenberg.org/ebooks/4160.epub3.images",
      "application/x-mobipocket-ebook": "https://www.gutenberg.org/ebooks/4160.kf8.images",
      "text/plain; charset=us-ascii": "https://www.gutenberg.org/ebooks/4160.txt.utf-8",
      "application/rdf+xml": "https://www.gutenberg.org/ebooks/4160.rdf",
      "image/jpeg": "https://www.gutenberg.org/cache/epub/4160/pg4160.cover.medium.jpg",
      "application/octet-stream": "https://www.gutenberg.org/files/4160/4160.zip"
    },
    "download_count": 312
  }
}