{
  "average_entropy_rate": 0.26038517807001876,
  "entropy_rate": [
    0.8111471062705286,
    0.0,
    0.0,
    0.0,
    0.0,
    0.0,
    0.8459486135599734,
    0.0,
    0.0,
    0.4279289484269944,
    0.0,
    0.5839125140423694,
    0.7128026054534243,
    0.0,
    0.0,
    0.0,
    0.6819509786080294,
    0.0,
    0.0,
    0.0,
    0.0,
    0.7069098839971165,
    0.0,
    0.0,
    0.0,
    0.0,
    0.0,
    0.7006244520532884,
    0.0,
    0.0,
    0.0,
    0.0,
    0.7953824997372864,
    0.0,
    0.7235758045023418,
    0.6398937220231569,
    0.0,
    0.7417166526183921,
    0.8915901571417042,
    0.6704925170938829,
    0.74191584534228
  ],
  "estimated_posterior_probability": 58.79428482055664,
  "input": "./smaller_in/Guten_index3303.txt",
  "prevalence_assumed": 0.5,
  "process_length": 80000,
  "gutenberg": {
    "id": 3303,
    "title": "Prince Hagen",
    "authors": [
      {
        "name": "Sinclair, Upton",
        "birth_year": 1878,
        "death_year": 1968
      }
    ],
    "summaries": [
      "\"Prince Hagen\" by Upton Sinclair is a drama written in the early 20th century. The play unfolds the rise of Prince Hagen, a character deeply rooted in mythical themes yet intertwined with the socio-economic realities of America, exploring themes of power, greed, and identity. At its center are key figures such as Gerald Isman, a young poet, and Prince Hagen, the grandson of the Nibelung King Alberich, who navigates a world defined by wealth, politics, and class struggles, ultimately leading to a clash of ideals.  The opening of \"Prince Hagen\" establishes a dynamic mix of fantasy and realism, beginning in a primeval forest where Gerald Isman, a poet in a tent, encounters a mysterious character, Mimi, disguised as a pack-peddler. This encounter introduces elements of myth through the discussion of Nibelungs and their treasures. The scene transitions to Nibelheim, setting the stage for themes of ambition and manipulation, especially as Hagen, a powerful yet rebellious figure born of both Nibelung and human lineage, is summoned by his grandfather, King Alberich. Through their dialogue, the opening hints at Hagen's tumultuous character and his aspirations, laying the groundwork for a narrative interwoven with ancient myths and modern societal issues. (This is an automatically generated summary.)"
    ],
    "editors": [],
    "translators": [],
    "subjects": [
      "American drama -- 20th century"
    ],
    "bookshelves": [
      "Category: Mythology, Legends & Folklore",
      "Category: Plays/Films/Dramas"
    ],
    "languages": [
      "en"
    ],
    "copyright": false,
    "media_type": "Text",
    "formats": {
      "text/html": "https://www.gutenberg.org/ebooks/3303.html.images",
      "application/epub+zip": "https://www.gutenberg.org/ebooks/3303.epub3.images",
      "application/x-mobipocket-ebook": "https://www.gutenberg.org/ebooks/3303.kf8.images",
      "text/plain; charset=us-ascii": "https://www.gutenberg.org/ebooks/3303.txt.utf-8",
      "application/rdf+xml": "https://www.gutenberg.org/ebooks/3303.rdf",
      "image/jpeg": "https://www.gutenberg.org/cache/epub/3303/pg3303.cover.medium.jpg",
      "application/octet-stream": "https://www.gutenberg.org/files/3303/3303-h.zip"
    },
    "download_count": 219
  }
}