{
  "average_entropy_rate": 0.10068541402566535,
  "entropy_rate": [
    0.0,
    0.0,
    0.0,
    0.0,
    0.0,
    0.0,
    0.3287805212965933,
    0.0,
    0.5395110343797735,
    0.0,
    0.0,
    0.0,
    0.0,
    0.0,
    0.0,
    0.0,
    0.0,
    0.0,
    0.0,
    0.46157107341886117,
    0.0,
    0.0,
    0.0,
    0.0,
    0.0,
    0.0,
    0.6437299207406049,
    0.0,
    0.0,
    0.0,
    0.0,
    0.0,
    0.3716972237918326,
    0.0,
    0.0,
    0.5641598809530962,
    0.0,
    0.600156852990489,
    0.0,
    0.618495467481028,
    0.0
  ],
  "estimated_posterior_probability": 52.94346618652344,
  "input": "./smaller_in/Guten_index702.txt",
  "prevalence_assumed": 0.5,
  "process_length": 80000,
  "gutenberg": {
    "id": 702,
    "title": "Somebody's Little Girl",
    "authors": [
      {
        "name": "Young, Martha",
        "birth_year": 1868,
        "death_year": null
      }
    ],
    "summaries": [
      "\"Somebody's Little Girl\" by Martha Young is a children's narrative published in an earlier part of the 20th century. The book centers on the experiences of a little girl named Bessie Bell, whose memories and dreams intertwine with her present life in a convent setting. It explores themes of identity, belonging, and the innocent perceptions of childhood, as Bessie navigates her longing for familial connections amid a backdrop of illness and change.  In the story, Bessie Bell's journey presents a blend of her recollections and her enigmatic surroundings. She recalls vague, dream-like memories of a grand house and a large white cat, reflecting her childhood innocence and the effects of being separated from family due to a fever epidemics. The narrative unfolds as Bessie interacts with Sisters who care for her and the other little girls, all while she yearns to understand the concepts of \"Mama\" and \"family.\" Her life takes a significant turn as she moves to the High Mountain, meeting children who are completely different from the ones in her convent. The story builds to a poignant reunion when she discovers that the wise woman she has met, who understands her fragmented memories, is her mother, leading to a heartfelt conclusion filled with hope and joy. (This is an automatically generated summary.)"
    ],
    "editors": [],
    "translators": [],
    "subjects": [
      "Girls -- Juvenile fiction",
      "Orphanages -- Juvenile fiction"
    ],
    "bookshelves": [
      "Category: Children & Young Adult Reading",
      "Category: Novels"
    ],
    "languages": [
      "en"
    ],
    "copyright": false,
    "media_type": "Text",
    "formats": {
      "text/html": "https://www.gutenberg.org/ebooks/702.html.images",
      "text/html; charset=iso-8859-1": "https://www.gutenberg.org/files/702/702-h/702-h.htm",
      "application/epub+zip": "https://www.gutenberg.org/ebooks/702.epub3.images",
      "application/x-mobipocket-ebook": "https://www.gutenberg.org/ebooks/702.kf8.images",
      "text/plain; charset=us-ascii": "https://www.gutenberg.org/ebooks/702.txt.utf-8",
      "application/rdf+xml": "https://www.gutenberg.org/ebooks/702.rdf",
      "image/jpeg": "https://www.gutenberg.org/cache/epub/702/pg702.cover.medium.jpg",
      "application/octet-stream": "https://www.gutenberg.org/cache/epub/702/pg702-h.zip"
    },
    "download_count": 337
  }
}