{
  "average_entropy_rate": 0.13237978077759846,
  "entropy_rate": [
    0.7028195311147837,
    0.7028195311147837,
    0.4999999988278763,
    0.7826086936136983,
    0.0,
    0.0,
    0.0,
    0.0,
    0.0,
    0.0,
    0.0,
    0.0,
    0.0,
    0.0,
    0.0,
    0.0,
    0.0,
    0.0,
    0.0,
    0.0,
    0.0,
    0.0,
    0.0,
    0.0,
    0.0,
    0.0,
    0.0,
    0.0,
    0.0,
    0.0,
    0.0,
    0.0,
    0.7028195311147837,
    0.5714285700890014,
    0.7028195311147837,
    0.7622556248918263,
    0.0,
    0.0,
    0.0,
    0.0,
    0.0
  ],
  "estimated_posterior_probability": 53.9766731262207,
  "input": "./smaller_in/Guten_index3540.txt",
  "prevalence_assumed": 0.5,
  "process_length": 80000,
  "gutenberg": {
    "id": 3540,
    "title": "The Census in Moscow",
    "authors": [
      {
        "name": "Tolstoy, Leo, graf",
        "birth_year": 1828,
        "death_year": 1910
      }
    ],
    "summaries": [
      "\"The Census in Moscow\" by graf Leo Tolstoy is a sociological essay written in the late 19th century. The work critiques the process of collecting census data in Moscow, highlighting the necessity of understanding human suffering and the moral obligations that come with such investigations. This text serves as both a call to action and a reflection on the role of society in addressing poverty and inequality.  In this essay, Tolstoy emphasizes that the census should not merely serve as a statistical exercise but rather as an opportunity for genuine human connection and altruistic action. He argues that those conducting the census must engage compassionately with the individuals they survey, particularly the impoverished. Through vivid anecdotes and a focus on social responsibility, Tolstoy calls upon the wealthy and educated citizens of Moscow to recognize their shared humanity with the poor. He posits that true assistance lies not in the mere distribution of money but in forming meaningful connections and actively working to alleviate suffering within the community. By doing so, he suggests, the census can transform from a cold calculation into a powerful means of societal healing and reform. (This is an automatically generated summary.)"
    ],
    "editors": [],
    "translators": [
      {
        "name": "Hapgood, Isabel Florence",
        "birth_year": 1850,
        "death_year": 1928
      }
    ],
    "subjects": [
      "Moscow (Russia) -- Social conditions",
      "Social problems"
    ],
    "bookshelves": [
      "Category: Essays, Letters & Speeches",
      "Category: Philosophy & Ethics",
      "Category: Russian Literature",
      "Category: Sociology"
    ],
    "languages": [
      "en"
    ],
    "copyright": false,
    "media_type": "Text",
    "formats": {
      "text/html": "https://www.gutenberg.org/ebooks/3540.html.images",
      "application/epub+zip": "https://www.gutenberg.org/ebooks/3540.epub3.images",
      "application/x-mobipocket-ebook": "https://www.gutenberg.org/ebooks/3540.kf8.images",
      "text/plain; charset=us-ascii": "https://www.gutenberg.org/ebooks/3540.txt.utf-8",
      "application/rdf+xml": "https://www.gutenberg.org/ebooks/3540.rdf",
      "image/jpeg": "https://www.gutenberg.org/cache/epub/3540/pg3540.cover.medium.jpg",
      "application/octet-stream": "https://www.gutenberg.org/files/3540/3540-h.zip"
    },
    "download_count": 257
  }
}