{
  "average_entropy_rate": 0.21030465836754383,
  "entropy_rate": [
    0.7270203988080964,
    0.0,
    0.0,
    0.0,
    0.0,
    0.0,
    0.0,
    0.0,
    0.0,
    0.41424335283209107,
    0.0,
    0.0,
    0.0,
    0.0,
    0.0,
    0.0,
    0.0,
    0.0,
    0.6633631619882107,
    0.0,
    0.0,
    0.0,
    0.6126469859920334,
    0.0,
    0.723387571998264,
    0.0,
    0.0,
    0.0,
    0.0,
    0.7375883949786434,
    0.6163484581263164,
    0.0,
    0.0,
    0.5265169721245018,
    0.0,
    0.8133998458348403,
    0.6956729051955938,
    0.6824878910292609,
    0.0,
    0.7090450600935401,
    0.7007699940679042
  ],
  "estimated_posterior_probability": 56.77460479736328,
  "input": "./smaller_in/Guten_index2565.txt",
  "prevalence_assumed": 0.5,
  "process_length": 80000,
  "gutenberg": {
    "id": 2565,
    "title": "The Story of the Glittering Plain: Which Has Been Also Called the Land of Living Men or the Acre of the Undying",
    "authors": [
      {
        "name": "Morris, William",
        "birth_year": 1834,
        "death_year": 1896
      }
    ],
    "summaries": [
      "\"The Story of the Glittering Plain\" by William Morris is a fantasy novel published in 1891. When Hallblithe's fiancée is kidnapped by pirates, his quest to rescue her leads him to a mysterious utopian realm known as the Land of the Glittering Plain, where inhabitants are said to be immortal. Set in a world resembling northern Europe's distant past, this groundbreaking work helped establish modern fantasy literature while exploring socialist themes that fascinated Morris throughout his career. (This is an automatically generated summary.)"
    ],
    "editors": [],
    "translators": [],
    "subjects": [
      "Fantasy fiction, English"
    ],
    "bookshelves": [
      "Category: Adventure",
      "Category: British Literature",
      "Category: Novels",
      "Category: Science-Fiction & Fantasy",
      "Fantasy"
    ],
    "languages": [
      "en"
    ],
    "copyright": false,
    "media_type": "Text",
    "formats": {
      "text/html": "https://www.gutenberg.org/ebooks/2565.html.images",
      "application/epub+zip": "https://www.gutenberg.org/ebooks/2565.epub3.images",
      "application/x-mobipocket-ebook": "https://www.gutenberg.org/ebooks/2565.kf8.images",
      "text/plain; charset=us-ascii": "https://www.gutenberg.org/ebooks/2565.txt.utf-8",
      "application/rdf+xml": "https://www.gutenberg.org/ebooks/2565.rdf",
      "image/jpeg": "https://www.gutenberg.org/cache/epub/2565/pg2565.cover.medium.jpg",
      "application/octet-stream": "https://www.gutenberg.org/cache/epub/2565/pg2565-h.zip"
    },
    "download_count": 410
  }
}