{
  "average_entropy_rate": 0.01016260162601626,
  "entropy_rate": [
    0.16666666666666666,
    0.0,
    0.0,
    0.0,
    0.0,
    0.0,
    0.0,
    0.0,
    0.0,
    0.0,
    0.0,
    0.0,
    0.0,
    0.0,
    0.0,
    0.0,
    0.0,
    0.0,
    0.0,
    0.0,
    0.0,
    0.0,
    0.0,
    0.0,
    0.0,
    0.0,
    0.0,
    0.0,
    0.0,
    0.0,
    0.0,
    0.0,
    0.25,
    0.0,
    0.0,
    0.0,
    0.0,
    0.0,
    0.0,
    0.0,
    0.0
  ],
  "estimated_posterior_probability": 50.276817321777344,
  "input": "./smaller_in/Guten_index633.txt",
  "prevalence_assumed": 0.5,
  "process_length": 80000,
  "gutenberg": {
    "id": 633,
    "title": "The Golden Mean or Ratio[(1+sqrt(5))/2]: To 20,000 places",
    "authors": [],
    "summaries": [
      "\"The Golden Mean or Ratio[(1+sqrt(5))/2]\" by Greg Fee is a scientific publication likely written in the late 20th century. The work primarily focuses on the golden ratio and various mathematical constants, delving into their numerical representations and theoretical backgrounds, as displayed in the extensive digital text supplied in the beginning.  The opening of the text provides an impressive calculation of the golden ratio, detailing its decimal representation to an astounding 20,000 places. It also lists other mathematical constants alongside their representations and the methods used to calculate them. The text references significant mathematical frameworks, including Catalan's constant and Ramanujan's formulas, and gives a brief note on the computational resources required to achieve these calculations. The initial section serves as a testament to the detailed and technical nature of this study, inviting mathematicians and enthusiasts to explore the intricacies of these fundamental mathematical concepts. (This is an automatically generated summary.)"
    ],
    "editors": [],
    "translators": [],
    "subjects": [
      "Golden section",
      "Mathematical constants",
      "Mathematics"
    ],
    "bookshelves": [
      "Category: Mathematics"
    ],
    "languages": [
      "en"
    ],
    "copyright": false,
    "media_type": "Text",
    "formats": {
      "text/html": "https://www.gutenberg.org/ebooks/633.html.images",
      "application/epub+zip": "https://www.gutenberg.org/ebooks/633.epub3.images",
      "application/x-mobipocket-ebook": "https://www.gutenberg.org/ebooks/633.kf8.images",
      "text/plain; charset=us-ascii": "https://www.gutenberg.org/ebooks/633.txt.utf-8",
      "application/rdf+xml": "https://www.gutenberg.org/ebooks/633.rdf",
      "image/jpeg": "https://www.gutenberg.org/cache/epub/633/pg633.cover.medium.jpg",
      "application/octet-stream": "https://www.gutenberg.org/cache/epub/633/pg633-h.zip"
    },
    "download_count": 271
  }
}