{
  "average_entropy_rate": 0.1609846425072644,
  "entropy_rate": [
    0.0,
    0.0,
    0.0,
    0.7175262626011739,
    0.0,
    0.0,
    0.0,
    0.0,
    0.0,
    0.0,
    0.0,
    0.0,
    0.6983892730481556,
    0.0,
    0.0,
    0.0,
    0.0,
    0.4470366419191868,
    0.0,
    0.0,
    0.6978463503703248,
    0.0,
    0.0,
    0.0,
    0.0,
    0.0,
    0.0,
    0.0,
    0.0,
    0.0,
    0.0,
    0.0,
    0.6115986051213528,
    0.0,
    0.6429340753669203,
    0.6854752914347021,
    0.0,
    0.7515606526582055,
    0.6685408690242839,
    0.0,
    0.6794623212535349
  ],
  "estimated_posterior_probability": 54.9581184387207,
  "input": "./smaller_in/Guten_index2039.txt",
  "prevalence_assumed": 0.5,
  "process_length": 80000,
  "gutenberg": {
    "id": 2039,
    "title": "Evangeline: A Tale of Acadie",
    "authors": [
      {
        "name": "Longfellow, Henry Wadsworth",
        "birth_year": 1807,
        "death_year": 1882
      }
    ],
    "summaries": [
      "\"Evangeline: A Tale of Acadie\" by Henry Wadsworth Longfellow is an epic poem published in 1847. It follows Evangeline Bellefontaine, an Acadian girl separated from her beloved Gabriel during the British expulsion of Acadians from Nova Scotia. The poem traces her years-long journey across America searching for him, coming heartbreakingly close without knowing. Written in dactylic hexameter imitating classical Greek and Latin verse, it became Longfellow's most famous work and powerfully shaped Acadian identity for generations. (This is an automatically generated summary.)"
    ],
    "editors": [],
    "translators": [],
    "subjects": [
      "Acadians -- Poetry",
      "American poetry"
    ],
    "bookshelves": [
      "Category: American Literature",
      "Category: Classics of Literature",
      "Category: Historical Novels",
      "Category: Poetry",
      "Category: Romance",
      "Poetry"
    ],
    "languages": [
      "en"
    ],
    "copyright": false,
    "media_type": "Text",
    "formats": {
      "text/html": "https://www.gutenberg.org/ebooks/2039.html.images",
      "application/epub+zip": "https://www.gutenberg.org/ebooks/2039.epub3.images",
      "application/x-mobipocket-ebook": "https://www.gutenberg.org/ebooks/2039.kf8.images",
      "text/plain; charset=us-ascii": "https://www.gutenberg.org/ebooks/2039.txt.utf-8",
      "text/plain; charset=iso-8859-1": "https://www.gutenberg.org/files/2039/2039-8.txt",
      "application/rdf+xml": "https://www.gutenberg.org/ebooks/2039.rdf",
      "image/jpeg": "https://www.gutenberg.org/cache/epub/2039/pg2039.cover.medium.jpg",
      "application/octet-stream": "https://www.gutenberg.org/cache/epub/2039/pg2039-h.zip"
    },
    "download_count": 426
  }
}