{
  "average_entropy_rate": 0.34717136115844055,
  "entropy_rate": [
    0.0,
    0.0,
    0.0,
    0.0,
    0.0,
    0.0,
    0.0,
    0.0,
    0.5467713059856079,
    0.7932952521567568,
    0.0,
    0.0,
    0.7109557519002022,
    0.0,
    0.0,
    0.0,
    0.0,
    0.0,
    0.0,
    0.7805422490953062,
    0.7169181143381648,
    0.7700950785344832,
    0.795426998674369,
    0.7871585882518785,
    0.7109557519002022,
    0.0,
    0.7451711142674612,
    0.0,
    0.0,
    0.7424036885776019,
    0.0,
    0.0,
    0.6768314262235161,
    0.7856803142888702,
    0.7789304791805477,
    0.0,
    0.7735093003346696,
    0.7445892829929197,
    0.7792804258309743,
    0.762139876815863,
    0.8333708081466665
  ],
  "estimated_posterior_probability": 62.80538558959961,
  "input": "./smaller_in/Guten_index4283.txt",
  "prevalence_assumed": 0.5,
  "process_length": 80000,
  "gutenberg": {
    "id": 4283,
    "title": "Brazilian Sketches",
    "authors": [
      {
        "name": "Ray, T. B. (T. Bronson)",
        "birth_year": 1868,
        "death_year": 1934
      }
    ],
    "summaries": [
      "\"BRAZILIAN SKETCHES\" by Rev. T. B. Ray, D.D. is a collection of travel narratives and observations written in the early 20th century. The author, an educational secretary for the Southern Baptist Convention, recounts his experiences and the profound effects of missionary work in Brazil, highlighting the spiritual needs of the population within a predominantly Catholic context. The text promises to give insight into the cultural landscape of Brazil, along with personal accounts and testimonies that emphasize the triumph of the gospel amidst struggles against superstition and religious idolatry.  The opening of \"Brazilian Sketches\" sets the stage for the author's journey to Brazil, as he embarks on an exploration of the country's vast territories and its capital, Rio de Janeiro. He emphasizes Brazil's geographical and cultural richness, detailing the contrasts between urban and rural life. Through his descriptions, he reveals the pressing need for education and religious leadership, particularly in areas where Protestantism is trying to gain a foothold. The author introduces early encounters with local communities, their hospitality, and the challenges faced by missionaries, illustrating the significant impact of education and trained pastors on religious conversion and community dynamics. As he presents these sketches, Ray seeks to convey not just his travels, but the spiritual awakenings taking place in Brazil, encouraging readers to appreciate the transformative power of the gospel. (This is an automatically generated summary.)"
    ],
    "editors": [],
    "translators": [],
    "subjects": [
      "Baptists -- Missions -- Brazil",
      "Brazil -- Description and travel"
    ],
    "bookshelves": [
      "Category: Religion/Spirituality",
      "Category: Travel Writing"
    ],
    "languages": [
      "en"
    ],
    "copyright": false,
    "media_type": "Text",
    "formats": {
      "text/html": "https://www.gutenberg.org/ebooks/4283.html.images",
      "application/epub+zip": "https://www.gutenberg.org/ebooks/4283.epub3.images",
      "application/x-mobipocket-ebook": "https://www.gutenberg.org/ebooks/4283.kf8.images",
      "text/plain; charset=us-ascii": "https://www.gutenberg.org/ebooks/4283.txt.utf-8",
      "application/rdf+xml": "https://www.gutenberg.org/ebooks/4283.rdf",
      "image/jpeg": "https://www.gutenberg.org/cache/epub/4283/pg4283.cover.medium.jpg",
      "application/octet-stream": "https://www.gutenberg.org/files/4283/4283-h.zip"
    },
    "download_count": 287
  }
}