{
  "average_entropy_rate": 0.37440714665102826,
  "entropy_rate": [
    0.7673183349288202,
    0.9954219486300283,
    0.9954219486300283,
    0.0,
    0.0,
    0.0,
    0.0,
    0.0,
    0.0,
    0.0,
    0.0,
    0.0,
    0.0,
    0.0,
    0.0,
    0.0,
    0.0,
    1.000902309901444,
    0.0,
    0.0,
    0.0,
    0.0,
    0.7295739620571241,
    0.7295739620571241,
    0.0,
    1.0499779457458194,
    0.0,
    0.7295739620571241,
    0.0,
    0.0,
    0.7295739620571241,
    0.0,
    0.9207820019145847,
    0.7295739620571241,
    0.9954219486300283,
    0.7295739620571241,
    0.7295739620571241,
    0.7295739620571241,
    1.0499779457458194,
    0.7295739620571241,
    1.009302970051471
  ],
  "estimated_posterior_probability": 64.22080993652344,
  "input": "./smaller_in/Guten_index1753.txt",
  "prevalence_assumed": 0.5,
  "process_length": 80000,
  "gutenberg": {
    "id": 1753,
    "title": "Swan Song",
    "authors": [
      {
        "name": "Chekhov, Anton Pavlovich",
        "birth_year": 1860,
        "death_year": 1904
      }
    ],
    "summaries": [
      "\"Swan Song\" by Anton Pavlovich Chekhov is a one-act play written during the late 19th century, specifically in the transitional period of Russian literature. This poignant work delves into themes of aging, loneliness, and the existential weight of a life spent in the pursuit of artistic acclaim, encapsulating the struggles of an aging actor coming to terms with his past and his mortality. Chekhov, celebrated for his insight into the human condition, weaves a narrative that portrays the melancholy yet humorous reality of a life spent on stage.  The play centers around Vasili Svetlovidoff, a 68-year-old comedian who finds himself alone in an empty theater after a performance dedicated to him. As he reflects on his life, he is consumed by feelings of regret and nostalgia, recalling his youthful exuberance and past artistic successes. Joined by Nikita Ivanitch, an old prompter, Svetlovidoff's melancholic musings shift between moments of revelry and despair, revealing his isolation and the fleeting nature of fame. Through their interactions, the play contrasts the vibrancy of the actor's once-celebrated talent with the stark realities of aging and forgotten glory, ultimately leaving audiences to ponder life's transitory nature and the quest for meaningful connections amidst the ravages of time. (This is an automatically generated summary.)"
    ],
    "editors": [],
    "translators": [
      {
        "name": "Fell, Marian",
        "birth_year": null,
        "death_year": null
      }
    ],
    "subjects": [
      "Russia -- Social life and customs -- Drama",
      "Russian drama -- Translations into English"
    ],
    "bookshelves": [
      "Category: Plays/Films/Dramas",
      "Category: Russian Literature",
      "One Act Plays"
    ],
    "languages": [
      "en"
    ],
    "copyright": false,
    "media_type": "Text",
    "formats": {
      "text/html": "https://www.gutenberg.org/ebooks/1753.html.images",
      "text/html; charset=utf-8": "https://www.gutenberg.org/files/1753/1753-h/1753-h.htm",
      "application/epub+zip": "https://www.gutenberg.org/ebooks/1753.epub3.images",
      "application/x-mobipocket-ebook": "https://www.gutenberg.org/ebooks/1753.kf8.images",
      "text/plain; charset=us-ascii": "https://www.gutenberg.org/ebooks/1753.txt.utf-8",
      "text/plain; charset=utf-8": "https://www.gutenberg.org/files/1753/1753-0.txt",
      "application/rdf+xml": "https://www.gutenberg.org/ebooks/1753.rdf",
      "image/jpeg": "https://www.gutenberg.org/cache/epub/1753/pg1753.cover.medium.jpg",
      "application/octet-stream": "https://www.gutenberg.org/cache/epub/1753/pg1753-h.zip"
    },
    "download_count": 746
  }
}