{
  "average_entropy_rate": 0.3685123327876486,
  "entropy_rate": [
    0.9037593481596006,
    0.0,
    0.0,
    0.0,
    0.0,
    0.0,
    0.0,
    0.0,
    0.0,
    0.8171776780321754,
    0.0,
    0.0,
    0.8899149909900089,
    0.5897620337253676,
    0.0,
    0.0,
    0.0,
    0.8226653446517074,
    0.0,
    0.0,
    0.8459471002597513,
    0.0,
    0.0,
    0.0,
    0.8005570545183167,
    0.7200476306688859,
    0.0,
    0.7616204259214308,
    0.0,
    0.7784620818722301,
    0.0,
    0.0,
    0.8990425268505443,
    0.7502079029151482,
    0.6559979400025141,
    0.8495030694428906,
    0.7880650041179398,
    0.7782211632412059,
    0.8419117134934626,
    0.8053979179166817,
    0.81074471751373
  ],
  "estimated_posterior_probability": 63.90930938720703,
  "input": "./smaller_in/Guten_index4104.txt",
  "prevalence_assumed": 0.5,
  "process_length": 80000,
  "gutenberg": {
    "id": 4104,
    "title": "The Mayflower and Her Log; July 15, 1620-May 6, 1621 — Volume 4",
    "authors": [
      {
        "name": "Ames, Azel",
        "birth_year": 1845,
        "death_year": 1908
      }
    ],
    "summaries": [
      "\"The Mayflower and Her Log; July 15, 1620-May 6, 1621 — Volume 4\" by Azel Ames, M.D. is a historical account written in the early 20th century. This book primarily focuses on the passenger lists and personal history of those who sailed on the Mayflower, documenting the lives of the Pilgrims who ventured from England to America in pursuit of religious freedom and new opportunities. The work draws on original sources to provide insight into the experiences, struggles, and community dynamics of these early settlers.  In this detailed exploration, Ames meticulously outlines the backgrounds of notable figures and families aboard the Mayflower, including Robert Cushman, Christopher Martin, and Stephen Hopkins, among others. He emphasizes the diverse vocations and social conditions of the passengers, addressing misconceptions about their origins and affiliations. The author discusses the challenges faced during the journey, the eventual decisions regarding leadership on the ship, and the impacts of the voyage on both the individuals involved and the burgeoning settlement in New England. Throughout, Ames aims to provide a more profound understanding of the Pilgrims' motives and the realities of their experiences, contributing to the broader narrative of America's founding. (This is an automatically generated summary.)"
    ],
    "editors": [],
    "translators": [],
    "subjects": [
      "Massachusetts -- History -- New Plymouth, 1620-1691",
      "Mayflower (Ship)",
      "Pilgrims (New Plymouth Colony)"
    ],
    "bookshelves": [
      "Category: History - American",
      "Category: History - Early Modern (c. 1450-1750)",
      "Category: History - Religious"
    ],
    "languages": [
      "en"
    ],
    "copyright": false,
    "media_type": "Text",
    "formats": {
      "text/html": "https://www.gutenberg.org/ebooks/4104.html.images",
      "application/epub+zip": "https://www.gutenberg.org/ebooks/4104.epub3.images",
      "application/x-mobipocket-ebook": "https://www.gutenberg.org/ebooks/4104.kf8.images",
      "text/plain; charset=us-ascii": "https://www.gutenberg.org/ebooks/4104.txt.utf-8",
      "application/rdf+xml": "https://www.gutenberg.org/ebooks/4104.rdf",
      "image/jpeg": "https://www.gutenberg.org/cache/epub/4104/pg4104.cover.medium.jpg",
      "application/octet-stream": "https://www.gutenberg.org/files/4104/4104.zip"
    },
    "download_count": 213
  }
}