{
  "average_entropy_rate": 0.3648437700740881,
  "entropy_rate": [
    0.0,
    0.0,
    0.8770398741901977,
    0.0,
    0.0,
    0.0,
    0.9004940912413859,
    0.6867616026848171,
    0.0,
    0.0,
    0.7708528130821171,
    0.0,
    0.731471419091649,
    0.0,
    0.0,
    0.0,
    0.0,
    0.0,
    0.0,
    0.7836297648688529,
    0.0,
    0.0,
    0.0,
    0.9156656680495057,
    0.0,
    0.0,
    0.0,
    0.9560380540398419,
    0.0,
    0.9213790307899064,
    0.0,
    0.0,
    0.7514988500461041,
    0.8773876688050082,
    0.9501593244409048,
    0.7764812891478641,
    0.7379760354134187,
    0.7613609678248192,
    0.9654725860653531,
    0.8450890479837031,
    0.7498364852721613
  ],
  "estimated_posterior_probability": 63.713134765625,
  "input": "./smaller_in/Guten_index4757.txt",
  "prevalence_assumed": 0.5,
  "process_length": 80000,
  "gutenberg": {
    "id": 4757,
    "title": "The Long Ago",
    "authors": [
      {
        "name": "Wright, J. W. (Jacob William)",
        "birth_year": 1871,
        "death_year": null
      }
    ],
    "summaries": [
      "\"The Long Ago\" by J. W. Wright is a nostalgic semi-autobiographical work that captures the essence of childhood memories, written during the early 20th century. This collection recounts various vignettes of a boy's experiences, emphasizing themes of family, nature, and the simple joys of life in a small Midwestern town. The book draws readers in with its evocative prose and tender reflections on the past.  The narrative focuses on the protagonist's cherished memories, particularly his close relationship with his grandmother and the idyllic environment of his childhood home. Each chapter explores different aspects of life, from the beauty of grandmother's garden and the adventures by the river to the excitement of Christmas mornings and seasonal changes. The stories are filled with sensory details and emotional depth, painting a vivid picture of a simpler time when nature, family, and innocence were at the forefront of life. Through these reflections, readers are invited to reminisce about their own pasts and consider the impact of these foundational experiences on their present lives. (This is an automatically generated summary.)"
    ],
    "editors": [],
    "translators": [],
    "subjects": [
      "Essays"
    ],
    "bookshelves": [
      "Category: American Literature",
      "Category: Biographies",
      "Category: Novels"
    ],
    "languages": [
      "en"
    ],
    "copyright": false,
    "media_type": "Text",
    "formats": {
      "text/html": "https://www.gutenberg.org/ebooks/4757.html.images",
      "application/epub+zip": "https://www.gutenberg.org/ebooks/4757.epub3.images",
      "application/x-mobipocket-ebook": "https://www.gutenberg.org/ebooks/4757.kf8.images",
      "text/plain; charset=us-ascii": "https://www.gutenberg.org/ebooks/4757.txt.utf-8",
      "application/rdf+xml": "https://www.gutenberg.org/ebooks/4757.rdf",
      "image/jpeg": "https://www.gutenberg.org/cache/epub/4757/pg4757.cover.medium.jpg",
      "application/octet-stream": "https://www.gutenberg.org/files/4757/4757-h.zip"
    },
    "download_count": 277
  }
}