{
  "average_entropy_rate": 0.33269408644016185,
  "entropy_rate": [
    0.0,
    0.7131525075775031,
    0.0,
    0.7180255151443813,
    0.0,
    0.716491550455141,
    0.0,
    0.5979873746018287,
    0.0,
    0.6758979625137219,
    0.0,
    0.0,
    0.0,
    0.0,
    0.7225189584644248,
    0.0,
    0.0,
    0.0,
    0.719857377164593,
    0.0,
    0.0,
    0.0,
    0.0,
    0.0,
    0.0,
    0.8018209577194406,
    0.0,
    0.7580122613871418,
    0.7350466256948056,
    0.7162263592369087,
    0.0,
    0.0,
    0.0,
    0.7163137673891449,
    0.6693595006875707,
    0.6613937060741062,
    0.7004453587980686,
    0.813595655009593,
    0.6804199600750115,
    0.6793455243584499,
    0.8445466216947999
  ],
  "estimated_posterior_probability": 62.08692169189453,
  "input": "./smaller_in/Guten_index3338.txt",
  "prevalence_assumed": 0.5,
  "process_length": 80000,
  "gutenberg": {
    "id": 3338,
    "title": "Sir Humphrey Gilbert's Voyage to Newfoundland",
    "authors": [
      {
        "name": "Hayes, Edward, active 1602",
        "birth_year": null,
        "death_year": null
      }
    ],
    "summaries": [
      "\"Sir Humphrey Gilbert's Voyage to Newfoundland\" by Edward Hayes is a historical account written in the early 20th century, specifically in the early 1900s. The book chronicles Sir Humphrey Gilbert's endeavor to establish the first English colony in North America, focusing on his 1583 voyage to Newfoundland. It highlights the ambitions and challenges of English exploration during the late 16th century, providing a glimpse into the motivations behind colonial expansion and religious fervor of the time.  The narrative unfolds with Hayes detailing the preparation and challenges faced by Gilbert and his fleet, which embarked on their journey with high expectations. After successfully claiming Newfoundland for England, the expedition encounters numerous hardships, including rough seas, sickness among the crew, and a lack of resources. Tragically, the voyage culminates in disaster with the loss of the flagship, the \"Delight,\" leading to the death of many crew members, including Sir Humphrey Gilbert himself. Hayes's account combines a chronicle of events with reflections on the larger implications of such exploratory missions, questioning the morality and motivations behind colonization while honoring the resolute spirit of those involved. (This is an automatically generated summary.)"
    ],
    "editors": [],
    "translators": [],
    "subjects": [
      "Gilbert, Humphrey, Sir, 1539?-1583",
      "Newfoundland and Labrador -- History",
      "Voyages and travels"
    ],
    "bookshelves": [
      "Category: History - American",
      "Category: History - British",
      "Category: History - Early Modern (c. 1450-1750)",
      "Category: History - Warfare"
    ],
    "languages": [
      "en"
    ],
    "copyright": false,
    "media_type": "Text",
    "formats": {
      "text/html": "https://www.gutenberg.org/ebooks/3338.html.images",
      "application/epub+zip": "https://www.gutenberg.org/ebooks/3338.epub3.images",
      "application/x-mobipocket-ebook": "https://www.gutenberg.org/ebooks/3338.kf8.images",
      "text/plain; charset=us-ascii": "https://www.gutenberg.org/ebooks/3338.txt.utf-8",
      "application/rdf+xml": "https://www.gutenberg.org/ebooks/3338.rdf",
      "image/jpeg": "https://www.gutenberg.org/cache/epub/3338/pg3338.cover.medium.jpg",
      "application/octet-stream": "https://www.gutenberg.org/files/3338/3338-h.zip"
    },
    "download_count": 448
  }
}