{
  "average_entropy_rate": 0.3822794492924269,
  "entropy_rate": [
    0.6338140732660507,
    0.0,
    0.0,
    0.0,
    0.0,
    0.6096203495728557,
    0.6288055073864977,
    0.0,
    0.0,
    0.0,
    0.9488645634749331,
    1.0414633966476325,
    0.7044301959529189,
    0.7213172663531826,
    0.0,
    0.9791941772974336,
    0.605405014634166,
    0.0,
    0.0,
    1.0010543069432731,
    0.0,
    0.0,
    0.6197441078543506,
    0.0,
    0.0,
    0.0,
    0.5984732281257985,
    0.0,
    0.0,
    0.0,
    0.0,
    0.0,
    0.0,
    0.9945837100450116,
    0.6274411776118031,
    0.6303865969019189,
    0.8409186917589768,
    1.0358456277128627,
    0.8194872064814857,
    0.6250575992097631,
    1.0075506237585883
  ],
  "estimated_posterior_probability": 64.64793395996094,
  "input": "./smaller_in/Guten_index4384.txt",
  "prevalence_assumed": 0.5,
  "process_length": 80000,
  "gutenberg": {
    "id": 4384,
    "title": "The Lost Word: A Christmas Legend of Long Ago",
    "authors": [
      {
        "name": "Van Dyke, Henry",
        "birth_year": 1852,
        "death_year": 1933
      }
    ],
    "summaries": [
      "\"The Lost Word: A Christmas Legend of Long Ago\" by Henry Van Dyke is a Christmas tale written in the late 19th century. This narrative reflects themes of faith, sacrifice, and the quest for spiritual fulfillment, set against the backdrop of early Christianity in Antioch. The book delves into the experiences of Hermas, a young man who grapples with disillusionment after relinquishing his wealth and status to embrace a life of faith.  The story follows Hermas, who feels a deep sense of loss and emptiness as he attempts to commit to his new life as a Christian, especially during the celebration of Christmas. Despite his apparent dedication and efforts, he struggles with a profound dissatisfaction stemming from his sacrifice. He meets a mysterious old man who offers him worldly pleasures in exchange for his faith, enticing him to forget the name of God. As Hermas gives in to temptation, he ultimately loses what gives his life meaning. The climax occurs when he must confront the reality of his choice when his son falls gravely ill, leading him to recover his lost faith and call upon God in desperation. This poignant tale concludes with Hermas rediscovering the power of faith and the importance of that sacred name which had profound implications for love, hope, and redemption. (This is an automatically generated summary.)"
    ],
    "editors": [],
    "translators": [],
    "subjects": [
      "Christmas stories"
    ],
    "bookshelves": [
      "Category: British Literature",
      "Category: Mythology, Legends & Folklore",
      "Category: Novels",
      "Category: Religion/Spirituality",
      "Christmas"
    ],
    "languages": [
      "en"
    ],
    "copyright": false,
    "media_type": "Text",
    "formats": {
      "text/html": "https://www.gutenberg.org/ebooks/4384.html.images",
      "application/epub+zip": "https://www.gutenberg.org/ebooks/4384.epub3.images",
      "application/x-mobipocket-ebook": "https://www.gutenberg.org/ebooks/4384.kf8.images",
      "text/plain; charset=us-ascii": "https://www.gutenberg.org/ebooks/4384.txt.utf-8",
      "application/rdf+xml": "https://www.gutenberg.org/ebooks/4384.rdf",
      "image/jpeg": "https://www.gutenberg.org/cache/epub/4384/pg4384.cover.medium.jpg",
      "application/octet-stream": "https://www.gutenberg.org/files/4384/4384-h.zip"
    },
    "download_count": 302
  }
}