{
  "average_entropy_rate": 0.3158713402505507,
  "entropy_rate": [
    0.0,
    0.0,
    0.0,
    0.0,
    0.6241623048702832,
    0.0,
    0.0,
    0.0,
    0.5107277387029877,
    0.5154601334583304,
    0.6745816737893289,
    0.0,
    0.0,
    0.7721399740195134,
    0.0,
    0.0,
    0.44928025252236226,
    0.8818016635356517,
    0.0,
    0.0,
    0.0,
    0.6156417718725061,
    0.0,
    0.0,
    0.0,
    0.0,
    0.0,
    0.0,
    0.9827971990096291,
    0.7518000825782202,
    0.0,
    0.0,
    0.7322128660673765,
    0.4677574659709555,
    0.6568238515310061,
    0.8817830482091794,
    0.8908621042490368,
    0.5291946650669339,
    0.4389911615881004,
    0.8899769734518472,
    0.6847300197793278
  ],
  "estimated_posterior_probability": 61.27449417114258,
  "input": "./smaller_in/Guten_index2521.txt",
  "prevalence_assumed": 0.5,
  "process_length": 80000,
  "gutenberg": {
    "id": 2521,
    "title": "Lizzie Leigh",
    "authors": [
      {
        "name": "Gaskell, Elizabeth Cleghorn",
        "birth_year": 1810,
        "death_year": 1865
      }
    ],
    "summaries": [
      "\"Lizzie Leigh\" by Elizabeth Cleghorn Gaskell is a poignant short story written during the late Victorian era. The narrative explores themes of loss, redemption, and the enduring bonds of motherhood in the face of societal shame. Set against the backdrop of the 19th century, the story delves into the life of a woman who experiences the devastating impact of her daughter's transgressions.  The plot centers around Mrs. Leigh, who is haunted by the absence of her daughter, Lizzie, after her fall from grace. Following the death of her husband, Mrs. Leigh becomes resolute in her quest to forgive and reconnect with Lizzie, whom she believes may still be alive. As the narrative unfolds, Lizzie is eventually revealed to have become a mother herself, but her daughter, Nanny, tragically dies in an accident. The reunion between mother and daughter is fraught with emotional complexity as they navigate their grief and the harsh judgments of society. Lizzie's struggle for redemption, coupled with her mother's unwavering love, paints a heart-wrenching yet hopeful picture, culminating in a bittersweet reconciliation and a poignant exploration of forgiveness and acceptance. (This is an automatically generated summary.)"
    ],
    "editors": [],
    "translators": [],
    "subjects": [
      "England -- Social life and customs -- 19th century -- Fiction"
    ],
    "bookshelves": [
      "Category: British Literature",
      "Category: Short Stories"
    ],
    "languages": [
      "en"
    ],
    "copyright": false,
    "media_type": "Text",
    "formats": {
      "text/html": "https://www.gutenberg.org/ebooks/2521.html.images",
      "application/epub+zip": "https://www.gutenberg.org/ebooks/2521.epub3.images",
      "application/x-mobipocket-ebook": "https://www.gutenberg.org/ebooks/2521.kf8.images",
      "text/plain; charset=us-ascii": "https://www.gutenberg.org/ebooks/2521.txt.utf-8",
      "application/rdf+xml": "https://www.gutenberg.org/ebooks/2521.rdf",
      "image/jpeg": "https://www.gutenberg.org/cache/epub/2521/pg2521.cover.medium.jpg",
      "application/octet-stream": "https://www.gutenberg.org/cache/epub/2521/pg2521-h.zip"
    },
    "download_count": 354
  }
}