{
  "average_entropy_rate": 0.0,
  "entropy_rate": [
    0.0,
    0.0,
    0.0,
    0.0,
    0.0,
    0.0,
    0.0,
    0.0,
    0.0,
    0.0,
    0.0,
    0.0,
    0.0,
    0.0,
    0.0,
    0.0,
    0.0,
    0.0,
    0.0,
    0.0,
    0.0,
    0.0,
    0.0,
    0.0,
    0.0,
    0.0,
    0.0,
    0.0,
    0.0,
    0.0,
    0.0,
    0.0,
    0.0,
    0.0,
    0.0,
    0.0,
    0.0,
    0.0,
    0.0,
    0.0,
    0.0
  ],
  "estimated_posterior_probability": 50.0,
  "input": "./smaller_in/Guten_index4576.txt",
  "prevalence_assumed": 0.5,
  "process_length": 80000,
  "gutenberg": {
    "id": 4576,
    "title": "粉妝樓41-50回",
    "authors": [
      {
        "name": "Luo, Guanzhong",
        "birth_year": null,
        "death_year": null
      }
    ],
    "summaries": [
      "\"粉妝樓41-50回\" by Guanzhong Luo is a historical novel written during the late 14th century. This work, part of a larger narrative, intertwines themes of intrigue, loyalty, and personal betrayal within a richly detailed backdrop of historical China. The story features various characters navigating political turmoil, most prominently three young noblemen who find themselves embroiled in danger and deception, particularly relating to family and honor.  The opening of the text establishes a high-stakes scenario, as three young nobles escape a city while being pursued by officials. Their initial flight is aided by a man named Li Fengchun, who holds the city walls against their captors, illustrating a web of loyalty and treachery at play. As they manage to evade capture, the characters express their deep desire for vengeance against those who have wronged their families, setting them on a path that leads them to seek out an ally, their cousin Luokun, in hopes of regrouping and reclaiming their honor. The scene is rich with action and tension, hinting at the complexities of allegiance and morality in a rapidly shifting political landscape. (This is an automatically generated summary.)"
    ],
    "editors": [],
    "translators": [],
    "subjects": [
      "China -- History -- Tang dynasty, 618-907 -- Fiction"
    ],
    "bookshelves": [
      "Category: Historical Novels"
    ],
    "languages": [
      "zh"
    ],
    "copyright": false,
    "media_type": "Text",
    "formats": {
      "text/html": "https://www.gutenberg.org/ebooks/4576.html.images",
      "application/epub+zip": "https://www.gutenberg.org/ebooks/4576.epub3.images",
      "application/x-mobipocket-ebook": "https://www.gutenberg.org/ebooks/4576.kf8.images",
      "text/plain; charset=us-ascii": "https://www.gutenberg.org/ebooks/4576.txt.utf-8",
      "application/rdf+xml": "https://www.gutenberg.org/ebooks/4576.rdf",
      "image/jpeg": "https://www.gutenberg.org/cache/epub/4576/pg4576.cover.medium.jpg",
      "application/octet-stream": "https://www.gutenberg.org/files/4576/4576-0.zip"
    },
    "download_count": 327
  }
}