{
  "average_entropy_rate": 0.3944666810619396,
  "entropy_rate": [
    0.0,
    0.9701415624207779,
    0.8770091982335927,
    0.0,
    0.0,
    1.0594924843003861,
    0.0,
    0.0,
    0.7912318876907949,
    0.733264771410467,
    0.0,
    0.0,
    1.0507364681269773,
    0.7867259343152605,
    0.0,
    0.0,
    0.0,
    0.0,
    1.0507733266486183,
    0.0,
    0.0,
    0.0,
    0.0,
    0.0,
    0.0,
    0.0,
    0.0,
    0.0,
    0.0,
    0.0,
    0.7746145828867935,
    0.0,
    0.7749822002036549,
    0.9619002734329906,
    1.0533347477071986,
    0.784426612307666,
    1.0464636913971503,
    0.9055267368821357,
    0.7844149463668452,
    0.9601922371118393,
    0.8079022620963778
  ],
  "estimated_posterior_probability": 65.3198013305664,
  "input": "./smaller_in/Guten_index1764.txt",
  "prevalence_assumed": 0.5,
  "process_length": 80000,
  "gutenberg": {
    "id": 1764,
    "title": "Billy and the Big Stick",
    "authors": [
      {
        "name": "Davis, Richard Harding",
        "birth_year": 1864,
        "death_year": 1916
      }
    ],
    "summaries": [
      "\"Billy and the Big Stick\" by Richard Harding Davis is a satirical novella set in the early 20th century that delves into themes of colonialism, diplomacy, and personal ambition. The story follows Billy Barlow, an American electrical engineer who finds himself in the tumultuous political climate of Hayti (Haiti), where he must navigate the complexities of power, corruption, and personal relationships. The tale captures Billy’s efforts to secure his wages while also trying to win the heart of Claire, the daughter of a local café owner.  The narrative unfolds as Billy, having been left behind when his employer, the Wilmot Company, is forced out of Hayti, becomes an employee of the government under President Hamilear Poussevain. Despite his talents, he is constantly underpaid and must resort to increasingly outrageous tactics to negotiate for his overdue salary. As tensions rise, Billy cleverly maneuvers his way into a position where he can threaten the president with American military intervention, using the arrival of a U.S. warship as leverage. His quick thinking and boldness not only help him secure his payment but also allow him to pursue his romantic aspirations with Claire, culminating in a dramatic flight from the constraints of their oppressively bureaucratic environment. Ultimately, the story mixes humor with sharp social commentary, reflecting on both the absurdities of international politics and the determination of an individual to take control of their destiny. (This is an automatically generated summary.)"
    ],
    "editors": [],
    "translators": [],
    "subjects": [
      "Haiti -- Officials and employees -- Salaries, etc. -- Fiction",
      "Short stories",
      "Threats -- Fiction"
    ],
    "bookshelves": [
      "Category: American Literature",
      "Category: Humour",
      "Category: Novels"
    ],
    "languages": [
      "en"
    ],
    "copyright": false,
    "media_type": "Text",
    "formats": {
      "text/html": "https://www.gutenberg.org/ebooks/1764.html.images",
      "text/html; charset=utf-8": "https://www.gutenberg.org/files/1764/1764-h/1764-h.htm",
      "application/epub+zip": "https://www.gutenberg.org/ebooks/1764.epub3.images",
      "application/x-mobipocket-ebook": "https://www.gutenberg.org/ebooks/1764.kf8.images",
      "text/plain; charset=us-ascii": "https://www.gutenberg.org/ebooks/1764.txt.utf-8",
      "text/plain; charset=utf-8": "https://www.gutenberg.org/files/1764/1764-0.txt",
      "application/rdf+xml": "https://www.gutenberg.org/ebooks/1764.rdf",
      "image/jpeg": "https://www.gutenberg.org/cache/epub/1764/pg1764.cover.medium.jpg",
      "application/octet-stream": "https://www.gutenberg.org/cache/epub/1764/pg1764-h.zip"
    },
    "download_count": 373
  }
}