{
  "average_entropy_rate": 0.3890961186813125,
  "entropy_rate": [
    0.8029167021455462,
    0.0,
    0.0,
    0.0,
    0.8827125328556561,
    0.8974855367079331,
    0.0,
    0.0,
    0.7065113832736882,
    0.6400313575653552,
    0.0,
    0.7958542525226175,
    0.0,
    0.8646108317175566,
    0.0,
    0.0,
    0.8789418079635988,
    0.8887333022691715,
    0.0,
    0.0,
    0.0,
    0.0,
    0.0,
    0.0,
    0.8811326976386893,
    0.0,
    0.0,
    0.0,
    0.0,
    0.0,
    0.0,
    0.0,
    0.8754471585366178,
    0.9616649122839698,
    0.8925017925556376,
    0.7871523944223816,
    0.8379041487006179,
    0.8738295071861348,
    0.7661519079212722,
    0.8720319517586336,
    0.8473266879087317
  ],
  "estimated_posterior_probability": 65.01941680908203,
  "input": "./smaller_in/Guten_index2306.txt",
  "prevalence_assumed": 0.5,
  "process_length": 80000,
  "gutenberg": {
    "id": 2306,
    "title": "Uncle Remus, His Songs and His Sayings",
    "authors": [
      {
        "name": "Harris, Joel Chandler",
        "birth_year": 1848,
        "death_year": 1908
      }
    ],
    "summaries": [
      "\"Uncle Remus, His Songs and His Sayings\" by Joel Chandler Harris is a collection of African American folktales published in 1881. A journalist in post-Reconstruction Atlanta, Harris compiled traditional trickster tales featuring Br'er Rabbit and other animal characters, framing them through the fictional narrator Uncle Remus, a kindly freedman storyteller. Written in Harris's interpretation of Deep South Black dialect, these didactic stories have sparked ongoing controversy for their plantation setting and stylistic choices, even as they preserve oral folklore from Southern Black communities. (This is an automatically generated summary.)"
    ],
    "editors": [],
    "translators": [],
    "subjects": [
      "African American men -- Literary collections",
      "African Americans -- Folklore -- Literary collections",
      "African Americans -- Songs and music",
      "Animals -- Folklore -- Literary collections",
      "Georgia -- Literary collections",
      "Plantation life -- Literary collections",
      "Remus, Uncle (Fictitious character) -- Literary collections"
    ],
    "bookshelves": [
      "Category: American Literature",
      "Category: Mythology, Legends & Folklore",
      "Children's Literature",
      "Folklore"
    ],
    "languages": [
      "en"
    ],
    "copyright": false,
    "media_type": "Text",
    "formats": {
      "text/html": "https://www.gutenberg.org/ebooks/2306.html.images",
      "application/epub+zip": "https://www.gutenberg.org/ebooks/2306.epub3.images",
      "application/x-mobipocket-ebook": "https://www.gutenberg.org/ebooks/2306.kf8.images",
      "text/plain; charset=us-ascii": "https://www.gutenberg.org/ebooks/2306.txt.utf-8",
      "application/rdf+xml": "https://www.gutenberg.org/ebooks/2306.rdf",
      "image/jpeg": "https://www.gutenberg.org/cache/epub/2306/pg2306.cover.medium.jpg",
      "application/octet-stream": "https://www.gutenberg.org/files/2306/2306-h.zip"
    },
    "download_count": 1369
  }
}