{
  "average_entropy_rate": 0.23358084827674877,
  "entropy_rate": [
    0.0,
    0.0,
    0.0,
    0.0,
    0.8465365089416103,
    0.0,
    0.4995584640132328,
    0.0,
    0.0,
    0.0,
    0.0,
    0.0,
    0.0,
    0.0,
    0.7427244562976217,
    0.0,
    0.0,
    0.8289449733968749,
    0.0,
    0.9174213816507925,
    0.0,
    0.0,
    0.0,
    0.0,
    0.0,
    0.0,
    0.0,
    0.0,
    0.0,
    0.0,
    0.8597301863419051,
    0.0,
    0.8160095395049983,
    0.6333548509461309,
    0.0,
    0.8006064006394624,
    0.8780375863296555,
    0.8891034465305635,
    0.0,
    0.8647869847538524,
    0.0
  ],
  "estimated_posterior_probability": 57.69001770019531,
  "input": "./smaller_in/Guten_index3232.txt",
  "prevalence_assumed": 0.5,
  "process_length": 80000,
  "gutenberg": {
    "id": 3232,
    "title": "Songs of the Ridings",
    "authors": [
      {
        "name": "Moorman, F. W. (Frederic William)",
        "birth_year": 1872,
        "death_year": 1919
      }
    ],
    "summaries": [
      "\"Songs of the Ridings\" by F. W. Moorman is a collection of dialect poetry that presents a vibrant tapestry of life in Yorkshire, likely written during the early 20th century. This volume captures the essence of rural experience through the voices of its characters, reflecting their joys, struggles, and the cultural significance of the Yorkshire dialect. The poems often explore themes of everyday life, nature, and historical references, showcasing the rich local heritage and community spirit.  The collection features a variety of poems that highlight the perspectives of different characters, such as farmers, fishermen, and local preachers, all expressed in regional dialect. Each poem serves as a snapshot of Yorkshire life, such as \"A Dalesman’s Litany,\" which reveals the sentiments of returning to the countryside, and \"Cambodunum,\" a reflection on the historical significance of a Roman station in Yorkshire. Moorman's characters grapple with themes of modernization versus tradition, as seen in \"The New Englishman,\" and express heartfelt emotions in poems like \"His Last Sail\" and \"Lile Doad,\" which touch on familial love and loss. Overall, Moorman’s work resonates with authenticity, providing readers with a window into the soul of Yorkshire’s rural community. (This is an automatically generated summary.)"
    ],
    "editors": [],
    "translators": [],
    "subjects": [
      "Dialect poetry, English -- England -- Yorkshire",
      "English language -- Dialects -- England -- Yorkshire -- Texts",
      "English poetry -- England -- Yorkshire",
      "Yorkshire (England) -- Languages -- History -- Sources",
      "Yorkshire (England) -- Poetry"
    ],
    "bookshelves": [
      "Category: Poetry",
      "United Kingdom"
    ],
    "languages": [
      "en"
    ],
    "copyright": false,
    "media_type": "Text",
    "formats": {
      "text/html": "https://www.gutenberg.org/ebooks/3232.html.images",
      "application/epub+zip": "https://www.gutenberg.org/ebooks/3232.epub3.images",
      "application/x-mobipocket-ebook": "https://www.gutenberg.org/ebooks/3232.kf8.images",
      "text/plain; charset=us-ascii": "https://www.gutenberg.org/ebooks/3232.txt.utf-8",
      "application/rdf+xml": "https://www.gutenberg.org/ebooks/3232.rdf",
      "image/jpeg": "https://www.gutenberg.org/cache/epub/3232/pg3232.cover.medium.jpg",
      "application/octet-stream": "https://www.gutenberg.org/files/3232/3232-0.zip"
    },
    "download_count": 275
  }
}