{
  "average_entropy_rate": 0.019163763066202086,
  "entropy_rate": [
    0.28571428571428564,
    0.0,
    0.0,
    0.0,
    0.0,
    0.0,
    0.0,
    0.0,
    0.0,
    0.0,
    0.0,
    0.0,
    0.0,
    0.0,
    0.0,
    0.0,
    0.0,
    0.0,
    0.0,
    0.0,
    0.0,
    0.0,
    0.0,
    0.0,
    0.0,
    0.0,
    0.0,
    0.0,
    0.0,
    0.0,
    0.0,
    0.0,
    0.5,
    0.0,
    0.0,
    0.0,
    0.0,
    0.0,
    0.0,
    0.0,
    0.0
  ],
  "estimated_posterior_probability": 50.52426528930664,
  "input": "./smaller_in/Guten_index2838.txt",
  "prevalence_assumed": 0.5,
  "process_length": 80000,
  "gutenberg": {
    "id": 2838,
    "title": "De Beurs Lacht",
    "authors": [
      {
        "name": "Heine, Heinrich",
        "birth_year": 1797,
        "death_year": 1856
      }
    ],
    "summaries": [
      "\"De Beurs Lacht\" by Heinrich Heine is a satirical work written during the early 19th century, reflecting the socio-political atmosphere of France at the time. This text, part of Heine's broader commentary on contemporary issues, critiques the intersection of politics and finance. It examines the behaviors and attitudes of social elites, particularly in the context of the securities market and its influence on public sentiment and national stability.  In \"De Beurs Lacht,\" Heine portrays a scene at the stock exchange where speculators celebrate political victories that stabilize their financial interests, even amidst the backdrop of war and conflict. Through vivid imagery, he conveys how the happiness of the bourgeoisie stems from their economic gains rather than genuine concern for the state of the nation. The narrative critiques the disconnect between wealth and morality, showcasing the superficiality of joy derived from financial speculation while ignoring the human costs of political strife. The underpinning message suggests a cynical view of society's values, where profits take precedence over the welfare of the people. (This is an automatically generated summary.)"
    ],
    "editors": [],
    "translators": [],
    "subjects": [
      "Stock exchanges -- France -- Paris -- History -- 19th century"
    ],
    "bookshelves": [
      "Category: German Literature",
      "Category: Plays/Films/Dramas"
    ],
    "languages": [
      "nl"
    ],
    "copyright": false,
    "media_type": "Text",
    "formats": {
      "text/html": "https://www.gutenberg.org/ebooks/2838.html.images",
      "application/epub+zip": "https://www.gutenberg.org/ebooks/2838.epub3.images",
      "application/x-mobipocket-ebook": "https://www.gutenberg.org/ebooks/2838.kf8.images",
      "text/plain; charset=us-ascii": "https://www.gutenberg.org/ebooks/2838.txt.utf-8",
      "application/rdf+xml": "https://www.gutenberg.org/ebooks/2838.rdf",
      "image/jpeg": "https://www.gutenberg.org/cache/epub/2838/pg2838.cover.medium.jpg",
      "application/octet-stream": "https://www.gutenberg.org/files/2838/2838-8.zip"
    },
    "download_count": 226
  }
}