{
  "average_entropy_rate": 0.0308990079062775,
  "entropy_rate": [
    0.19419011538178785,
    0.0,
    0.0,
    0.23117870878784258,
    0.0,
    0.0,
    0.0,
    0.0,
    0.0,
    0.0,
    0.0,
    0.0,
    0.0,
    0.0,
    0.0,
    0.0,
    0.0,
    0.0,
    0.0,
    0.0,
    0.0,
    0.0,
    0.0,
    0.0,
    0.0,
    0.3236501923029797,
    0.0,
    0.0,
    0.0,
    0.0,
    0.0,
    0.0,
    0.19419011538178785,
    0.3236501923029797,
    0.0,
    0.0,
    0.0,
    0.0,
    0.0,
    0.0,
    0.0
  ],
  "estimated_posterior_probability": 50.85466003417969,
  "input": "./smaller_in/Guten_index279.txt",
  "prevalence_assumed": 0.5,
  "process_length": 80000,
  "gutenberg": {
    "id": 279,
    "title": "Photos and Maps of Trinity (Atomic Test) Site",
    "authors": [],
    "summaries": [
      "\"Photos and Maps of Trinity (Atomic Test) Site\" is a visual documentation created in the late 20th century, likely during the 1990s or early 2000s. This book comprises a collection of photographs and maps related to the Trinity test, the first detonation of a nuclear weapon conducted as part of the Manhattan Project. The primary focus of the book is to illustrate the key locations and events associated with this groundbreaking moment in history.  The book features various images, including photographs of the base camp for workers at the Trinity site, the atomic blast, and notable figures such as J. Robert Oppenheimer and General Leslie Groves examining the aftermath of the explosion. Additionally, it includes pictures of the assembly of the plutonium core, known as the \"gadget,\" and maps that guide visitors to the Trinity site today. Through these visuals, the publication captures not only the technical aspects of the atomic test but also the historical significance of the event, giving readers a poignant glimpse into a pivotal moment that shaped modern history. (This is an automatically generated summary.)"
    ],
    "editors": [],
    "translators": [],
    "subjects": [
      "Atomic bomb -- New Mexico -- Los Alamos -- Testing -- History",
      "Manhattan Project (U.S.)"
    ],
    "bookshelves": [
      "Category: History - American",
      "Category: History - Modern (1750+)",
      "Category: History - Warfare",
      "World War II"
    ],
    "languages": [
      "en"
    ],
    "copyright": false,
    "media_type": "Text",
    "formats": {
      "text/html": "https://www.gutenberg.org/ebooks/279.html.images",
      "text/html; charset=iso-8859-1": "https://www.gutenberg.org/files/279/279-h/279-h.htm",
      "application/epub+zip": "https://www.gutenberg.org/ebooks/279.epub3.images",
      "application/x-mobipocket-ebook": "https://www.gutenberg.org/ebooks/279.kf8.images",
      "text/plain; charset=us-ascii": "https://www.gutenberg.org/ebooks/279.txt.utf-8",
      "application/rdf+xml": "https://www.gutenberg.org/ebooks/279.rdf",
      "image/jpeg": "https://www.gutenberg.org/cache/epub/279/pg279.cover.medium.jpg",
      "application/octet-stream": "https://www.gutenberg.org/cache/epub/279/pg279-h.zip"
    },
    "download_count": 442
  }
}