{
  "average_entropy_rate": 0.11985637132452913,
  "entropy_rate": [
    0.4085749985352205,
    0.0,
    0.0,
    0.0,
    0.0,
    0.0,
    0.37787067787356454,
    0.6374894464054932,
    0.0,
    0.0,
    0.0,
    0.0,
    0.0,
    0.0,
    0.5418883084896865,
    0.0,
    0.0,
    0.0,
    0.0,
    0.0,
    0.0,
    0.0,
    0.0,
    0.6444696137809758,
    0.0,
    0.0,
    0.0,
    0.0,
    0.0,
    0.0,
    0.0,
    0.0,
    0.0,
    0.5563112425754054,
    0.5027572135555575,
    0.0,
    0.0,
    0.6370617677292701,
    0.6076879553605198,
    0.0,
    0.0
  ],
  "estimated_posterior_probability": 53.5611572265625,
  "input": "./smaller_in/Guten_index2336.txt",
  "prevalence_assumed": 0.5,
  "process_length": 80000,
  "gutenberg": {
    "id": 2336,
    "title": "Wilhelm Meisters Lehrjahre — Band 2",
    "authors": [
      {
        "name": "Goethe, Johann Wolfgang von",
        "birth_year": 1749,
        "death_year": 1832
      }
    ],
    "summaries": [
      "\"Wilhelm Meisters Lehrjahre — Band 2\" by Johann Wolfgang von Goethe is a Bildungsroman published in 1795/96. This classical coming-of-age novel follows young Wilhelm Meister's quest for self-cultivation and purpose. After pursuing theatrical ambitions through the first books, Wilhelm encounters a diverse cast—from the mysterious harpist and enigmatic Mignon to the noble Natalie and members of a progressive society. Through love, loss, and revelation, Wilhelm's journey transforms from artistic dreams to finding meaningful social engagement in a changing world. (This is an automatically generated summary.)"
    ],
    "editors": [],
    "translators": [],
    "subjects": [
      "Bildungsromans",
      "Theater, Traveling -- Fiction"
    ],
    "bookshelves": [
      "Category: German Literature",
      "Category: Novels",
      "DE Prosa",
      "Opera"
    ],
    "languages": [
      "de"
    ],
    "copyright": false,
    "media_type": "Text",
    "formats": {
      "text/html": "https://www.gutenberg.org/ebooks/2336.html.images",
      "application/epub+zip": "https://www.gutenberg.org/ebooks/2336.epub3.images",
      "application/x-mobipocket-ebook": "https://www.gutenberg.org/ebooks/2336.kf8.images",
      "text/plain; charset=us-ascii": "https://www.gutenberg.org/ebooks/2336.txt.utf-8",
      "application/rdf+xml": "https://www.gutenberg.org/ebooks/2336.rdf",
      "image/jpeg": "https://www.gutenberg.org/cache/epub/2336/pg2336.cover.medium.jpg",
      "application/octet-stream": "https://www.gutenberg.org/cache/epub/2336/pg2336-h.zip"
    },
    "download_count": 227
  }
}