{
  "average_entropy_rate": 0.2875233554965262,
  "entropy_rate": [
    0.0,
    0.820111969621892,
    0.0,
    0.0,
    0.0,
    0.0,
    0.5726577421940443,
    0.0,
    0.0,
    0.0,
    0.0,
    0.0,
    0.0,
    0.8202006515013409,
    0.7841025668820033,
    0.0,
    0.0,
    0.0,
    0.8552963826437908,
    0.0,
    0.7892310162702204,
    0.0,
    0.0,
    0.0,
    0.0,
    0.0,
    0.0,
    0.0,
    0.7490170350132684,
    0.8200256851693741,
    0.0,
    0.0,
    0.0,
    0.0,
    0.6962724545644015,
    0.8038658723083851,
    0.830544303435848,
    0.8237036577374429,
    0.8807350405068647,
    0.7250517847699739,
    0.8176414127387233
  ],
  "estimated_posterior_probability": 59.974552154541016,
  "input": "./smaller_in/Guten_index410.txt",
  "prevalence_assumed": 0.5,
  "process_length": 80000,
  "gutenberg": {
    "id": 410,
    "title": "Hell Fer Sartain and Other Stories",
    "authors": [
      {
        "name": "Fox, John, Jr.",
        "birth_year": 1862,
        "death_year": 1919
      }
    ],
    "summaries": [
      "\"Hell Fer Sartain and Other Stories\" by John Fox Jr. is a collection of short stories written in the early 20th century, capturing the essence of Appalachian life and culture. The narratives explore the lives of mountain people in Kentucky, featuring themes of love, rivalry, and the complex moral fabric of rural communities. This book provides a glimpse into a world shaped by nature's challenges, human emotions, and the underlying tension of personal relationships.  The stories within this collection, including the titular tale \"Hell Fer Sartain,\" interweave various characters and their experiences in the backwoods of Kentucky. Skillfully narrated, the stories showcase the interpersonal dramas that arise from misunderstandings and the consequences of gossip, illustrated through the relationships between characters like Rich Harp, Harve Hall, and the enigmatic Abe Shivers. With vibrant descriptions and poignant dialogue, the collection delves into themes of honor, betrayal, and resilience, while painting a vivid picture of the rural Southern landscape. Throughout the narratives, Fox's use of dialect brings authenticity to the characters, capturing the unique flavor of their lives and the moral dilemmas they navigate in a sometimes unforgiving environment. (This is an automatically generated summary.)"
    ],
    "editors": [],
    "translators": [],
    "subjects": [
      "Cumberland Mountains -- Fiction",
      "Kentucky -- Social life and customs -- Fiction",
      "Mountain life -- Fiction",
      "Short stories"
    ],
    "bookshelves": [
      "Category: American Literature",
      "Category: Short Stories"
    ],
    "languages": [
      "en"
    ],
    "copyright": false,
    "media_type": "Text",
    "formats": {
      "text/html": "https://www.gutenberg.org/ebooks/410.html.images",
      "text/html; charset=iso-8859-1": "https://www.gutenberg.org/files/410/410-h/410-h.htm",
      "application/epub+zip": "https://www.gutenberg.org/ebooks/410.epub3.images",
      "application/x-mobipocket-ebook": "https://www.gutenberg.org/ebooks/410.kf8.images",
      "text/plain; charset=us-ascii": "https://www.gutenberg.org/ebooks/410.txt.utf-8",
      "application/rdf+xml": "https://www.gutenberg.org/ebooks/410.rdf",
      "image/jpeg": "https://www.gutenberg.org/cache/epub/410/pg410.cover.medium.jpg",
      "application/octet-stream": "https://www.gutenberg.org/cache/epub/410/pg410-h.zip"
    },
    "download_count": 319
  }
}