{
  "average_entropy_rate": 0.3083159261899684,
  "entropy_rate": [
    0.0,
    0.7049263228735455,
    0.6734252020255709,
    0.0,
    0.0,
    0.6544745982906023,
    0.5545093313812345,
    0.0,
    0.7356772390678693,
    0.0,
    0.0,
    0.0,
    0.0,
    0.0,
    0.6052848872381432,
    0.0,
    0.7424715101475231,
    0.0,
    0.0,
    0.0,
    0.6594558303894215,
    0.0,
    0.0,
    0.686188421844957,
    0.0,
    0.6601469432149695,
    0.0,
    0.0,
    0.0,
    0.0,
    0.0,
    0.0,
    0.6078718431676713,
    0.6478040290161189,
    0.7361724081376563,
    0.618142430460139,
    0.7048509517488138,
    0.5944306281125318,
    0.6001354843836322,
    0.715118501393584,
    0.7398664108947189
  ],
  "estimated_posterior_probability": 60.92122268676758,
  "input": "./smaller_in/Guten_index4282.txt",
  "prevalence_assumed": 0.5,
  "process_length": 80000,
  "gutenberg": {
    "id": 4282,
    "title": "Don Rodriguez; Chronicles of Shadow Valley",
    "authors": [
      {
        "name": "Dunsany, Lord",
        "birth_year": 1878,
        "death_year": 1957
      }
    ],
    "summaries": [
      "\"Don Rodriguez; Chronicles of Shadow Valley\" by Lord Dunsany is a fantasy novel published in 1922. Set in a mythical golden age of Spain, this coming-of-age tale follows Rodriguez, a young man denied his family inheritance and sent forth to win his own estate and bride through skill with sword and mandolin. Accompanied by his servant Morano, Rodriguez embarks on extraordinary adventures that lead him deeper into the fantastical realm of Shadow Valley, where reality and myth intertwine. (This is an automatically generated summary.)"
    ],
    "editors": [],
    "translators": [],
    "subjects": [
      "Fantasy fiction, English",
      "Magicians -- Fiction",
      "Spain -- Fiction"
    ],
    "bookshelves": [
      "Category: Adventure",
      "Category: Novels",
      "Category: Science-Fiction & Fantasy",
      "Fantasy"
    ],
    "languages": [
      "en"
    ],
    "copyright": false,
    "media_type": "Text",
    "formats": {
      "text/html": "https://www.gutenberg.org/ebooks/4282.html.images",
      "application/epub+zip": "https://www.gutenberg.org/ebooks/4282.epub3.images",
      "application/x-mobipocket-ebook": "https://www.gutenberg.org/ebooks/4282.kf8.images",
      "text/plain; charset=us-ascii": "https://www.gutenberg.org/ebooks/4282.txt.utf-8",
      "application/rdf+xml": "https://www.gutenberg.org/ebooks/4282.rdf",
      "image/jpeg": "https://www.gutenberg.org/cache/epub/4282/pg4282.cover.medium.jpg",
      "application/octet-stream": "https://www.gutenberg.org/files/4282/4282-8.zip"
    },
    "download_count": 351
  }
}