{
  "average_entropy_rate": 0.28047966537813485,
  "entropy_rate": [
    0.0,
    0.5690411647992619,
    0.5754730757220472,
    0.0,
    0.0,
    0.8806439172677611,
    0.0,
    0.7346488931376098,
    0.0,
    0.0,
    0.0,
    0.0,
    0.0,
    0.0,
    0.5964911567871797,
    0.5638188793497532,
    0.0,
    0.0,
    0.7721537682203216,
    0.0,
    0.0,
    0.0,
    0.0,
    0.7680687225899501,
    0.0,
    0.0,
    0.8311186038307553,
    0.0,
    0.0,
    0.0,
    0.0,
    0.0,
    0.0,
    0.560820381093429,
    0.8952340761497959,
    0.8601097287290311,
    0.5710591020901433,
    0.0,
    0.7746228056209881,
    0.7499839167322976,
    0.7963780883832056
  ],
  "estimated_posterior_probability": 59.66096496582031,
  "input": "./smaller_in/Guten_index772.txt",
  "prevalence_assumed": 0.5,
  "process_length": 80000,
  "gutenberg": {
    "id": 772,
    "title": "Moral Emblems",
    "authors": [
      {
        "name": "Stevenson, Robert Louis",
        "birth_year": 1850,
        "death_year": 1894
      }
    ],
    "summaries": [
      "\"Moral Emblems\" by Robert Louis Stevenson is a collection of illustrated poems written in the early 20th century. This work combines both poetry and art, as it features woodcut illustrations by the author himself. The book explores themes of morality and human experience through various short verses and vivid imagery, catering to both children and adults who appreciate moral lessons conveyed in an engaging manner.  The content of \"Moral Emblems\" is structured around a series of poetic reflections that contain moral teachings, often featuring whimsical characters and scenarios. Through various emblems, Stevenson addresses human behaviors and virtues, ranging from themes of compassion and envy to the follies of pride. Each poem is accompanied by illustrations that enhance the narrative, creating a playful yet thought-provoking atmosphere. The collection also includes a martial elegy and moral tales, such as \"Robin and Ben: The Pirate and the Apothecary,\" exploring contrasting lives and choices of two friends, illustrating how their paths diverged due to their different values and aspirations. Overall, the book serves not just as a collection of poetry but as a reflection on morality and the lessons of life, appealing to readers who enjoy both art and profound themes. (This is an automatically generated summary.)"
    ],
    "editors": [],
    "translators": [],
    "subjects": [
      "Poetry"
    ],
    "bookshelves": [
      "Category: Art",
      "Category: Poetry"
    ],
    "languages": [
      "en"
    ],
    "copyright": false,
    "media_type": "Text",
    "formats": {
      "text/html": "https://www.gutenberg.org/ebooks/772.html.images",
      "application/epub+zip": "https://www.gutenberg.org/ebooks/772.epub3.images",
      "application/x-mobipocket-ebook": "https://www.gutenberg.org/ebooks/772.kf8.images",
      "text/plain; charset=us-ascii": "https://www.gutenberg.org/ebooks/772.txt.utf-8",
      "text/plain; charset=utf-8": "https://www.gutenberg.org/files/772/772-0.txt",
      "application/rdf+xml": "https://www.gutenberg.org/ebooks/772.rdf",
      "image/jpeg": "https://www.gutenberg.org/cache/epub/772/pg772.cover.medium.jpg",
      "application/octet-stream": "https://www.gutenberg.org/cache/epub/772/pg772-h.zip"
    },
    "download_count": 402
  }
}