{
  "average_entropy_rate": 0.0308990079062775,
  "entropy_rate": [
    0.19419011538178785,
    0.23117870878784258,
    0.0,
    0.0,
    0.0,
    0.0,
    0.0,
    0.0,
    0.0,
    0.0,
    0.0,
    0.0,
    0.0,
    0.0,
    0.0,
    0.0,
    0.0,
    0.0,
    0.0,
    0.0,
    0.0,
    0.0,
    0.0,
    0.0,
    0.0,
    0.0,
    0.0,
    0.0,
    0.0,
    0.0,
    0.0,
    0.3236501923029797,
    0.19419011538178785,
    0.3236501923029797,
    0.0,
    0.0,
    0.0,
    0.0,
    0.0,
    0.0,
    0.0
  ],
  "estimated_posterior_probability": 50.85466003417969,
  "input": "./smaller_in/Guten_index2469.txt",
  "prevalence_assumed": 0.5,
  "process_length": 80000,
  "gutenberg": {
    "id": 2469,
    "title": "Repertory of The Comedie Humaine, Part 2",
    "authors": [
      {
        "name": "Cerfberr, Anatole",
        "birth_year": 1835,
        "death_year": 1896
      },
      {
        "name": "Christophe, Jules François",
        "birth_year": 1840,
        "death_year": null
      }
    ],
    "summaries": [
      "\"Repertory of The Comedie Humaine, Part 2\" by Cerfberr and Christophe is an encyclopedia published as a companion to Honoré de Balzac's La Comédie humaine. This reference work catalogs the plethora of unique characters Balzac invented across his 95 loosely connected novels satirizing French society during the Restoration and July Monarchy. The repertory documents recurring figures, from the ambitious Rastignac to the criminal Vautrin, alongside single-volume characters and even fictional heraldry, creating a comprehensive guide to Balzac's interconnected literary universe. (This is an automatically generated summary.)"
    ],
    "editors": [],
    "translators": [
      {
        "name": "McSpadden, J. Walker (Joseph Walker)",
        "birth_year": 1874,
        "death_year": 1960
      }
    ],
    "subjects": [
      "Balzac, Honoré de, 1799-1850. Comédie humaine"
    ],
    "bookshelves": [
      "Category: Encyclopedias/Dictionaries/Reference"
    ],
    "languages": [
      "en"
    ],
    "copyright": false,
    "media_type": "Text",
    "formats": {
      "text/html": "https://www.gutenberg.org/ebooks/2469.html.images",
      "application/epub+zip": "https://www.gutenberg.org/ebooks/2469.epub3.images",
      "application/x-mobipocket-ebook": "https://www.gutenberg.org/ebooks/2469.kf8.images",
      "text/plain; charset=us-ascii": "https://www.gutenberg.org/ebooks/2469.txt.utf-8",
      "application/rdf+xml": "https://www.gutenberg.org/ebooks/2469.rdf",
      "image/jpeg": "https://www.gutenberg.org/cache/epub/2469/pg2469.cover.medium.jpg",
      "application/octet-stream": "https://www.gutenberg.org/cache/epub/2469/pg2469-h.zip"
    },
    "download_count": 269
  }
}