{
  "average_entropy_rate": 0.0308990079062775,
  "entropy_rate": [
    0.19419011538178785,
    0.23117870878784258,
    0.0,
    0.0,
    0.0,
    0.0,
    0.0,
    0.0,
    0.0,
    0.0,
    0.0,
    0.0,
    0.0,
    0.0,
    0.0,
    0.0,
    0.0,
    0.0,
    0.0,
    0.0,
    0.0,
    0.0,
    0.0,
    0.0,
    0.0,
    0.0,
    0.0,
    0.0,
    0.0,
    0.0,
    0.0,
    0.3236501923029797,
    0.19419011538178785,
    0.3236501923029797,
    0.0,
    0.0,
    0.0,
    0.0,
    0.0,
    0.0,
    0.0
  ],
  "estimated_posterior_probability": 50.85466003417969,
  "input": "./smaller_in/Guten_index4799.txt",
  "prevalence_assumed": 0.5,
  "process_length": 80000,
  "gutenberg": {
    "id": 4799,
    "title": "The Complete Poetical Works of Percy Bysshe Shelley — Volume 3",
    "authors": [
      {
        "name": "Shelley, Percy Bysshe",
        "birth_year": 1792,
        "death_year": 1822
      }
    ],
    "summaries": [],
    "editors": [
      {
        "name": "Hutchinson, Thomas",
        "birth_year": null,
        "death_year": null
      }
    ],
    "translators": [],
    "subjects": [
      "English poetry"
    ],
    "bookshelves": [
      "Banned Books from Anne Haight's list",
      "Category: Poetry"
    ],
    "languages": [
      "en"
    ],
    "copyright": false,
    "media_type": "Text",
    "formats": {
      "text/html": "https://www.gutenberg.org/ebooks/4799.html.images",
      "application/epub+zip": "https://www.gutenberg.org/ebooks/4799.epub3.images",
      "application/x-mobipocket-ebook": "https://www.gutenberg.org/ebooks/4799.kf8.images",
      "text/plain; charset=us-ascii": "https://www.gutenberg.org/ebooks/4799.txt.utf-8",
      "application/rdf+xml": "https://www.gutenberg.org/ebooks/4799.rdf",
      "image/jpeg": "https://www.gutenberg.org/cache/epub/4799/pg4799.cover.medium.jpg",
      "application/octet-stream": "https://www.gutenberg.org/files/4799/4799.zip"
    },
    "download_count": 478
  }
}