{
  "average_entropy_rate": 0.36405078026331783,
  "entropy_rate": [
    0.7783805022571858,
    0.0,
    0.0,
    0.6633442320322309,
    0.0,
    0.8848297030855804,
    0.0,
    0.0,
    0.0,
    0.7685485843356449,
    0.7567516510881258,
    0.0,
    0.0,
    0.7464157553617845,
    0.7435842666250949,
    0.8650544784187114,
    0.0,
    0.0,
    0.0,
    0.0,
    0.0,
    0.0,
    0.0,
    0.0,
    0.0,
    0.0,
    0.0,
    0.8520644177075015,
    0.0,
    0.7581301526039419,
    0.0,
    0.0,
    0.7974283678612395,
    0.7470195419842648,
    0.822180578642758,
    0.7741866833606535,
    0.7577981309050204,
    0.8338223664736542,
    0.7554313453079813,
    0.8734743142746065,
    0.7476369184700502
  ],
  "estimated_posterior_probability": 63.67329406738281,
  "input": "./smaller_in/Guten_index4549.txt",
  "prevalence_assumed": 0.5,
  "process_length": 80000,
  "gutenberg": {
    "id": 4549,
    "title": "Artemis to Actaeon, and Other Verses",
    "authors": [
      {
        "name": "Wharton, Edith",
        "birth_year": 1862,
        "death_year": 1937
      }
    ],
    "summaries": [
      "\"Artemis to Actaeon, and Other Verses\" by Edith Wharton is a poetry collection written in the early 20th century. The book features a range of verses that explore themes of life, mortality, love, and the nature of existence through a classical lens, often referencing mythology and historical figures. With rich imagery and thought-provoking reflections, it delves into the complexities of human emotions and experiences.  The collection is divided into three parts, each containing various poems that reflect Wharton's nuanced understanding of life and death. In the titular poem \"Artemis to Actaeon,\" Wharton examines the tragic fate of Actaeon who, upon seeing the goddess Artemis, is transformed into a stag and hunted by his own dogs. Other poems, such as \"Vesalius in Zante\" and \"Margaret of Cortona,\" weave historical narrative with personal introspection, addressing themes of sacrifice and redemption. Wharton’s lyrical style captures profound philosophical musings about the intertwining of love and grief, the quest for immortality, and the pursuit of truth amidst mortality, ultimately inviting readers to reflect on the fragility and beauty of life. (This is an automatically generated summary.)"
    ],
    "editors": [],
    "translators": [],
    "subjects": [
      "American poetry -- 20th century"
    ],
    "bookshelves": [
      "Category: Mythology, Legends & Folklore",
      "Category: Poetry"
    ],
    "languages": [
      "en"
    ],
    "copyright": false,
    "media_type": "Text",
    "formats": {
      "text/html": "https://www.gutenberg.org/ebooks/4549.html.images",
      "application/epub+zip": "https://www.gutenberg.org/ebooks/4549.epub3.images",
      "application/x-mobipocket-ebook": "https://www.gutenberg.org/ebooks/4549.kf8.images",
      "text/plain; charset=us-ascii": "https://www.gutenberg.org/ebooks/4549.txt.utf-8",
      "application/rdf+xml": "https://www.gutenberg.org/ebooks/4549.rdf",
      "image/jpeg": "https://www.gutenberg.org/cache/epub/4549/pg4549.cover.medium.jpg",
      "application/octet-stream": "https://www.gutenberg.org/files/4549/4549.zip"
    },
    "download_count": 304
  }
}