{
  "average_entropy_rate": 0.03342686190588953,
  "entropy_rate": [
    0.4591479092130872,
    0.0,
    0.0,
    0.0,
    0.0,
    0.3169924970185683,
    0.0,
    0.0,
    0.0,
    0.0,
    0.0,
    0.0,
    0.0,
    0.0,
    0.0,
    0.0,
    0.0,
    0.0,
    0.0,
    0.0,
    0.0,
    0.0,
    0.0,
    0.0,
    0.0,
    0.0,
    0.0,
    0.0,
    0.0,
    0.0,
    0.0,
    0.0,
    0.0,
    0.0,
    0.0,
    0.5943609319098152,
    0.0,
    0.0,
    0.0,
    0.0,
    0.0
  ],
  "estimated_posterior_probability": 50.92580795288086,
  "input": "./smaller_in/Guten_index251.txt",
  "prevalence_assumed": 0.5,
  "process_length": 80000,
  "gutenberg": {
    "id": 251,
    "title": "1995 United States Congressional Address Book",
    "authors": [
      {
        "name": "United States",
        "birth_year": null,
        "death_year": null
      }
    ],
    "summaries": [
      "The \"1995 United States Congressional Address Book\" by United States is a reference publication created in the mid-1990s. This book serves as a directory of the members of the U.S. Congress, including both the House of Representatives and the Senate. It provides essential contact information, including mailing addresses, phone numbers, and fax numbers, for lawmakers during that period.  The content of the book consists of a detailed listing of congressional members, organized by state and party, along with guidelines on effective communication with Congress, highlighting the best methods to send correspondence. It includes addresses for high-ranking officials, such as the President and Vice President, as well as contact information for various committees. Overall, the book is a practical resource for constituents and others seeking to engage with their elected representatives or gain insights into Congress's structure during the 1995 legislative session. (This is an automatically generated summary.)"
    ],
    "editors": [],
    "translators": [],
    "subjects": [
      "United States. Congress"
    ],
    "bookshelves": [
      "Category: Encyclopedias/Dictionaries/Reference",
      "Category: Politics"
    ],
    "languages": [
      "en"
    ],
    "copyright": false,
    "media_type": "Text",
    "formats": {
      "text/html": "https://www.gutenberg.org/ebooks/251.html.images",
      "application/epub+zip": "https://www.gutenberg.org/ebooks/251.epub3.images",
      "application/x-mobipocket-ebook": "https://www.gutenberg.org/ebooks/251.kf8.images",
      "text/plain; charset=us-ascii": "https://www.gutenberg.org/ebooks/251.txt.utf-8",
      "application/rdf+xml": "https://www.gutenberg.org/ebooks/251.rdf",
      "image/jpeg": "https://www.gutenberg.org/cache/epub/251/pg251.cover.medium.jpg",
      "application/octet-stream": "https://www.gutenberg.org/cache/epub/251/pg251-h.zip"
    },
    "download_count": 685
  }
}