{
  "average_entropy_rate": 0.24406335789450534,
  "entropy_rate": [
    0.0,
    0.0,
    0.0,
    0.0,
    0.6374288164496238,
    0.6673395710201526,
    0.0,
    0.0,
    0.6872405076384698,
    0.0,
    0.0,
    0.0,
    0.0,
    0.0,
    0.0,
    0.6814360677914607,
    0.0,
    0.8215025425358876,
    0.0,
    0.0,
    0.0,
    0.0,
    0.0,
    0.9145152743332439,
    0.0,
    0.0,
    0.0,
    0.0,
    0.9141712776498299,
    0.0,
    0.0,
    0.0,
    0.0,
    0.8215132508724111,
    0.0,
    0.6864113019460399,
    0.0,
    0.6847528905611803,
    0.8142509221941211,
    0.9148592710166579,
    0.7611759796656401
  ],
  "estimated_posterior_probability": 58.11307907104492,
  "input": "./smaller_in/Guten_index4255.txt",
  "prevalence_assumed": 0.5,
  "process_length": 80000,
  "gutenberg": {
    "id": 4255,
    "title": "A Yorkshire Tragedy",
    "authors": [],
    "summaries": [
      "\"A Yorkshire Tragedy\" by William Shakespeare is a domestic tragedy written in 1605. This dark Jacobean play tells the harrowing story of a Yorkshire gentleman who descends into ruin through gambling and vice. Based on the real-life crimes of Walter Calverley, who murdered his own children, the play explores how one man's moral collapse destroys his family. Originally performed by Shakespeare's company at the Globe Theatre, this brief but brutal work examines domestic violence and financial ruin with unflinching intensity, though modern scholars attribute it to Thomas Middleton rather than Shakespeare. (This is an automatically generated summary.)"
    ],
    "editors": [],
    "translators": [],
    "subjects": [
      "Shakespeare, William, 1564-1616 -- Spurious and doubtful works",
      "Tragedies (Drama)",
      "Yorkshire (England) -- Drama"
    ],
    "bookshelves": [
      "Category: British Literature",
      "Category: Classics of Literature",
      "Category: Plays/Films/Dramas"
    ],
    "languages": [
      "en"
    ],
    "copyright": false,
    "media_type": "Text",
    "formats": {
      "text/html": "https://www.gutenberg.org/ebooks/4255.html.images",
      "application/epub+zip": "https://www.gutenberg.org/ebooks/4255.epub3.images",
      "image/jpeg": "https://www.gutenberg.org/files/4255/cover.jpg",
      "application/x-mobipocket-ebook": "https://www.gutenberg.org/ebooks/4255.kf8.images",
      "text/plain; charset=us-ascii": "https://www.gutenberg.org/ebooks/4255.txt.utf-8",
      "application/rdf+xml": "https://www.gutenberg.org/ebooks/4255.rdf",
      "application/octet-stream": "https://www.gutenberg.org/cache/epub/4255/pg4255-h.zip"
    },
    "download_count": 232
  }
}