{
  "average_entropy_rate": 0.0,
  "entropy_rate": [
    0.0,
    0.0,
    0.0,
    0.0,
    0.0,
    0.0,
    0.0,
    0.0,
    0.0,
    0.0,
    0.0,
    0.0,
    0.0,
    0.0,
    0.0,
    0.0,
    0.0,
    0.0,
    0.0,
    0.0,
    0.0,
    0.0,
    0.0,
    0.0,
    0.0,
    0.0,
    0.0,
    0.0,
    0.0,
    0.0,
    0.0,
    0.0,
    0.0,
    0.0,
    0.0,
    0.0,
    0.0,
    0.0,
    0.0,
    0.0,
    0.0
  ],
  "estimated_posterior_probability": 50.0,
  "input": "./smaller_in/Guten_index2189.txt",
  "prevalence_assumed": 0.5,
  "process_length": 80000,
  "gutenberg": {
    "id": 2189,
    "title": "Der G'wissenswurm: Bauernkomödie in drei Akten",
    "authors": [
      {
        "name": "Anzengruber, Ludwig",
        "birth_year": 1839,
        "death_year": 1889
      }
    ],
    "summaries": [
      "\"Der G'wissenswurm: Bauernkomödie in drei Akten\" by Ludwig Anzengruber is a peasant comedy written in 1874. Wealthy farmer Grillhofer, recovering from a stroke and fearing death, is tormented by guilt over a sin committed twenty-five years ago. His scheming brother-in-law urges him to renounce his property as penance. When a spirited young woman appears claiming kinship, long-buried secrets about an abandoned child begin to surface, forcing Grillhofer to confront his past and discover unexpected truths about family and redemption. (This is an automatically generated summary.)"
    ],
    "editors": [],
    "translators": [],
    "subjects": [
      "Austrian drama -- 19th century",
      "Comedy plays",
      "Villages -- Drama"
    ],
    "bookshelves": [
      "Category: German Literature",
      "Category: Humour",
      "Category: Plays/Films/Dramas",
      "DE Drama"
    ],
    "languages": [
      "de"
    ],
    "copyright": false,
    "media_type": "Text",
    "formats": {
      "text/html": "https://www.gutenberg.org/ebooks/2189.html.images",
      "application/epub+zip": "https://www.gutenberg.org/ebooks/2189.epub3.images",
      "application/x-mobipocket-ebook": "https://www.gutenberg.org/ebooks/2189.kf8.images",
      "text/plain; charset=us-ascii": "https://www.gutenberg.org/ebooks/2189.txt.utf-8",
      "application/rdf+xml": "https://www.gutenberg.org/ebooks/2189.rdf",
      "image/jpeg": "https://www.gutenberg.org/cache/epub/2189/pg2189.cover.medium.jpg",
      "application/octet-stream": "https://www.gutenberg.org/cache/epub/2189/pg2189-h.zip"
    },
    "download_count": 197
  }
}