{
  "average_entropy_rate": 0.13267178260483387,
  "entropy_rate": [
    0.0,
    0.0,
    0.0,
    0.0,
    0.0,
    0.0,
    0.0,
    0.0,
    0.0,
    0.0,
    0.0,
    0.0,
    0.0,
    0.0,
    0.0,
    0.0,
    0.0,
    0.0,
    0.4854752884544701,
    0.0,
    0.0,
    0.0,
    0.0,
    0.0,
    0.0,
    0.0,
    0.5853569492171714,
    0.0,
    0.5616098294370744,
    0.5292878635496598,
    0.0,
    0.4854752884544701,
    0.0,
    0.0,
    0.5853569492171714,
    0.6607174463965582,
    0.5753128951626734,
    0.0,
    0.0,
    0.4854752884544701,
    0.4854752884544701
  ],
  "estimated_posterior_probability": 53.98686599731445,
  "input": "./smaller_in/Guten_index739.txt",
  "prevalence_assumed": 0.5,
  "process_length": 80000,
  "gutenberg": {
    "id": 739,
    "title": "Henry Clay's Remarks in House and Senate",
    "authors": [
      {
        "name": "Clay, Henry",
        "birth_year": 1777,
        "death_year": 1852
      }
    ],
    "summaries": [
      "\"Henry Clay's Remarks in House and Senate\" by Henry Clay is a collection of political speeches and remarks made by the influential American statesman during his time in the U.S. Congress, spanning the early 19th century. The text focuses on two notable addresses: Clay's opposition to the Expunging Resolutions in 1837, which sought to erase a previous Senate resolution, and his critique of the Seminole War in 1819. This book highlights Clay's deep concern for the preservation of constitutional liberties and the balance of power within the American government.  In the first address, Clay vehemently opposes the Expunging Resolutions, arguing that they serve no patriotic purpose and threaten the integrity of the Senate's role in the government. He critiques the growing power of the presidency, suggesting that such actions undermine both the Constitution and the principles of democracy. In the second address, he addresses the Seminole War, emphasizing the moral implications and dangers of military overreach and the violation of neutral rights in pursuit of questionable objectives. Clay's speeches are characterized by a passionate defense of civil liberties and a warning against the potential consequences of unchecked executive power, reflecting his commitment to the rule of law and the safeguarding of the republic. (This is an automatically generated summary.)"
    ],
    "editors": [],
    "translators": [],
    "subjects": [
      "Ambrister, Robert Christie, 1785?-1818",
      "Arbuthnot, Alexander, 1748?-1818",
      "Seminole War, 1st, 1817-1818",
      "United States -- Politics and government -- 1815-1861"
    ],
    "bookshelves": [
      "Category: Essays, Letters & Speeches",
      "Category: History - American",
      "Category: Politics"
    ],
    "languages": [
      "en"
    ],
    "copyright": false,
    "media_type": "Text",
    "formats": {
      "text/html": "https://www.gutenberg.org/ebooks/739.html.images",
      "application/epub+zip": "https://www.gutenberg.org/ebooks/739.epub3.images",
      "application/x-mobipocket-ebook": "https://www.gutenberg.org/ebooks/739.kf8.images",
      "text/plain; charset=us-ascii": "https://www.gutenberg.org/ebooks/739.txt.utf-8",
      "application/rdf+xml": "https://www.gutenberg.org/ebooks/739.rdf",
      "image/jpeg": "https://www.gutenberg.org/cache/epub/739/pg739.cover.medium.jpg",
      "application/octet-stream": "https://www.gutenberg.org/cache/epub/739/pg739-h.zip"
    },
    "download_count": 343
  }
}