{
  "average_entropy_rate": 0.36812542341422566,
  "entropy_rate": [
    0.0,
    0.7679689260149721,
    0.0,
    0.0,
    0.0,
    0.739914555459579,
    0.0,
    0.8668982091106503,
    0.6957502809168271,
    0.7693515574030088,
    0.7366433824863895,
    0.7787159815515899,
    0.0,
    0.0,
    0.0,
    0.0,
    0.0,
    0.0,
    0.0,
    0.0,
    0.0,
    0.0,
    0.7432078032963846,
    0.0,
    0.0,
    0.9118402752323088,
    0.0,
    0.8747066728890192,
    0.0,
    0.0,
    0.0,
    0.0,
    0.7432327311982748,
    0.7438549810270895,
    0.908355965934791,
    0.7829488960425341,
    0.7452758524055704,
    0.8241902742012273,
    0.7378750308782678,
    0.9119041262113895,
    0.8105068577233827
  ],
  "estimated_posterior_probability": 63.889217376708984,
  "input": "./smaller_in/Guten_index595.txt",
  "prevalence_assumed": 0.5,
  "process_length": 80000,
  "gutenberg": {
    "id": 595,
    "title": "The Sisters' Tragedy, with Other Poems, Lyrical and Dramatic",
    "authors": [
      {
        "name": "Aldrich, Thomas Bailey",
        "birth_year": 1836,
        "death_year": 1907
      }
    ],
    "summaries": [
      "\"The Sisters' Tragedy, with Other Poems, Lyrical and Dramatic\" by Thomas Bailey Aldrich is a collection of poetic works primarily written in the late 19th century. This book exhibits a blend of lyrical and dramatic poetry, showcasing Aldrich's exploration of themes such as love, loss, and the complexities of human emotion. The titular piece, \"The Sisters' Tragedy,\" encapsulates the intricacies of sisterly love and heartache intertwined with their devotion to a shared object of affection.  The central narrative of \"The Sisters' Tragedy\" unfolds in 1670 and revolves around two sisters, Aglae and Muriel, who mourn the death of a man they both loved. As they grieve together, their concealed emotions emerge, revealing unspoken feelings and familial bonds tortured by jealousy and unrequited love. Aglae, who once masked her love for the man, confesses to Muriel that he loved her instead, leading to a poignant realization that their love for him ultimately binds them in sorrow. The collection also features other poems that reflect on historical themes, personal introspection, and societal commentary, further illustrating Aldrich's eloquence and capability as a poet. (This is an automatically generated summary.)"
    ],
    "editors": [],
    "translators": [],
    "subjects": [
      "American poetry"
    ],
    "bookshelves": [
      "Category: Poetry"
    ],
    "languages": [
      "en"
    ],
    "copyright": false,
    "media_type": "Text",
    "formats": {
      "text/html": "https://www.gutenberg.org/ebooks/595.html.images",
      "application/epub+zip": "https://www.gutenberg.org/ebooks/595.epub3.images",
      "application/x-mobipocket-ebook": "https://www.gutenberg.org/ebooks/595.kf8.images",
      "text/plain; charset=us-ascii": "https://www.gutenberg.org/ebooks/595.txt.utf-8",
      "application/rdf+xml": "https://www.gutenberg.org/ebooks/595.rdf",
      "image/jpeg": "https://www.gutenberg.org/cache/epub/595/pg595.cover.medium.jpg",
      "application/octet-stream": "https://www.gutenberg.org/cache/epub/595/pg595-h.zip"
    },
    "download_count": 311
  }
}