{
  "average_entropy_rate": 0.0308990079062775,
  "entropy_rate": [
    0.19419011538178785,
    0.23117870878784258,
    0.0,
    0.0,
    0.0,
    0.0,
    0.0,
    0.0,
    0.0,
    0.0,
    0.0,
    0.0,
    0.0,
    0.0,
    0.0,
    0.0,
    0.0,
    0.0,
    0.0,
    0.0,
    0.0,
    0.0,
    0.0,
    0.0,
    0.0,
    0.0,
    0.0,
    0.3236501923029797,
    0.0,
    0.0,
    0.0,
    0.0,
    0.19419011538178785,
    0.3236501923029797,
    0.0,
    0.0,
    0.0,
    0.0,
    0.0,
    0.0,
    0.0
  ],
  "estimated_posterior_probability": 50.85466003417969,
  "input": "./smaller_in/Guten_index366.txt",
  "prevalence_assumed": 0.5,
  "process_length": 80000,
  "gutenberg": {
    "id": 366,
    "title": "Bab: A Sub-Deb",
    "authors": [
      {
        "name": "Rinehart, Mary Roberts",
        "birth_year": 1876,
        "death_year": 1958
      }
    ],
    "summaries": [
      "\"Bab: A Sub-Deb\" by Mary Roberts Rinehart is a novel written in the early 20th century. This humorous and light-hearted work explores the experiences of a young woman navigating the challenges of adolescence and society's expectations. The book offers insights into the social dynamics and cultural norms of its time.  The story centers around the titular character, Bab, who is a charmingly naive and somewhat self-absorbed young girl. Throughout the narrative, Bab deals with her friendships, romantic interests, and the pressures of growing up in a society that often places unrealistic expectations on young women. As she interacts with her peers and family, the tale provides a humorous yet poignant reflection on the trials of youth, self-discovery, and the quest for identity amidst societal constraints. (This is an automatically generated summary.)"
    ],
    "editors": [],
    "translators": [],
    "subjects": [
      "Debutantes -- Fiction"
    ],
    "bookshelves": [
      "Category: American Literature",
      "Category: Humour",
      "Category: Novels"
    ],
    "languages": [
      "en"
    ],
    "copyright": false,
    "media_type": "Text",
    "formats": {
      "text/html": "https://www.gutenberg.org/ebooks/366.html.images",
      "application/epub+zip": "https://www.gutenberg.org/ebooks/366.epub3.images",
      "application/x-mobipocket-ebook": "https://www.gutenberg.org/ebooks/366.kf8.images",
      "text/plain; charset=us-ascii": "https://www.gutenberg.org/ebooks/366.txt.utf-8",
      "application/rdf+xml": "https://www.gutenberg.org/ebooks/366.rdf",
      "image/jpeg": "https://www.gutenberg.org/cache/epub/366/pg366.cover.medium.jpg",
      "application/octet-stream": "https://www.gutenberg.org/files/366/366-h.zip"
    },
    "download_count": 601
  }
}