{
  "average_entropy_rate": 0.08729268165673311,
  "entropy_rate": [
    0.5169924970185685,
    0.7193609319098152,
    0.4591479092130872,
    0.0,
    0.0,
    0.0,
    0.0,
    0.0,
    0.0,
    0.0,
    0.0,
    0.0,
    0.0,
    0.0,
    0.0,
    0.0,
    0.0,
    0.0,
    0.0,
    0.0,
    0.0,
    0.0,
    0.0,
    0.0,
    0.0,
    0.0,
    0.0,
    0.0,
    0.0,
    0.0,
    0.0,
    0.0,
    0.7193609319098152,
    0.7049897686616842,
    0.4591479092130872,
    0.0,
    0.0,
    0.0,
    0.0,
    0.0,
    0.0
  ],
  "estimated_posterior_probability": 52.52376174926758,
  "input": "./smaller_in/Guten_index490.txt",
  "prevalence_assumed": 0.5,
  "process_length": 80000,
  "gutenberg": {
    "id": 490,
    "title": "Life and Adventures of Calamity Jane",
    "authors": [
      {
        "name": "Calamity Jane",
        "birth_year": 1856,
        "death_year": 1903
      }
    ],
    "summaries": [
      "\"Life and Adventures of Calamity Jane\" by Calamity Jane is a biography written in the late 19th century. The book recounts the life and experiences of one of the American West's most iconic figures, who was known for her adventurous spirit and her remarkable exploits as a scout and sharpshooter. It provides a glimpse into the trials and tribulations of pioneering life during the westward expansion era, highlighting themes of bravery, resilience, and the breaking of gender norms.  In this autobiography, Calamity Jane, born Martha Cannary, narrates her colorful life story, starting from her childhood in Missouri to her adventures across the Western frontier. She shares vivid accounts of her early years, particularly during her family's arduous journey to Montana, her role as a scout for General Custer, and her interactions with notable personalities like Wild Bill Hickok. The narrative captures her daring exploits, from riding through treacherous terrains to participating in dangerous missions against Native American tribes. Through her eyes, readers experience the challenges and camaraderie of frontier life, as well as her eventual transition from a life of adventure to a more settled existence. The book serves as both a personal recounting of her life and a portrayal of the Wild West era she inhabited, making it a compelling read for those interested in American history and the role of women in it. (This is an automatically generated summary.)"
    ],
    "editors": [],
    "translators": [],
    "subjects": [
      "Calamity Jane, 1852-1903",
      "Cowgirls -- West (U.S.) -- Biography",
      "Missouri -- History",
      "Women -- West (U.S.) -- Biography"
    ],
    "bookshelves": [
      "Category: Adventure",
      "Category: Biographies",
      "Category: History - American"
    ],
    "languages": [
      "en"
    ],
    "copyright": false,
    "media_type": "Text",
    "formats": {
      "text/html": "https://www.gutenberg.org/ebooks/490.html.images",
      "application/epub+zip": "https://www.gutenberg.org/ebooks/490.epub3.images",
      "application/x-mobipocket-ebook": "https://www.gutenberg.org/ebooks/490.kf8.images",
      "text/plain; charset=us-ascii": "https://www.gutenberg.org/ebooks/490.txt.utf-8",
      "application/rdf+xml": "https://www.gutenberg.org/ebooks/490.rdf",
      "image/jpeg": "https://www.gutenberg.org/cache/epub/490/pg490.cover.medium.jpg",
      "application/octet-stream": "https://www.gutenberg.org/cache/epub/490/pg490-h.zip"
    },
    "download_count": 330
  }
}