{
  "average_entropy_rate": 0.3001764859372369,
  "entropy_rate": [
    0.0,
    0.0,
    0.0,
    0.0,
    0.8385179580625901,
    0.0,
    0.0,
    0.0,
    0.0,
    0.0,
    0.0,
    0.0,
    0.5784688710257156,
    0.0,
    0.6858790649004688,
    0.0,
    0.0,
    0.6824740342892006,
    0.0,
    0.0,
    0.6611597566325934,
    0.0,
    0.0,
    0.0,
    0.7066560240308499,
    0.8247037252950733,
    0.7923158498060974,
    0.7419203830808352,
    0.0,
    0.0,
    0.0,
    0.0,
    0.7049049467257227,
    0.6956170360403695,
    0.7219091263372935,
    0.0,
    0.7009575700777746,
    0.6912386289665876,
    0.6882657959014724,
    0.7370181527124088,
    0.8552289995416597
  ],
  "estimated_posterior_probability": 60.54543685913086,
  "input": "./smaller_in/Guten_index4395.txt",
  "prevalence_assumed": 0.5,
  "process_length": 80000,
  "gutenberg": {
    "id": 4395,
    "title": "In Wicklow and West Kerry",
    "authors": [
      {
        "name": "Synge, J. M. (John Millington)",
        "birth_year": 1871,
        "death_year": 1909
      }
    ],
    "summaries": [
      "\"In Wicklow and West Kerry\" by J. M. Synge is a travel narrative written in the early 20th century. The work reflects Synge's observations and experiences as he traverses the picturesque landscapes of County Wicklow and West Kerry in Ireland, capturing the essence of rural life, the vibrant culture, and the enduring struggles of its people. Through a series of essays, Synge introduces us to the vagrants, farmers, and various inhabitants, illustrating their relationships with the land and each other, while also revealing the poignant beauty of their surroundings.  The opening of the book presents a rich tapestry of life among the tramps and vagrants of Wicklow, discussing their lifestyles, the hardships they face, and the unique vitality they possess. Synge shares vivid anecdotes about the people he encounters, such as an elderly tramp who values his long white hair as a mark of dignity and a young man who, despite his illness, fervently tries to sell a handmade table. Through thoughtful reflections on the local customs, such as the peculiar reputation of itinerants and the tragic elements of their existence, Synge sets the stage for a deeper exploration of the human condition against the backdrop of Ireland's rugged landscape. (This is an automatically generated summary.)"
    ],
    "editors": [],
    "translators": [],
    "subjects": [
      "Ireland -- Social life and customs"
    ],
    "bookshelves": [
      "Category: Travel Writing"
    ],
    "languages": [
      "en"
    ],
    "copyright": false,
    "media_type": "Text",
    "formats": {
      "text/html": "https://www.gutenberg.org/ebooks/4395.html.images",
      "application/epub+zip": "https://www.gutenberg.org/ebooks/4395.epub3.images",
      "application/x-mobipocket-ebook": "https://www.gutenberg.org/ebooks/4395.kf8.images",
      "text/plain; charset=us-ascii": "https://www.gutenberg.org/ebooks/4395.txt.utf-8",
      "application/rdf+xml": "https://www.gutenberg.org/ebooks/4395.rdf",
      "image/jpeg": "https://www.gutenberg.org/cache/epub/4395/pg4395.cover.medium.jpg",
      "application/octet-stream": "https://www.gutenberg.org/files/4395/4395-h.zip"
    },
    "download_count": 250
  }
}