{
  "average_entropy_rate": 0.20834466267204135,
  "entropy_rate": [
    0.5968841686728709,
    0.0,
    0.0,
    0.0,
    0.0,
    0.0,
    0.6041816357260862,
    0.0,
    0.4243577763898034,
    0.0,
    0.6960583582771119,
    0.0,
    0.0,
    0.0,
    0.0,
    0.63696476906998,
    0.0,
    0.6528793422845633,
    0.0,
    0.0,
    0.0,
    0.0,
    0.6238587362593141,
    0.0,
    0.0,
    0.0,
    0.0,
    0.0,
    0.0,
    0.0,
    0.0,
    0.0,
    0.5415100344723337,
    0.5732579287841357,
    0.682494744657219,
    0.5659885665535552,
    0.0,
    0.6155632427733708,
    0.6355716401399277,
    0.6925602254934224,
    0.0
  ],
  "estimated_posterior_probability": 56.698638916015625,
  "input": "./smaller_in/Guten_index4031.txt",
  "prevalence_assumed": 0.5,
  "process_length": 80000,
  "gutenberg": {
    "id": 4031,
    "title": "The London Prodigal",
    "authors": [],
    "summaries": [
      "\"The London Prodigal\" by William Shakespeare is a play published in 1605. This city comedy follows Matthew Flowerdale, a merchant's son who squanders his life through gambling, theft, and debauchery. When his father feigns death to witness his son's corruption firsthand, Matthew's schemes lead him into a disastrous marriage and mounting debt. Through his loyal wife's devotion, the prodigal faces a reckoning. Though attributed to Shakespeare, scholars widely reject his authorship, considering it part of the Shakespeare apocrypha. (This is an automatically generated summary.)"
    ],
    "editors": [],
    "translators": [],
    "subjects": [
      "English drama -- 17th century",
      "Shakespeare, William, 1564-1616 -- Spurious and doubtful works"
    ],
    "bookshelves": [
      "Category: British Literature",
      "Category: Plays/Films/Dramas"
    ],
    "languages": [
      "en"
    ],
    "copyright": false,
    "media_type": "Text",
    "formats": {
      "text/html": "https://www.gutenberg.org/ebooks/4031.html.images",
      "application/epub+zip": "https://www.gutenberg.org/ebooks/4031.epub3.images",
      "image/jpeg": "https://www.gutenberg.org/files/4031/cover.jpg",
      "application/x-mobipocket-ebook": "https://www.gutenberg.org/ebooks/4031.kf8.images",
      "text/plain; charset=us-ascii": "https://www.gutenberg.org/ebooks/4031.txt.utf-8",
      "application/rdf+xml": "https://www.gutenberg.org/ebooks/4031.rdf",
      "application/octet-stream": "https://www.gutenberg.org/cache/epub/4031/pg4031-h.zip"
    },
    "download_count": 273
  }
}