{
  "average_entropy_rate": 0.2596160654243751,
  "entropy_rate": [
    0.0,
    0.0,
    0.0,
    0.0,
    0.863148426237345,
    0.5673274628219184,
    0.0,
    0.0,
    0.8679243325220664,
    0.0,
    0.0,
    0.0,
    0.7946299850997841,
    0.8439301477057329,
    0.0,
    0.0,
    0.0,
    0.0,
    0.0,
    0.0,
    0.0,
    0.0,
    0.0,
    0.0,
    0.0,
    0.8984399826145076,
    0.0,
    0.0,
    0.0,
    0.0,
    0.8592787843576833,
    0.0,
    0.8417544085396987,
    0.8714401106053149,
    0.7368550407732406,
    0.0,
    0.8382144988928995,
    0.8001366600660313,
    0.0,
    0.0,
    0.8611788421631558
  ],
  "estimated_posterior_probability": 58.762123107910156,
  "input": "./smaller_in/Guten_index4176.txt",
  "prevalence_assumed": 0.5,
  "process_length": 80000,
  "gutenberg": {
    "id": 4176,
    "title": "Diary of Samuel Pepys — Volume 53: May 1667",
    "authors": [
      {
        "name": "Pepys, Samuel",
        "birth_year": 1633,
        "death_year": 1703
      }
    ],
    "summaries": [
      "\"Diary of Samuel Pepys — Volume 53: May 1667\" by Samuel Pepys is a historical account, first penned in the mid-17th century. This volume serves as a glimpse into the daily life and observations of Samuel Pepys, a prominent figure in the English Navy, as he navigates his personal, political, and social environment during a significant period in English history. The diary details Pepys’s thoughts on various subjects, from administrative matters at the Admiralty to his reflections on art and society, providing a unique perspective on the events of his time.  The opening of the diary begins to paint a vivid picture of Pepys’s routine and the world around him at the start of May 1667. Pepys documents his activities with a keen eye, from attending to financial matters at the Excise Office, where he discusses the health of the Lord Treasurer, to leisurely observances of May Day celebrations in the park. His interactions with various nobles, friends, and acquaintances reveal the intricacies of his court and social life, filled with gossip and opinions on the political climate. Throughout the entries, there’s a blend of personal musings and professional dealings as he grapples with the challenges of governance, relationships, and societal changes, all while subtly reflecting on the responsibilities of his position in the turbulent waters of Restoration England. (This is an automatically generated summary.)"
    ],
    "editors": [
      {
        "name": "Wheatley, Henry B. (Henry Benjamin)",
        "birth_year": 1838,
        "death_year": 1917
      },
      {
        "name": "Braybrooke, Richard Griffin, Baron",
        "birth_year": 1783,
        "death_year": 1858
      }
    ],
    "translators": [
      {
        "name": "Bright, Mynors",
        "birth_year": 1818,
        "death_year": 1883
      }
    ],
    "subjects": [
      "Cabinet officers -- Great Britain -- Diaries",
      "Diarists -- Great Britain -- Diaries",
      "Great Britain -- History -- Charles II, 1660-1685 -- Sources",
      "Great Britain -- Social life and customs -- 17th century -- Sources",
      "Pepys, Samuel, 1633-1703 -- Diaries"
    ],
    "bookshelves": [
      "Category: Biographies",
      "Category: History - British"
    ],
    "languages": [
      "en"
    ],
    "copyright": false,
    "media_type": "Text",
    "formats": {
      "text/html": "https://www.gutenberg.org/ebooks/4176.html.images",
      "application/epub+zip": "https://www.gutenberg.org/ebooks/4176.epub3.images",
      "application/x-mobipocket-ebook": "https://www.gutenberg.org/ebooks/4176.kf8.images",
      "text/plain; charset=us-ascii": "https://www.gutenberg.org/ebooks/4176.txt.utf-8",
      "application/rdf+xml": "https://www.gutenberg.org/ebooks/4176.rdf",
      "image/jpeg": "https://www.gutenberg.org/cache/epub/4176/pg4176.cover.medium.jpg",
      "application/octet-stream": "https://www.gutenberg.org/files/4176/4176.zip"
    },
    "download_count": 199
  }
}