{
  "average_entropy_rate": 0.2738782006340705,
  "entropy_rate": [
    0.0,
    0.0,
    0.7020929257413221,
    0.5537111727594687,
    0.0,
    0.6696103764056003,
    0.0,
    0.0,
    0.0,
    0.0,
    0.7401741818968877,
    0.0,
    0.0,
    0.6655318634316091,
    0.6661157790547297,
    0.0,
    0.0,
    0.0,
    0.0,
    0.0,
    0.0,
    0.0,
    0.0,
    0.0,
    0.0,
    0.8253103461241369,
    0.0,
    0.0,
    0.0,
    0.0,
    0.7055338091256391,
    0.7534875545993709,
    0.0,
    0.7050026587539757,
    0.0,
    0.7386085007312413,
    0.6768790261013824,
    0.7151329401116217,
    0.6701803814144183,
    0.7876466743096274,
    0.6539880354358574
  ],
  "estimated_posterior_probability": 59.37157440185547,
  "input": "./smaller_in/Guten_index4538.txt",
  "prevalence_assumed": 0.5,
  "process_length": 80000,
  "gutenberg": {
    "id": 4538,
    "title": "Little Lucy's Wonderful Globe",
    "authors": [
      {
        "name": "Yonge, Charlotte M. (Charlotte Mary)",
        "birth_year": 1823,
        "death_year": 1901
      }
    ],
    "summaries": [
      "\"Little Lucy's Wonderful Globe\" by Charlotte M. Yonge is a children's book written in the late 19th century, during the Victorian era. This imaginative work follows a young girl named Lucy who embarks on a series of adventures through her dreams, discovering various cultures and countries as she interacts with her large globe. The book touches upon themes of exploration, education, and the wonder of the world, making it a delightful narrative for young readers.  Throughout her escapades, Lucy encounters a variety of characters that exemplify the customs and traditions of different nations, from the sunny shores of the South Seas to the snowy landscapes of Greenland. Each chapter presents a unique place and its people, enriching Lucy's understanding of the world around her. Her whimsical adventures underscore the importance of curiosity and learning about different cultures, while also highlighting Christian moral themes that resonate with the author's values. Ultimately, the story serves not only as a captivating journey for children but also as an educational tool that encourages a love for geography and exploration. (This is an automatically generated summary.)"
    ],
    "editors": [],
    "translators": [],
    "subjects": [
      "Geography -- Juvenile literature"
    ],
    "bookshelves": [
      "Category: Adventure",
      "Category: Children & Young Adult Reading"
    ],
    "languages": [
      "en"
    ],
    "copyright": false,
    "media_type": "Text",
    "formats": {
      "text/html": "https://www.gutenberg.org/ebooks/4538.html.images",
      "application/epub+zip": "https://www.gutenberg.org/ebooks/4538.epub3.images",
      "application/x-mobipocket-ebook": "https://www.gutenberg.org/ebooks/4538.kf8.images",
      "text/plain; charset=us-ascii": "https://www.gutenberg.org/ebooks/4538.txt.utf-8",
      "application/rdf+xml": "https://www.gutenberg.org/ebooks/4538.rdf",
      "image/jpeg": "https://www.gutenberg.org/cache/epub/4538/pg4538.cover.medium.jpg",
      "application/octet-stream": "https://www.gutenberg.org/files/4538/4538-h.zip"
    },
    "download_count": 310
  }
}