{
  "average_entropy_rate": 0.22591139279047273,
  "entropy_rate": [
    0.6167957488331758,
    0.6536642775940893,
    0.0,
    0.0,
    0.499419729024168,
    0.0,
    0.0,
    0.562159337030504,
    0.0,
    0.6550877896393633,
    0.0,
    0.0,
    0.0,
    0.0,
    0.0,
    0.0,
    0.0,
    0.0,
    0.0,
    0.0,
    0.0,
    0.0,
    0.0,
    0.0,
    0.6341036046950819,
    0.0,
    0.0,
    0.0,
    0.0,
    0.6420695016599253,
    0.0,
    0.6218086214356853,
    0.6404857340939697,
    0.6423071210393934,
    0.536508259288461,
    0.5862610968762134,
    0.6829451022314312,
    0.6565421497019956,
    0.0,
    0.6322090312659221,
    0.0
  ],
  "estimated_posterior_probability": 57.38344192504883,
  "input": "./smaller_in/Guten_index3024.txt",
  "prevalence_assumed": 0.5,
  "process_length": 80000,
  "gutenberg": {
    "id": 3024,
    "title": "The Last Stetson",
    "authors": [
      {
        "name": "Fox, John, Jr.",
        "birth_year": 1862,
        "death_year": 1919
      }
    ],
    "summaries": [
      "\"The Last Stetson\" by John Fox Jr. is a novel likely written in the early 20th century. The story unfolds in the Appalachian Mountains, depicting the longstanding feud between the Stetson and Lewallen families. The narrative examines themes of conflict, vengeance, and the possibility of redemption against a backdrop of rural life and evolving societal norms.  The plot centers around Isom, a young boy of mixed lineage, who is caught in the crossfire of the ancient feud that has led to bloodshed and deep-seated animosities. After witnessing a pivotal moment in the feud, Isom grapples with the weight of his actions, having shot in defense of his brother Rome. As the story progresses, Isom confronts various characters, including Eli Crump, a spy for the rival family, and Steve Marcum, with whom he forms a complex bond. The arrival of a new preacher, Sherd Raines, ignites hope for reconciliation, prompting Isom to question notions of forgiveness and vengeance. Ultimately, Isom's struggle for identity and moral clarity leads him toward a heart-wrenching climax that challenges the cycle of violence and sets the stage for potential resolution and reconciliation in a community overshadowed by its past. (This is an automatically generated summary.)"
    ],
    "editors": [],
    "translators": [],
    "subjects": [
      "Cumberland Mountains -- Fiction",
      "Kentucky -- Fiction",
      "Mountain life -- Fiction",
      "Vendetta -- Fiction"
    ],
    "bookshelves": [
      "Category: American Literature",
      "Category: Novels"
    ],
    "languages": [
      "en"
    ],
    "copyright": false,
    "media_type": "Text",
    "formats": {
      "text/html": "https://www.gutenberg.org/ebooks/3024.html.images",
      "application/epub+zip": "https://www.gutenberg.org/ebooks/3024.epub3.images",
      "application/x-mobipocket-ebook": "https://www.gutenberg.org/ebooks/3024.kf8.images",
      "text/plain; charset=us-ascii": "https://www.gutenberg.org/ebooks/3024.txt.utf-8",
      "application/rdf+xml": "https://www.gutenberg.org/ebooks/3024.rdf",
      "image/jpeg": "https://www.gutenberg.org/cache/epub/3024/pg3024.cover.medium.jpg",
      "application/octet-stream": "https://www.gutenberg.org/files/3024/3024-h.zip"
    },
    "download_count": 251
  }
}