{
  "average_entropy_rate": 0.30249946639552644,
  "entropy_rate": [
    0.0,
    0.0,
    0.5887089304414314,
    0.0,
    0.0,
    0.0,
    0.0,
    0.0,
    0.5116034821835269,
    0.0,
    0.7833320498171549,
    0.0,
    0.0,
    0.0,
    0.0,
    0.0,
    0.0,
    0.7019098109758877,
    0.8098861731220087,
    0.0,
    0.4765069285296048,
    0.0,
    0.0,
    0.6219141261516536,
    0.6642934182250443,
    0.0,
    0.0,
    0.8006218389346674,
    0.5363586485995022,
    0.0,
    0.0,
    0.0,
    0.6584057844566097,
    0.5102590452410573,
    0.559506233800626,
    0.7702796330688846,
    0.8169659909658571,
    0.6354532652359789,
    0.6381366247729698,
    0.8197552899848294,
    0.4985808477092856
  ],
  "estimated_posterior_probability": 60.6536750793457,
  "input": "./smaller_in/Guten_index4752.txt",
  "prevalence_assumed": 0.5,
  "process_length": 80000,
  "gutenberg": {
    "id": 4752,
    "title": "The Spirit of Contradiction",
    "authors": [
      {
        "name": "Dufresny, Charles Rivière",
        "birth_year": 1657,
        "death_year": 1724
      }
    ],
    "summaries": [
      "\"The Spirit of Contradiction\" by Charles Rivière Dufresny is a comedic play written during the early 18th century. The story unfolds in a garden in London, revolving around the complexities of relationships and the theme of contradiction, particularly exemplified in the character of Mrs. Townly. The play highlights the humorous chaos that ensues from the conflicting desires of the characters as they navigate marriage proposals and family dynamics.  The narrative centers around Mr. Townly's desire to marry off his daughter Angelica to a suitable suitor, Mr. Nelson, while his wife, Mrs. Townly, has her own contradictory opinions about whom Angelica should wed. Lucas, the gardener, observes the farcical entanglements and plans to use the spirit of contradiction to his advantage. As the characters engage in witty banter and scheming, Mrs. Townly's obstinate nature leads to misunderstandings and comedic situations. The play culminates in a frenzy of confusion as efforts to control the marriage decisions backfire, ultimately revealing the folly of trying to manipulate personal desires and relationships. (This is an automatically generated summary.)"
    ],
    "editors": [],
    "translators": [
      {
        "name": "Morlock, Frank J.",
        "birth_year": null,
        "death_year": null
      }
    ],
    "subjects": [
      "French drama -- 18th century -- Translations into English"
    ],
    "bookshelves": [
      "Category: Humour",
      "Category: Plays/Films/Dramas"
    ],
    "languages": [
      "en"
    ],
    "copyright": true,
    "media_type": "Text",
    "formats": {
      "text/html": "https://www.gutenberg.org/ebooks/4752.html.images",
      "application/epub+zip": "https://www.gutenberg.org/ebooks/4752.epub3.images",
      "application/x-mobipocket-ebook": "https://www.gutenberg.org/ebooks/4752.kf8.images",
      "text/plain; charset=us-ascii": "https://www.gutenberg.org/ebooks/4752.txt.utf-8",
      "application/rdf+xml": "https://www.gutenberg.org/ebooks/4752.rdf",
      "image/jpeg": "https://www.gutenberg.org/cache/epub/4752/pg4752.cover.medium.jpg",
      "application/octet-stream": "https://www.gutenberg.org/files/4752/4752-8.zip"
    },
    "download_count": 236
  }
}