{
  "average_entropy_rate": 0.40533235396808176,
  "entropy_rate": [
    0.8420918640995919,
    0.0,
    0.7592469880533111,
    0.0,
    0.0,
    0.0,
    0.0,
    0.0,
    0.8420918640995919,
    0.0,
    0.0,
    0.0,
    0.7801685168938215,
    0.6204482636122639,
    0.0,
    0.0,
    0.9210002988110888,
    0.0,
    0.9109109687361354,
    0.7864600471861531,
    0.0,
    0.0,
    0.0,
    0.0,
    0.7815795780052459,
    0.0,
    0.0,
    0.8907210819959884,
    0.0,
    0.0,
    0.8472153127626902,
    0.0,
    0.7646251272627577,
    0.7407422107849526,
    0.8145390755088969,
    0.9628674037676227,
    0.9064732024921033,
    0.8301460916468633,
    0.837891199930306,
    0.941835791720353,
    0.8375716253216157
  ],
  "estimated_posterior_probability": 65.93594360351562,
  "input": "./smaller_in/Guten_index1772.txt",
  "prevalence_assumed": 0.5,
  "process_length": 80000,
  "gutenberg": {
    "id": 1772,
    "title": "The Taming of the Shrew",
    "authors": [
      {
        "name": "Shakespeare, William",
        "birth_year": 1564,
        "death_year": 1616
      }
    ],
    "summaries": [
      "\"The Taming of the Shrew\" by William Shakespeare is a comedy written between 1590 and 1592. The play follows Petruchio's controversial courtship of Katherina, a headstrong woman he \"tames\" through psychological and physical torments until she becomes compliant and obedient. A subplot depicts suitors competing for Katherina's younger sister Bianca, considered the \"ideal\" woman. Framed by a trick played on a drunken tinker, the play has sparked ongoing debate about whether it is misogynistic, yet remains one of Shakespeare's most adapted works. (This is an automatically generated summary.)"
    ],
    "editors": [],
    "translators": [],
    "subjects": [
      "Comedy plays",
      "Man-woman relationships -- Drama",
      "Married people -- Drama",
      "Padua (Italy) -- Drama",
      "Sex role -- Drama"
    ],
    "bookshelves": [
      "Category: British Literature",
      "Category: Classics of Literature",
      "Category: Plays/Films/Dramas"
    ],
    "languages": [
      "en"
    ],
    "copyright": false,
    "media_type": "Text",
    "formats": {
      "text/html": "https://www.gutenberg.org/ebooks/1772.html.images",
      "application/epub+zip": "https://www.gutenberg.org/ebooks/1772.epub3.images",
      "application/x-mobipocket-ebook": "https://www.gutenberg.org/ebooks/1772.kf8.images",
      "text/plain; charset=us-ascii": "https://www.gutenberg.org/ebooks/1772.txt.utf-8",
      "application/rdf+xml": "https://www.gutenberg.org/ebooks/1772.rdf",
      "image/jpeg": "https://www.gutenberg.org/cache/epub/1772/pg1772.cover.medium.jpg",
      "application/octet-stream": "https://www.gutenberg.org/cache/epub/1772/pg1772-h.zip"
    },
    "download_count": 290
  }
}