{
  "average_entropy_rate": 0.3320581582289275,
  "entropy_rate": [
    0.0,
    0.6891804436845329,
    0.0,
    0.0,
    0.0,
    0.6516242392313427,
    0.0,
    0.0,
    0.8613935886848731,
    0.0,
    0.0,
    0.8269087118183344,
    0.0,
    0.0,
    0.7175467000152369,
    0.0,
    0.9007829611799102,
    0.0,
    0.0,
    0.6621456858076741,
    0.0,
    0.0,
    0.0,
    0.6628128909372133,
    0.8000795129569223,
    0.6754984748301756,
    0.0,
    0.0,
    0.6970779414439598,
    0.8124728499007856,
    0.6885159201264218,
    0.7316332840726647,
    0.0,
    0.0,
    0.0,
    0.7654051066253402,
    0.6868048893569931,
    0.8966178009824173,
    0.0,
    0.0,
    0.8878834857312259
  ],
  "estimated_posterior_probability": 62.053428649902344,
  "input": "data/human/Gutenberg//Guten_index1760.txt",
  "prevalence_assumed": 0.5,
  "process_length": 80000,
  "gutenberg": {
    "id": 1760,
    "title": "The Man Who Could Not Lose",
    "authors": [
      {
        "name": "Davis, Richard Harding",
        "birth_year": 1864,
        "death_year": 1916
      }
    ],
    "summaries": [
      "\"The Man Who Could Not Lose\" by Richard Harding Davis is a novel likely written in the early 20th century. This engaging tale captures the whirlwind romance of Champneys Carter and Dolly Ingram, focusing on the themes of love, societal expectations, and the lure of fortune, particularly in the backdrop of horse racing. As they navigate their unexpected marriage and financial struggles, their relationship is tested by the pursuit of wealth and acceptance.  The story follows Champ and Dolly, who impulsively marry despite financial instability and the disapproval of Dolly’s overbearing mother, Mrs. Ingram. As they struggle to make ends meet, Champ discovers that he has the uncanny ability to predict winning racehorses in his dreams. This newfound luck thrusts him into a world of gambling and fame, elevating their lives momentarily but also drawing the couple into a tumultuous cycle of prosperity and peril. Their journey portrays the tension between romantic ideals and the harsh realities of life, culminating in a gripping climax as Champ's predictions are put to the ultimate test in a highly anticipated race. Ultimately, the couple's bond and resilience are at the heart of this captivating narrative. (This is an automatically generated summary.)"
    ],
    "editors": [],
    "translators": [],
    "subjects": [
      "Fiction",
      "Short stories"
    ],
    "bookshelves": [
      "Category: American Literature",
      "Category: Novels",
      "Category: Romance"
    ],
    "languages": [
      "en"
    ],
    "copyright": false,
    "media_type": "Text",
    "formats": {
      "text/html": "https://www.gutenberg.org/ebooks/1760.html.images",
      "text/html; charset=utf-8": "https://www.gutenberg.org/files/1760/1760-h/1760-h.htm",
      "application/epub+zip": "https://www.gutenberg.org/ebooks/1760.epub3.images",
      "application/x-mobipocket-ebook": "https://www.gutenberg.org/ebooks/1760.kf8.images",
      "text/plain; charset=us-ascii": "https://www.gutenberg.org/ebooks/1760.txt.utf-8",
      "text/plain; charset=utf-8": "https://www.gutenberg.org/files/1760/1760-0.txt",
      "application/rdf+xml": "https://www.gutenberg.org/ebooks/1760.rdf",
      "image/jpeg": "https://www.gutenberg.org/cache/epub/1760/pg1760.cover.medium.jpg",
      "application/octet-stream": "https://www.gutenberg.org/cache/epub/1760/pg1760-h.zip"
    },
    "download_count": 333
  }
}