{
  "average_entropy_rate": 0.3584130319529324,
  "entropy_rate": [
    0.7006898594558439,
    0.6850140181198101,
    0.0,
    0.0,
    0.0,
    0.0,
    0.6510900767272262,
    0.0,
    0.0,
    0.0,
    0.0,
    0.0,
    0.6811435519461148,
    0.0,
    0.0,
    0.0,
    0.9356284859507352,
    0.0,
    0.0,
    0.0,
    0.810529491266819,
    0.0,
    0.0,
    0.0,
    0.0,
    0.779820277290213,
    0.9139310009879689,
    0.0,
    0.6666858256749798,
    0.6617657884070481,
    0.9004944341985955,
    0.6617657884070481,
    0.0,
    0.0,
    0.8708107834567844,
    0.9346830564214633,
    0.7507077983391223,
    0.8382660775460704,
    0.6945164945716082,
    0.8928144603528928,
    0.6645770409498829
  ],
  "estimated_posterior_probability": 63.3804931640625,
  "input": "./smaller_in/Guten_index1044.txt",
  "prevalence_assumed": 0.5,
  "process_length": 80000,
  "gutenberg": {
    "id": 1044,
    "title": "Extract from Captain Stormfield's Visit to Heaven",
    "authors": [
      {
        "name": "Twain, Mark",
        "birth_year": 1835,
        "death_year": 1910
      }
    ],
    "summaries": [
      "\"Extract from Captain Stormfield's Visit to Heaven\" by Mark Twain is a short story first published in 1907. Captain Elias Stormfield embarks on a cosmic journey to Heaven, where he discovers an afterlife vastly different from conventional expectations. Through conversations with veteran resident Sandy McWilliams, Stormfield learns startling truths about celestial existence—from the real purpose of angel wings to the unexpected identities of Heaven's greatest celebrities. Twain satirizes traditional religious conceptions with characteristic humor and hyperbole, revealing an eternity far stranger than Earth's familiar assumptions. (This is an automatically generated summary.)"
    ],
    "editors": [],
    "translators": [],
    "subjects": [
      "Heaven -- Fiction",
      "Religious fiction",
      "Satire",
      "Ship captains -- Fiction",
      "Voyages, Imaginary"
    ],
    "bookshelves": [
      "Category: American Literature",
      "Category: Humour",
      "Category: Novels",
      "Category: Science-Fiction & Fantasy"
    ],
    "languages": [
      "en"
    ],
    "copyright": false,
    "media_type": "Text",
    "formats": {
      "text/html": "https://www.gutenberg.org/ebooks/1044.html.images",
      "application/epub+zip": "https://www.gutenberg.org/ebooks/1044.epub3.images",
      "application/x-mobipocket-ebook": "https://www.gutenberg.org/ebooks/1044.kf8.images",
      "text/plain; charset=us-ascii": "https://www.gutenberg.org/ebooks/1044.txt.utf-8",
      "text/plain; charset=utf-8": "https://www.gutenberg.org/files/1044/1044-0.txt",
      "application/rdf+xml": "https://www.gutenberg.org/ebooks/1044.rdf",
      "image/jpeg": "https://www.gutenberg.org/cache/epub/1044/pg1044.cover.medium.jpg",
      "application/octet-stream": "https://www.gutenberg.org/cache/epub/1044/pg1044-h.zip"
    },
    "download_count": 820
  }
}