{
  "average_entropy_rate": 0.3536385874288342,
  "entropy_rate": [
    0.0,
    0.0,
    0.678508091198653,
    0.6490997996503579,
    0.0,
    0.0,
    0.0,
    0.7088165233580709,
    0.866734347300911,
    0.6861840931120742,
    0.6786094327154044,
    0.0,
    0.0,
    0.0,
    0.0,
    0.0,
    0.7480039294985462,
    0.9085590788204277,
    0.9048326972511234,
    0.0,
    0.0,
    0.0,
    0.0,
    0.0,
    0.7094352162858308,
    0.0,
    0.0,
    0.0,
    0.0,
    0.0,
    0.0,
    0.0,
    0.6775917029951484,
    0.7771808980914302,
    0.7200805571148893,
    0.8920885091967867,
    0.6751326023100461,
    0.6904820551866985,
    0.9394109487058887,
    0.7195601324162035,
    0.8688714693737088
  ],
  "estimated_posterior_probability": 63.13398361206055,
  "input": "./smaller_in/Guten_index1847.txt",
  "prevalence_assumed": 0.5,
  "process_length": 80000,
  "gutenberg": {
    "id": 1847,
    "title": "Songs, Merry and Sad",
    "authors": [
      {
        "name": "McNeill, John Charles",
        "birth_year": 1874,
        "death_year": 1907
      }
    ],
    "summaries": [
      "\"Songs, Merry and Sad\" by John Charles McNeill is a collection of poems written in the early 20th century, specifically during the early 1900s. The book encapsulates various themes of love, nature, and the human experience, often contrasting joyous and sorrowful moments. McNeill, a North Carolina poet, captures the essence of Southern life and sentiment through a rich tapestry of lyrical verses that reflect both personal and universal emotions.  The collection comprises over sixty poems, each painted with vivid imagery and deep emotional resonance. Among the highlights is \"The Bride,\" which explores the delicate balance of joy and nostalgia felt by a new bride, while \"Home Songs\" recalls the comforts of family and familiar landscapes. Other poignant pieces, such as \"To Melvin Gardner: Suicide,\" delve into themes of loss and despair. McNeill's ability to weave the Merry and the Sad showcases his profound understanding of life's dualities, making it a reflective and evocative read for anyone interested in poetic expressions of the human condition. (This is an automatically generated summary.)"
    ],
    "editors": [],
    "translators": [],
    "subjects": [
      "American poetry"
    ],
    "bookshelves": [
      "Category: Poetry"
    ],
    "languages": [
      "en"
    ],
    "copyright": false,
    "media_type": "Text",
    "formats": {
      "text/html": "https://www.gutenberg.org/ebooks/1847.html.images",
      "text/html; charset=us-ascii": "https://www.gutenberg.org/files/1847/1847-h/1847-h.htm",
      "application/epub+zip": "https://www.gutenberg.org/ebooks/1847.epub3.images",
      "application/x-mobipocket-ebook": "https://www.gutenberg.org/ebooks/1847.kf8.images",
      "text/plain; charset=us-ascii": "https://www.gutenberg.org/ebooks/1847.txt.utf-8",
      "application/rdf+xml": "https://www.gutenberg.org/ebooks/1847.rdf",
      "image/jpeg": "https://www.gutenberg.org/cache/epub/1847/pg1847.cover.medium.jpg",
      "application/octet-stream": "https://www.gutenberg.org/cache/epub/1847/pg1847-h.zip"
    },
    "download_count": 268
  }
}