{
  "average_entropy_rate": 0.0308990079062775,
  "entropy_rate": [
    0.19419011538178785,
    0.23117870878784258,
    0.0,
    0.0,
    0.0,
    0.0,
    0.0,
    0.0,
    0.3236501923029797,
    0.0,
    0.0,
    0.0,
    0.0,
    0.0,
    0.0,
    0.0,
    0.0,
    0.0,
    0.0,
    0.0,
    0.0,
    0.0,
    0.0,
    0.0,
    0.0,
    0.0,
    0.0,
    0.0,
    0.0,
    0.0,
    0.0,
    0.0,
    0.19419011538178785,
    0.3236501923029797,
    0.0,
    0.0,
    0.0,
    0.0,
    0.0,
    0.0,
    0.0
  ],
  "estimated_posterior_probability": 50.85466003417969,
  "input": "./smaller_in/Guten_index4637.txt",
  "prevalence_assumed": 0.5,
  "process_length": 80000,
  "gutenberg": {
    "id": 4637,
    "title": "Angel Island",
    "authors": [
      {
        "name": "Gillmore, Inez Haynes",
        "birth_year": 1873,
        "death_year": 1970
      }
    ],
    "summaries": [
      "\"Angel Island\" by Inez Haynes Gillmore is a science fiction/fantasy novel published in 1914. Five men are shipwrecked on a remote Pacific island, where they discover beautiful winged-women flying overhead. What begins as fascination turns to capture as the men clip the women's wings to domesticate them. But as the women bear children and rediscover their strength, a confrontation looms over the fate of a winged daughter. This feminist tale explores power, freedom, and transformation. (This is an automatically generated summary.)"
    ],
    "editors": [],
    "translators": [],
    "subjects": [
      "Fantasy fiction"
    ],
    "bookshelves": [],
    "languages": [
      "en"
    ],
    "copyright": false,
    "media_type": "Text",
    "formats": {
      "text/html": "https://www.gutenberg.org/ebooks/4637.html.images",
      "application/epub+zip": "https://www.gutenberg.org/ebooks/4637.epub3.images",
      "application/x-mobipocket-ebook": "https://www.gutenberg.org/ebooks/4637.kf8.images",
      "text/plain; charset=us-ascii": "https://www.gutenberg.org/ebooks/4637.txt.utf-8",
      "application/rdf+xml": "https://www.gutenberg.org/ebooks/4637.rdf",
      "image/jpeg": "https://www.gutenberg.org/cache/epub/4637/pg4637.cover.medium.jpg",
      "application/octet-stream": "https://www.gutenberg.org/files/4637/4637-0.zip"
    },
    "download_count": 439
  }
}