{
  "average_entropy_rate": 0.2575021013352474,
  "entropy_rate": [
    0.7169925009922113,
    0.7924812524805278,
    0.7924812524805278,
    0.7924812524805278,
    0.7924812524805278,
    1.0838763905425743,
    0.0,
    0.0,
    0.0,
    0.0,
    0.0,
    0.0,
    0.0,
    0.0,
    0.0,
    0.0,
    0.0,
    0.0,
    0.0,
    0.0,
    0.0,
    0.0,
    0.0,
    0.0,
    0.0,
    0.0,
    0.0,
    0.0,
    0.0,
    0.0,
    0.0,
    1.075488751488316,
    0.7924812524805278,
    0.7924812524805278,
    0.7924812524805278,
    0.7924812524805278,
    1.0838763905425743,
    0.0,
    0.0,
    0.0
  ],
  "estimated_posterior_probability": 58.67231369018555,
  "input": "./smaller_in/Guten_index4654.txt",
  "prevalence_assumed": 0.5,
  "process_length": 80000,
  "gutenberg": {
    "id": 4654,
    "title": "The Daemon of the World",
    "authors": [
      {
        "name": "Shelley, Percy Bysshe",
        "birth_year": 1792,
        "death_year": 1822
      }
    ],
    "summaries": [
      "\"The Daemon of the World\" by Percy Bysshe Shelley is a poetic fragment written during the early 19th century, a period characterized by Romanticism. This work can be classified as a narrative poem, exploring philosophical themes of existence, nature, and the human condition. The poem touches upon the nature of death and rebirth, portraying an ethereal world where transcendent spirits and the essence of humanity intertwine with the cosmos.  In \"The Daemon of the World,\" Shelley paints a vividly intricate world where the spirit of nature and a celestial demon embark on a mystical journey, reflecting on the beauty and tragic aspects of life and mortality. The poem introduces Ianthe, a slumbering maiden, who represents purity and innocence. As the Daemon descends from an ethereal realm, he and the spirit engage in a dialogue that reflects profound existential questions. The narrative unfolds through striking imagery, contrasting the decay of life with the hope of rebirth and renewal, as well as the potential for a future where humanity transcends its past of suffering and despair. Ultimately, the poem emphasizes the power of love, beauty, and the human spirit's aspiration towards a more harmonious existence. (This is an automatically generated summary.)"
    ],
    "editors": [],
    "translators": [],
    "subjects": [
      "Poetry"
    ],
    "bookshelves": [
      "Category: British Literature",
      "Category: Poetry"
    ],
    "languages": [
      "en"
    ],
    "copyright": false,
    "media_type": "Text",
    "formats": {
      "text/html": "https://www.gutenberg.org/ebooks/4654.html.images",
      "application/epub+zip": "https://www.gutenberg.org/ebooks/4654.epub3.images",
      "application/x-mobipocket-ebook": "https://www.gutenberg.org/ebooks/4654.kf8.images",
      "text/plain; charset=us-ascii": "https://www.gutenberg.org/ebooks/4654.txt.utf-8",
      "application/rdf+xml": "https://www.gutenberg.org/ebooks/4654.rdf",
      "image/jpeg": "https://www.gutenberg.org/cache/epub/4654/pg4654.cover.medium.jpg",
      "application/octet-stream": "https://www.gutenberg.org/files/4654/4654-h.zip"
    },
    "download_count": 247
  }
}