{
  "average_entropy_rate": 0.31412216040983615,
  "entropy_rate": [
    0.0,
    0.0,
    0.0,
    0.0,
    0.7753977979486631,
    0.0,
    0.0,
    0.7827981169539263,
    0.0,
    0.66177013245868,
    0.0,
    0.7873501720979369,
    0.0,
    0.7819554917803171,
    0.0,
    0.8662741936241791,
    0.0,
    0.0,
    0.0,
    0.0,
    0.0,
    0.0,
    0.0,
    0.7784606366477174,
    0.0,
    0.0,
    0.0,
    0.0,
    0.0,
    0.9532479914119781,
    0.0,
    0.0,
    0.7800174234634797,
    0.7897170014624826,
    0.0,
    0.839714722055101,
    0.7844225667469636,
    0.7865439047215976,
    0.790360964306783,
    0.9410036011374721,
    0.7799738599860059
  ],
  "estimated_posterior_probability": 61.191932678222656,
  "input": "./smaller_in/Guten_index4159.txt",
  "prevalence_assumed": 0.5,
  "process_length": 80000,
  "gutenberg": {
    "id": 4159,
    "title": "Diary of Samuel Pepys — Volume 38: September 1665",
    "authors": [
      {
        "name": "Pepys, Samuel",
        "birth_year": 1633,
        "death_year": 1703
      }
    ],
    "summaries": [
      "\"Diary of Samuel Pepys — Volume 38: September 1665\" by Samuel Pepys is a historical account written in the 17th century during a tumultuous time in England. This diary captures the daily life, observations, and experiences of Pepys, a prominent naval administrator, as he navigates the challenges of living through the Great Plague and the Second Anglo-Dutch War. The narrative provides insights into political, social, and personal matters of the time.  In this particular volume, Pepys documents his life in London amidst the backdrop of the plague's devastation. He reflects on visits with acquaintances, discussions about government affairs such as naval strategies and financial issues, and the impact of the plague on the community. The diary reveals his concerns, both professional and personal, including his health anxieties, social gatherings, and attempts to maintain a semblance of normalcy in a city struck by disease. Through vivid details and his characteristic humor, Pepys offers readers an intimate glimpse into the resilience and complexities of life during one of history's most challenging periods. (This is an automatically generated summary.)"
    ],
    "editors": [
      {
        "name": "Wheatley, Henry B. (Henry Benjamin)",
        "birth_year": 1838,
        "death_year": 1917
      },
      {
        "name": "Braybrooke, Richard Griffin, Baron",
        "birth_year": 1783,
        "death_year": 1858
      }
    ],
    "translators": [
      {
        "name": "Bright, Mynors",
        "birth_year": 1818,
        "death_year": 1883
      }
    ],
    "subjects": [
      "Cabinet officers -- Great Britain -- Diaries",
      "Diarists -- Great Britain -- Diaries",
      "Great Britain -- History -- Charles II, 1660-1685 -- Sources",
      "Great Britain -- Social life and customs -- 17th century -- Sources",
      "Pepys, Samuel, 1633-1703 -- Diaries"
    ],
    "bookshelves": [
      "Category: Biographies",
      "Category: History - British",
      "Category: History - Modern (1750+)",
      "Category: Parenthood & Family Relations"
    ],
    "languages": [
      "en"
    ],
    "copyright": false,
    "media_type": "Text",
    "formats": {
      "text/html": "https://www.gutenberg.org/ebooks/4159.html.images",
      "application/epub+zip": "https://www.gutenberg.org/ebooks/4159.epub3.images",
      "application/x-mobipocket-ebook": "https://www.gutenberg.org/ebooks/4159.kf8.images",
      "text/plain; charset=us-ascii": "https://www.gutenberg.org/ebooks/4159.txt.utf-8",
      "application/rdf+xml": "https://www.gutenberg.org/ebooks/4159.rdf",
      "image/jpeg": "https://www.gutenberg.org/cache/epub/4159/pg4159.cover.medium.jpg",
      "application/octet-stream": "https://www.gutenberg.org/files/4159/4159.zip"
    },
    "download_count": 198
  }
}