{
  "average_entropy_rate": 0.32645433150779013,
  "entropy_rate": [
    0.8926913171118167,
    0.0,
    0.0,
    0.0,
    0.8898733242273009,
    0.98788991708272,
    0.5345049749069922,
    0.0,
    0.0,
    0.0,
    0.0,
    0.0,
    0.0,
    0.8983958239462367,
    0.0,
    0.0,
    0.9893410587349336,
    0.0,
    0.0,
    0.0,
    0.0,
    0.9174594367882117,
    0.0,
    0.0,
    0.0,
    0.0,
    0.9812804455294214,
    0.0,
    0.0,
    0.0,
    0.0,
    0.0,
    0.9057113502656403,
    0.6752426553742378,
    0.8707645039605133,
    0.9955068797660171,
    0.0,
    0.9558039822351041,
    0.0,
    0.9072636405936858,
    0.9828982812965633
  ],
  "estimated_posterior_probability": 61.78351593017578,
  "input": "./smaller_in/Guten_index3498.txt",
  "prevalence_assumed": 0.5,
  "process_length": 80000,
  "gutenberg": {
    "id": 3498,
    "title": "Buch der Lieder",
    "authors": [
      {
        "name": "Heine, Heinrich",
        "birth_year": 1797,
        "death_year": 1856
      }
    ],
    "summaries": [
      "\"Buch der Lieder\" by Heinrich Heine is a poetry collection published in 1827. This landmark volume gathered all of Heine's previously published poems into chronological cycles, creating a psychological portrait of the poet's early work. Of its 237 poems, 142 explore themes of unrequited love, while others venture into political territory, including critiques of antisemitism. The collection features some of Heine's most famous works, including \"Die Loreley\" and \"Die Grenadiere,\" establishing his reputation as one of Germany's foremost lyric poets. (This is an automatically generated summary.)"
    ],
    "editors": [],
    "translators": [],
    "subjects": [
      "German poetry -- 19th century"
    ],
    "bookshelves": [
      "Category: German Literature",
      "Category: Poetry",
      "DE Lyrik"
    ],
    "languages": [
      "de"
    ],
    "copyright": false,
    "media_type": "Text",
    "formats": {
      "text/html": "https://www.gutenberg.org/ebooks/3498.html.images",
      "application/epub+zip": "https://www.gutenberg.org/ebooks/3498.epub3.images",
      "application/x-mobipocket-ebook": "https://www.gutenberg.org/ebooks/3498.kf8.images",
      "text/plain; charset=us-ascii": "https://www.gutenberg.org/ebooks/3498.txt.utf-8",
      "application/rdf+xml": "https://www.gutenberg.org/ebooks/3498.rdf",
      "image/jpeg": "https://www.gutenberg.org/cache/epub/3498/pg3498.cover.medium.jpg",
      "application/octet-stream": "https://www.gutenberg.org/files/3498/3498-8.zip"
    },
    "download_count": 529
  }
}