{
  "average_entropy_rate": 0.3385018967536832,
  "entropy_rate": [
    0.6885708168971528,
    0.0,
    0.697820816531276,
    0.0,
    0.7195013488279276,
    0.0,
    0.0,
    0.0,
    0.7168844787013495,
    0.0,
    0.5923005165718682,
    0.0,
    0.7193793383094104,
    0.0,
    0.0,
    0.5777529607214404,
    0.0,
    0.0,
    0.0,
    0.746109272390766,
    0.0,
    0.0,
    0.0,
    0.0,
    0.6599530019049734,
    0.0,
    0.0,
    0.7247624785971052,
    0.0,
    0.0,
    0.0,
    0.7459827566448151,
    0.7018159893126827,
    0.7166697133454257,
    0.6748012297518514,
    0.7437329341745156,
    0.6468464463778906,
    0.7466651140122239,
    0.642890239632215,
    0.7265517246607082,
    0.6895865895354132
  ],
  "estimated_posterior_probability": 62.371681213378906,
  "input": "./smaller_in/Guten_index909.txt",
  "prevalence_assumed": 0.5,
  "process_length": 80000,
  "gutenberg": {
    "id": 909,
    "title": "The Adventures of Col. Daniel Boon: Containing a Narrative of the Wars of Kentucke",
    "authors": [
      {
        "name": "Filson, John",
        "birth_year": null,
        "death_year": 1788
      }
    ],
    "summaries": [
      "\"The Adventures of Col. Daniel Boon\" by John Filson is a historical account written in the late 18th century. The book narrates the life and adventures of Daniel Boone, focusing on his significant role in the exploration and settlement of Kentucky during a tumultuous period marked by conflicts with Native American tribes. Boone's journey is framed against the backdrop of early American frontier life, emphasizing themes of perseverance, bravery, and the quest for land and opportunity.  The narrative begins with Boone's departure from North Carolina to explore Kentucky, highlighting his encounters with native tribes, the challenges of survival in the wilderness, and his ongoing struggle to secure his family's safety amidst growing hostilities. Key events include his capture by Native Americans, his philosophical reflections on happiness and contentment in adversity, and the establishment of settlements like Boonsborough. Throughout the account, Boone recounts significant battles, the toll of violence on his family and friends, and his enduring hope for peace and prosperity in a land fraught with peril. By the end, Boone reflects on the sacrifices made for the settlement of Kentucky and his fervent desire for a future of tranquility and abundance. (This is an automatically generated summary.)"
    ],
    "editors": [],
    "translators": [],
    "subjects": [
      "Boone, Daniel, 1734-1820",
      "Indian captivities -- Kentucky",
      "Kentucky -- History -- To 1792",
      "Pioneers -- Kentucky -- Biography"
    ],
    "bookshelves": [
      "Category: Adventure",
      "Category: Biographies",
      "Category: History - American"
    ],
    "languages": [
      "en"
    ],
    "copyright": false,
    "media_type": "Text",
    "formats": {
      "text/html": "https://www.gutenberg.org/ebooks/909.html.images",
      "text/html; charset=us-ascii": "https://www.gutenberg.org/files/909/909-h/909-h.htm",
      "application/epub+zip": "https://www.gutenberg.org/ebooks/909.epub3.images",
      "application/x-mobipocket-ebook": "https://www.gutenberg.org/ebooks/909.kf8.images",
      "text/plain; charset=us-ascii": "https://www.gutenberg.org/ebooks/909.txt.utf-8",
      "application/rdf+xml": "https://www.gutenberg.org/ebooks/909.rdf",
      "image/jpeg": "https://www.gutenberg.org/cache/epub/909/pg909.cover.medium.jpg",
      "application/octet-stream": "https://www.gutenberg.org/cache/epub/909/pg909-h.zip"
    },
    "download_count": 446
  }
}