{
  "average_entropy_rate": 0.0308990079062775,
  "entropy_rate": [
    0.19419011538178785,
    0.23117870878784258,
    0.0,
    0.0,
    0.0,
    0.0,
    0.0,
    0.0,
    0.0,
    0.0,
    0.0,
    0.0,
    0.0,
    0.0,
    0.0,
    0.0,
    0.0,
    0.0,
    0.0,
    0.0,
    0.0,
    0.0,
    0.0,
    0.0,
    0.0,
    0.0,
    0.0,
    0.0,
    0.0,
    0.0,
    0.0,
    0.3236501923029797,
    0.19419011538178785,
    0.3236501923029797,
    0.0,
    0.0,
    0.0,
    0.0,
    0.0,
    0.0,
    0.0
  ],
  "estimated_posterior_probability": 50.85466003417969,
  "input": "./smaller_in/Guten_index4663.txt",
  "prevalence_assumed": 0.5,
  "process_length": 80000,
  "gutenberg": {
    "id": 4663,
    "title": "Malignant Self Love [Excerpts]",
    "authors": [
      {
        "name": "Vaknin, Samuel",
        "birth_year": 1961,
        "death_year": null
      }
    ],
    "summaries": [],
    "editors": [
      {
        "name": "Rangelovska, Lidija",
        "birth_year": null,
        "death_year": null
      }
    ],
    "translators": [],
    "subjects": [
      "Narcissism"
    ],
    "bookshelves": [],
    "languages": [
      "en"
    ],
    "copyright": true,
    "media_type": "Text",
    "formats": {
      "text/html": "https://www.gutenberg.org/ebooks/4663.html.images",
      "application/epub+zip": "https://www.gutenberg.org/ebooks/4663.epub3.images",
      "text/rtf": "https://www.gutenberg.org/files/4663/4663-r/4663.rtf",
      "application/x-mobipocket-ebook": "https://www.gutenberg.org/ebooks/4663.kf8.images",
      "text/plain; charset=us-ascii": "https://www.gutenberg.org/ebooks/4663.txt.utf-8",
      "application/rdf+xml": "https://www.gutenberg.org/ebooks/4663.rdf",
      "image/jpeg": "https://www.gutenberg.org/cache/epub/4663/pg4663.cover.medium.jpg",
      "application/octet-stream": "https://www.gutenberg.org/cache/epub/4663/pg4663-h.zip"
    },
    "download_count": 669
  }
}