{
  "average_entropy_rate": 0.34120091862703483,
  "entropy_rate": [
    0.759849236751373,
    0.0,
    0.0,
    0.6552179586948139,
    0.0,
    0.0,
    0.0,
    0.0,
    0.0,
    0.7180682935097981,
    0.5450558471812238,
    0.0,
    0.0,
    0.0,
    0.0,
    0.7887207187046984,
    0.7372050199305337,
    0.7729718882611422,
    0.0,
    0.0,
    0.0,
    0.0,
    0.7433177113941429,
    0.7684774231426179,
    0.0,
    0.714157777202105,
    0.0,
    0.7720168016404674,
    0.80736281280441,
    0.747706402289587,
    0.7566123664804179,
    0.0,
    0.0,
    0.7154845411314499,
    0.0,
    0.7721585585402371,
    0.0,
    0.7346782059065263,
    0.7551979228913173,
    0.724978177251564,
    0.0
  ],
  "estimated_posterior_probability": 62.50778579711914,
  "input": "smaller_in/Guten_index1644.txt",
  "prevalence_assumed": 0.5,
  "process_length": 80000,
  "gutenberg": {
    "id": 1644,
    "title": "The Adventures of Gerard",
    "authors": [
      {
        "name": "Doyle, Arthur Conan",
        "birth_year": 1859,
        "death_year": 1930
      }
    ],
    "summaries": [
      "\"The Adventures of Gerard\" by Arthur Conan Doyle is a collection of short stories written in the early 20th century, specifically around the turn of 1903. The narrative follows the whimsical exploits of Etienne Gerard, a flamboyant and self-assured colonel in the French Hussars during the Napoleonic Wars. Through Gerard's eyes, readers are introduced to his colorful adventures as he encounters a variety of characters and challenges, revealing both his bravado and his deeply human emotions.  The opening portion of the book sets the stage for Gerard, who delights in recounting his spirited tales to friends in a café. He introduces himself as a brave soldier who has seen many cities, humorously dissecting their layouts and expressing his opinions on both art and warfare. As he reminisces about his time in Venice, the story unfolds into an incident that led to him losing part of his ear—a humorous yet adventurous prelude that hints at the mix of romantic ideals and absurd situations to follow in Gerard’s adventures. The story immediately draws readers into Gerard's personality, with a blend of charm and bravado framing his exploits in a lighthearted manner. (This is an automatically generated summary.)"
    ],
    "editors": [],
    "translators": [],
    "subjects": [
      "Adventure stories, English",
      "France -- History, Military -- 19th century -- Fiction",
      "Napoleonic Wars, 1800-1815 -- Fiction",
      "War stories, English"
    ],
    "bookshelves": [
      "Category: Adventure",
      "Category: French Literature",
      "Category: Humour",
      "Category: Short Stories",
      "Historical Fiction"
    ],
    "languages": [
      "en"
    ],
    "copyright": false,
    "media_type": "Text",
    "formats": {
      "text/html": "https://www.gutenberg.org/ebooks/1644.html.images",
      "text/html; charset=utf-8": "https://www.gutenberg.org/files/1644/1644-h/1644-h.htm",
      "application/epub+zip": "https://www.gutenberg.org/ebooks/1644.epub3.images",
      "application/x-mobipocket-ebook": "https://www.gutenberg.org/ebooks/1644.kf8.images",
      "text/plain; charset=us-ascii": "https://www.gutenberg.org/ebooks/1644.txt.utf-8",
      "text/plain; charset=utf-8": "https://www.gutenberg.org/files/1644/1644-0.txt",
      "application/rdf+xml": "https://www.gutenberg.org/ebooks/1644.rdf",
      "image/jpeg": "https://www.gutenberg.org/cache/epub/1644/pg1644.cover.medium.jpg",
      "application/octet-stream": "https://www.gutenberg.org/cache/epub/1644/pg1644-h.zip"
    },
    "download_count": 543
  }
}