{
  "average_entropy_rate": 0.0,
  "entropy_rate": [
    0.0,
    0.0,
    0.0,
    0.0,
    0.0,
    0.0,
    0.0,
    0.0,
    0.0,
    0.0,
    0.0,
    0.0,
    0.0,
    0.0,
    0.0,
    0.0,
    0.0,
    0.0,
    0.0,
    0.0,
    0.0,
    0.0,
    0.0,
    0.0,
    0.0,
    0.0,
    0.0,
    0.0,
    0.0,
    0.0,
    0.0,
    0.0,
    0.0,
    0.0,
    0.0,
    0.0,
    0.0,
    0.0,
    0.0,
    0.0,
    0.0
  ],
  "estimated_posterior_probability": 50.0,
  "input": "./smaller_in/Guten_index4580.txt",
  "prevalence_assumed": 0.5,
  "process_length": 80000,
  "gutenberg": {
    "id": 4580,
    "title": "粉妝樓",
    "authors": [
      {
        "name": "Luo, Guanzhong",
        "birth_year": null,
        "death_year": null
      }
    ],
    "summaries": [
      "\"粉妝樓\" by Guanzhong Luo is a historical novel likely written during the late 19th century. The story is set in the Tang Dynasty and centers around the protagonist, a nobleman named 罗增 (Luo Zeng), who is a well-respected and upright military figure. The narrative unfolds as Luo Zeng prepares to leave his family to face the dangers of war, intertwining themes of loyalty, familial duty, and the complexities of relationships amid political strife.  The opening of \"粉妝樓\" introduces readers to Luo Zeng, who is dispatched to the border to quell a rebellion. As he departs, he expresses concern for his two sons, 罗燦 (Luo Can) and 罗琨 (Luo Kun), who are both young and vigorous but also prone to rash behavior. Despite their mother's reassurances, Luo Zeng worries about their safety in his absence. Following his departure, the brothers are tempted to break free from their constrained lives and go out to explore their surroundings, leading them on a path toward adventure. The narrative teeters between familial obligations and the allure of personal freedoms, setting the stage for conflict and character development. (This is an automatically generated summary.)"
    ],
    "editors": [],
    "translators": [],
    "subjects": [
      "China -- History -- Tang dynasty, 618-907 -- Fiction"
    ],
    "bookshelves": [
      "Category: Historical Novels",
      "Category: Novels"
    ],
    "languages": [
      "zh"
    ],
    "copyright": false,
    "media_type": "Text",
    "formats": {
      "text/html": "https://www.gutenberg.org/ebooks/4580.html.images",
      "application/epub+zip": "https://www.gutenberg.org/ebooks/4580.epub3.images",
      "application/x-mobipocket-ebook": "https://www.gutenberg.org/ebooks/4580.kf8.images",
      "text/plain; charset=us-ascii": "https://www.gutenberg.org/ebooks/4580.txt.utf-8",
      "application/rdf+xml": "https://www.gutenberg.org/ebooks/4580.rdf",
      "image/jpeg": "https://www.gutenberg.org/cache/epub/4580/pg4580.cover.medium.jpg",
      "application/octet-stream": "https://www.gutenberg.org/files/4580/4580-0.zip"
    },
    "download_count": 1961
  }
}