{
  "average_entropy_rate": 0.2895189365615043,
  "entropy_rate": [
    0.4336931325803714,
    0.4444629278079527,
    0.0,
    0.0,
    0.0,
    0.0,
    0.0,
    0.0,
    0.0,
    0.4847158540604149,
    0.52065657257503,
    0.0,
    0.0,
    0.0,
    0.7356772390678689,
    0.0,
    0.7356772390678689,
    0.7356772390678689,
    0.7356772390678689,
    0.7356772390678689,
    0.7356772390678689,
    0.0,
    0.0,
    0.0,
    0.0,
    0.0,
    0.0,
    0.0,
    0.0,
    0.0,
    0.0,
    0.0,
    0.4847158540604149,
    0.4444629278079527,
    0.4444629278079527,
    0.52065657257503,
    0.7356772390678689,
    0.7356772390678689,
    0.7356772390678689,
    0.7356772390678689,
    0.7356772390678689
  ],
  "estimated_posterior_probability": 60.06301498413086,
  "input": "./smaller_in/Guten_index1544.txt",
  "prevalence_assumed": 0.5,
  "process_length": 80000,
  "gutenberg": {
    "id": 1544,
    "title": "The Passionate Pilgrim",
    "authors": [
      {
        "name": "Shakespeare, William",
        "birth_year": 1564,
        "death_year": 1616
      }
    ],
    "summaries": [
      "\"The Passionate Pilgrim\" by William Shakespeare is an anthology published in 1598 or 1599. This collection of 21 poems appeared under Shakespeare's name, yet only five are considered authentically his—including two sonnets and three excerpts from \"Love's Labour's Lost.\" Publisher William Jaggard controversially attributed works by other poets to Shakespeare, later adding poems by Thomas Heywood without permission. The anthology sparked protests and forced revisions, revealing the murky world of Elizabethan publishing and questions of authorship that persist today. (This is an automatically generated summary.)"
    ],
    "editors": [],
    "translators": [],
    "subjects": [
      "English poetry -- Early modern, 1500-1700"
    ],
    "bookshelves": [
      "Category: British Literature",
      "Category: Classics of Literature",
      "Category: Poetry"
    ],
    "languages": [
      "en"
    ],
    "copyright": false,
    "media_type": "Text",
    "formats": {
      "text/html": "https://www.gutenberg.org/ebooks/1544.html.images",
      "application/epub+zip": "https://www.gutenberg.org/ebooks/1544.epub3.images",
      "application/x-mobipocket-ebook": "https://www.gutenberg.org/ebooks/1544.kf8.images",
      "text/plain; charset=us-ascii": "https://www.gutenberg.org/ebooks/1544.txt.utf-8",
      "application/rdf+xml": "https://www.gutenberg.org/ebooks/1544.rdf",
      "image/jpeg": "https://www.gutenberg.org/cache/epub/1544/pg1544.cover.medium.jpg",
      "application/octet-stream": "https://www.gutenberg.org/cache/epub/1544/pg1544-h.zip"
    },
    "download_count": 300
  }
}