{
  "average_entropy_rate": 0.16133408234547225,
  "entropy_rate": [
    0.28973388930163785,
    0.0,
    0.0,
    0.0,
    0.0,
    0.0,
    0.0,
    0.0,
    0.0,
    0.0,
    0.0,
    0.0,
    0.0,
    0.0,
    0.0,
    0.0,
    0.6203565842801525,
    0.0,
    0.727467434333543,
    0.0,
    0.0,
    0.0,
    0.0,
    0.0,
    0.0,
    0.0,
    0.7006245270718661,
    0.0,
    0.6358058450348776,
    0.0,
    0.0,
    0.0,
    0.5155777209022244,
    0.0,
    0.0,
    0.8763576411747552,
    0.8427376531679317,
    0.0,
    0.7395045743111954,
    0.6665315065861782,
    0.0
  ],
  "estimated_posterior_probability": 54.97150421142578,
  "input": "./smaller_in/Guten_index2411.txt",
  "prevalence_assumed": 0.5,
  "process_length": 80000,
  "gutenberg": {
    "id": 2411,
    "title": "Wilhelm Meisters Wanderjahre — Band 3",
    "authors": [
      {
        "name": "Goethe, Johann Wolfgang von",
        "birth_year": 1749,
        "death_year": 1832
      }
    ],
    "summaries": [
      "\"Wilhelm Meisters Wanderjahre — Band 3\" by Johann Wolfgang von Goethe is a novel published in 1821, with a substantially revised second edition in 1829. This unconventional sequel to \"Wilhelm Meister's Apprenticeship\" follows Wilhelm and his son Felix on their travels, bound by strict rules of wandering. Through encounters with mysterious families, geological expeditions, and unexpected discoveries, the fragmented narrative weaves together stories, letters, and philosophical reflections. Central to this experimental work is the theme of renunciation, as characters navigate the tension between desire and self-imposed limitation. (This is an automatically generated summary.)"
    ],
    "editors": [],
    "translators": [],
    "subjects": [
      "Bildungsromans"
    ],
    "bookshelves": [
      "Category: German Literature",
      "Category: Novels",
      "DE Prosa"
    ],
    "languages": [
      "de"
    ],
    "copyright": false,
    "media_type": "Text",
    "formats": {
      "text/html": "https://www.gutenberg.org/ebooks/2411.html.images",
      "application/epub+zip": "https://www.gutenberg.org/ebooks/2411.epub3.images",
      "application/x-mobipocket-ebook": "https://www.gutenberg.org/ebooks/2411.kf8.images",
      "text/plain; charset=us-ascii": "https://www.gutenberg.org/ebooks/2411.txt.utf-8",
      "application/rdf+xml": "https://www.gutenberg.org/ebooks/2411.rdf",
      "image/jpeg": "https://www.gutenberg.org/cache/epub/2411/pg2411.cover.medium.jpg",
      "application/octet-stream": "https://www.gutenberg.org/cache/epub/2411/pg2411-h.zip"
    },
    "download_count": 331
  }
}