{
  "average_entropy_rate": 0.28241407778830885,
  "entropy_rate": [
    0.8109910378074582,
    0.6997906136687638,
    0.6997906136687638,
    0.6913129497418672,
    0.9091531121452662,
    0.8483902870499848,
    0.6997906136687638,
    0.6997906136687638,
    0.0,
    0.0,
    0.0,
    0.0,
    0.0,
    0.0,
    0.0,
    0.0,
    0.0,
    0.0,
    0.0,
    0.0,
    0.0,
    0.0,
    0.0,
    0.0,
    0.0,
    0.0,
    0.0,
    0.0,
    0.0,
    0.0,
    0.0,
    0.0,
    0.9008233259592126,
    0.8483902870499848,
    0.8483902870499848,
    0.8229916068355567,
    0.6997906136687638,
    0.0,
    0.6997906136687638,
    0.6997906136687638,
    0.0
  ],
  "estimated_posterior_probability": 59.748191833496094,
  "input": "./smaller_in/Guten_index924.txt",
  "prevalence_assumed": 0.5,
  "process_length": 80000,
  "gutenberg": {
    "id": 924,
    "title": "To Be Read at Dusk",
    "authors": [
      {
        "name": "Dickens, Charles",
        "birth_year": 1812,
        "death_year": 1870
      }
    ],
    "summaries": [
      "\"To Be Read at Dusk\" by Charles Dickens is a haunting short story written during the late 19th century, a time characterized by the Victorian literary tradition. The narrative falls within the gothic genre, as it weaves themes of mystery, the supernatural, and psychological tension, exploring the inexplicable and the nature of belief in ghosts. The story emphasizes the engagement of different characters with their fears and uncertainties, particularly revolving around strange occurrences and their interpretations.  The plot revolves around a group of couriers gathered outside a convent in the Swiss Alps, discussing eerie experiences and encounters with the supernatural. As they converse, one courier recounts the tale of a newly married English lady who becomes haunted by a dream of a mysterious man’s face, which deeply unsettles her even as she settles into her new life. The arrival of the enigmatic Signor Dellombra—a man strikingly similar to the figure from her dreams—exacerbates her fears, leading to a tragic conclusion as she disappears under his influence. Throughout the story, Dickens plays with the interplay of reality and the supernatural, leaving the reader to question the boundaries between the two. (This is an automatically generated summary.)"
    ],
    "editors": [],
    "translators": [],
    "subjects": [
      "Fiction",
      "Ghost stories",
      "Short stories"
    ],
    "bookshelves": [
      "Category: British Literature",
      "Category: Crime, Thrillers and Mystery",
      "Category: Short Stories"
    ],
    "languages": [
      "en"
    ],
    "copyright": false,
    "media_type": "Text",
    "formats": {
      "text/html": "https://www.gutenberg.org/ebooks/924.html.images",
      "application/epub+zip": "https://www.gutenberg.org/ebooks/924.epub3.images",
      "application/x-mobipocket-ebook": "https://www.gutenberg.org/ebooks/924.kf8.images",
      "text/plain; charset=us-ascii": "https://www.gutenberg.org/ebooks/924.txt.utf-8",
      "text/plain; charset=utf-8": "https://www.gutenberg.org/files/924/924-0.txt",
      "application/rdf+xml": "https://www.gutenberg.org/ebooks/924.rdf",
      "image/jpeg": "https://www.gutenberg.org/cache/epub/924/pg924.cover.medium.jpg",
      "application/octet-stream": "https://www.gutenberg.org/cache/epub/924/pg924-h.zip"
    },
    "download_count": 691
  }
}