{
  "average_entropy_rate": 0.2824973011195198,
  "entropy_rate": [
    0.6573875896764695,
    0.6244867054643132,
    0.7438673569052736,
    0.0,
    0.0,
    0.0,
    0.5664800830285228,
    0.0,
    0.0,
    0.0,
    0.5405659298835694,
    0.0,
    0.7193429041904514,
    0.6677209790552074,
    0.0,
    0.7435466817457805,
    0.0,
    0.0,
    0.0,
    0.0,
    0.0,
    0.0,
    0.0,
    0.0,
    0.0,
    0.0,
    0.7507937667599766,
    0.7406497181953472,
    0.0,
    0.0,
    0.0,
    0.0,
    0.7428008591360415,
    0.0,
    0.6179981308898381,
    0.6544707163080169,
    0.5831728200297946,
    0.7397096115215007,
    0.7426985839662578,
    0.0,
    0.7466969091439495
  ],
  "estimated_posterior_probability": 59.75155258178711,
  "input": "./smaller_in/Guten_index2937.txt",
  "prevalence_assumed": 0.5,
  "process_length": 80000,
  "gutenberg": {
    "id": 2937,
    "title": "Coral and Coral Reefs",
    "authors": [
      {
        "name": "Huxley, Thomas Henry",
        "birth_year": 1825,
        "death_year": 1895
      }
    ],
    "summaries": [
      "\"Coral and Coral Reefs\" by Thomas Henry Huxley is a scientific publication from the late 19th century that explores the structure and origin of corals and coral reefs. This book delves into the biological and geological processes that contribute to the formation of these marine structures, emphasizing the relationship between coral polyps and the materials that make up their skeletons. Huxley's work is significant in the study of marine biology and ecology, providing insight into coral systems and their importance to oceanic environments.  The book begins by distinguishing between different types of coral, specifically red and white coral, and explains the biological structure of sea anemones, which are closely related to corals. Huxley details the various reproductive methods of coral polyps, including fission and budding, and describes how these processes lead to the formation of large coral structures. The text further examines the different types of coral reefs, such as fringing reefs, barrier reefs, and atolls, linking their development to geological processes like subsidence and sea level changes. Huxley's observations, supported by examples like the coral formations around the island of Mauritius, lead to significant conclusions about the long-term evolution of coral reefs and their implications for understanding the history of the Earth. (This is an automatically generated summary.)"
    ],
    "editors": [],
    "translators": [],
    "subjects": [
      "Coral reefs and islands"
    ],
    "bookshelves": [
      "Category: Environmental Issues",
      "Category: Science - Biology",
      "Category: Science - Earth/Agricultural/Farming"
    ],
    "languages": [
      "en"
    ],
    "copyright": false,
    "media_type": "Text",
    "formats": {
      "text/html": "https://www.gutenberg.org/ebooks/2937.html.images",
      "application/epub+zip": "https://www.gutenberg.org/ebooks/2937.epub3.images",
      "application/x-mobipocket-ebook": "https://www.gutenberg.org/ebooks/2937.kf8.images",
      "text/plain; charset=us-ascii": "https://www.gutenberg.org/ebooks/2937.txt.utf-8",
      "application/rdf+xml": "https://www.gutenberg.org/ebooks/2937.rdf",
      "image/jpeg": "https://www.gutenberg.org/cache/epub/2937/pg2937.cover.medium.jpg",
      "application/octet-stream": "https://www.gutenberg.org/files/2937/2937-h.zip"
    },
    "download_count": 275
  }
}