{
  "average_entropy_rate": 0.3325745812552122,
  "entropy_rate": [
    0.7155639089351201,
    0.879377012764457,
    1.011141481816509,
    1.011141481816509,
    1.011141481816509,
    1.011141481816509,
    0.0,
    0.0,
    0.0,
    0.0,
    0.0,
    0.0,
    0.0,
    0.0,
    0.0,
    0.0,
    0.0,
    0.0,
    0.0,
    0.0,
    0.0,
    0.0,
    0.0,
    0.0,
    0.0,
    0.0,
    0.0,
    0.0,
    0.0,
    0.0,
    0.5306390622295664,
    0.5306390622295664,
    0.8177873244972791,
    1.011141481816509,
    1.011141481816509,
    1.011141481816509,
    1.011141481816509,
    1.011141481816509,
    0.0,
    0.5306390622295664,
    0.5306390622295664
  ],
  "estimated_posterior_probability": 62.07947540283203,
  "input": "./smaller_in/Guten_index3131.txt",
  "prevalence_assumed": 0.5,
  "process_length": 80000,
  "gutenberg": {
    "id": 3131,
    "title": "How Spring Came in New England",
    "authors": [
      {
        "name": "Warner, Charles Dudley",
        "birth_year": 1829,
        "death_year": 1900
      }
    ],
    "summaries": [
      "\"How Spring Came in New England\" by Charles Dudley Warner is a reflective and humorous essay that delves into the unpredictable nature of spring in New England, written during the late 19th century. This work blends elements of observational writing and natural philosophy as it explores the transitions between winter and spring in this region, vividly capturing the climatological complexities and the emotional responses they evoke in the local populace.  In the book, Warner personifies the struggle between winter and spring, illustrating how this seasonal battle affects both nature and the human spirit. He elegantly describes the gradual thaw, the return of vegetation, and the emergence of wildlife, while simultaneously conveying the treachery of spring storms that can suddenly revert the landscape back to wintry despair. Humor and irony abound as he recounts the hopes of New Englanders for a gentle spring, only to have them dashed by an unexpected snowstorm or a chilling wind. Ultimately, Warner captures the essence of life in New England, where the relentless cycle of nature becomes a metaphor for human resilience and the perpetual hope that colors the human experience. (This is an automatically generated summary.)"
    ],
    "editors": [],
    "translators": [],
    "subjects": [
      "Adirondack Mountains (N.Y.) -- Description and travel",
      "New England -- Climate",
      "Spring"
    ],
    "bookshelves": [
      "Category: American Literature",
      "Category: Essays, Letters & Speeches",
      "Category: Humour"
    ],
    "languages": [
      "en"
    ],
    "copyright": false,
    "media_type": "Text",
    "formats": {
      "text/html": "https://www.gutenberg.org/ebooks/3131.html.images",
      "application/epub+zip": "https://www.gutenberg.org/ebooks/3131.epub3.images",
      "application/x-mobipocket-ebook": "https://www.gutenberg.org/ebooks/3131.kf8.images",
      "text/plain; charset=us-ascii": "https://www.gutenberg.org/ebooks/3131.txt.utf-8",
      "application/rdf+xml": "https://www.gutenberg.org/ebooks/3131.rdf",
      "image/jpeg": "https://www.gutenberg.org/cache/epub/3131/pg3131.cover.medium.jpg",
      "application/octet-stream": "https://www.gutenberg.org/files/3131/3131-0.zip"
    },
    "download_count": 285
  }
}