{
  "average_entropy_rate": 0.23058612832776293,
  "entropy_rate": [
    0.0,
    0.0,
    0.8527749473612611,
    0.0,
    0.0,
    0.0,
    0.5354052344267315,
    0.0,
    0.0,
    0.6703537237720425,
    0.7271916018042123,
    0.0,
    0.0,
    0.0,
    0.0,
    0.0,
    0.0,
    0.0,
    0.7950552366795354,
    0.0,
    0.7660785405796698,
    0.0,
    0.0,
    0.0,
    0.0,
    0.0,
    0.0,
    0.0,
    0.0,
    0.7570105845771121,
    0.7519253931254513,
    0.7415557582331884,
    0.0,
    0.0,
    0.6854947482912601,
    0.7016163200847537,
    0.0,
    0.0,
    0.7110096756735561,
    0.0,
    0.758559496829503
  ],
  "estimated_posterior_probability": 57.56807327270508,
  "input": "data/human/Gutenberg//Guten_index2404.txt",
  "prevalence_assumed": 0.5,
  "process_length": 80000,
  "gutenberg": {
    "id": 2404,
    "title": "Italienische Reise — Band 1",
    "authors": [
      {
        "name": "Goethe, Johann Wolfgang von",
        "birth_year": 1749,
        "death_year": 1832
      }
    ],
    "summaries": [
      "\"Italienische Reise — Band 1\" by Johann Wolfgang von Goethe is a travel account written between 1813 and 1817, describing his Italian journey from September 1786 to May 1788. Fleeing artistic stagnation and court life in Weimar, Goethe traveled incognito through Italy, seeking renewal among ancient ruins and Renaissance masterpieces. Based on his travel diaries but heavily revised decades later, the work chronicles his route from Karlsbad through Venice to Rome, where he immersed himself in art and antiquity while grappling with his dual existence as poet and statesman. (This is an automatically generated summary.)"
    ],
    "editors": [],
    "translators": [],
    "subjects": [
      "Authors, German -- 18th century -- Travel -- Italy",
      "Goethe, Johann Wolfgang von, 1749-1832 -- Travel -- Italy",
      "Italy -- Description and travel -- Early works to 1800"
    ],
    "bookshelves": [
      "Category: Travel Writing",
      "DE Prosa"
    ],
    "languages": [
      "de"
    ],
    "copyright": false,
    "media_type": "Text",
    "formats": {
      "text/html": "https://www.gutenberg.org/ebooks/2404.html.images",
      "application/epub+zip": "https://www.gutenberg.org/ebooks/2404.epub3.images",
      "application/x-mobipocket-ebook": "https://www.gutenberg.org/ebooks/2404.kf8.images",
      "text/plain; charset=us-ascii": "https://www.gutenberg.org/ebooks/2404.txt.utf-8",
      "application/rdf+xml": "https://www.gutenberg.org/ebooks/2404.rdf",
      "image/jpeg": "https://www.gutenberg.org/cache/epub/2404/pg2404.cover.medium.jpg",
      "application/octet-stream": "https://www.gutenberg.org/cache/epub/2404/pg2404-h.zip"
    },
    "download_count": 566
  }
}