{
  "average_entropy_rate": 0.29815313127601345,
  "entropy_rate": [
    0.0,
    0.0,
    0.0,
    0.6919038672043402,
    0.6908734436357594,
    0.5156504257575566,
    0.5322125559781017,
    0.0,
    0.6966954493278029,
    0.0,
    0.0,
    0.0,
    0.0,
    0.0,
    0.0,
    0.0,
    0.0,
    0.6560945247707088,
    0.0,
    0.6970967249881733,
    0.6394234504215777,
    0.0,
    0.0,
    0.0,
    0.0,
    0.0,
    0.0,
    0.0,
    0.0,
    0.0,
    0.6452872741568466,
    0.6956467422975889,
    0.5131649573672534,
    0.627246829665658,
    0.697375382144586,
    0.6930973752095554,
    0.6417327071483803,
    0.6934228107237932,
    0.6972685742547314,
    0.5119601287172805,
    0.6881251585468565
  ],
  "estimated_posterior_probability": 60.45505905151367,
  "input": "./smaller_in/Guten_index1657.txt",
  "prevalence_assumed": 0.5,
  "process_length": 80000,
  "gutenberg": {
    "id": 1657,
    "title": "Crito",
    "authors": [
      {
        "name": "Plato",
        "birth_year": -428,
        "death_year": -348
      }
    ],
    "summaries": [
      "\"Crito\" by Plato is a dialogue written around 399 BC. It depicts a conversation between Socrates and his friend Crito as Socrates awaits execution in prison. Crito urges Socrates to escape, offering money and refuge, but Socrates refuses. Through their debate about justice and injustice, Socrates personifies the Laws of Athens to argue that wrongdoing cannot be answered with wrongdoing. The dialogue presents an early statement of social contract theory. (This is an automatically generated summary.)"
    ],
    "editors": [],
    "translators": [
      {
        "name": "Jowett, Benjamin",
        "birth_year": 1817,
        "death_year": 1893
      }
    ],
    "subjects": [
      "Classical literature",
      "Dialogues, Greek -- Translations into English",
      "Justice -- Early works to 1800",
      "Philosophy, Ancient"
    ],
    "bookshelves": [
      "Category: Classics of Literature",
      "Category: Philosophy & Ethics",
      "Harvard Classics"
    ],
    "languages": [
      "en"
    ],
    "copyright": false,
    "media_type": "Text",
    "formats": {
      "text/html": "https://www.gutenberg.org/ebooks/1657.html.images",
      "text/html; charset=iso-8859-1": "https://www.gutenberg.org/files/1657/1657-h/1657-h.htm",
      "application/epub+zip": "https://www.gutenberg.org/ebooks/1657.epub3.images",
      "application/x-mobipocket-ebook": "https://www.gutenberg.org/ebooks/1657.kf8.images",
      "text/plain; charset=us-ascii": "https://www.gutenberg.org/ebooks/1657.txt.utf-8",
      "application/rdf+xml": "https://www.gutenberg.org/ebooks/1657.rdf",
      "image/jpeg": "https://www.gutenberg.org/cache/epub/1657/pg1657.cover.medium.jpg",
      "application/octet-stream": "https://www.gutenberg.org/cache/epub/1657/pg1657-h.zip"
    },
    "download_count": 909
  }
}