{
  "average_entropy_rate": 0.3155887875583045,
  "entropy_rate": [
    0.0,
    0.0,
    0.0,
    0.0,
    0.0,
    0.0,
    0.0,
    0.0,
    0.0,
    0.0,
    0.0,
    0.0,
    0.0,
    0.0,
    0.0,
    0.0,
    0.0,
    0.0,
    0.6203762409123786,
    0.8946396095510448,
    0.8946396095510448,
    0.7868693840146613,
    0.7340453840316489,
    0.7340453840316489,
    0.7340453840316489,
    0.7340453840316489,
    0.0,
    0.0,
    0.0,
    0.0,
    0.0,
    0.7352460938775681,
    0.684830915292886,
    0.8946396095510448,
    0.7868693840146613,
    0.7340453840316489,
    0.0,
    0.7340453840316489,
    0.7340453840316489,
    0.7340453840316489,
    0.7686663708720035
  ],
  "estimated_posterior_probability": 61.263710021972656,
  "input": "./smaller_in/Guten_index728.txt",
  "prevalence_assumed": 0.5,
  "process_length": 80000,
  "gutenberg": {
    "id": 728,
    "title": "Emile Zola",
    "authors": [
      {
        "name": "Howells, William Dean",
        "birth_year": 1837,
        "death_year": 1920
      }
    ],
    "summaries": [
      "\"Emile Zola\" by William Dean Howells is a biography written in the early 20th century. This book provides an insightful exploration of the life and work of Emile Zola, a pivotal figure in the literary realism movement. The narrative delves into Zola's philosophy of literature, his influence on society, and his complex relationship with the themes of morality and realism.  In this work, Howells presents Zola as a dynamic and often paradoxical character—a man who strived for realism but was deeply influenced by romanticism. The biography discusses Zola’s literary contributions, particularly his epic approach to narratives that spotlight social issues such as poverty, labor strikes, and moral decay. It also highlights his courageous stance during the Dreyfus Affair, portraying Zola as a moral champion who fought against injustice. Howells effectively illustrates how Zola's writings capture the essence of human experience while maintaining a commitment to truth and ethical representation, emphasizing the enduring impact Zola has had on both literature and social activism. (This is an automatically generated summary.)"
    ],
    "editors": [],
    "translators": [],
    "subjects": [
      "Zola, Émile, 1840-1902"
    ],
    "bookshelves": [
      "Category: Biographies",
      "Category: French Literature"
    ],
    "languages": [
      "en"
    ],
    "copyright": false,
    "media_type": "Text",
    "formats": {
      "text/html": "https://www.gutenberg.org/ebooks/728.html.images",
      "text/html; charset=iso-8859-1": "https://www.gutenberg.org/files/728/728-h/728-h.htm",
      "application/epub+zip": "https://www.gutenberg.org/ebooks/728.epub3.images",
      "application/x-mobipocket-ebook": "https://www.gutenberg.org/ebooks/728.kf8.images",
      "text/plain; charset=us-ascii": "https://www.gutenberg.org/ebooks/728.txt.utf-8",
      "application/rdf+xml": "https://www.gutenberg.org/ebooks/728.rdf",
      "image/jpeg": "https://www.gutenberg.org/cache/epub/728/pg728.cover.medium.jpg",
      "application/octet-stream": "https://www.gutenberg.org/cache/epub/728/pg728-h.zip"
    },
    "download_count": 342
  }
}