{
  "average_entropy_rate": 0.31942168740516164,
  "entropy_rate": [
    0.6660711319775642,
    0.0,
    0.6496884387531794,
    0.5593206819979899,
    0.5986108587694721,
    0.0,
    0.0,
    0.0,
    0.0,
    0.0,
    0.6798650918786602,
    0.8075669954414412,
    0.8023075470628296,
    0.0,
    0.0,
    0.7842108545525063,
    0.0,
    0.0,
    0.0,
    0.0,
    0.0,
    0.0,
    0.0,
    0.0,
    0.5672167024388689,
    0.0,
    0.7133814507431471,
    0.0,
    0.5757310397140231,
    0.6333740973386947,
    0.6976310644559465,
    0.0,
    0.8557037513062927,
    0.0,
    0.7371725627402523,
    0.6948910567826024,
    0.742028203297555,
    0.0,
    0.5645463564516692,
    0.7669712979089361,
    0.0
  ],
  "estimated_posterior_probability": 61.44413375854492,
  "input": "data/human/Gutenberg//Guten_index1640.txt",
  "prevalence_assumed": 0.5,
  "process_length": 80000,
  "gutenberg": {
    "id": 1640,
    "title": "Lilith: A Romance",
    "authors": [
      {
        "name": "MacDonald, George",
        "birth_year": 1824,
        "death_year": 1905
      }
    ],
    "summaries": [
      "\"Lilith: A Romance\" by George MacDonald is a fantasy novel published in 1895. Mr. Vane discovers a mysterious parallel universe through his library mirror, guided by the enigmatic Mr. Raven. There he encounters sleeping dreamers, children who never grow up, and the seductive Lilith—Adam's first wife and a dark princess. This profound tale explores life, death, and salvation through a haunting journey where true life may only be found in death, and redemption comes at a terrible price. (This is an automatically generated summary.)"
    ],
    "editors": [],
    "translators": [],
    "subjects": [
      "Fantasy fiction"
    ],
    "bookshelves": [
      "Category: British Literature",
      "Category: Novels",
      "Category: Science-Fiction & Fantasy"
    ],
    "languages": [
      "en"
    ],
    "copyright": false,
    "media_type": "Text",
    "formats": {
      "text/html": "https://www.gutenberg.org/ebooks/1640.html.images",
      "text/html; charset=utf-8": "https://www.gutenberg.org/files/1640/1640-h/1640-h.htm",
      "application/epub+zip": "https://www.gutenberg.org/ebooks/1640.epub3.images",
      "application/x-mobipocket-ebook": "https://www.gutenberg.org/ebooks/1640.kf8.images",
      "text/plain; charset=us-ascii": "https://www.gutenberg.org/ebooks/1640.txt.utf-8",
      "text/plain; charset=utf-8": "https://www.gutenberg.org/files/1640/1640-0.txt",
      "text/plain; charset=iso-8859-1": "https://www.gutenberg.org/files/1640/1640-8.txt",
      "application/rdf+xml": "https://www.gutenberg.org/ebooks/1640.rdf",
      "image/jpeg": "https://www.gutenberg.org/cache/epub/1640/pg1640.cover.medium.jpg",
      "application/octet-stream": "https://www.gutenberg.org/cache/epub/1640/pg1640-h.zip"
    },
    "download_count": 3425
  }
}