{
  "average_entropy_rate": 0.3943261396207082,
  "entropy_rate": [
    0.0,
    0.0,
    0.0,
    0.0,
    0.0,
    0.0,
    0.7717718855177145,
    0.8121620139029221,
    0.6492328547433216,
    0.0,
    0.0,
    0.9039738169800153,
    0.8762301205610377,
    0.0,
    0.8479839688887407,
    0.820285337350916,
    0.0,
    0.0,
    0.0,
    0.0,
    0.7694854344274762,
    0.0,
    0.0,
    0.0,
    0.0,
    0.0,
    0.7809152054685458,
    0.783179207728116,
    0.0,
    0.0,
    0.0,
    0.7677748224378462,
    0.7732556491464295,
    0.7910165025290404,
    0.8471098401805287,
    0.9245136945306945,
    0.9362129904657123,
    0.8150646756221183,
    0.7530457521757354,
    0.7656071151806211,
    0.7785508366115015
  ],
  "estimated_posterior_probability": 65.31128692626953,
  "input": "./smaller_in/Guten_index558.txt",
  "prevalence_assumed": 0.5,
  "process_length": 80000,
  "gutenberg": {
    "id": 558,
    "title": "The Thirty-Nine Steps",
    "authors": [
      {
        "name": "Buchan, John",
        "birth_year": 1875,
        "death_year": 1940
      }
    ],
    "summaries": [
      "\"The Thirty-Nine Steps\" by John Buchan is an adventure novel published in 1915. Richard Hannay, a mining engineer from Rhodesia, finds himself caught in a deadly conspiracy when his neighbor is murdered in his London flat. Possessing only a cryptic coded notebook, Hannay flees to Scotland, pursued by both police and German spies seeking to steal Britain's naval secrets. Racing against time before war erupts across Europe, he must decipher the mystery of the thirty-nine steps and stop an international plot that could change history. (This is an automatically generated summary.)"
    ],
    "editors": [],
    "translators": [],
    "subjects": [
      "Hannay, Richard (Fictitious character) -- Fiction",
      "Intelligence service -- Great Britain -- Fiction",
      "Spy stories",
      "World War, 1914-1918 -- Fiction"
    ],
    "bookshelves": [
      "Adventure",
      "Category: Adventure",
      "Category: British Literature",
      "Category: Crime, Thrillers and Mystery",
      "Category: Novels",
      "Movie Books",
      "Mystery Fiction"
    ],
    "languages": [
      "en"
    ],
    "copyright": false,
    "media_type": "Text",
    "formats": {
      "text/html": "https://www.gutenberg.org/ebooks/558.html.images",
      "text/html; charset=utf-8": "https://www.gutenberg.org/files/558/558-h/558-h.htm",
      "application/epub+zip": "https://www.gutenberg.org/ebooks/558.epub3.images",
      "application/x-mobipocket-ebook": "https://www.gutenberg.org/ebooks/558.kf8.images",
      "text/plain; charset=us-ascii": "https://www.gutenberg.org/ebooks/558.txt.utf-8",
      "text/plain; charset=utf-8": "https://www.gutenberg.org/files/558/558-0.txt",
      "application/rdf+xml": "https://www.gutenberg.org/ebooks/558.rdf",
      "image/jpeg": "https://www.gutenberg.org/cache/epub/558/pg558.cover.medium.jpg",
      "application/octet-stream": "https://www.gutenberg.org/cache/epub/558/pg558-h.zip"
    },
    "download_count": 2816
  }
}