{
  "average_entropy_rate": 0.3136697304388334,
  "entropy_rate": [
    0.0,
    0.7610949380349884,
    0.0,
    0.9801518389346303,
    0.0,
    0.0,
    0.6619331138298433,
    0.7778026691894159,
    0.0,
    0.0,
    0.8637558044682152,
    0.7752897298495985,
    0.0,
    0.0,
    0.0,
    0.7488358497482898,
    0.0,
    0.0,
    0.0,
    0.0,
    0.0,
    0.0,
    0.0,
    0.0,
    0.0,
    0.0,
    0.0,
    0.0,
    0.7554941971849639,
    0.0,
    0.0,
    0.7494399216658285,
    0.9559174936724075,
    0.0,
    0.7644892665357179,
    0.9432060909051845,
    0.7778134686705621,
    0.8044074762996297,
    0.7693617012982332,
    0.7714653877046603,
    0.0
  ],
  "estimated_posterior_probability": 61.17402267456055,
  "input": "./smaller_in/Guten_index2747.txt",
  "prevalence_assumed": 0.5,
  "process_length": 80000,
  "gutenberg": {
    "id": 2747,
    "title": "Nisida: Celebrated Crimes",
    "authors": [
      {
        "name": "Dumas, Alexandre",
        "birth_year": 1802,
        "death_year": 1870
      }
    ],
    "summaries": [
      "\"Nisida\" by Alexandre Dumas is a historical novel likely written in the early 20th century. The book is set in the idyllic landscape of Naples and the charming island of Nisida, delving into themes of love, honor, betrayal, and the societal implications of class differences. The narrative unfolds against the backdrop of a vibrant Neapolitan festival, underscoring the stark contrast between the protagonist's humble origins and the aristocracy's indulgences.  The story centers around Nisida, the beautiful daughter of a respected fisherman named Solomon, and the young Prince of Brancaleone, Eligi, who becomes infatuated with her. As romantic tensions build, Eligi's intentions are revealed to be treacherous, leading to a convoluted web of deception and violence that ultimately results in tragedy. Through the unfolding events, Gabriel, Nisida's brother, becomes embroiled in a series of misfortunes when he defends his sister's honor, resulting in a deadly confrontation with the prince. The narrative captures the desperation and turmoil of the characters as they navigate their feelings, family obligations, and societal expectations, ultimately culminating in a poignant exploration of justice and sacrifice. (This is an automatically generated summary.)"
    ],
    "editors": [],
    "translators": [],
    "subjects": [
      "Crime"
    ],
    "bookshelves": [
      "Category: Historical Novels",
      "Category: Novels",
      "Crime Nonfiction"
    ],
    "languages": [
      "en"
    ],
    "copyright": false,
    "media_type": "Text",
    "formats": {
      "text/html": "https://www.gutenberg.org/ebooks/2747.html.images",
      "application/epub+zip": "https://www.gutenberg.org/ebooks/2747.epub3.images",
      "application/pdf": "https://www.gutenberg.org/ebooks/2747.pdf.images",
      "application/x-mobipocket-ebook": "https://www.gutenberg.org/ebooks/2747.kf8.images",
      "text/plain; charset=us-ascii": "https://www.gutenberg.org/ebooks/2747.txt.utf-8",
      "application/rdf+xml": "https://www.gutenberg.org/ebooks/2747.rdf",
      "text/x-rst": "https://www.gutenberg.org/ebooks/2747.rst.gen",
      "image/jpeg": "https://www.gutenberg.org/cache/epub/2747/pg2747.cover.medium.jpg",
      "application/octet-stream": "https://www.gutenberg.org/files/2747/2747-0.zip"
    },
    "download_count": 497
  }
}