{
  "average_entropy_rate": 0.2570301134211972,
  "entropy_rate": [
    0.8207828415894831,
    0.9926027402261324,
    0.0,
    0.0,
    0.5451636338457996,
    0.0,
    0.0,
    0.0,
    0.0,
    0.5916457824129712,
    0.7022376990280514,
    0.0,
    0.0,
    0.0,
    0.5906106219149385,
    0.0,
    0.0,
    0.0,
    0.0,
    0.0,
    0.0,
    0.0,
    0.0,
    1.0053403230797895,
    0.0,
    0.0,
    0.0,
    0.0,
    0.0,
    0.0,
    0.0,
    0.0,
    0.6125806497355477,
    0.9462023558919991,
    0.6479181946691543,
    0.581659863460479,
    0.8797872622645222,
    0.6049658846348202,
    1.0167367975154002,
    0.0,
    0.0
  ],
  "estimated_posterior_probability": 58.65312194824219,
  "input": "./smaller_in/Guten_index264.txt",
  "prevalence_assumed": 0.5,
  "process_length": 80000,
  "gutenberg": {
    "id": 264,
    "title": "Main Street, and Other Poems",
    "authors": [
      {
        "name": "Kilmer, Joyce",
        "birth_year": 1886,
        "death_year": 1918
      }
    ],
    "summaries": [
      "\"Main Street, and Other Poems by Joyce Kilmer\" is a collection of poetry written in the early 20th century. The volume reflects the sentiments and aesthetics of wartime and the everyday experiences of life, showcasing themes such as nature, love, community, and the impacts of war. Kilmer's work often intertwines personal emotions with broader human experiences, presenting a poignant exploration of existence through a lyrical lens.  The collection includes a variety of poems that express nostalgia for simpler times, appreciation for nature, and reflections on love and loss. The titular poem \"Main Street\" evokes a sense of familiarity and comfort through vivid imagery of a small-town street in different seasons, contrasting it with the coldness of busy city life. Other poems, like \"In Memory\" and \"Easter Week,\" delve into deeper themes, touching on grief and the enduring spirit of humanity amidst adversity. Kilmer's work is characterized by its emotional depth and rhythmic beauty, making it a thoughtful read for anyone interested in the interplay of personal experience and collective memory during a tumultuous era. (This is an automatically generated summary.)"
    ],
    "editors": [],
    "translators": [],
    "subjects": [
      "City and town life -- Poetry",
      "Poetry, Modern -- 20th century"
    ],
    "bookshelves": [
      "Category: Poetry"
    ],
    "languages": [
      "en"
    ],
    "copyright": false,
    "media_type": "Text",
    "formats": {
      "text/html": "https://www.gutenberg.org/ebooks/264.html.images",
      "text/html; charset=us-ascii": "https://www.gutenberg.org/files/264/264-h/264-h.htm",
      "application/epub+zip": "https://www.gutenberg.org/ebooks/264.epub3.images",
      "application/x-mobipocket-ebook": "https://www.gutenberg.org/ebooks/264.kf8.images",
      "text/plain; charset=us-ascii": "https://www.gutenberg.org/ebooks/264.txt.utf-8",
      "application/rdf+xml": "https://www.gutenberg.org/ebooks/264.rdf",
      "image/jpeg": "https://www.gutenberg.org/cache/epub/264/pg264.cover.medium.jpg",
      "application/octet-stream": "https://www.gutenberg.org/cache/epub/264/pg264-h.zip"
    },
    "download_count": 410
  }
}