{
  "average_entropy_rate": 0.3529100009366496,
  "entropy_rate": [
    0.0,
    0.0,
    0.7543994358379938,
    0.6922185027167043,
    0.0,
    0.0,
    0.5646972873541375,
    0.0,
    0.0,
    0.0,
    0.0,
    0.7290086346823614,
    0.0,
    0.7265680978214143,
    0.0,
    0.0,
    0.6809583345809574,
    0.0,
    0.0,
    0.0,
    0.0,
    0.6213501107108371,
    0.6863534940095908,
    0.0,
    0.0,
    0.0,
    0.8599865485487448,
    0.6775237973949128,
    0.7635910626388481,
    0.8224322157533192,
    0.6991161638973675,
    0.0,
    0.0,
    0.0,
    0.7000680182868135,
    0.7366818383256878,
    0.8014716261300058,
    0.6637768595960917,
    0.7634247886330472,
    0.6944120537679598,
    0.8312711677158378
  ],
  "estimated_posterior_probability": 63.0950927734375,
  "input": "./smaller_in/Guten_index2308.txt",
  "prevalence_assumed": 0.5,
  "process_length": 80000,
  "gutenberg": {
    "id": 2308,
    "title": "Bunyan Characters (3rd Series)",
    "authors": [
      {
        "name": "Whyte, Alexander",
        "birth_year": 1836,
        "death_year": 1921
      }
    ],
    "summaries": [
      "\"Bunyan Characters (3rd Series)\" by Alexander Whyte is a collection of lectures that delve into the characters and themes found in John Bunyan's works, particularly the allegorical \"Holy War,\" written in the late 19th century. The book aims to explore the rich spiritual and moral themes inherent in Bunyan's allegories, drawing profound connections to the struggles of the human soul, represented as the city of Mansoul. Whyte emphasizes Bunyan's unique literary and theological contributions, comparing him to great figures in literature and asserting his continuing relevance.  The opening of the text introduces the foundational concepts of Bunyan's \"Holy War,\" characterizing it as a military allegory of the human soul's spiritual battle against evil. Whyte explicates the significance of Bunyan's portrayal of Mansoul, describing it as a city that must defend itself against external and internal foes. The characters, such as Lord Willbewill and Mr. Prejudice, serve as personifications of human tendencies towards pride and closed-mindedness. Whyte sets the stage for an in-depth examination of the allegorical battles, urging readers to engage with the complexities of their own hearts in relation to Bunyan's narrative. As he outlines the promise of spiritual insight through the allegory, he invites readers to reflect on their personal struggles and the ongoing relevance of Bunyan's themes of sin, redemption, and divine warfare. (This is an automatically generated summary.)"
    ],
    "editors": [],
    "translators": [],
    "subjects": [
      "Bunyan, John, 1628-1688 -- Criticism and interpretation"
    ],
    "bookshelves": [
      "Category: Essays, Letters & Speeches",
      "Category: Religion/Spirituality"
    ],
    "languages": [
      "en"
    ],
    "copyright": false,
    "media_type": "Text",
    "formats": {
      "text/html": "https://www.gutenberg.org/ebooks/2308.html.images",
      "application/epub+zip": "https://www.gutenberg.org/ebooks/2308.epub3.images",
      "application/x-mobipocket-ebook": "https://www.gutenberg.org/ebooks/2308.kf8.images",
      "text/plain; charset=us-ascii": "https://www.gutenberg.org/ebooks/2308.txt.utf-8",
      "application/rdf+xml": "https://www.gutenberg.org/ebooks/2308.rdf",
      "image/jpeg": "https://www.gutenberg.org/cache/epub/2308/pg2308.cover.medium.jpg",
      "application/octet-stream": "https://www.gutenberg.org/cache/epub/2308/pg2308-h.zip"
    },
    "download_count": 421
  }
}