{
  "average_entropy_rate": 0.10948416984901106,
  "entropy_rate": [
    0.0,
    0.0,
    0.0,
    0.0,
    0.0,
    0.0,
    0.7172242017313452,
    0.0,
    0.0,
    0.0,
    0.0,
    0.0,
    0.0,
    0.0,
    0.0,
    0.0,
    0.0,
    0.0,
    0.0,
    0.0,
    0.0,
    0.0,
    0.6966448978870969,
    0.0,
    0.0,
    0.0,
    0.0,
    0.0,
    0.0,
    0.37741646961634007,
    0.6893917453145526,
    0.0,
    0.0,
    0.0,
    0.687809680463489,
    0.0,
    0.0,
    0.0,
    0.6893917453145526,
    0.6309722234820775,
    0.0
  ],
  "estimated_posterior_probability": 53.22530746459961,
  "input": "./smaller_in/Guten_index2341.txt",
  "prevalence_assumed": 0.5,
  "process_length": 80000,
  "gutenberg": {
    "id": 2341,
    "title": "Wilhelm Meisters Lehrjahre — Band 7",
    "authors": [
      {
        "name": "Goethe, Johann Wolfgang von",
        "birth_year": 1749,
        "death_year": 1832
      }
    ],
    "summaries": [
      "\"Wilmhelm Meisters Lehrjahre — Band 7\" by Johann Wolfgang von Goethe is a novel written in the early 19th century. The book continues the coming-of-age journey of Wilhelm, following his aspirations, emotional turmoil, and various interactions with other characters as he seeks to understand himself and his place in society.  The opening of this volume depicts the arrival of spring as Wilhelm reflects on life's beauty contrasted with its darker aspects, questioning whether happiness can only be appreciated amidst sorrow. On his journey, he encounters a former acquaintance, who hints at the danger of dwelling too much on the past, prompting Wilhelm to focus on the immediate task he faces regarding a sorrowful mission related to his friend Lothario. The narrative then shifts as Wilhelm arrives at Lothario's residence, revealing a castle imbued with a mix of beauty and neglect. Tensions arise as Wilhelm prepares to deliver a painful message regarding the loss of a mutual friend, Aurelie. This chapter sets the stage for Wilhelm's internal struggles and the unfolding drama surrounding friendship, love, and grief. (This is an automatically generated summary.)"
    ],
    "editors": [],
    "translators": [],
    "subjects": [
      "Bildungsromans"
    ],
    "bookshelves": [
      "Category: German Literature",
      "Category: Novels",
      "DE Prosa",
      "Opera"
    ],
    "languages": [
      "de"
    ],
    "copyright": false,
    "media_type": "Text",
    "formats": {
      "text/html": "https://www.gutenberg.org/ebooks/2341.html.images",
      "application/epub+zip": "https://www.gutenberg.org/ebooks/2341.epub3.images",
      "application/x-mobipocket-ebook": "https://www.gutenberg.org/ebooks/2341.kf8.images",
      "text/plain; charset=us-ascii": "https://www.gutenberg.org/ebooks/2341.txt.utf-8",
      "application/rdf+xml": "https://www.gutenberg.org/ebooks/2341.rdf",
      "image/jpeg": "https://www.gutenberg.org/cache/epub/2341/pg2341.cover.medium.jpg",
      "application/octet-stream": "https://www.gutenberg.org/cache/epub/2341/pg2341-h.zip"
    },
    "download_count": 279
  }
}