{
  "average_entropy_rate": 0.0,
  "entropy_rate": [
    0.0,
    0.0,
    0.0,
    0.0,
    0.0,
    0.0,
    0.0,
    0.0,
    0.0,
    0.0,
    0.0,
    0.0,
    0.0,
    0.0,
    0.0,
    0.0,
    0.0,
    0.0,
    0.0,
    0.0,
    0.0,
    0.0,
    0.0,
    0.0,
    0.0,
    0.0,
    0.0,
    0.0,
    0.0,
    0.0,
    0.0,
    0.0,
    0.0,
    0.0,
    0.0,
    0.0,
    0.0,
    0.0,
    0.0,
    0.0,
    0.0
  ],
  "estimated_posterior_probability": 50.0,
  "input": "./smaller_in/Guten_index2380.txt",
  "prevalence_assumed": 0.5,
  "process_length": 80000,
  "gutenberg": {
    "id": 2380,
    "title": "Das Märchen von dem Myrtenfräulein",
    "authors": [
      {
        "name": "Brentano, Clemens",
        "birth_year": 1778,
        "death_year": 1842
      }
    ],
    "summaries": [
      "\"Das Märchen von dem Myrtenfräulein\" by Clemens Brentano is a fairy tale written in the early 19th century. This enchanting tale centers around a childless potter and his wife who pray for a child, leading to the arrival of a magical myrtle plant that becomes the vessel for their longed-for daughter. The story delves into themes of love, sacrifice, and the transformative power of nature, wrapped in a traditional fairy tale format that reflects the era's romantic ideals.  The narrative begins with the potter and his wife living in a barren land, yearning for a child. Their prayers are answered when a myrtle branch mysteriously appears, symbolizing their hopes and dreams. The prince of the land becomes enamored with the myrtle and, through various events, comes to cherish the being that resides within it: the Myrtenfräulein. As the tale unfolds, the prince faces conflict from envious noblewomen, ultimately leading to a tragic event where the Myrtenfräulein is harmed. Yet, with love and determination, the prince restores her to life through the renewal of the myrtle tree. The story concludes with a joyous celebration and the promise of a new beginning, encapsulating the fairy tale’s timeless themes of resilience and reward for virtue. (This is an automatically generated summary.)"
    ],
    "editors": [],
    "translators": [],
    "subjects": [
      "Fairy tales -- Germany"
    ],
    "bookshelves": [
      "Category: German Literature",
      "Category: Mythology, Legends & Folklore",
      "DE Kinderbuch"
    ],
    "languages": [
      "de"
    ],
    "copyright": false,
    "media_type": "Text",
    "formats": {
      "text/html": "https://www.gutenberg.org/ebooks/2380.html.images",
      "application/epub+zip": "https://www.gutenberg.org/ebooks/2380.epub3.images",
      "application/x-mobipocket-ebook": "https://www.gutenberg.org/ebooks/2380.kf8.images",
      "text/plain; charset=us-ascii": "https://www.gutenberg.org/ebooks/2380.txt.utf-8",
      "application/rdf+xml": "https://www.gutenberg.org/ebooks/2380.rdf",
      "image/jpeg": "https://www.gutenberg.org/cache/epub/2380/pg2380.cover.medium.jpg",
      "application/octet-stream": "https://www.gutenberg.org/cache/epub/2380/pg2380-h.zip"
    },
    "download_count": 220
  }
}