{
  "average_entropy_rate": 0.3809297190873031,
  "entropy_rate": [
    0.0,
    0.0,
    0.0,
    0.0,
    0.7765368093745667,
    0.0,
    0.7206551772801109,
    0.7905154786191543,
    0.0,
    0.0,
    0.0,
    0.0,
    0.8362803010673318,
    0.0,
    0.7723166508897639,
    0.9568858375326423,
    0.0,
    0.0,
    0.7856506378336163,
    0.0,
    0.0,
    0.9472994095816537,
    0.0,
    0.0,
    0.0,
    0.0,
    0.0,
    0.0,
    0.0,
    0.7737079507722022,
    0.0,
    0.7895665507026228,
    0.7774592290743061,
    0.8815389362087107,
    0.9683414465731615,
    0.7624084666239932,
    0.7882658248427064,
    0.7659628282557397,
    0.9592626837925428,
    0.7749487849354441,
    0.7905154786191543
  ],
  "estimated_posterior_probability": 64.573486328125,
  "input": "./smaller_in/Guten_index4545.txt",
  "prevalence_assumed": 0.5,
  "process_length": 80000,
  "gutenberg": {
    "id": 4545,
    "title": "American Papyrus: 25 Poems",
    "authors": [
      {
        "name": "Sills, Steven David Justin",
        "birth_year": null,
        "death_year": null
      }
    ],
    "summaries": [
      "\"American Papyrus: 25 Poems\" by Steven David Justin Sills is a collection of poetry written in the early 21st century. This book explores the complexities of human emotions and experiences, addressing themes such as love, loss, and societal issues through a poignant and often raw lens. The poems delve into the lives of the marginalized and the struggles faced by individuals in the contemporary American landscape.  The content of the collection presents a variety of voices and perspectives, reflecting the emotional tumult of personal relationships and societal interactions. Through a series of vivid and often haunting images, Sills evokes the inner workings of his characters' minds, capturing their feelings of isolation, desperation, and hope. Among the poems, readers encounter a man grappling with the aftermath of an annulled marriage, the somber realities of life in urban settings, and the poignant observations of those caught in the throes of their own challenges. Overall, the collection paints a vivid picture of humanity's trials, encouraging readers to reflect on their own relationships and the world around them. (This is an automatically generated summary.)"
    ],
    "editors": [],
    "translators": [],
    "subjects": [
      "Poetry"
    ],
    "bookshelves": [
      "Category: American Literature",
      "Category: Poetry"
    ],
    "languages": [
      "en"
    ],
    "copyright": true,
    "media_type": "Text",
    "formats": {
      "text/html": "https://www.gutenberg.org/ebooks/4545.html.images",
      "application/epub+zip": "https://www.gutenberg.org/ebooks/4545.epub3.images",
      "text/rtf": "https://www.gutenberg.org/files/4545/4545-r.rtf",
      "application/x-mobipocket-ebook": "https://www.gutenberg.org/ebooks/4545.kf8.images",
      "text/plain; charset=us-ascii": "https://www.gutenberg.org/ebooks/4545.txt.utf-8",
      "application/rdf+xml": "https://www.gutenberg.org/ebooks/4545.rdf",
      "image/jpeg": "https://www.gutenberg.org/cache/epub/4545/pg4545.cover.medium.jpg",
      "application/octet-stream": "https://www.gutenberg.org/files/4545/4545-h.zip"
    },
    "download_count": 356
  }
}