{
  "average_entropy_rate": 0.310126988131826,
  "entropy_rate": [
    0.0,
    0.8111459513625591,
    0.0,
    0.0,
    0.0,
    0.7607784470995588,
    0.0,
    0.0,
    0.8440517904924804,
    0.7059276386144777,
    0.7842944379454714,
    0.7166149529444243,
    0.708114106870771,
    0.0,
    0.0,
    0.8090361336301811,
    0.0,
    0.0,
    0.8004324723340849,
    0.0,
    0.7830615614481055,
    0.7684345186177696,
    0.6894996867720432,
    0.0,
    0.0,
    0.959937224248625,
    0.5797773706310202,
    0.0,
    0.0,
    0.0,
    0.5513287580687527,
    0.0,
    0.0,
    0.6907236152498801,
    0.0,
    0.0,
    0.0,
    0.0,
    0.0,
    0.752047847074661,
    0.0
  ],
  "estimated_posterior_probability": 61.00636672973633,
  "input": "smaller_in/Guten_index76.txt",
  "prevalence_assumed": 0.5,
  "process_length": 80000,
  "gutenberg": {
    "id": 76,
    "title": "Adventures of Huckleberry Finn",
    "authors": [
      {
        "name": "Twain, Mark",
        "birth_year": 1835,
        "death_year": 1910
      }
    ],
    "summaries": [
      "\"Adventures of Huckleberry Finn\" by Mark Twain is a picaresque novel published in 1884-1885. Told in vernacular English, it follows young Huck Finn as he escapes his abusive father and flees down the Mississippi River with Jim, an enslaved man seeking freedom. Their journey brings encounters with feuding families, con artists, and moral dilemmas that challenge Huck's conscience. Set in the antebellum South, this sequel to \"Tom Sawyer\" is celebrated for its portrayal of boyhood and its satirical examination of racism and society. (This is an automatically generated summary.)"
    ],
    "editors": [],
    "translators": [],
    "subjects": [
      "Adventure stories",
      "Bildungsromans",
      "Boys -- Fiction",
      "Finn, Huckleberry (Fictitious character) -- Fiction",
      "Fugitive slaves -- Fiction",
      "Humorous stories",
      "Male friendship -- Fiction",
      "Mississippi River -- Fiction",
      "Missouri -- Fiction",
      "Race relations -- Fiction",
      "Runaway children -- Fiction"
    ],
    "bookshelves": [
      "Banned Books List from the American Library Association",
      "Banned Books from Anne Haight's list",
      "Best Books Ever Listings",
      "Category: Adventure",
      "Category: American Literature",
      "Category: Classics of Literature",
      "Category: Novels"
    ],
    "languages": [
      "en"
    ],
    "copyright": false,
    "media_type": "Text",
    "formats": {
      "text/html": "https://www.gutenberg.org/ebooks/76.html.images",
      "application/epub+zip": "https://www.gutenberg.org/ebooks/76.epub3.images",
      "application/x-mobipocket-ebook": "https://www.gutenberg.org/ebooks/76.kf8.images",
      "text/plain; charset=us-ascii": "https://www.gutenberg.org/ebooks/76.txt.utf-8",
      "application/rdf+xml": "https://www.gutenberg.org/ebooks/76.rdf",
      "image/jpeg": "https://www.gutenberg.org/cache/epub/76/pg76.cover.medium.jpg",
      "application/octet-stream": "https://www.gutenberg.org/cache/epub/76/pg76-h.zip"
    },
    "download_count": 31127
  }
}