{
  "average_entropy_rate": 0.0,
  "entropy_rate": [
    0.0,
    0.0,
    0.0,
    0.0,
    0.0,
    0.0,
    0.0,
    0.0,
    0.0,
    0.0,
    0.0,
    0.0,
    0.0,
    0.0,
    0.0,
    0.0,
    0.0,
    0.0,
    0.0,
    0.0,
    0.0,
    0.0,
    0.0,
    0.0,
    0.0,
    0.0,
    0.0,
    0.0,
    0.0,
    0.0,
    0.0,
    0.0,
    0.0,
    0.0,
    0.0,
    0.0,
    0.0,
    0.0,
    0.0,
    0.0,
    0.0
  ],
  "estimated_posterior_probability": 50.0,
  "input": "./smaller_in/Guten_index4573.txt",
  "prevalence_assumed": 0.5,
  "process_length": 80000,
  "gutenberg": {
    "id": 4573,
    "title": "粉妝樓11-20回",
    "authors": [
      {
        "name": "Luo, Guanzhong",
        "birth_year": null,
        "death_year": null
      }
    ],
    "summaries": [
      "\"Fen Zhuang Lou Chapters 11-20\" by Luo Guanzhong is a historical novel likely written during the late 14th century. The narrative revolves around themes of loyalty, betrayal, and personal tragedy set against a backdrop of political turmoil. The story follows the struggles of various characters, particularly focusing on the unfortunate fate of the Luo family, whose lives are upended by the betrayal of a trusted minister, leading to dire consequences for the family members.  The beginning of this portion of the novel introduces characters caught in a web of conspiracy and misfortune. It depicts the emotional turmoil of Sectional Lady Zhuang as she and her two sons escape after their family is wrongfully accused of treason. The loyal servants, despite the looming threat, offer their dedication and pledges to protect the family's legacy. As the storyline unfolds, tensions rise with an imminent execution order against the family, showcasing character depths, particularly of Lady Zhuang, who while mourning her family's plight, demonstrates resilience and love toward her sons. The complex political conspiracies and the ensuing chaos create an atmosphere of suspense and tragic inevitability, setting the stage for further developments in the tale. (This is an automatically generated summary.)"
    ],
    "editors": [],
    "translators": [],
    "subjects": [
      "China -- History -- Tang dynasty, 618-907 -- Fiction"
    ],
    "bookshelves": [
      "Category: Historical Novels",
      "Category: Mythology, Legends & Folklore"
    ],
    "languages": [
      "zh"
    ],
    "copyright": false,
    "media_type": "Text",
    "formats": {
      "text/html": "https://www.gutenberg.org/ebooks/4573.html.images",
      "application/epub+zip": "https://www.gutenberg.org/ebooks/4573.epub3.images",
      "application/x-mobipocket-ebook": "https://www.gutenberg.org/ebooks/4573.kf8.images",
      "text/plain; charset=us-ascii": "https://www.gutenberg.org/ebooks/4573.txt.utf-8",
      "application/rdf+xml": "https://www.gutenberg.org/ebooks/4573.rdf",
      "image/jpeg": "https://www.gutenberg.org/cache/epub/4573/pg4573.cover.medium.jpg",
      "application/octet-stream": "https://www.gutenberg.org/files/4573/4573-0.zip"
    },
    "download_count": 305
  }
}