{
  "average_entropy_rate": 0.22502741648044225,
  "entropy_rate": [
    0.0,
    0.0,
    0.0,
    0.0,
    0.0,
    0.8949645428291896,
    0.0,
    0.0,
    0.9142976023676865,
    0.0,
    0.0,
    0.5008093504732359,
    0.0,
    0.0,
    0.0,
    0.0,
    0.0,
    0.8569364661009053,
    0.0,
    0.0,
    0.0,
    0.0,
    0.0,
    0.8594836384675768,
    0.0,
    0.0,
    0.0,
    0.9109387389826488,
    0.0,
    0.0,
    0.0,
    0.0,
    0.0,
    0.0,
    0.9070738858052,
    0.0,
    0.793784748771069,
    0.0,
    0.908018115033263,
    0.8345510024099028,
    0.8452659844574545
  ],
  "estimated_posterior_probability": 57.34730911254883,
  "input": "./smaller_in/Guten_index265.txt",
  "prevalence_assumed": 0.5,
  "process_length": 80000,
  "gutenberg": {
    "id": 265,
    "title": "The Life and Death of Cormac the Skald",
    "authors": [],
    "summaries": [
      "\"The Life and Death of Cormac the Skald\" by W. G. Collingwood and Jón Stefánsson is a saga translation written in the 13th century. It tells the story of tenth-century Icelandic poet Kormak Ogmundsson and his doomed love for Steingerd Torkelsdottir. A curse causes Kormak to arrive late for his own wedding, forcing Steingerd to marry another. The saga follows Kormak's journey to Ireland with King Harald Greycloak and his eventual fate in Scotland, preserving many poems about his lost love. (This is an automatically generated summary.)"
    ],
    "editors": [],
    "translators": [
      {
        "name": "Collingwood, W. G. (William Gershom)",
        "birth_year": 1854,
        "death_year": 1932
      },
      {
        "name": "Jón Stefánsson",
        "birth_year": 1862,
        "death_year": null
      }
    ],
    "subjects": [
      "Kormákr Ögmundarson, approximately 935-970 -- Romances",
      "Sagas -- Translations into English"
    ],
    "bookshelves": [
      "Category: Historical Novels",
      "Category: Mythology, Legends & Folklore"
    ],
    "languages": [
      "en"
    ],
    "copyright": false,
    "media_type": "Text",
    "formats": {
      "text/html": "https://www.gutenberg.org/ebooks/265.html.images",
      "text/html; charset=utf-8": "https://www.gutenberg.org/files/265/265-h/265-h.htm",
      "application/epub+zip": "https://www.gutenberg.org/ebooks/265.epub3.images",
      "application/x-mobipocket-ebook": "https://www.gutenberg.org/ebooks/265.kf8.images",
      "text/plain; charset=us-ascii": "https://www.gutenberg.org/ebooks/265.txt.utf-8",
      "text/plain; charset=utf-8": "https://www.gutenberg.org/files/265/265-0.txt",
      "application/rdf+xml": "https://www.gutenberg.org/ebooks/265.rdf",
      "image/jpeg": "https://www.gutenberg.org/cache/epub/265/pg265.cover.medium.jpg",
      "application/octet-stream": "https://www.gutenberg.org/cache/epub/265/pg265-h.zip"
    },
    "download_count": 485
  }
}