{
  "average_entropy_rate": 0.15049146561747923,
  "entropy_rate": [
    0.5500000008926412,
    0.6493974703476995,
    0.0,
    0.0,
    0.0,
    0.952380954081221,
    0.0,
    0.0,
    0.0,
    0.0,
    0.0,
    0.0,
    0.0,
    0.0,
    0.0,
    0.0,
    0.0,
    0.952380954081221,
    0.0,
    0.0,
    0.0,
    0.0,
    0.0,
    0.0,
    0.0,
    0.0,
    0.0,
    0.0,
    0.0,
    0.0,
    0.0,
    0.0,
    0.8148148161372466,
    0.6493974703476995,
    0.6493974703476995,
    0.0,
    0.0,
    0.952380954081221,
    0.0,
    0.0,
    0.0
  ],
  "estimated_posterior_probability": 54.592185974121094,
  "input": "./smaller_in/Guten_index3316.txt",
  "prevalence_assumed": 0.5,
  "process_length": 80000,
  "gutenberg": {
    "id": 3316,
    "title": "How Members of Congress Are Bribed",
    "authors": [
      {
        "name": "Moore, J. Hampton (Joseph Hampton)",
        "birth_year": 1864,
        "death_year": 1950
      }
    ],
    "summaries": [
      "\"How Members of Congress Are Bribed\" by J. Hampton Moore is a political treatise written in the late 19th century. The book serves as a critical examination of corruption within the U.S. Congress, particularly focusing on the influence of lobbyists and the bribery tactics employed by powerful railroad magnates, such as Collis P. Huntington. The author presents a passionate argument against the detrimental impact of such corruption on American democracy and public welfare.  In this open letter, Moore exposes the depths of political corruption through a compilation of letters between Huntington and other railroad executives, revealing their methods of persuading public officials with money and promises. The text details how these lobbyists exploit their influence to manipulate legislation that serves their interests at the cost of the public good. Moore emphasizes the urgency of addressing these issues and petitions Congress to take action against the corruption undermining governance, highlighting the broader implications for the integrity and future of American democracy. (This is an automatically generated summary.)"
    ],
    "editors": [],
    "translators": [],
    "subjects": [
      "Bribery",
      "United States. Congress"
    ],
    "bookshelves": [
      "Category: Essays, Letters & Speeches",
      "Category: History - American",
      "Category: Politics"
    ],
    "languages": [
      "en"
    ],
    "copyright": false,
    "media_type": "Text",
    "formats": {
      "text/html": "https://www.gutenberg.org/ebooks/3316.html.images",
      "application/epub+zip": "https://www.gutenberg.org/ebooks/3316.epub3.images",
      "application/x-mobipocket-ebook": "https://www.gutenberg.org/ebooks/3316.kf8.images",
      "text/plain; charset=us-ascii": "https://www.gutenberg.org/ebooks/3316.txt.utf-8",
      "application/rdf+xml": "https://www.gutenberg.org/ebooks/3316.rdf",
      "image/jpeg": "https://www.gutenberg.org/cache/epub/3316/pg3316.cover.medium.jpg",
      "application/octet-stream": "https://www.gutenberg.org/files/3316/3316-h.zip"
    },
    "download_count": 272
  }
}