{
  "average_entropy_rate": 0.15274769952191017,
  "entropy_rate": [
    0.0,
    0.0,
    0.0,
    0.5936630915522387,
    0.0,
    0.0,
    0.47195370788011987,
    0.0,
    0.0,
    0.0,
    0.0,
    0.0,
    0.0,
    0.0,
    0.0,
    0.0,
    0.7009782101249358,
    0.0,
    0.0,
    0.0,
    0.0,
    0.0,
    0.0,
    0.0,
    0.0,
    0.6229441420179247,
    0.0,
    0.0,
    0.0,
    0.5886645383789294,
    0.0,
    0.0,
    0.6685040270213689,
    0.5447545587445733,
    0.0,
    0.719503326166573,
    0.0,
    0.6576466876681766,
    0.0,
    0.6940433908434762,
    0.0
  ],
  "estimated_posterior_probability": 54.67116165161133,
  "input": "./smaller_in/Guten_index548.txt",
  "prevalence_assumed": 0.5,
  "process_length": 80000,
  "gutenberg": {
    "id": 548,
    "title": "Project Trinity, 1945-1946",
    "authors": [
      {
        "name": "Maag, Carl R.",
        "birth_year": null,
        "death_year": null
      },
      {
        "name": "Rohrer, Steve",
        "birth_year": null,
        "death_year": null
      }
    ],
    "summaries": [
      "\"Project Trinity, 1945-1946\" by Carl R. Maag and Steve Rohrer is a historical account detailing the first atmospheric nuclear weapons test conducted by the United States during the late 1940s. This book outlines the efforts surrounding Project Trinity, specifically documenting the activities, participants, and safety measures taken during the test conducted at the Alamogordo Bombing Range in New Mexico on July 16, 1945. The content revolves around the scientific advancements and military coordination that defined this crucial moment in nuclear history.  The book elaborates on various aspects of Project Trinity, starting with the preparation and organization of personnel, which included approximately 1,000 military and civilian participants. It describes the pre-shot activities leading up to the detonation, the actual event, and the post-detonation monitoring for radiation exposure. Notable figures such as Dr. J. Robert Oppenheimer and Major General Leslie Groves are mentioned, as well as the implementation of rigorous radiation safety protocols. The report highlights the scientific and diagnostic experiments conducted to assess the effects of the nuclear detonation, alongside dosimetry data detailing the radiation exposures received by the participants, thus encapsulating the complexity and significance of the project in the broader context of nuclear weapon development. (This is an automatically generated summary.)"
    ],
    "editors": [],
    "translators": [],
    "subjects": [
      "Atomic bomb -- New Mexico -- Testing",
      "Nuclear weapons -- Testing",
      "Radioactive fallout -- New Mexico"
    ],
    "bookshelves": [
      "Category: History - American",
      "Category: History - Modern (1750+)",
      "Category: History - Warfare",
      "World War II"
    ],
    "languages": [
      "en"
    ],
    "copyright": false,
    "media_type": "Text",
    "formats": {
      "text/html": "https://www.gutenberg.org/ebooks/548.html.images",
      "application/epub+zip": "https://www.gutenberg.org/ebooks/548.epub3.images",
      "application/x-mobipocket-ebook": "https://www.gutenberg.org/ebooks/548.kf8.images",
      "text/plain; charset=us-ascii": "https://www.gutenberg.org/ebooks/548.txt.utf-8",
      "application/rdf+xml": "https://www.gutenberg.org/ebooks/548.rdf",
      "image/jpeg": "https://www.gutenberg.org/cache/epub/548/pg548.cover.medium.jpg",
      "application/octet-stream": "https://www.gutenberg.org/cache/epub/548/pg548-h.zip"
    },
    "download_count": 430
  }
}