{
  "average_entropy_rate": 0.18986743514312854,
  "entropy_rate": [
    0.0,
    0.0,
    0.0,
    0.0,
    0.4823536447961015,
    0.0,
    0.0,
    0.6209730205340873,
    0.0,
    0.0,
    0.0,
    0.0,
    0.0,
    0.0,
    0.0,
    0.0,
    0.3772600895686624,
    0.0,
    0.0,
    0.0,
    0.0,
    0.4986202774782373,
    0.5445057712051783,
    0.0,
    0.0,
    0.5381283390394087,
    0.0,
    0.5244238140553901,
    0.5477900427649617,
    0.0,
    0.0,
    0.0,
    0.5319596894612101,
    0.0,
    0.4660141195959373,
    0.0,
    0.5205861097123725,
    0.5301659403077806,
    0.5062266936503547,
    0.5481001272292422,
    0.5474571614693462
  ],
  "estimated_posterior_probability": 56.00189971923828,
  "input": "./smaller_in/Guten_index1439.txt",
  "prevalence_assumed": 0.5,
  "process_length": 80000,
  "gutenberg": {
    "id": 1439,
    "title": "Dreams",
    "authors": [
      {
        "name": "Schreiner, Olive",
        "birth_year": 1855,
        "death_year": 1920
      }
    ],
    "summaries": [
      "\"Dreams\" by Olive Schreiner is a collection of eleven short stories published in 1890. Set in the African landscape, these allegorical tales explore profound themes through dream sequences. The collection's most notable story follows a woman's journey through three fragmented dreams, depicting the struggles between Man and Woman, the quest for Freedom guided by figures like Truth and Reason, and visions of a harmonious future. Through symbolic characters and metaphorical crossings, Schreiner examines gender expectations, male dominance, and the difficult path toward equality and freedom. (This is an automatically generated summary.)"
    ],
    "editors": [],
    "translators": [],
    "subjects": [
      "Dreams",
      "Women -- Fiction"
    ],
    "bookshelves": [
      "Category: British Literature",
      "Category: Poetry"
    ],
    "languages": [
      "en"
    ],
    "copyright": false,
    "media_type": "Text",
    "formats": {
      "text/html": "https://www.gutenberg.org/ebooks/1439.html.images",
      "application/epub+zip": "https://www.gutenberg.org/ebooks/1439.epub3.images",
      "application/x-mobipocket-ebook": "https://www.gutenberg.org/ebooks/1439.kf8.images",
      "text/plain; charset=us-ascii": "https://www.gutenberg.org/ebooks/1439.txt.utf-8",
      "application/rdf+xml": "https://www.gutenberg.org/ebooks/1439.rdf",
      "image/jpeg": "https://www.gutenberg.org/cache/epub/1439/pg1439.cover.medium.jpg",
      "application/octet-stream": "https://www.gutenberg.org/cache/epub/1439/pg1439-h.zip"
    },
    "download_count": 761
  }
}