{
  "average_entropy_rate": 0.0,
  "entropy_rate": [
    0.0,
    0.0,
    0.0,
    0.0,
    0.0,
    0.0,
    0.0,
    0.0,
    0.0,
    0.0,
    0.0,
    0.0,
    0.0,
    0.0,
    0.0,
    0.0,
    0.0,
    0.0,
    0.0,
    0.0,
    0.0,
    0.0,
    0.0,
    0.0,
    0.0,
    0.0,
    0.0,
    0.0,
    0.0,
    0.0,
    0.0,
    0.0,
    0.0,
    0.0,
    0.0,
    0.0,
    0.0,
    0.0,
    0.0,
    0.0,
    0.0
  ],
  "estimated_posterior_probability": 50.0,
  "input": "./smaller_in/Guten_index3156.txt",
  "prevalence_assumed": 0.5,
  "process_length": 80000,
  "gutenberg": {
    "id": 3156,
    "title": "Andrea Delfin",
    "authors": [
      {
        "name": "Heyse, Paul",
        "birth_year": 1830,
        "death_year": 1914
      }
    ],
    "summaries": [
      "\"Andrea Delfin\" by Paul Heyse is a novella likely written during the mid-19th century. Set in 18th-century Venice, the story follows Andrea Delfin, a weary legal clerk from Brescia, as he navigates personal and political intrigues while seeking refuge in the home of widow Giovanna Danieli. The narrative teeters on the brink of romance and suspense, as characters reveal their secrets amid the oppressive atmosphere of the Venetian authorities.  At the start of the novella, we meet Signora Giovanna, who sits at the foot of her staircase, awaiting visitors, having recently lost her husband. One evening, she opens the door to Andrea Delfin, a mysterious man seeking lodging. As they converse, it becomes evident that Andrea is not merely a clerk but possibly harboring deeper motives, hinted at through his weary demeanor and cryptic discussions about the local political climate. Meanwhile, Giovanna's spirited daughter, Marietta, adds a layer of youthful innocence and curiosity. Their interactions reveal tensions within the oppressive Venetian society, marked by whispers of political danger, and hint at Andrea's own past and clandestine ambitions. (This is an automatically generated summary.)"
    ],
    "editors": [],
    "translators": [
      {
        "name": "Olesch, Gunther",
        "birth_year": null,
        "death_year": null
      }
    ],
    "subjects": [
      "Venice (Italy) -- Fiction"
    ],
    "bookshelves": [
      "Category: Historical Novels",
      "Category: Novels",
      "Nobel Prizes in Literature"
    ],
    "languages": [
      "en"
    ],
    "copyright": true,
    "media_type": "Text",
    "formats": {
      "text/html": "https://www.gutenberg.org/ebooks/3156.html.images",
      "application/epub+zip": "https://www.gutenberg.org/ebooks/3156.epub3.images",
      "application/x-mobipocket-ebook": "https://www.gutenberg.org/ebooks/3156.kf8.images",
      "text/plain; charset=us-ascii": "https://www.gutenberg.org/ebooks/3156.txt.utf-8",
      "application/rdf+xml": "https://www.gutenberg.org/ebooks/3156.rdf",
      "image/jpeg": "https://www.gutenberg.org/cache/epub/3156/pg3156.cover.medium.jpg",
      "application/octet-stream": "https://www.gutenberg.org/files/3156/3156.zip"
    },
    "download_count": 194
  }
}