{
  "average_entropy_rate": 0.05759432024161263,
  "entropy_rate": [
    0.0,
    0.0,
    0.0,
    0.0,
    0.0,
    0.0,
    0.0,
    0.0,
    0.29136526336652885,
    0.0,
    0.0,
    0.0,
    0.0,
    0.0,
    0.0,
    0.0,
    0.0,
    0.0,
    0.0,
    0.0,
    0.0,
    0.0,
    0.0,
    0.0,
    0.0,
    0.0,
    0.0,
    0.0,
    0.0,
    0.0,
    0.0,
    0.6922640269477364,
    0.0,
    0.6277378395918527,
    0.0,
    0.0,
    0.0,
    0.0,
    0.0,
    0.0,
    0.75
  ],
  "estimated_posterior_probability": 51.62623977661133,
  "input": "./smaller_in/Guten_index3297.txt",
  "prevalence_assumed": 0.5,
  "process_length": 80000,
  "gutenberg": {
    "id": 3297,
    "title": "Schnock: ein niederländisches Gemälde",
    "authors": [
      {
        "name": "Hebbel, Friedrich",
        "birth_year": 1813,
        "death_year": 1863
      }
    ],
    "summaries": [
      "\"Schnock: ein niederländisches Gemälde\" by Friedrich Hebbel is a humorous tale written in 1836–37. The story follows a traveling narrator who meets Schnock, a timid carpenter who has just captured an escaped thief. Despite his large, strong build, Schnock is fearful and dominated by those around him. As he recounts his life story, a portrait emerges of a man constantly pressured into decisions against his nature—forced into his father's trade and a troublesome marriage that leaves him struggling to assert himself. (This is an automatically generated summary.)"
    ],
    "editors": [],
    "translators": [],
    "subjects": [
      "Germany -- Social life and customs -- 19th century -- Fiction",
      "Germany, Northern -- Fiction"
    ],
    "bookshelves": [
      "Category: German Literature",
      "Category: Humour",
      "Category: Novels",
      "DE Prosa"
    ],
    "languages": [
      "de"
    ],
    "copyright": false,
    "media_type": "Text",
    "formats": {
      "text/html": "https://www.gutenberg.org/ebooks/3297.html.images",
      "application/epub+zip": "https://www.gutenberg.org/ebooks/3297.epub3.images",
      "application/x-mobipocket-ebook": "https://www.gutenberg.org/ebooks/3297.kf8.images",
      "text/plain; charset=us-ascii": "https://www.gutenberg.org/ebooks/3297.txt.utf-8",
      "application/rdf+xml": "https://www.gutenberg.org/ebooks/3297.rdf",
      "image/jpeg": "https://www.gutenberg.org/cache/epub/3297/pg3297.cover.medium.jpg",
      "application/octet-stream": "https://www.gutenberg.org/files/3297/3297-8.zip"
    },
    "download_count": 194
  }
}