{
  "average_entropy_rate": 0.37178651164801946,
  "entropy_rate": [
    0.0,
    1.0499779433457521,
    0.0,
    0.7673183342310564,
    0.0,
    0.7403410596031,
    0.0,
    0.0,
    0.0,
    0.0,
    0.0,
    0.7403410596031,
    0.0,
    0.7403410596031,
    0.0,
    0.0,
    0.0,
    0.0,
    0.0,
    0.0,
    0.0,
    1.0712043873823693,
    0.0,
    0.0,
    1.0499779433457521,
    0.7403410596031,
    0.0,
    0.7403410596031,
    0.0,
    0.0,
    0.0,
    0.0,
    1.0499779433457521,
    0.8320319286842778,
    0.7403410596031,
    0.7403410596031,
    0.7403410596031,
    1.0499779433457521,
    0.7403410596031,
    0.9693699578570821,
    0.7403410596031
  ],
  "estimated_posterior_probability": 64.08277893066406,
  "input": "./smaller_in/Guten_index3387.txt",
  "prevalence_assumed": 0.5,
  "process_length": 80000,
  "gutenberg": {
    "id": 3387,
    "title": "Confessions of a Summer Colonist (from Literature and Life)",
    "authors": [
      {
        "name": "Howells, William Dean",
        "birth_year": 1837,
        "death_year": 1920
      }
    ],
    "summaries": [
      "\"Confessions of a Summer Colonist (from Literature and Life)\" by William Dean Howells is a reflective essay written in the late 19th century that explores the lives of summer vacationers in a quaint coastal colony in New England. The book offers insights into the dynamics between the affluent summer residents and the local inhabitants, highlighting themes of informality, social interactions, and the ephemeral nature of summer life. It captures a nostalgic view of a summer season, emphasizing the uniqueness and transience of this lifestyle.  In this essay, the narrator recounts their experiences during a summer spent in a charming coastal colony, vividly describing the cottagers' informal gatherings, their connection to nature, and interactions with the local community. The narrative reveals the simplicity and beauty of summer life, including the rustic cottages, communal suppers, and local amusements, while also noting the inevitable return of the summer residents to their urban lives. Howells paints a picture of a vibrant yet fragile community, where the joy of the season is tinged with a sense of loss as autumn approaches and the cottagers prepare to depart. Through the lens of the individual's reflections, the book captures both the charm and the melancholic nature of summer colonization. (This is an automatically generated summary.)"
    ],
    "editors": [],
    "translators": [],
    "subjects": [
      "Atlantic Coast (U.S.) -- Description and travel"
    ],
    "bookshelves": [
      "Category: American Literature",
      "Category: Essays, Letters & Speeches"
    ],
    "languages": [
      "en"
    ],
    "copyright": false,
    "media_type": "Text",
    "formats": {
      "text/html": "https://www.gutenberg.org/ebooks/3387.html.images",
      "application/epub+zip": "https://www.gutenberg.org/ebooks/3387.epub3.images",
      "application/x-mobipocket-ebook": "https://www.gutenberg.org/ebooks/3387.kf8.images",
      "text/plain; charset=us-ascii": "https://www.gutenberg.org/ebooks/3387.txt.utf-8",
      "application/rdf+xml": "https://www.gutenberg.org/ebooks/3387.rdf",
      "image/jpeg": "https://www.gutenberg.org/cache/epub/3387/pg3387.cover.medium.jpg",
      "application/octet-stream": "https://www.gutenberg.org/files/3387/3387.zip"
    },
    "download_count": 246
  }
}