{
  "average_entropy_rate": 0.19379089433130078,
  "entropy_rate": [
    0.0,
    0.0,
    0.0,
    0.0,
    0.0,
    0.0,
    0.7239261867838769,
    0.0,
    0.4829896190827138,
    0.0,
    0.0,
    0.0,
    0.0,
    0.0,
    0.0,
    0.7567505182711571,
    0.0,
    0.0,
    0.0,
    0.0,
    0.0,
    0.0,
    0.0,
    0.0,
    0.0,
    0.0,
    0.7772925835907813,
    0.7583924541988042,
    0.0,
    0.0,
    0.0,
    0.7099760383928669,
    0.0,
    0.0,
    0.7416715864538158,
    0.0,
    0.6902454394295287,
    0.7262358703162587,
    0.7786312034285583,
    0.0,
    0.7993151676349709
  ],
  "estimated_posterior_probability": 56.14618682861328,
  "input": "./smaller_in/Guten_index1973.txt",
  "prevalence_assumed": 0.5,
  "process_length": 80000,
  "gutenberg": {
    "id": 1973,
    "title": "Tales of Troy: Ulysses, the Sacker of Cities",
    "authors": [
      {
        "name": "Lang, Andrew",
        "birth_year": 1844,
        "death_year": 1912
      }
    ],
    "summaries": [
      "\"Tales of Troy: Ulysses, the Sacker of Cities\" by Andrew Lang is a retelling of the classic tales surrounding the Trojan War, written in the early 20th century. This narrative delves into the legendary exploits of Ulysses—who is also known as Odysseus—and touches upon themes of heroism, cunning, and the tumultuous events that lead to the famous siege of Troy. The book explores the intricate relationships among key figures, including Ulysses, Achilles, and Hector, set against the backdrop of one of mythology's most enduring sagas.  At the start of this retelling, the origins of Ulysses are introduced, detailing his upbringing in the island kingdom of Ithaca under King Laertes. The narrative paints a vivid picture of life in ancient Greece, depicting the lifestyle, the customs of warfare, and the societal structure of the time. Ulysses emerges as both clever and courageous, learning to become a skilled warrior despite his modest beginnings. The section furthermore introduces his marriage to Penelope and the rising tensions that lead to the infamous abduction of Helen, setting the stage for the conflict between the Greeks and Trojans that defines the core of the Trojan War. (This is an automatically generated summary.)"
    ],
    "editors": [],
    "translators": [],
    "subjects": [
      "Mythology, Greek -- Juvenile literature",
      "Trojan War -- Juvenile literature"
    ],
    "bookshelves": [
      "Category: Historical Novels",
      "Category: Mythology, Legends & Folklore"
    ],
    "languages": [
      "en"
    ],
    "copyright": false,
    "media_type": "Text",
    "formats": {
      "text/html": "https://www.gutenberg.org/ebooks/1973.html.images",
      "application/epub+zip": "https://www.gutenberg.org/ebooks/1973.epub3.images",
      "application/x-mobipocket-ebook": "https://www.gutenberg.org/ebooks/1973.kf8.images",
      "text/plain; charset=us-ascii": "https://www.gutenberg.org/ebooks/1973.txt.utf-8",
      "application/rdf+xml": "https://www.gutenberg.org/ebooks/1973.rdf",
      "image/jpeg": "https://www.gutenberg.org/cache/epub/1973/pg1973.cover.medium.jpg",
      "application/octet-stream": "https://www.gutenberg.org/cache/epub/1973/pg1973-h.zip"
    },
    "download_count": 299
  }
}