{
  "average_entropy_rate": 0.2995047344561715,
  "entropy_rate": [
    0.5884843546000568,
    0.0,
    0.0,
    0.7411861641303336,
    0.0,
    0.5680253008870053,
    0.0,
    0.6092870607119184,
    0.6367662429072265,
    0.0,
    0.0,
    0.0,
    0.0,
    0.5562514923307111,
    0.0,
    0.0,
    0.6708899310240117,
    0.0,
    0.0,
    0.0,
    0.0,
    0.6350846686479407,
    0.7617901722117149,
    0.0,
    0.0,
    0.0,
    0.6575922635603069,
    0.0,
    0.0,
    0.0,
    0.0,
    0.0,
    0.7914632925263212,
    0.5849924856020771,
    0.6707969431836448,
    0.6632095544232528,
    0.6315402218265036,
    0.5770787550990387,
    0.6142380382903471,
    0.6585429557972095,
    0.6624742149434105
  ],
  "estimated_posterior_probability": 60.51411437988281,
  "input": "./smaller_in/Guten_index2434.txt",
  "prevalence_assumed": 0.5,
  "process_length": 80000,
  "gutenberg": {
    "id": 2434,
    "title": "New Atlantis",
    "authors": [
      {
        "name": "Bacon, Francis",
        "birth_year": 1561,
        "death_year": 1626
      }
    ],
    "summaries": [
      "\"New Atlantis\" by Francis Bacon is a utopian novel published posthumously in 1626. A European crew loses their way in the Pacific and discovers Bensalem, a mythical island where Christian piety meets scientific ambition. At its heart stands Salomon's House, a state-sponsored research institution dedicated to understanding nature's secrets and expanding human knowledge. Through encounters with the island's chaste, enlightened inhabitants, the visitors glimpse Bacon's vision for humanity's future—a society where systematic inquiry and moral virtue combine to achieve \"the effecting of all things possible.\" (This is an automatically generated summary.)"
    ],
    "editors": [],
    "translators": [],
    "subjects": [
      "Utopias -- Early works to 1800"
    ],
    "bookshelves": [
      "Category: Classics of Literature",
      "Category: Novels",
      "Category: Science-Fiction & Fantasy",
      "Harvard Classics"
    ],
    "languages": [
      "en"
    ],
    "copyright": false,
    "media_type": "Text",
    "formats": {
      "text/html": "https://www.gutenberg.org/ebooks/2434.html.images",
      "application/epub+zip": "https://www.gutenberg.org/ebooks/2434.epub3.images",
      "application/x-mobipocket-ebook": "https://www.gutenberg.org/ebooks/2434.kf8.images",
      "text/plain; charset=us-ascii": "https://www.gutenberg.org/ebooks/2434.txt.utf-8",
      "application/rdf+xml": "https://www.gutenberg.org/ebooks/2434.rdf",
      "image/jpeg": "https://www.gutenberg.org/cache/epub/2434/pg2434.cover.medium.jpg",
      "application/octet-stream": "https://www.gutenberg.org/files/2434/2434-h.zip"
    },
    "download_count": 2626
  }
}