{
  "average_entropy_rate": 0.3681033517494273,
  "entropy_rate": [
    0.0,
    0.0,
    0.0,
    0.0,
    0.7550074009709428,
    0.8313978907997533,
    0.7596118958869786,
    0.0,
    0.0,
    0.6919553785529006,
    0.0,
    0.0,
    0.0,
    0.0,
    0.0,
    0.0,
    0.0,
    0.0,
    0.0,
    0.0,
    0.0,
    0.0,
    0.0,
    1.0454728135361002,
    0.7682585572014037,
    0.8912713726404508,
    0.0,
    0.0,
    0.0,
    0.981064419515597,
    0.0,
    0.7689546045314691,
    0.7247190888086015,
    0.75272143179351,
    0.8044797375974025,
    0.9632415135232486,
    1.0538311926180477,
    0.8386394152489032,
    0.7652465292358018,
    0.93313955319152,
    0.7632246260738895
  ],
  "estimated_posterior_probability": 63.88520050048828,
  "input": "./smaller_in/Guten_index791.txt",
  "prevalence_assumed": 0.5,
  "process_length": 80000,
  "gutenberg": {
    "id": 791,
    "title": "The Princess",
    "authors": [
      {
        "name": "Tennyson, Alfred Tennyson, Baron",
        "birth_year": 1809,
        "death_year": 1892
      }
    ],
    "summaries": [
      "\"The Princess\" by Baron Alfred Tennyson Tennyson is a serio-comic blank verse narrative poem published in 1847. A princess forswears men and establishes a women's university where males are forbidden. Her betrothed prince and two friends disguise themselves as women to infiltrate the institution and win her back. When their identities are exposed, a battle ensues, leading to unexpected consequences. This pioneering work explores women's education and equality during the early stages of the women's rights movement, blending romance with social commentary. (This is an automatically generated summary.)"
    ],
    "editors": [],
    "translators": [],
    "subjects": [
      "English poetry -- 19th century"
    ],
    "bookshelves": [
      "Category: British Literature",
      "Category: Poetry"
    ],
    "languages": [
      "en"
    ],
    "copyright": false,
    "media_type": "Text",
    "formats": {
      "text/html": "https://www.gutenberg.org/ebooks/791.html.images",
      "text/html; charset=iso-8859-1": "https://www.gutenberg.org/files/791/791-h/791-h.htm",
      "application/epub+zip": "https://www.gutenberg.org/ebooks/791.epub3.images",
      "application/x-mobipocket-ebook": "https://www.gutenberg.org/ebooks/791.kf8.images",
      "text/plain; charset=us-ascii": "https://www.gutenberg.org/ebooks/791.txt.utf-8",
      "text/plain; charset=iso-8859-1": "https://www.gutenberg.org/files/791/791-8.txt",
      "application/rdf+xml": "https://www.gutenberg.org/ebooks/791.rdf",
      "image/jpeg": "https://www.gutenberg.org/cache/epub/791/pg791.cover.medium.jpg",
      "application/octet-stream": "https://www.gutenberg.org/cache/epub/791/pg791-h.zip"
    },
    "download_count": 1616
  }
}