{
  "average_entropy_rate": 0.3326432079819921,
  "entropy_rate": [
    0.0,
    0.7686045116331246,
    0.0,
    0.0,
    0.0,
    0.0,
    0.7628896148583058,
    0.0,
    0.0,
    0.0,
    0.0,
    0.7448275430241076,
    1.070341204272988,
    0.0,
    0.0,
    0.0,
    0.0,
    0.0,
    0.0,
    1.0409705393465438,
    0.0,
    0.0,
    0.7609940145273634,
    0.0,
    0.0,
    0.0,
    0.0,
    0.8416890126995065,
    0.0,
    0.765136338731655,
    0.763897834232098,
    0.0,
    0.0,
    0.0,
    0.7637785506204838,
    0.9885713348489451,
    1.0658967999773958,
    0.9996144845415105,
    0.7601577352193547,
    0.7683682764294387,
    0.7726337322988542
  ],
  "estimated_posterior_probability": 62.08319854736328,
  "input": "./smaller_in/Guten_index1940.txt",
  "prevalence_assumed": 0.5,
  "process_length": 80000,
  "gutenberg": {
    "id": 1940,
    "title": "Christ in Flanders",
    "authors": [
      {
        "name": "Balzac, Honoré de",
        "birth_year": 1799,
        "death_year": 1850
      }
    ],
    "summaries": [
      "\"Christ in Flanders\" by Honoré de Balzac is a short story published in 1831. A mysterious stranger boards a ferry crossing from Cadzand to Ostend, finding welcome only among poor passengers while the wealthy scorn him. When a violent storm threatens to capsize the boat, the stranger's true identity becomes miraculously clear. Years later, a narrator visits a convent built on the site and experiences a haunting vision that challenges his understanding of faith. (This is an automatically generated summary.)"
    ],
    "editors": [],
    "translators": [
      {
        "name": "Marriage, Ellen",
        "birth_year": 1865,
        "death_year": 1946
      }
    ],
    "subjects": [
      "French fiction -- Translations into English"
    ],
    "bookshelves": [
      "Category: French Literature",
      "Category: Mythology, Legends & Folklore",
      "Category: Novels",
      "Category: Religion/Spirituality"
    ],
    "languages": [
      "en"
    ],
    "copyright": false,
    "media_type": "Text",
    "formats": {
      "text/html": "https://www.gutenberg.org/ebooks/1940.html.images",
      "text/html; charset=us-ascii": "https://www.gutenberg.org/files/1940/1940-h/1940-h.htm",
      "application/epub+zip": "https://www.gutenberg.org/ebooks/1940.epub3.images",
      "application/x-mobipocket-ebook": "https://www.gutenberg.org/ebooks/1940.kf8.images",
      "text/plain; charset=us-ascii": "https://www.gutenberg.org/ebooks/1940.txt.utf-8",
      "application/rdf+xml": "https://www.gutenberg.org/ebooks/1940.rdf",
      "image/jpeg": "https://www.gutenberg.org/cache/epub/1940/pg1940.cover.medium.jpg",
      "application/octet-stream": "https://www.gutenberg.org/cache/epub/1940/pg1940-h.zip"
    },
    "download_count": 416
  }
}