{
  "average_entropy_rate": 0.14024390243902435,
  "entropy_rate": [
    0.8999999999999996,
    0.75,
    0.75,
    0.0,
    0.0,
    0.0,
    0.0,
    0.0,
    0.0,
    0.0,
    0.0,
    0.4499999999999998,
    0.0,
    0.0,
    0.0,
    0.0,
    0.0,
    0.0,
    0.0,
    0.0,
    0.0,
    0.0,
    0.0,
    0.0,
    0.0,
    0.0,
    0.0,
    0.0,
    0.0,
    0.0,
    0.0,
    0.0,
    0.8999999999999996,
    0.75,
    0.75,
    0.0,
    0.0,
    0.0,
    0.49999999999999994,
    0.0,
    0.0
  ],
  "estimated_posterior_probability": 54.24067306518555,
  "input": "./smaller_in/Guten_index4661.txt",
  "prevalence_assumed": 0.5,
  "process_length": 80000,
  "gutenberg": {
    "id": 4661,
    "title": "Madame Aubin",
    "authors": [
      {
        "name": "Verlaine, Paul",
        "birth_year": 1844,
        "death_year": 1896
      }
    ],
    "summaries": [
      "\"Madame Aubin\" by Paul Verlaine is a one-act play written in the late 19th century, showcasing the complexities of love, fidelity, and societal expectations. The narrative revolves around a married woman, Madame Marie Aubin, who grapples with her feelings for another man, Peltier, while caught in a web of romantic tension and moral conflict regarding her husband, Aubin. The play captures the emotional turmoil and societal pressures of its time, reflecting the constraints placed upon women and their roles in relationships.  In this dramatic interplay, Marie is torn between her love for Peltier and her loyalty to her husband, Aubin. Initially swept away by Peltier's charm, she experiences a crisis of conscience, prompting her to reconsider their clandestine escape. As tensions rise, Aubin unexpectedly confronts Peltier, leading to a duel that serves as a climax of their conflict. Ultimately, after Aubin is wounded, he forgives both Marie and Peltier, revealing the societal duplicity surrounding love and honor. The play ends with a sense of resolution, as Aubin reassures Marie of their future together, highlighting themes of redemption and the frailty of human desires. (This is an automatically generated summary.)"
    ],
    "editors": [],
    "translators": [
      {
        "name": "Morlock, Frank J.",
        "birth_year": null,
        "death_year": null
      }
    ],
    "subjects": [
      "French drama -- 19th century -- Translations into English"
    ],
    "bookshelves": [
      "Category: French Literature",
      "Category: Plays/Films/Dramas"
    ],
    "languages": [
      "en"
    ],
    "copyright": true,
    "media_type": "Text",
    "formats": {
      "text/html": "https://www.gutenberg.org/ebooks/4661.html.images",
      "application/epub+zip": "https://www.gutenberg.org/ebooks/4661.epub3.images",
      "application/x-mobipocket-ebook": "https://www.gutenberg.org/ebooks/4661.kf8.images",
      "text/plain; charset=us-ascii": "https://www.gutenberg.org/ebooks/4661.txt.utf-8",
      "application/rdf+xml": "https://www.gutenberg.org/ebooks/4661.rdf",
      "image/jpeg": "https://www.gutenberg.org/cache/epub/4661/pg4661.cover.medium.jpg",
      "application/octet-stream": "https://www.gutenberg.org/files/4661/4661.zip"
    },
    "download_count": 161
  }
}