{
  "average_entropy_rate": 0.1598908834784244,
  "entropy_rate": [
    0.4999999988278763,
    0.7199999981246027,
    0.0,
    0.9528195311147838,
    0.9528195311147838,
    0.0,
    0.0,
    0.0,
    0.0,
    0.0,
    0.0,
    0.0,
    0.0,
    0.0,
    0.0,
    0.0,
    0.0,
    0.0,
    0.0,
    0.0,
    0.0,
    0.0,
    0.0,
    0.0,
    0.0,
    0.0,
    0.0,
    0.0,
    0.0,
    0.0,
    0.0,
    0.0,
    0.9528195311147838,
    0.5714285700890014,
    0.9528195311147838,
    0.9528195311147838,
    0.0,
    0.0,
    0.0,
    0.0,
    0.0
  ],
  "estimated_posterior_probability": 54.920692443847656,
  "input": "./smaller_in/Guten_index825.txt",
  "prevalence_assumed": 0.5,
  "process_length": 80000,
  "gutenberg": {
    "id": 825,
    "title": "Latin Vulgate, Bible Book Titles and Names",
    "authors": [
      {
        "name": "Anonymous",
        "birth_year": null,
        "death_year": null
      }
    ],
    "summaries": [
      "\"Latin Vulgate, Bible Book Titles and Names\" by Anonymous is a reference list documenting the structure of the Latin Vulgate Bible. This work catalogs the 76 books of the Clementine Vulgate edition, comparing their Latin names and numbering systems with English translations like the Douay-Rheims and King James versions. The list addresses variations in book organization, psalm numbering, and apocryphal divisions that often confuse modern readers, while also documenting how different Vulgate editions arrange their contents differently. (This is an automatically generated summary.)"
    ],
    "editors": [],
    "translators": [],
    "subjects": [
      "Bible"
    ],
    "bookshelves": [
      "Category: Encyclopedias/Dictionaries/Reference",
      "Category: Religion/Spirituality",
      "Christianity"
    ],
    "languages": [
      "la"
    ],
    "copyright": false,
    "media_type": "Text",
    "formats": {
      "text/html": "https://www.gutenberg.org/ebooks/825.html.images",
      "application/epub+zip": "https://www.gutenberg.org/ebooks/825.epub3.images",
      "application/x-mobipocket-ebook": "https://www.gutenberg.org/ebooks/825.kf8.images",
      "text/plain; charset=us-ascii": "https://www.gutenberg.org/ebooks/825.txt.utf-8",
      "application/rdf+xml": "https://www.gutenberg.org/ebooks/825.rdf",
      "image/jpeg": "https://www.gutenberg.org/cache/epub/825/pg825.cover.medium.jpg",
      "application/octet-stream": "https://www.gutenberg.org/cache/epub/825/pg825-h.zip"
    },
    "download_count": 497
  }
}