{
  "average_entropy_rate": 0.3606520307886365,
  "entropy_rate": [
    0.0,
    0.0,
    0.7560585389956237,
    0.0,
    0.0,
    0.886038628475328,
    0.0,
    0.0,
    0.9626231418317267,
    0.0,
    0.0,
    0.0,
    0.0,
    0.8618957276208367,
    0.6805696794905506,
    0.0,
    0.7450846257015379,
    0.0,
    0.0,
    0.0,
    0.0,
    0.7592880953792788,
    0.8467185394363649,
    0.0,
    0.0,
    0.7705297342396099,
    0.0,
    0.0,
    0.0,
    0.0,
    0.0,
    0.0,
    0.8175472253602902,
    0.964941153350162,
    0.8063916626492499,
    0.8230087819677822,
    0.7890616210812434,
    0.9753618765120831,
    0.815122514525518,
    0.7692290960270312,
    0.7572626196898767
  ],
  "estimated_posterior_probability": 63.49481201171875,
  "input": "./smaller_in/Guten_index1780.txt",
  "prevalence_assumed": 0.5,
  "process_length": 80000,
  "gutenberg": {
    "id": 1780,
    "title": "King Henry IV, Part 1",
    "authors": [
      {
        "name": "Shakespeare, William",
        "birth_year": 1564,
        "death_year": 1616
      }
    ],
    "summaries": [
      "\"King Henry IV, Part 1\" by William Shakespeare is a history play written no later than 1597. The play depicts King Henry IV's struggle against a dangerous rebellion led by the Percy family, while his son Prince Hal wastes time in taverns with the disreputable Sir John Falstaff. As nobles plot to overthrow the king, Hal must choose between his reckless lifestyle and his royal duty. The conflicts converge at the Battle of Shrewsbury, where loyalty, honor, and the kingdom's future hang in the balance. (This is an automatically generated summary.)"
    ],
    "editors": [],
    "translators": [],
    "subjects": [
      "Great Britain -- History -- Henry IV, 1399-1413 -- Drama",
      "Henry IV, King of England, 1367-1413 -- Drama",
      "Historical drama"
    ],
    "bookshelves": [
      "Category: British Literature",
      "Category: Classics of Literature",
      "Category: History - British",
      "Category: Plays/Films/Dramas"
    ],
    "languages": [
      "en"
    ],
    "copyright": false,
    "media_type": "Text",
    "formats": {
      "text/html": "https://www.gutenberg.org/ebooks/1780.html.images",
      "application/epub+zip": "https://www.gutenberg.org/ebooks/1780.epub3.images",
      "application/x-mobipocket-ebook": "https://www.gutenberg.org/ebooks/1780.kf8.images",
      "text/plain; charset=us-ascii": "https://www.gutenberg.org/ebooks/1780.txt.utf-8",
      "application/rdf+xml": "https://www.gutenberg.org/ebooks/1780.rdf",
      "image/jpeg": "https://www.gutenberg.org/cache/epub/1780/pg1780.cover.medium.jpg",
      "application/octet-stream": "https://www.gutenberg.org/cache/epub/1780/pg1780-h.zip"
    },
    "download_count": 238
  }
}