{
  "average_entropy_rate": 0.24322723096896845,
  "entropy_rate": [
    0.0,
    0.0,
    0.813076403239738,
    0.0,
    0.0,
    0.0,
    0.6693666330012118,
    0.0,
    0.5354436042199778,
    0.0,
    0.0,
    0.6850238122438765,
    0.0,
    0.0,
    0.495632129787945,
    0.0,
    0.0,
    0.0,
    0.0,
    0.0,
    0.0,
    0.0,
    0.0,
    0.0,
    0.6183955681352213,
    0.0,
    0.0,
    0.6396919102219142,
    0.0,
    0.0,
    0.7385125184354214,
    0.0,
    0.0,
    0.8022564348485967,
    0.0,
    0.6939069701662398,
    0.7516305803473532,
    0.7653095004935389,
    0.41381682945431153,
    0.6187214123628658,
    0.731532162769494
  ],
  "estimated_posterior_probability": 58.07879638671875,
  "input": "./smaller_in/Guten_index962.txt",
  "prevalence_assumed": 0.5,
  "process_length": 80000,
  "gutenberg": {
    "id": 962,
    "title": "The Poems of Henry Kendall: With Biographical Note by Bertram Stevens",
    "authors": [
      {
        "name": "Kendall, Henry",
        "birth_year": 1839,
        "death_year": 1882
      }
    ],
    "summaries": [
      "\"The Poems of Henry Kendall\" by Henry Kendall is a collection of poetry written during the late 19th century, highlighting the life, scenery, and experiences of Australia. The anthology encompasses works drawn from Kendall's three published volumes as well as previously unpublished poems, showcasing the evolution of his writing and his influence on Australian literature.  The beginning of this collection provides insight into Kendall's profound connection to the Australian landscape and the emotional depth of his reflections. It includes a range of themes, from the beauty of nature to the complexities of love and loss, as demonstrated in poems such as \"The Muse of Australia\" and \"Mountains.\" Through vivid imagery and emotive language, Kendall captures the essence of his surroundings and personal experiences, establishing himself as a notable figure in Australian poetry. The opening portion sets the tone for the rest of the collection, inviting readers to explore not only the landscape of Australia but also the emotional landscapes of the human heart. (This is an automatically generated summary.)"
    ],
    "editors": [],
    "translators": [],
    "subjects": [
      "Australian poetry",
      "Kendall, Henry, 1839-1882"
    ],
    "bookshelves": [
      "Category: Poetry"
    ],
    "languages": [
      "en"
    ],
    "copyright": false,
    "media_type": "Text",
    "formats": {
      "text/html": "https://www.gutenberg.org/ebooks/962.html.images",
      "text/html; charset=us-ascii": "https://www.gutenberg.org/files/962/962-h/962-h.htm",
      "application/epub+zip": "https://www.gutenberg.org/ebooks/962.epub3.images",
      "application/x-mobipocket-ebook": "https://www.gutenberg.org/ebooks/962.kf8.images",
      "text/plain; charset=us-ascii": "https://www.gutenberg.org/ebooks/962.txt.utf-8",
      "application/rdf+xml": "https://www.gutenberg.org/ebooks/962.rdf",
      "image/jpeg": "https://www.gutenberg.org/cache/epub/962/pg962.cover.medium.jpg",
      "application/octet-stream": "https://www.gutenberg.org/cache/epub/962/pg962-h.zip"
    },
    "download_count": 1302
  }
}