{
  "average_entropy_rate": 0.08300023949115846,
  "entropy_rate": [
    0.0,
    0.0,
    0.36817655050454184,
    0.0,
    0.0,
    0.0,
    0.0,
    0.0,
    0.0,
    0.0,
    0.0,
    0.0,
    0.0,
    0.0,
    0.5238684717402087,
    0.0,
    0.0,
    0.0,
    0.0,
    0.4245731296709148,
    0.0,
    0.0,
    0.0,
    0.0,
    0.0,
    0.0,
    0.0,
    0.0,
    0.42836699748426293,
    0.0,
    0.0,
    0.0,
    0.4513739974502261,
    0.0,
    0.0,
    0.49767249521264795,
    0.0,
    0.0,
    0.4371959554748966,
    0.0,
    0.27178222159979815
  ],
  "estimated_posterior_probability": 52.39216613769531,
  "input": "./smaller_in/Guten_index2320.txt",
  "prevalence_assumed": 0.5,
  "process_length": 80000,
  "gutenberg": {
    "id": 2320,
    "title": "Novelle",
    "authors": [
      {
        "name": "Goethe, Johann Wolfgang von",
        "birth_year": 1749,
        "death_year": 1832
      }
    ],
    "summaries": [
      "\"Novelle\" by Johann Wolfgang von Goethe is a prose narrative published in 1828. When a prince departs for a hunt, his young wife embarks on a ride to the ancestral castle with her escort. Their peaceful excursion takes an alarming turn when fire breaks out in the town and an escaped tiger threatens the princess. As danger escalates with a lion on the loose, the tale builds toward an unexpected resolution that transforms violence into harmony through music and compassion. (This is an automatically generated summary.)"
    ],
    "editors": [],
    "translators": [],
    "subjects": [
      "Nobility -- Fiction"
    ],
    "bookshelves": [
      "Category: German Literature",
      "Category: Novels",
      "DE Prosa"
    ],
    "languages": [
      "de"
    ],
    "copyright": false,
    "media_type": "Text",
    "formats": {
      "text/html": "https://www.gutenberg.org/ebooks/2320.html.images",
      "application/epub+zip": "https://www.gutenberg.org/ebooks/2320.epub3.images",
      "application/x-mobipocket-ebook": "https://www.gutenberg.org/ebooks/2320.kf8.images",
      "text/plain; charset=us-ascii": "https://www.gutenberg.org/ebooks/2320.txt.utf-8",
      "application/rdf+xml": "https://www.gutenberg.org/ebooks/2320.rdf",
      "image/jpeg": "https://www.gutenberg.org/cache/epub/2320/pg2320.cover.medium.jpg",
      "application/octet-stream": "https://www.gutenberg.org/cache/epub/2320/pg2320-h.zip"
    },
    "download_count": 248
  }
}