{
  "average_entropy_rate": 0.05025490869388713,
  "entropy_rate": [
    0.47548875148831715,
    0.7924812524805278,
    0.0,
    0.0,
    0.0,
    0.0,
    0.0,
    0.0,
    0.0,
    0.0,
    0.0,
    0.0,
    0.0,
    0.0,
    0.0,
    0.0,
    0.0,
    0.0,
    0.0,
    0.0,
    0.0,
    0.0,
    0.0,
    0.0,
    0.0,
    0.0,
    0.0,
    0.0,
    0.0,
    0.0,
    0.0,
    0.0,
    0.7924812524805278,
    0.0,
    0.0,
    0.0,
    0.0,
    0.0,
    0.0,
    0.0,
    0.0
  ],
  "estimated_posterior_probability": 51.40968704223633,
  "input": "./smaller_in/Guten_index1525.txt",
  "prevalence_assumed": 0.5,
  "process_length": 80000,
  "gutenberg": {
    "id": 1525,
    "title": "The Phoenix and the Turtle",
    "authors": [
      {
        "name": "Shakespeare, William",
        "birth_year": 1564,
        "death_year": 1616
      }
    ],
    "summaries": [
      "\"The Phoenix and the Turtle\" by William Shakespeare is an allegorical poem published in 1601. This enigmatic 67-line work describes a funeral for two birds—the mythological phoenix and the mortal turtle dove—whose perfect, transcendent love defied all logic. Invited mourners gather to lament lovers who achieved complete unity, leaving no heirs. The poem explores truth, beauty, and ideal devotion through mysterious symbolism that has sparked countless conflicting interpretations about its meaning and possible historical inspirations. (This is an automatically generated summary.)"
    ],
    "editors": [],
    "translators": [],
    "subjects": [
      "Poetry"
    ],
    "bookshelves": [
      "Category: British Literature",
      "Category: Poetry"
    ],
    "languages": [
      "en"
    ],
    "copyright": false,
    "media_type": "Text",
    "formats": {
      "text/html": "https://www.gutenberg.org/ebooks/1525.html.images",
      "application/epub+zip": "https://www.gutenberg.org/ebooks/1525.epub3.images",
      "application/x-mobipocket-ebook": "https://www.gutenberg.org/ebooks/1525.kf8.images",
      "text/plain; charset=us-ascii": "https://www.gutenberg.org/ebooks/1525.txt.utf-8",
      "application/rdf+xml": "https://www.gutenberg.org/ebooks/1525.rdf",
      "image/jpeg": "https://www.gutenberg.org/cache/epub/1525/pg1525.cover.medium.jpg",
      "application/octet-stream": "https://www.gutenberg.org/cache/epub/1525/pg1525-h.zip"
    },
    "download_count": 362
  }
}