{
  "average_entropy_rate": 0.33234126866169006,
  "entropy_rate": [
    0.0,
    0.7010407009995244,
    0.0,
    0.0,
    0.0,
    0.7056128624303849,
    0.0,
    0.0,
    0.7010407009995244,
    0.0,
    0.0,
    0.7010407009995244,
    0.0,
    0.0,
    0.0,
    0.0,
    0.0,
    0.7010407009995244,
    0.0,
    0.0,
    0.7010407009995244,
    0.0,
    0.0,
    0.0,
    0.0,
    0.0,
    0.8481377773724647,
    0.0,
    0.0,
    0.0,
    1.0199406806830131,
    1.0199406806830131,
    0.0,
    0.8568156186654672,
    0.7010407009995244,
    0.7010407009995244,
    0.7010407009995244,
    0.7010407009995244,
    1.0199406806830131,
    0.9337229096720029,
    0.9125144959442119
  ],
  "estimated_posterior_probability": 62.06830596923828,
  "input": "./smaller_in/Guten_index2002.txt",
  "prevalence_assumed": 0.5,
  "process_length": 80000,
  "gutenberg": {
    "id": 2002,
    "title": "Sonnets from the Portuguese",
    "authors": [
      {
        "name": "Browning, Elizabeth Barrett",
        "birth_year": 1806,
        "death_year": 1861
      }
    ],
    "summaries": [
      "\"Sonnets from the Portuguese\" by Elizabeth Barrett Browning is a collection of 44 love sonnets written around 1845–1846 and published in 1850. Despite the title, these deeply personal poems are Browning's own work, not translations. The collection includes some of the most famous lines in English poetry, particularly Sonnet 43's opening: \"How do I love thee? Let me count the ways.\" Initially hesitant to share such intimate verses, Browning published them under a misleading title to preserve privacy, creating an enduring masterpiece of romantic poetry. (This is an automatically generated summary.)"
    ],
    "editors": [],
    "translators": [],
    "subjects": [
      "Love poetry, English",
      "Sonnets, English"
    ],
    "bookshelves": [
      "Category: British Literature",
      "Category: Poetry",
      "Category: Romance"
    ],
    "languages": [
      "en"
    ],
    "copyright": false,
    "media_type": "Text",
    "formats": {
      "text/html": "https://www.gutenberg.org/ebooks/2002.html.images",
      "text/html; charset=us-ascii": "https://www.gutenberg.org/files/2002/2002-h/2002-h.htm",
      "application/epub+zip": "https://www.gutenberg.org/ebooks/2002.epub3.images",
      "application/x-mobipocket-ebook": "https://www.gutenberg.org/ebooks/2002.kf8.images",
      "text/plain; charset=us-ascii": "https://www.gutenberg.org/ebooks/2002.txt.utf-8",
      "text/plain; charset=utf-8": "https://www.gutenberg.org/files/2002/2002-0.txt",
      "application/rdf+xml": "https://www.gutenberg.org/ebooks/2002.rdf",
      "image/jpeg": "https://www.gutenberg.org/cache/epub/2002/pg2002.cover.medium.jpg",
      "application/octet-stream": "https://www.gutenberg.org/cache/epub/2002/pg2002-h.zip"
    },
    "download_count": 3803
  }
}