{
  "average_entropy_rate": 0.36939107872104265,
  "entropy_rate": [
    0.0,
    0.0,
    0.0,
    0.7168048154166037,
    0.0,
    0.0,
    0.0,
    0.9569778100716161,
    0.6560012813156438,
    0.7039979166245539,
    0.0,
    0.0,
    0.7417612172675868,
    0.0,
    0.0,
    0.0,
    0.0,
    0.0,
    0.0,
    0.0,
    0.0,
    0.925613412184752,
    0.0,
    0.8664640459467532,
    0.0,
    0.9256602667289899,
    0.9561168299251734,
    0.0,
    0.6970549345377857,
    0.6505278488494938,
    0.9330176783174543,
    0.0,
    0.8319526105835727,
    0.0,
    0.920625089133893,
    0.8622743242580531,
    0.0,
    0.920625089133893,
    0.0,
    0.9969316507758508,
    0.8826274064910798
  ],
  "estimated_posterior_probability": 63.95355987548828,
  "input": "data/human/Gutenberg//Guten_index1916.txt",
  "prevalence_assumed": 0.5,
  "process_length": 80000,
  "gutenberg": {
    "id": 1916,
    "title": "The Great Stone Face, and Other Tales of the White Mountains",
    "authors": [
      {
        "name": "Hawthorne, Nathaniel",
        "birth_year": 1804,
        "death_year": 1864
      }
    ],
    "summaries": [
      "\"The Great Stone Face, and Other Tales of the White Mountains\" by Nathaniel Hawthorne is a collection of fictional tales likely written in the late 19th century. This work revolves around themes of nature's majesty and human aspirations, with a focus on the iconic Great Stone Face in New Hampshire, which serves as a symbol of nobility and virtue. The collection explores various characters shaped by their surroundings and their quests for greatness, with the main character, Ernest, representing hope and the longing for a moral ideal linked to the Great Stone Face.  At the start of the book, the opening story introduces a mother and her young son, Ernest, who are captivated by the Great Stone Face, a rock formation that resembles a human visage. As they discuss an old prophecy that foretells the emergence of a noble man bearing a likeness to the Great Stone Face, Ernest's admiration grows. The story then follows Ernest as he grows up with the visage as a guiding presence, infusing his life with noble ideals. As rumors swirl about various wealthy or powerful figures returning to the valley, each claiming connections to the prophecy, Ernest remains steadfast in his hope that the true great man will appear. However, as he observes the characters aspiring to fulfill this prophecy, including the greedy merchant Gathergold, he grapples with the realization that true greatness may take forms that are unrecognized by others, challenging the expectations and beliefs of those around him. (This is an automatically generated summary.)"
    ],
    "editors": [],
    "translators": [],
    "subjects": [
      "Historical fiction, American",
      "Old Man of the Mountain (N.H.) -- Fiction",
      "Short stories",
      "White Mountains (N.H. and Me.) -- Fiction"
    ],
    "bookshelves": [
      "Category: American Literature",
      "Category: Short Stories"
    ],
    "languages": [
      "en"
    ],
    "copyright": false,
    "media_type": "Text",
    "formats": {
      "text/html": "https://www.gutenberg.org/ebooks/1916.html.images",
      "text/html; charset=utf-8": "https://www.gutenberg.org/files/1916/1916-h/1916-h.htm",
      "application/epub+zip": "https://www.gutenberg.org/ebooks/1916.epub3.images",
      "application/x-mobipocket-ebook": "https://www.gutenberg.org/ebooks/1916.kf8.images",
      "text/plain; charset=us-ascii": "https://www.gutenberg.org/ebooks/1916.txt.utf-8",
      "text/plain; charset=utf-8": "https://www.gutenberg.org/files/1916/1916-0.txt",
      "application/rdf+xml": "https://www.gutenberg.org/ebooks/1916.rdf",
      "image/jpeg": "https://www.gutenberg.org/cache/epub/1916/pg1916.cover.medium.jpg",
      "application/octet-stream": "https://www.gutenberg.org/cache/epub/1916/pg1916-h.zip"
    },
    "download_count": 1242
  }
}