{
  "average_entropy_rate": 0.4041932396589171,
  "entropy_rate": [
    1.0518550053842697,
    0.8074802396019153,
    0.0,
    0.0,
    0.0,
    0.0,
    0.0,
    0.0,
    0.0,
    0.0,
    0.0,
    0.0,
    0.0,
    0.0,
    0.0,
    0.9747026042781951,
    1.0736034806590924,
    0.0,
    0.0,
    0.0,
    0.0,
    0.0,
    0.0,
    0.0,
    0.0,
    0.0,
    0.7787159815515897,
    0.7787159815515897,
    0.7787159815515897,
    0.7787159815515897,
    0.7787159815515897,
    0.7787159815515897,
    1.083578747810922,
    0.958882784527275,
    0.9747026042781951,
    1.0812415624082525,
    0.7787159815515897,
    0.7787159815515897,
    0.7787159815515897,
    0.7787159815515897,
    0.7787159815515897
  ],
  "estimated_posterior_probability": 65.87060546875,
  "input": "./smaller_in/Guten_index771.txt",
  "prevalence_assumed": 0.5,
  "process_length": 80000,
  "gutenberg": {
    "id": 771,
    "title": "Biographical Notes on the Pseudonymous Bells",
    "authors": [
      {
        "name": "Brontë, Charlotte",
        "birth_year": 1816,
        "death_year": 1855
      }
    ],
    "summaries": [
      "\"Biographical Notes on the Pseudonymous Bells\" by Charlotte Brontë is a biographical account written in the mid-19th century, likely during the Victorian era. This work serves to clarify the authorship of the novels published under the pseudonyms Ellis and Acton Bell—specifically \"Wuthering Heights\" and \"Agnes Grey\"—and to shed light on the Brontë sisters’ shared literary ambitions.   In the text, Charlotte Brontë recounts the journey of her and her sisters, Emily and Anne, as they navigated the challenges of publishing under male pseudonyms in a society that often viewed female authors with skepticism. She details their collective efforts to write and publish their works, including the obstacles they faced in gaining recognition for their unique and powerful writing. The narrative is deeply personal, reflecting on the lives and personalities of her sisters, revealing the passion and struggles behind their literary pursuits, while ultimately paying tribute to their contributions as Brontë's legacy has remained enduringly significant in literature. (This is an automatically generated summary.)"
    ],
    "editors": [],
    "translators": [],
    "subjects": [
      "Authors, English -- 19th century -- Biography",
      "Brontë family",
      "Brontë, Anne, 1820-1849",
      "Brontë, Emily, 1818-1848"
    ],
    "bookshelves": [
      "Biographies",
      "Category: Biographies",
      "Category: British Literature"
    ],
    "languages": [
      "en"
    ],
    "copyright": false,
    "media_type": "Text",
    "formats": {
      "text/html": "https://www.gutenberg.org/ebooks/771.html.images",
      "application/epub+zip": "https://www.gutenberg.org/ebooks/771.epub3.images",
      "application/x-mobipocket-ebook": "https://www.gutenberg.org/ebooks/771.kf8.images",
      "text/plain; charset=us-ascii": "https://www.gutenberg.org/ebooks/771.txt.utf-8",
      "text/plain; charset=utf-8": "https://www.gutenberg.org/files/771/771-0.txt",
      "application/rdf+xml": "https://www.gutenberg.org/ebooks/771.rdf",
      "image/jpeg": "https://www.gutenberg.org/cache/epub/771/pg771.cover.medium.jpg",
      "application/octet-stream": "https://www.gutenberg.org/cache/epub/771/pg771-h.zip"
    },
    "download_count": 631
  }
}