{
  "average_entropy_rate": 0.0678593493118179,
  "entropy_rate": [
    0.0,
    0.20820078933080527,
    0.0,
    0.0,
    0.0,
    0.0,
    0.0,
    0.0,
    0.0,
    0.0,
    0.0,
    0.0,
    0.0,
    0.0,
    0.0,
    0.0,
    0.75,
    0.0,
    0.0,
    0.0,
    0.0,
    0.0,
    0.0,
    0.0,
    0.0,
    0.0,
    0.0,
    0.0,
    0.0,
    0.0,
    0.0,
    0.6854752914347021,
    0.4208195953016759,
    0.0,
    0.0,
    0.717737645717351,
    0.0,
    0.0,
    0.0,
    0.0,
    0.0
  ],
  "estimated_posterior_probability": 51.931983947753906,
  "input": "./smaller_in/Guten_index2321.txt",
  "prevalence_assumed": 0.5,
  "process_length": 80000,
  "gutenberg": {
    "id": 2321,
    "title": "Götz von Berlichingen mit der eisernen Hand: Ein Schauspiel",
    "authors": [
      {
        "name": "Goethe, Johann Wolfgang von",
        "birth_year": 1749,
        "death_year": 1832
      }
    ],
    "summaries": [
      "\"Götz von Berlichingen mit der eisernen Hand: Ein Schauspiel\" by Johann Wolfgang von Goethe is a drama first printed in 1773. Set in medieval Germany, it follows the rebellious knight Götz von Berlichingen as he battles corrupt nobility and an encroaching modern state. Betrayed by his friend Weislingen, besieged by imperial forces, and reluctantly drawn into a peasant uprising, Götz fights for personal freedom and loyalty in a changing world. This Sturm und Drang masterpiece broke theatrical conventions, spanning fifty locations and multiple parallel storylines to create an epic portrait of defiance. (This is an automatically generated summary.)"
    ],
    "editors": [],
    "translators": [],
    "subjects": [
      "Berlichingen, Götz von, 1480-1562 -- Drama"
    ],
    "bookshelves": [
      "Category: German Literature",
      "Category: Plays/Films/Dramas",
      "DE Drama"
    ],
    "languages": [
      "de"
    ],
    "copyright": false,
    "media_type": "Text",
    "formats": {
      "text/html": "https://www.gutenberg.org/ebooks/2321.html.images",
      "application/epub+zip": "https://www.gutenberg.org/ebooks/2321.epub3.images",
      "application/x-mobipocket-ebook": "https://www.gutenberg.org/ebooks/2321.kf8.images",
      "text/plain; charset=us-ascii": "https://www.gutenberg.org/ebooks/2321.txt.utf-8",
      "application/rdf+xml": "https://www.gutenberg.org/ebooks/2321.rdf",
      "image/jpeg": "https://www.gutenberg.org/cache/epub/2321/pg2321.cover.medium.jpg",
      "application/octet-stream": "https://www.gutenberg.org/cache/epub/2321/pg2321-h.zip"
    },
    "download_count": 246
  }
}