{
  "average_entropy_rate": 0.3856473977289684,
  "entropy_rate": [
    0.0,
    0.8647008242020217,
    0.0,
    0.0,
    0.0,
    0.7630280140460154,
    1.0026076994522097,
    0.0,
    0.0,
    0.8607037701608692,
    0.8630476906270225,
    0.0,
    0.0,
    0.0,
    0.0,
    0.0,
    0.0,
    0.0,
    0.0,
    0.0,
    0.0,
    0.0,
    0.8773892317192653,
    0.0,
    0.0,
    0.8597006363638432,
    0.0,
    0.0,
    0.8651668064137295,
    0.0,
    0.9162172666110523,
    0.0,
    0.8634692085682938,
    0.8846960005328681,
    0.8597006363638429,
    0.8586157479424135,
    0.9816190778497655,
    0.8784603125697088,
    0.8723062623341203,
    0.8795619249545548,
    0.8605521961761061
  ],
  "estimated_posterior_probability": 64.83089447021484,
  "input": "./smaller_in/Guten_index3191.txt",
  "prevalence_assumed": 0.5,
  "process_length": 80000,
  "gutenberg": {
    "id": 3191,
    "title": "Goldsmith's Friend Abroad Again",
    "authors": [
      {
        "name": "Twain, Mark",
        "birth_year": 1835,
        "death_year": 1910
      }
    ],
    "summaries": [
      "\"Goldsmith's Friend Abroad Again\" by Mark Twain is a satirical narrative that can be classified as a collection of letters written during the late 19th century. This work captures the experiences of a Chinese immigrant, Ah Song Hi, as he travels to America—a land he believes to be filled with opportunity and freedom. However, through his letters, Twain critiques the harsh realities and discrimination faced by Chinese immigrants in America.  In this collection, Ah Song Hi recounts his journey from China to San Francisco, filled with hope for a better life. Upon arrival, however, he faces a series of humiliations and injustices, including mistreatment by authorities and the general populace. His dreams of equality are shattered as he experiences prejudice and violence simply because of his nationality. From being wrongfully arrested to the stark reality of being treated like a second-class citizen, Twain uses Ah Song Hi's experiences to highlight the disparity between the ideal of America as a refuge for the oppressed and the troubling reality that immigrants, especially those from Asia, faced in their pursuit of the American Dream. Through humor and irony, the narrative presents a poignant critique of American society and its treatment of marginalized individuals. (This is an automatically generated summary.)"
    ],
    "editors": [],
    "translators": [],
    "subjects": [
      "Imaginary letters",
      "Satire",
      "United States -- Fiction"
    ],
    "bookshelves": [
      "Category: American Literature",
      "Category: Essays, Letters & Speeches",
      "Category: Humour"
    ],
    "languages": [
      "en"
    ],
    "copyright": false,
    "media_type": "Text",
    "formats": {
      "text/html": "https://www.gutenberg.org/ebooks/3191.html.images",
      "application/epub+zip": "https://www.gutenberg.org/ebooks/3191.epub3.images",
      "application/x-mobipocket-ebook": "https://www.gutenberg.org/ebooks/3191.kf8.images",
      "text/plain; charset=us-ascii": "https://www.gutenberg.org/ebooks/3191.txt.utf-8",
      "application/rdf+xml": "https://www.gutenberg.org/ebooks/3191.rdf",
      "image/jpeg": "https://www.gutenberg.org/cache/epub/3191/pg3191.cover.medium.jpg",
      "application/octet-stream": "https://www.gutenberg.org/files/3191/3191-0.zip"
    },
    "download_count": 312
  }
}