{
  "average_entropy_rate": 0.27845895002906385,
  "entropy_rate": [
    0.576575396208145,
    0.6237372269788646,
    0.6510493844868622,
    0.6432631875391567,
    0.7049875032034766,
    0.5045858428780305,
    0.0,
    0.0,
    0.0,
    0.0,
    0.0,
    0.0,
    0.0,
    0.5501830818414584,
    0.0,
    0.0,
    0.0,
    0.0,
    0.0,
    0.6420298315460109,
    0.0,
    0.0,
    0.5591288518335317,
    0.0,
    0.0,
    0.0,
    0.0,
    0.0,
    0.5803456731192651,
    0.0,
    0.0,
    0.0,
    0.5502638293424926,
    0.590218706497998,
    0.5796737403738226,
    0.6413885889504853,
    0.5573651086863942,
    0.5522188081268495,
    0.6566881383890524,
    0.631296950605897,
    0.6218171005838244
  ],
  "estimated_posterior_probability": 59.5740852355957,
  "input": "./smaller_in/Guten_index4532.txt",
  "prevalence_assumed": 0.5,
  "process_length": 80000,
  "gutenberg": {
    "id": 4532,
    "title": "Tom Swift and His Photo Telephone or the Picture That Saved a Fortune",
    "authors": [
      {
        "name": "Appleton, Victor",
        "birth_year": null,
        "death_year": null
      }
    ],
    "summaries": [
      "\"Tom Swift and His Photo Telephone or the Picture That Saved a Fortune\" by Appleton is a novel from the original Tom Swift series. When Tom develops a revolutionary photo telephone against his father's doubts, he faces threats from con-artist Shallock Peters, who wants control of Tom's inventions. As financial troubles plague his friend Mr. Damon, a stolen airship and mysterious disappearance complicate matters. Can Tom perfect his invention in time to save a fortune? (This is an automatically generated summary.)"
    ],
    "editors": [],
    "translators": [],
    "subjects": [
      "Adventure and adventurers -- Juvenile fiction",
      "Swift, Tom (Fictitious character) -- Juvenile fiction",
      "Video telephone -- Juvenile fiction"
    ],
    "bookshelves": [
      "Category: Adventure",
      "Category: American Literature",
      "Category: Novels",
      "Category: Science-Fiction & Fantasy",
      "Children's Book Series"
    ],
    "languages": [
      "en"
    ],
    "copyright": false,
    "media_type": "Text",
    "formats": {
      "text/html": "https://www.gutenberg.org/ebooks/4532.html.images",
      "application/epub+zip": "https://www.gutenberg.org/ebooks/4532.epub3.images",
      "application/x-mobipocket-ebook": "https://www.gutenberg.org/ebooks/4532.kf8.images",
      "text/plain; charset=us-ascii": "https://www.gutenberg.org/ebooks/4532.txt.utf-8",
      "application/rdf+xml": "https://www.gutenberg.org/ebooks/4532.rdf",
      "image/jpeg": "https://www.gutenberg.org/cache/epub/4532/pg4532.cover.medium.jpg",
      "application/octet-stream": "https://www.gutenberg.org/files/4532/4532-h.zip"
    },
    "download_count": 297
  }
}