{
  "average_entropy_rate": 0.09115716361926024,
  "entropy_rate": [
    0.0,
    0.0,
    0.0,
    0.0,
    0.0,
    0.5871314241662714,
    0.0,
    0.0,
    0.0,
    0.6970613594171257,
    0.0,
    0.0,
    0.4119695593318454,
    0.0,
    0.0,
    0.0,
    0.0,
    0.0,
    0.0,
    0.0,
    0.0,
    0.0,
    0.0,
    0.0,
    0.0,
    0.0,
    0.0,
    0.0,
    0.0,
    0.0,
    0.0,
    0.0,
    0.6845029532497849,
    0.7627803812986421,
    0.0,
    0.5939980309259999,
    0.0,
    0.0,
    0.0,
    0.0,
    0.0
  ],
  "estimated_posterior_probability": 52.6444091796875,
  "input": "./smaller_in/Guten_index4080.txt",
  "prevalence_assumed": 0.5,
  "process_length": 80000,
  "gutenberg": {
    "id": 4080,
    "title": "Gyges und sein Ring",
    "authors": [
      {
        "name": "Hebbel, Friedrich",
        "birth_year": 1813,
        "death_year": 1863
      }
    ],
    "summaries": [
      "\"Gyges und sein Ring\" by Friedrich Hebbel is a tragedy written in 1854. At the court of King Kandaules, the Greek Gyges possesses a magical ring that grants invisibility. When Kandaules persuades Gyges to use it to secretly view the veiled Queen Rhodope, the violation triggers devastating consequences. Rhodope demands blood atonement for her dishonor, forcing a deadly choice between the king and his friend. This blank verse drama explores honor, shame, and the irreversible nature of transgression in a tale drawn from ancient Greek mythology. (This is an automatically generated summary.)"
    ],
    "editors": [],
    "translators": [],
    "subjects": [
      "Gyges, King of Lydia, -approximately 648 B.C. -- Drama"
    ],
    "bookshelves": [
      "Category: German Literature",
      "Category: Mythology, Legends & Folklore",
      "Category: Plays/Films/Dramas",
      "DE Drama"
    ],
    "languages": [
      "de"
    ],
    "copyright": false,
    "media_type": "Text",
    "formats": {
      "text/html": "https://www.gutenberg.org/ebooks/4080.html.images",
      "application/epub+zip": "https://www.gutenberg.org/ebooks/4080.epub3.images",
      "application/x-mobipocket-ebook": "https://www.gutenberg.org/ebooks/4080.kf8.images",
      "text/plain; charset=us-ascii": "https://www.gutenberg.org/ebooks/4080.txt.utf-8",
      "application/rdf+xml": "https://www.gutenberg.org/ebooks/4080.rdf",
      "image/jpeg": "https://www.gutenberg.org/cache/epub/4080/pg4080.cover.medium.jpg",
      "application/octet-stream": "https://www.gutenberg.org/files/4080/4080-0.zip"
    },
    "download_count": 237
  }
}