{
  "average_entropy_rate": 0.0891402926835068,
  "entropy_rate": [
    0.6500706781612553,
    0.0,
    0.4471852640396107,
    0.0,
    0.0,
    0.0,
    0.0,
    0.0,
    0.0,
    0.0,
    0.0,
    0.0,
    0.0,
    0.0,
    0.0,
    0.0,
    0.0,
    0.0,
    0.0,
    0.0,
    0.0,
    0.0,
    0.0,
    0.0,
    0.0,
    0.0,
    0.0,
    0.0,
    0.0,
    0.0,
    0.49261405615055953,
    0.49261405615055953,
    0.6053664881171023,
    0.4742874012541324,
    0.0,
    0.0,
    0.0,
    0.0,
    0.0,
    0.49261405615055953,
    0.0
  ],
  "estimated_posterior_probability": 52.580440521240234,
  "input": "./smaller_in/Guten_index278.txt",
  "prevalence_assumed": 0.5,
  "process_length": 80000,
  "gutenberg": {
    "id": 278,
    "title": "Trinity Site: 1945-1995.: A National Historic Landmark, White Sands Missile Range, New Mexico",
    "authors": [
      {
        "name": "White Sands Missile Range (N.M.). Public Affairs Office",
        "birth_year": null,
        "death_year": null
      }
    ],
    "summaries": [
      "\"Trinity Site: 1945-1995\" by White Sands Missile Range Public Affairs Office is a historical account that documents the significance of the Trinity Site, where the first atomic bomb was detonated in 1945. Written during the late 20th century, this publication provides insights into the events surrounding the Manhattan Project and the subsequent developments at the White Sands Missile Range. It serves as a reflection on the impact of nuclear technology on human history and the environment, particularly focusing on the site itself and its designation as a National Historic Landmark.  The book details the origins of the atomic bomb, starting with the Manhattan Project, and goes on to describe the scientific and logistical preparations for the Trinity test. It chronicles significant milestones, including the construction of the bomb, the assembly process at the McDonald ranch house, and the actual test, which took place on July 16, 1945. Through a combination of factual reporting and firsthand accounts, the narrative highlights the awe-inspiring yet terrifying moment of the explosion, the immediate aftermath, and the long-term implications of nuclear weaponry. It not only provides technical details but also offers a human perspective, recounting the experiences of those involved in the historic event. (This is an automatically generated summary.)"
    ],
    "editors": [],
    "translators": [],
    "subjects": [
      "Atomic bomb -- New Mexico -- Los Alamos -- Testing -- History",
      "Manhattan Project (U.S.)"
    ],
    "bookshelves": [
      "Category: History - American",
      "Category: History - Modern (1750+)",
      "Category: History - Warfare",
      "World War II"
    ],
    "languages": [
      "en"
    ],
    "copyright": false,
    "media_type": "Text",
    "formats": {
      "text/html": "https://www.gutenberg.org/ebooks/278.html.images",
      "text/html; charset=iso-8859-1": "https://www.gutenberg.org/files/278/278-h/278-h.htm",
      "application/epub+zip": "https://www.gutenberg.org/ebooks/278.epub3.images",
      "application/x-mobipocket-ebook": "https://www.gutenberg.org/ebooks/278.kf8.images",
      "text/plain; charset=us-ascii": "https://www.gutenberg.org/ebooks/278.txt.utf-8",
      "application/rdf+xml": "https://www.gutenberg.org/ebooks/278.rdf",
      "image/jpeg": "https://www.gutenberg.org/cache/epub/278/pg278.cover.medium.jpg",
      "application/octet-stream": "https://www.gutenberg.org/cache/epub/278/pg278-h.zip"
    },
    "download_count": 404
  }
}