{
  "average_entropy_rate": 0.3034236386958433,
  "entropy_rate": [
    0.44671365095257615,
    0.7719217445295784,
    0.0,
    0.0,
    0.8105999350087347,
    0.0,
    0.0,
    0.0,
    0.0,
    0.8067177816937134,
    0.0,
    0.0,
    0.0,
    0.8430283069474575,
    0.0,
    0.7970208630417646,
    0.0,
    0.0,
    0.7660952384282704,
    0.0,
    0.0,
    0.0,
    0.0,
    0.0,
    0.8140050365715396,
    0.0,
    0.0,
    0.0,
    0.0,
    0.0,
    0.0,
    0.0,
    0.6485791521002949,
    0.8109660210097077,
    0.7841829076596869,
    0.8195882889113715,
    0.8112781244591329,
    0.8197547082749302,
    0.849328368099399,
    0.0,
    0.8405890588414181
  ],
  "estimated_posterior_probability": 60.695709228515625,
  "input": "./smaller_in/Guten_index2337.txt",
  "prevalence_assumed": 0.5,
  "process_length": 80000,
  "gutenberg": {
    "id": 2337,
    "title": "Wilhelm Meisters Lehrjahre — Band 3",
    "authors": [
      {
        "name": "Goethe, Johann Wolfgang von",
        "birth_year": 1749,
        "death_year": 1832
      }
    ],
    "summaries": [
      "\"Wilhelm Meisters Lehrjahre — Band 3\" by Johann Wolfgang von Goethe is a classical Bildungsroman published in 1795/96. This third volume continues Wilhelm's journey as he abandons the theater world and finds connection with a society seeking social change, inspired by the United States. The narrative weaves together diverse lives—from the mysterious harpist and devoted Mignon to the noble Natalie and members of the Tower Society—as Wilhelm pursues his true calling beyond the stage. (This is an automatically generated summary.)"
    ],
    "editors": [],
    "translators": [],
    "subjects": [
      "Bildungsromans",
      "Theater, Traveling -- Fiction"
    ],
    "bookshelves": [
      "Category: German Literature",
      "Category: Novels",
      "DE Prosa",
      "Opera"
    ],
    "languages": [
      "de"
    ],
    "copyright": false,
    "media_type": "Text",
    "formats": {
      "text/html": "https://www.gutenberg.org/ebooks/2337.html.images",
      "application/epub+zip": "https://www.gutenberg.org/ebooks/2337.epub3.images",
      "application/x-mobipocket-ebook": "https://www.gutenberg.org/ebooks/2337.kf8.images",
      "text/plain; charset=us-ascii": "https://www.gutenberg.org/ebooks/2337.txt.utf-8",
      "application/rdf+xml": "https://www.gutenberg.org/ebooks/2337.rdf",
      "image/jpeg": "https://www.gutenberg.org/cache/epub/2337/pg2337.cover.medium.jpg",
      "application/octet-stream": "https://www.gutenberg.org/cache/epub/2337/pg2337-h.zip"
    },
    "download_count": 246
  }
}