{
  "average_entropy_rate": 0.3888066035416496,
  "entropy_rate": [
    0.0,
    0.0,
    0.0,
    0.9509123654481736,
    0.0,
    0.975098990567026,
    0.9445364955161221,
    0.0,
    0.0,
    0.0,
    0.6744300714208283,
    0.0,
    0.0,
    0.0,
    0.0,
    0.0,
    0.0,
    0.9575956448350463,
    0.0,
    0.0,
    0.9580905328763017,
    0.0,
    0.9823483167729703,
    0.0,
    0.0,
    0.946372131344594,
    0.0,
    0.0,
    0.9391403403879547,
    0.0,
    0.0,
    0.0,
    0.9545264917260637,
    1.068501462031186,
    0.9442412310654468,
    0.8156332903664268,
    0.9472147579273524,
    0.9637961356324174,
    0.9507476062838663,
    0.9678848810058563,
    0.0
  ],
  "estimated_posterior_probability": 65.00260162353516,
  "input": "./smaller_in/Guten_index1773.txt",
  "prevalence_assumed": 0.5,
  "process_length": 80000,
  "gutenberg": {
    "id": 1773,
    "title": "The Two Gentlemen of Verona",
    "authors": [
      {
        "name": "Shakespeare, William",
        "birth_year": 1564,
        "death_year": 1616
      }
    ],
    "summaries": [
      "\"Two Gentlemen of Verona\" by William Shakespeare is a comedy likely written in the late 16th century. It centers on themes of friendship, love, and betrayal, primarily focusing on two young men, Valentine and Proteus, and their complicated relationships with their loves, Silvia and Julia. The play explores the dynamics of loyalty and romance amidst the trials and adventures faced by the characters.  At the start of the play, we are introduced to Valentine and Proteus, two close friends who are about to embark on different paths. Valentine is set to travel to Milan, hoping to find fortune and success, while Proteus is hesitant about leaving the comforts of home, being deeply in love with Julia. Their banter reveals their contrasting perspectives on love and adventure. Meanwhile, Julia exhibits her own affection for Proteus but keeps it hidden from him initially. The opening scenes efficiently set the stage for the ensuing drama, highlighting the interplay of love, ambition, and the bonds of friendship that will unfold throughout the narrative. (This is an automatically generated summary.)"
    ],
    "editors": [],
    "translators": [],
    "subjects": [
      "Comedy plays",
      "Exiles -- Drama",
      "Triangles (Interpersonal relations) -- Drama",
      "Verona (Italy) -- Drama"
    ],
    "bookshelves": [
      "Category: British Literature",
      "Category: Classics of Literature",
      "Category: Plays/Films/Dramas"
    ],
    "languages": [
      "en"
    ],
    "copyright": false,
    "media_type": "Text",
    "formats": {
      "text/html": "https://www.gutenberg.org/ebooks/1773.html.images",
      "application/epub+zip": "https://www.gutenberg.org/ebooks/1773.epub3.images",
      "application/x-mobipocket-ebook": "https://www.gutenberg.org/ebooks/1773.kf8.images",
      "text/plain; charset=us-ascii": "https://www.gutenberg.org/ebooks/1773.txt.utf-8",
      "application/rdf+xml": "https://www.gutenberg.org/ebooks/1773.rdf",
      "image/jpeg": "https://www.gutenberg.org/cache/epub/1773/pg1773.cover.medium.jpg",
      "application/octet-stream": "https://www.gutenberg.org/cache/epub/1773/pg1773-h.zip"
    },
    "download_count": 209
  }
}