{
  "average_entropy_rate": 0.26325419494110636,
  "entropy_rate": [
    0.0,
    0.0,
    0.0,
    0.0,
    0.0,
    0.5459465450530175,
    0.0,
    0.0,
    0.0,
    0.8349732892081372,
    0.0,
    0.8409591147339376,
    0.0,
    0.0,
    0.0,
    1.0573151822091351,
    0.0,
    0.0,
    0.8874418335046299,
    0.0,
    0.0,
    0.9757450696210206,
    0.0,
    0.0,
    0.0,
    0.0,
    0.0,
    0.0,
    0.0,
    0.0,
    0.0,
    0.0,
    0.7789583456079793,
    0.9547825379024603,
    0.0,
    0.9399806308244497,
    1.0408520939668378,
    0.9822817778587712,
    0.0,
    0.9541855720949831,
    0.0
  ],
  "estimated_posterior_probability": 58.91695022583008,
  "input": "./smaller_in/Guten_index275.txt",
  "prevalence_assumed": 0.5,
  "process_length": 80000,
  "gutenberg": {
    "id": 275,
    "title": "The Augsburg Confession: The confession of faith, which was submitted to His Imperial Majesty Charles V at the diet of Augsburg in the year 1530",
    "authors": [
      {
        "name": "Melanchthon, Philipp",
        "birth_year": 1497,
        "death_year": 1560
      }
    ],
    "summaries": [
      "\"The Augsburg Confession\" by Philipp Melanchthon is a confession of faith presented in 1530. Written in both German and Latin, this foundational document of the Lutheran Church was presented at the Diet of Augsburg to Emperor Charles V, who sought to restore religious unity in the Holy Roman Empire. The confession contains twenty-eight articles outlining Lutheran beliefs and addressing perceived abuses in the Catholic Church. Its public reading marked a defining moment in the Protestant Reformation, establishing the theological principles that would shape Lutheran Christianity. (This is an automatically generated summary.)"
    ],
    "editors": [],
    "translators": [],
    "subjects": [
      "Lutheran Church -- Doctrines",
      "Theology, Doctrinal"
    ],
    "bookshelves": [
      "Category: History - Early Modern (c. 1450-1750)",
      "Category: History - Religious",
      "Category: Philosophy & Ethics",
      "Category: Religion/Spirituality"
    ],
    "languages": [
      "en"
    ],
    "copyright": false,
    "media_type": "Text",
    "formats": {
      "text/html": "https://www.gutenberg.org/ebooks/275.html.images",
      "text/html; charset=us-ascii": "https://www.gutenberg.org/files/275/275-h/275-h.htm",
      "application/epub+zip": "https://www.gutenberg.org/ebooks/275.epub3.images",
      "application/x-mobipocket-ebook": "https://www.gutenberg.org/ebooks/275.kf8.images",
      "text/plain; charset=us-ascii": "https://www.gutenberg.org/ebooks/275.txt.utf-8",
      "application/rdf+xml": "https://www.gutenberg.org/ebooks/275.rdf",
      "image/jpeg": "https://www.gutenberg.org/cache/epub/275/pg275.cover.medium.jpg",
      "application/octet-stream": "https://www.gutenberg.org/cache/epub/275/pg275-h.zip"
    },
    "download_count": 1897
  }
}