{
  "average_entropy_rate": 0.11050829455612955,
  "entropy_rate": [
    0.5306390622295664,
    0.0,
    0.0,
    0.0,
    0.0,
    0.0,
    0.0,
    0.5748370801355552,
    0.0,
    0.4811278101016664,
    0.0,
    0.6363636321013683,
    0.0,
    0.0,
    0.0,
    0.0,
    0.0,
    0.0,
    0.0,
    0.0,
    0.0,
    0.0,
    0.0,
    0.0,
    0.0,
    0.0,
    0.0,
    0.0,
    0.0,
    0.0,
    0.0,
    0.0,
    0.5306390622295664,
    0.0,
    0.0,
    0.5748370801355552,
    0.5660327177666657,
    0.6363636321013683,
    0.0,
    0.0,
    0.0
  ],
  "estimated_posterior_probability": 53.25714874267578,
  "input": "./smaller_in/Guten_index616.txt",
  "prevalence_assumed": 0.5,
  "process_length": 80000,
  "gutenberg": {
    "id": 616,
    "title": "Prayers Written At Vailima, and A Lowden Sabbath Morn",
    "authors": [
      {
        "name": "Stevenson, Robert Louis",
        "birth_year": 1850,
        "death_year": 1894
      }
    ],
    "summaries": [
      "\"Prayers Written At Vailima, and A Lowden Sabbath Morn\" by Robert Louis Stevenson is a collection of prayers and a poem penned during the late 19th century. The work reflects an intimate exploration of spirituality and community life, particularly in the Samoan context where Stevenson lived. The prayers are deeply resonant with themes of gratitude, hope, and daily living, while the poem reflects on the nature of a Sabbath morning, emphasizing the beauty and simplicity of rural life.  The first section, \"Prayers Written At Vailima,\" consists of a series of heartfelt prayers that Stevenson crafted for family gatherings and social rituals in Samoa. These prayers capture the essence of the island's culture, acknowledging both the blessings and challenges of life. The second part, \"A Lowden Sabbath Morn,\" is a nostalgic and vivid portrayal of a Sabbath morning in a Scottish village, illustrating the preparations and emotions surrounding the church service. Through rich imagery and warmth, Stevenson paints a picture of community, familial bonds, and the intersection of the sacred and the ordinary, ultimately conveying a deep appreciation for both his Samoan and Scottish experiences. (This is an automatically generated summary.)"
    ],
    "editors": [],
    "translators": [],
    "subjects": [
      "Prayers",
      "Sabbath -- Poetry",
      "Stevenson, Robert Louis, 1850-1894 -- Travel -- Samoan Islands"
    ],
    "bookshelves": [
      "Category: British Literature",
      "Category: Poetry",
      "Category: Religion/Spirituality",
      "Christianity"
    ],
    "languages": [
      "en"
    ],
    "copyright": false,
    "media_type": "Text",
    "formats": {
      "text/html": "https://www.gutenberg.org/ebooks/616.html.images",
      "application/epub+zip": "https://www.gutenberg.org/ebooks/616.epub3.images",
      "application/x-mobipocket-ebook": "https://www.gutenberg.org/ebooks/616.kf8.images",
      "text/plain; charset=us-ascii": "https://www.gutenberg.org/ebooks/616.txt.utf-8",
      "text/plain; charset=utf-8": "https://www.gutenberg.org/files/616/616-0.txt",
      "application/rdf+xml": "https://www.gutenberg.org/ebooks/616.rdf",
      "image/jpeg": "https://www.gutenberg.org/cache/epub/616/pg616.cover.medium.jpg",
      "application/octet-stream": "https://www.gutenberg.org/cache/epub/616/pg616-h.zip"
    },
    "download_count": 661
  }
}