{
  "average_entropy_rate": 0.10323981171895856,
  "entropy_rate": [
    0.0,
    0.5169924990053899,
    0.0,
    0.0,
    0.0,
    0.0,
    0.0,
    0.0,
    0.0,
    0.0,
    0.0,
    0.0,
    0.6258145808468075,
    0.0,
    0.0,
    0.0,
    0.8443609356351055,
    0.0,
    0.0,
    0.0,
    0.0,
    0.0,
    0.0,
    0.0,
    0.0,
    0.0,
    0.0,
    0.0,
    0.0,
    0.0,
    0.0,
    0.0,
    0.7754887485080849,
    0.0,
    0.0,
    0.0,
    0.0,
    0.6258145808468075,
    0.8443609356351055,
    0.0,
    0.0
  ],
  "estimated_posterior_probability": 53.0256462097168,
  "input": "./smaller_in/Guten_index3202.txt",
  "prevalence_assumed": 0.5,
  "process_length": 80000,
  "gutenberg": {
    "id": 3202,
    "title": "Moby Thesaurus List",
    "authors": [
      {
        "name": "Ward, Grady",
        "birth_year": 1951,
        "death_year": null
      }
    ],
    "summaries": [
      "\"Moby Thesaurus List by Grady Ward\" is a comprehensive thesaurus published in the early 21st century. This reference book serves as a valuable resource for writers, students, and anyone in need of an extensive collection of synonyms and related terms in the English language. It includes a significant number of words and is designed to aid in improving vocabulary and enhancing language skills.  The main content of \"Moby Thesaurus List\" features an extensive compilation of over 30,000 root words along with more than 2.5 million synonyms and related terms. The thesaurus is presented in a simple ASCII format, making it easily accessible for editing and parsing, though users are encouraged to reformat it for more effective use. Additionally, it includes a smaller thesaurus based on Roget's work that demonstrates a more organized structure for managing synonyms. With this thesaurus, users can improve their writing by finding the most suitable words for their needs, thereby enriching their expression and communication. (This is an automatically generated summary.)"
    ],
    "editors": [],
    "translators": [],
    "subjects": [
      "Words and phrase lists -- English"
    ],
    "bookshelves": [
      "Category: Encyclopedias/Dictionaries/Reference",
      "Category: Language & Communication"
    ],
    "languages": [
      "en"
    ],
    "copyright": false,
    "media_type": "Text",
    "formats": {
      "text/html": "https://www.gutenberg.org/ebooks/3202.html.images",
      "application/epub+zip": "https://www.gutenberg.org/ebooks/3202.epub3.images",
      "application/x-mobipocket-ebook": "https://www.gutenberg.org/ebooks/3202.kf8.images",
      "text/plain; charset=us-ascii": "https://www.gutenberg.org/ebooks/3202.txt.utf-8",
      "application/rdf+xml": "https://www.gutenberg.org/ebooks/3202.rdf",
      "image/jpeg": "https://www.gutenberg.org/cache/epub/3202/pg3202.cover.medium.jpg",
      "application/octet-stream": "https://www.gutenberg.org/files/3202/files.zip"
    },
    "download_count": 4653
  }
}