{
  "average_entropy_rate": 0.32606678677826145,
  "entropy_rate": [
    0.0,
    0.7537189676362174,
    0.8136157144057988,
    0.0,
    0.38712164896845813,
    0.5630539556769317,
    0.0,
    0.8100560791291465,
    0.0,
    0.0,
    0.0,
    0.0,
    0.0,
    0.0,
    0.0,
    0.7410270066511657,
    0.4040010984892396,
    0.0,
    0.0,
    0.0,
    0.0,
    0.7058044952861584,
    0.0,
    0.0,
    0.0,
    0.0,
    0.7401065059074038,
    0.0,
    0.0,
    0.0,
    0.8931450537855686,
    0.0,
    0.8251002165580923,
    0.799496925265239,
    0.6608130086098922,
    0.7882394634674827,
    0.8285617582101366,
    0.3903248106777547,
    0.5861795755101616,
    0.7911999609338378,
    0.8871720127400368
  ],
  "estimated_posterior_probability": 61.76514434814453,
  "input": "./smaller_in/Guten_index1458.txt",
  "prevalence_assumed": 0.5,
  "process_length": 80000,
  "gutenberg": {
    "id": 1458,
    "title": "Dream Life and Real Life: A Little African Story",
    "authors": [
      {
        "name": "Schreiner, Olive",
        "birth_year": 1855,
        "death_year": 1920
      }
    ],
    "summaries": [
      "\"Dream Life and Real Life: A Little African Story\" by Olive Schreiner is a short story written in the late 19th century, reflecting Schreiner's keen insights into human emotion and the complexities of life. The book blends elements of realism and allegory, passionately addressing the struggles, dreams, and harsh realities faced by individuals, particularly through the experiences of children in a South African setting. At its core, the narrative examines themes of freedom, identity, and compassion against a backdrop of poverty and longing.  The story follows little Jannita, a poor indentured child, who is tasked with herding goats in the arid Karoo landscape. As she dreams of a happier life filled with love and beauty, her reality quickly becomes grim when she realizes one of her goats is missing. In her flight from the oppressive reality of her life, she follows a springbuck into the wilderness, seeking freedom and solace in nature. Throughout her journey, she encounters various figures that symbolize the harsh circumstances of her existence, including the sad truths of loss and betrayal. Ultimately, the tale contrasts the beauty of childhood dreams with the starkness of reality, illustrating the resilience of the human spirit even in grim circumstances as Jannita grapples with her fate and strives for a sense of autonomy amidst a world of confinement. (This is an automatically generated summary.)"
    ],
    "editors": [],
    "translators": [],
    "subjects": [
      "Fiction",
      "Short stories"
    ],
    "bookshelves": [
      "Africa",
      "Category: Short Stories"
    ],
    "languages": [
      "en"
    ],
    "copyright": false,
    "media_type": "Text",
    "formats": {
      "text/html": "https://www.gutenberg.org/ebooks/1458.html.images",
      "text/html; charset=utf-8": "https://www.gutenberg.org/files/1458/1458-h/1458-h.htm",
      "application/epub+zip": "https://www.gutenberg.org/ebooks/1458.epub3.images",
      "application/x-mobipocket-ebook": "https://www.gutenberg.org/ebooks/1458.kf8.images",
      "text/plain; charset=us-ascii": "https://www.gutenberg.org/ebooks/1458.txt.utf-8",
      "text/plain; charset=utf-8": "https://www.gutenberg.org/files/1458/1458-0.txt",
      "application/rdf+xml": "https://www.gutenberg.org/ebooks/1458.rdf",
      "image/jpeg": "https://www.gutenberg.org/cache/epub/1458/pg1458.cover.medium.jpg",
      "application/octet-stream": "https://www.gutenberg.org/cache/epub/1458/pg1458-h.zip"
    },
    "download_count": 312
  }
}