{
  "average_entropy_rate": 0.17085037863765049,
  "entropy_rate": [
    0.5783898329658542,
    0.8040557801981453,
    0.8040557801981453,
    0.5692878716046615,
    0.0,
    0.0,
    0.0,
    0.0,
    0.7351220438953636,
    0.0,
    0.0,
    0.0,
    0.0,
    0.0,
    0.0,
    0.0,
    0.0,
    0.0,
    0.0,
    0.0,
    0.0,
    0.0,
    0.0,
    0.0,
    0.0,
    0.0,
    0.0,
    0.0,
    0.0,
    0.0,
    0.0,
    0.0,
    0.5783898329658542,
    0.8040557801981453,
    0.5783898329658542,
    0.749062988953502,
    0.0,
    0.0,
    0.8040557801981453,
    0.0,
    0.0
  ],
  "estimated_posterior_probability": 55.30912780761719,
  "input": "./smaller_in/Guten_index1064.txt",
  "prevalence_assumed": 0.5,
  "process_length": 80000,
  "gutenberg": {
    "id": 1064,
    "title": "The Masque of the Red Death",
    "authors": [
      {
        "name": "Poe, Edgar Allan",
        "birth_year": 1809,
        "death_year": 1849
      }
    ],
    "summaries": [
      "\"The Masque of the Red Death\" by Edgar Allan Poe is a short story first published in 1842. Prince Prospero and a thousand nobles seal themselves inside an abbey to escape a deadly plague called the Red Death. During a lavish masquerade ball in seven color-coded rooms, a mysterious masked figure appears, dressed as a plague victim. As the stranger moves through each chamber, terror spreads among the guests. This Gothic tale explores themes of mortality, isolation, and the futility of escaping death's inevitable reach. (This is an automatically generated summary.)"
    ],
    "editors": [],
    "translators": [],
    "subjects": [
      "Horror tales, American"
    ],
    "bookshelves": [
      "Category: American Literature",
      "Category: Short Stories"
    ],
    "languages": [
      "en"
    ],
    "copyright": false,
    "media_type": "Text",
    "formats": {
      "text/html": "https://www.gutenberg.org/ebooks/1064.html.images",
      "text/html; charset=utf-8": "https://www.gutenberg.org/files/1064/1064-h/1064-h.htm",
      "application/epub+zip": "https://www.gutenberg.org/ebooks/1064.epub3.images",
      "application/x-mobipocket-ebook": "https://www.gutenberg.org/ebooks/1064.kf8.images",
      "text/plain; charset=us-ascii": "https://www.gutenberg.org/ebooks/1064.txt.utf-8",
      "text/plain; charset=utf-8": "https://www.gutenberg.org/files/1064/1064-0.txt",
      "application/rdf+xml": "https://www.gutenberg.org/ebooks/1064.rdf",
      "image/jpeg": "https://www.gutenberg.org/cache/epub/1064/pg1064.cover.medium.jpg",
      "application/octet-stream": "https://www.gutenberg.org/cache/epub/1064/pg1064-h.zip"
    },
    "download_count": 3305
  }
}