{
  "average_entropy_rate": 0.0308990079062775,
  "entropy_rate": [
    0.23117870878784258,
    0.19419011538178785,
    0.0,
    0.0,
    0.0,
    0.0,
    0.0,
    0.0,
    0.3236501923029797,
    0.0,
    0.0,
    0.0,
    0.0,
    0.0,
    0.0,
    0.0,
    0.0,
    0.0,
    0.0,
    0.0,
    0.0,
    0.0,
    0.0,
    0.0,
    0.0,
    0.0,
    0.0,
    0.0,
    0.0,
    0.0,
    0.0,
    0.0,
    0.3236501923029797,
    0.19419011538178785,
    0.0,
    0.0,
    0.0,
    0.0,
    0.0,
    0.0,
    0.0
  ],
  "estimated_posterior_probability": 50.85466003417969,
  "input": "./smaller_in/Guten_index672.txt",
  "prevalence_assumed": 0.5,
  "process_length": 80000,
  "gutenberg": {
    "id": 672,
    "title": "The Secret Guide to Computers",
    "authors": [
      {
        "name": "Walter, Russ",
        "birth_year": 1947,
        "death_year": null
      }
    ],
    "summaries": [
      "\"The Secret Guide to Computers\" by Russ Walter is a self-published computer guide first written in 1972. Beginning as a seventeen-page primer on BASIC programming, it has evolved through thirty-four editions into a comprehensive seven-hundred-page manual covering hardware, software, theory, and practice. Walter aims to teach readers everything needed to become computer experts. Remarkably, he provides his personal phone number for round-the-clock questions. Later editions expand beyond computing to include \"Tricky Living,\" offering guidance on health, language, arts, and more. (This is an automatically generated summary.)"
    ],
    "editors": [],
    "translators": [],
    "subjects": [
      "Microcomputers"
    ],
    "bookshelves": [
      "Category: Engineering & Technology",
      "Category: How To ..."
    ],
    "languages": [
      "en"
    ],
    "copyright": true,
    "media_type": "Text",
    "formats": {
      "text/html": "https://www.gutenberg.org/ebooks/672.html.images",
      "application/epub+zip": "https://www.gutenberg.org/ebooks/672.epub3.images",
      "application/x-mobipocket-ebook": "https://www.gutenberg.org/ebooks/672.kf8.images",
      "text/plain; charset=us-ascii": "https://www.gutenberg.org/ebooks/672.txt.utf-8",
      "application/rdf+xml": "https://www.gutenberg.org/ebooks/672.rdf",
      "image/jpeg": "https://www.gutenberg.org/cache/epub/672/pg672.cover.medium.jpg",
      "application/octet-stream": "https://www.gutenberg.org/files/672/672-0.zip"
    },
    "download_count": 351
  }
}