{
  "average_entropy_rate": 0.34841919768988255,
  "entropy_rate": [
    0.0,
    0.0,
    0.7589188733446945,
    0.8113208332695119,
    0.0,
    0.0,
    0.0,
    0.6799962419593771,
    0.0,
    0.0,
    0.6437572912270971,
    0.0,
    0.0,
    0.0,
    0.7038707914194292,
    0.0,
    0.0,
    0.0,
    0.6835924277322881,
    0.7047197576080448,
    0.0,
    0.0,
    0.0,
    0.0,
    0.0,
    0.0,
    0.7035790616904944,
    0.8227548083146667,
    0.0,
    0.0,
    0.8809302026516623,
    0.0,
    0.8366051614047681,
    0.8767763966114985,
    0.735610472813753,
    0.7005096831453886,
    0.6799962419593771,
    0.6820880976479787,
    0.7056152810025764,
    0.8005936916728863,
    0.8739517898096897
  ],
  "estimated_posterior_probability": 62.86688995361328,
  "input": "./smaller_in/Guten_index2918.txt",
  "prevalence_assumed": 0.5,
  "process_length": 80000,
  "gutenberg": {
    "id": 2918,
    "title": "The First and the Last: A Drama in Three Scenes",
    "authors": [
      {
        "name": "Galsworthy, John",
        "birth_year": 1867,
        "death_year": 1933
      }
    ],
    "summaries": [
      "\"The First and the Last: A Drama in Three Scenes\" by John Galsworthy is a play that falls within the genre of drama, written in the early 20th century. This poignant piece explores themes of morality, familial obligation, and the weight of past decisions through the lives of its central characters. Set against the backdrop of a tragic incident involving the loss of life and its consequences, the narrative encapsulates the struggles of the human condition in a rapidly changing society.  The play primarily follows two brothers, Keith and Larry Darrant, with Larry embroiled in a murder case after an altercation with a man who had previously abused a young Polish woman named Wanda. As the story unfolds, Keith, a King's Counsel, grapples with the implications of his brother's actions, seeking to protect their family name while trying to find a way out for Larry. Wanda, deeply in love with Larry, adds to the emotional tension as she yearns for a future with him despite the looming threats posed by his past. The narrative shifts through emotions of despair, love, sacrifice, and the ultimate consequences of choices made in heated moments, culminating in a tragic finale that forces the characters to confront their fates. (This is an automatically generated summary.)"
    ],
    "editors": [],
    "translators": [],
    "subjects": [
      "English drama"
    ],
    "bookshelves": [
      "Category: British Literature",
      "Category: Plays/Films/Dramas",
      "Nobel Prizes in Literature",
      "One Act Plays"
    ],
    "languages": [
      "en"
    ],
    "copyright": false,
    "media_type": "Text",
    "formats": {
      "text/html": "https://www.gutenberg.org/ebooks/2918.html.images",
      "application/epub+zip": "https://www.gutenberg.org/ebooks/2918.epub3.images",
      "application/x-mobipocket-ebook": "https://www.gutenberg.org/ebooks/2918.kf8.images",
      "text/plain; charset=us-ascii": "https://www.gutenberg.org/ebooks/2918.txt.utf-8",
      "application/rdf+xml": "https://www.gutenberg.org/ebooks/2918.rdf",
      "image/jpeg": "https://www.gutenberg.org/cache/epub/2918/pg2918.cover.medium.jpg",
      "application/octet-stream": "https://www.gutenberg.org/files/2918/2918-h.zip"
    },
    "download_count": 422
  }
}