{
  "average_entropy_rate": 0.06679142256107469,
  "entropy_rate": [
    0.0,
    0.0,
    0.0,
    0.0,
    0.0,
    0.0,
    0.0,
    0.0,
    0.0,
    0.0,
    0.0,
    0.32807624617102865,
    0.4890446723025148,
    0.0,
    0.0,
    0.0,
    0.0,
    0.0,
    0.4759674548731964,
    0.0,
    0.0,
    0.0,
    0.0,
    0.0,
    0.0,
    0.0,
    0.0,
    0.0,
    0.49261405615055975,
    0.0,
    0.0,
    0.0,
    0.46686802027703195,
    0.0,
    0.48587787522973086,
    0.0,
    0.0,
    0.0,
    0.0,
    0.0,
    0.0
  ],
  "estimated_posterior_probability": 51.9000358581543,
  "input": "./smaller_in/Guten_index2499.txt",
  "prevalence_assumed": 0.5,
  "process_length": 80000,
  "gutenberg": {
    "id": 2499,
    "title": "Siddhartha: eine indische Dichtung",
    "authors": [
      {
        "name": "Hesse, Hermann",
        "birth_year": 1877,
        "death_year": 1962
      }
    ],
    "summaries": [
      "\"Siddhartha: eine indische Dichtung\" by Hermann Hesse is a novel published in 1922. It follows a young Brahmin's quest for spiritual enlightenment during the time of the Buddha. Rejecting both ascetic deprivation and material wealth, Siddhartha embarks on a solitary journey through love, loss, and ultimately, the wisdom of a river. This lyrical tale explores whether true understanding comes from teachings or lived experience, and what it means to find completeness in an ever-changing world. (This is an automatically generated summary.)"
    ],
    "editors": [],
    "translators": [],
    "subjects": [
      "Brahmans -- Fiction",
      "Buddhism -- Fiction",
      "Buddhist philosophy -- Fiction",
      "Gautama Buddha -- Fiction",
      "India -- Religion -- Fiction",
      "India -- Social life and customs -- Fiction",
      "Self-realization -- Fiction",
      "Spiritual life -- Fiction"
    ],
    "bookshelves": [
      "Category: German Literature",
      "Category: Novels",
      "Category: Philosophy & Ethics",
      "Category: Religion/Spirituality",
      "DE Prosa",
      "Nobel Prizes in Literature"
    ],
    "languages": [
      "de"
    ],
    "copyright": false,
    "media_type": "Text",
    "formats": {
      "text/html": "https://www.gutenberg.org/ebooks/2499.html.images",
      "application/epub+zip": "https://www.gutenberg.org/ebooks/2499.epub3.images",
      "application/x-mobipocket-ebook": "https://www.gutenberg.org/ebooks/2499.kf8.images",
      "text/plain; charset=us-ascii": "https://www.gutenberg.org/ebooks/2499.txt.utf-8",
      "text/plain; charset=iso-8859-1": "https://www.gutenberg.org/files/2499/2499-8.txt",
      "application/rdf+xml": "https://www.gutenberg.org/ebooks/2499.rdf",
      "image/jpeg": "https://www.gutenberg.org/cache/epub/2499/pg2499.cover.medium.jpg",
      "application/octet-stream": "https://www.gutenberg.org/cache/epub/2499/pg2499-h.zip"
    },
    "download_count": 918
  }
}