{
  "average_entropy_rate": 0.0,
  "entropy_rate": [
    0.0,
    0.0,
    0.0,
    0.0,
    0.0,
    0.0,
    0.0,
    0.0,
    0.0,
    0.0,
    0.0,
    0.0,
    0.0,
    0.0,
    0.0,
    0.0,
    0.0,
    0.0,
    0.0,
    0.0,
    0.0,
    0.0,
    0.0,
    0.0,
    0.0,
    0.0,
    0.0,
    0.0,
    0.0,
    0.0,
    0.0,
    0.0,
    0.0,
    0.0,
    0.0,
    0.0,
    0.0,
    0.0,
    0.0,
    0.0,
    0.0
  ],
  "estimated_posterior_probability": 50.0,
  "input": "./smaller_in/Guten_index2322.txt",
  "prevalence_assumed": 0.5,
  "process_length": 80000,
  "gutenberg": {
    "id": 2322,
    "title": "Hans Huckebein",
    "authors": [
      {
        "name": "Busch, Wilhelm",
        "birth_year": 1832,
        "death_year": 1908
      }
    ],
    "summaries": [
      "\"Hans Huckebein\" by Wilhelm Busch is a collection of humorous poetry written in the late 19th century. This book features playful verses centered around the character Hans Huckebein, a mischievous raven, and his interactions with a young boy named Fritz, along with other lively characters. It exemplifies Busch's wit and penchant for satire, delving into the themes of mischief and misbehavior.  The book consists of three main parts, each illustrating a different comical scenario. In the first story, \"Hans Huckebein, der Unglücksrabe,\" the raven causes chaos in his attempts to befriend Fritz, leading to a series of misadventures that disrupt Aunt Lotte's home. The second part, \"Das Pusterohr,\" humorously depicts an encounter between Herr Bartelmann and a young boy named Franz, who mischieffully uses a blowgun to irritate the former. Finally, \"Das Bad am Samstag Abend\" portrays the sibling antics of Fritz and his brother Franz during their bath time, culminating in a chaotic and funny scene. Throughout the book, Busch effectively combines lighthearted narratives with underlying morals, all while entertaining the reader with his playful rhymes. (This is an automatically generated summary.)"
    ],
    "editors": [],
    "translators": [],
    "subjects": [
      "Children's poetry, German",
      "German poetry -- 19th century"
    ],
    "bookshelves": [
      "Category: German Literature",
      "Category: Humour",
      "Category: Poetry",
      "DE Kinderbuch",
      "DE Lyrik"
    ],
    "languages": [
      "de"
    ],
    "copyright": false,
    "media_type": "Text",
    "formats": {
      "text/html": "https://www.gutenberg.org/ebooks/2322.html.images",
      "application/epub+zip": "https://www.gutenberg.org/ebooks/2322.epub3.images",
      "application/x-mobipocket-ebook": "https://www.gutenberg.org/ebooks/2322.kf8.images",
      "text/plain; charset=us-ascii": "https://www.gutenberg.org/ebooks/2322.txt.utf-8",
      "application/rdf+xml": "https://www.gutenberg.org/ebooks/2322.rdf",
      "image/jpeg": "https://www.gutenberg.org/cache/epub/2322/pg2322.cover.medium.jpg",
      "application/octet-stream": "https://www.gutenberg.org/cache/epub/2322/pg2322-h.zip"
    },
    "download_count": 234
  }
}