{
  "average_entropy_rate": 0.2356794916983112,
  "entropy_rate": [
    0.0,
    0.0,
    0.0,
    0.0,
    0.0,
    0.0,
    0.0,
    0.6987058894146272,
    0.0,
    0.737559698419559,
    0.0,
    0.49553802159042926,
    0.424510577302572,
    0.0,
    0.0,
    0.0,
    0.0,
    0.4772170014624825,
    0.0,
    0.0,
    0.0,
    0.0,
    0.4943497041442487,
    0.0,
    0.0,
    0.0,
    0.0,
    0.5517119571606707,
    0.0,
    0.6312321777562481,
    0.6533051625312158,
    0.0,
    0.6069323116790272,
    0.47456254012835486,
    0.5663924271350836,
    0.0,
    0.4820393845633812,
    0.4943497041442487,
    0.6259910293287767,
    0.5723725266949179,
    0.6760890461749157
  ],
  "estimated_posterior_probability": 57.77273178100586,
  "input": "./smaller_in/Guten_index2885.txt",
  "prevalence_assumed": 0.5,
  "process_length": 80000,
  "gutenberg": {
    "id": 2885,
    "title": "The House of the Wolfings: A Tale of the House of the Wolfings and All the Kindreds of the Mark Written in Prose and in Verse",
    "authors": [
      {
        "name": "Morris, William",
        "birth_year": 1834,
        "death_year": 1896
      }
    ],
    "summaries": [
      "\"The House of the Wolfings\" by William Morris is a fantasy novel published in 1889. Written in a blend of prose and verse, it portrays Germanic Gothic tribes defending their homeland against the armies of imperial Rome. The story follows Thiodolf, a war leader whose fate becomes entwined with a cursed dwarf-made mail-shirt and the divine women who support him. Considered a pioneering work that united historical settings with supernatural elements, it directly influenced J.R.R. Tolkien's \"The Lord of the Rings\" and helped establish modern fantasy literature. (This is an automatically generated summary.)"
    ],
    "editors": [],
    "translators": [],
    "subjects": [
      "Fantasy fiction"
    ],
    "bookshelves": [
      "Category: British Literature",
      "Category: Historical Novels",
      "Category: Mythology, Legends & Folklore",
      "Category: Science-Fiction & Fantasy",
      "Fantasy"
    ],
    "languages": [
      "en"
    ],
    "copyright": false,
    "media_type": "Text",
    "formats": {
      "text/html": "https://www.gutenberg.org/ebooks/2885.html.images",
      "application/epub+zip": "https://www.gutenberg.org/ebooks/2885.epub3.images",
      "application/x-mobipocket-ebook": "https://www.gutenberg.org/ebooks/2885.kf8.images",
      "text/plain; charset=us-ascii": "https://www.gutenberg.org/ebooks/2885.txt.utf-8",
      "application/rdf+xml": "https://www.gutenberg.org/ebooks/2885.rdf",
      "image/jpeg": "https://www.gutenberg.org/cache/epub/2885/pg2885.cover.medium.jpg",
      "application/octet-stream": "https://www.gutenberg.org/files/2885/2885-h.zip"
    },
    "download_count": 5474
  }
}