{
  "average_entropy_rate": 0.33012720956492725,
  "entropy_rate": [
    0.0,
    0.0,
    0.0,
    0.0,
    0.0,
    0.0,
    0.0,
    0.6394923375390053,
    0.0,
    0.761531514175801,
    0.0,
    0.7637101570336939,
    0.7610949380349884,
    0.0,
    0.0,
    0.8738324999970405,
    0.0,
    0.0,
    0.0,
    0.0,
    0.0,
    0.0,
    0.0,
    0.9541928801593855,
    0.7626786181526909,
    0.7613985273224736,
    0.0,
    0.8391921162010677,
    0.0,
    0.0,
    0.0,
    0.0,
    0.7352942585051225,
    0.7587741640172555,
    0.7627156804918285,
    0.8545055994601968,
    0.0,
    0.7620852207435846,
    0.9402140897542305,
    0.764603514031625,
    0.8398994765420272
  ],
  "estimated_posterior_probability": 61.960636138916016,
  "input": "./smaller_in/Guten_index2939.txt",
  "prevalence_assumed": 0.5,
  "process_length": 80000,
  "gutenberg": {
    "id": 2939,
    "title": "William Harvey and the Discovery of the Circulation of the Blood",
    "authors": [
      {
        "name": "Huxley, Thomas Henry",
        "birth_year": 1825,
        "death_year": 1895
      }
    ],
    "summaries": [
      "\"William Harvey and the Discovery of the Circulation of the Blood\" by Thomas H. Huxley is a scientific publication that examines the life and significant contributions of William Harvey, a prominent physician of the early 17th century. Written in the late 19th century, the book focuses on Harvey's groundbreaking discovery of the blood circulation system, a topic that revolutionized biological sciences and physiology. Huxley's intention is to highlight both Harvey's historical context and the lasting impact of his work.  In the text, Huxley outlines Harvey's educational journey, tracing his growth from a student in Cambridge to a leading figure in London’s medical community, where he ultimately identifies the true course of blood flow through the body. He explains how, through careful observation and experimentation, Harvey determined that blood circulates in a continuous loop from the heart through the body and back again, opposing the prevailing beliefs of his time. Huxley emphasizes the scientific methodology behind Harvey's work and the importance of questioning established knowledge, presenting Harvey as not only a scientist but a pioneer of modern physiology whose findings have laid the foundation for contemporary medical understanding. (This is an automatically generated summary.)"
    ],
    "editors": [],
    "translators": [],
    "subjects": [
      "Blood -- Circulation -- History",
      "Harvey, William, 1578-1657"
    ],
    "bookshelves": [
      "Category: Biographies",
      "Category: Health & Medicine",
      "Category: History - Early Modern (c. 1450-1750)",
      "Category: Science - Biology",
      "Physiology"
    ],
    "languages": [
      "en"
    ],
    "copyright": false,
    "media_type": "Text",
    "formats": {
      "text/html": "https://www.gutenberg.org/ebooks/2939.html.images",
      "application/epub+zip": "https://www.gutenberg.org/ebooks/2939.epub3.images",
      "application/x-mobipocket-ebook": "https://www.gutenberg.org/ebooks/2939.kf8.images",
      "text/plain; charset=us-ascii": "https://www.gutenberg.org/ebooks/2939.txt.utf-8",
      "application/rdf+xml": "https://www.gutenberg.org/ebooks/2939.rdf",
      "image/jpeg": "https://www.gutenberg.org/cache/epub/2939/pg2939.cover.medium.jpg",
      "application/octet-stream": "https://www.gutenberg.org/files/2939/2939-h.zip"
    },
    "download_count": 469
  }
}