{
  "average_entropy_rate": 0.29613528018611396,
  "entropy_rate": [
    0.9566330165559161,
    0.0,
    0.0,
    0.52246206915475,
    0.650005795456218,
    0.0,
    0.0,
    0.0,
    0.0,
    0.0,
    0.0,
    0.0,
    0.0,
    0.0,
    0.0,
    0.0,
    0.0,
    0.0,
    0.0,
    0.0,
    0.0,
    0.6729872394529012,
    0.9496440218162318,
    0.0,
    0.8309950689673522,
    0.0,
    0.0,
    0.0,
    0.0,
    0.5600621855903412,
    0.9460392588423985,
    0.0,
    0.9608043754685052,
    0.5334144860190344,
    0.7538601059709454,
    0.5169977149614288,
    0.9509970756691863,
    0.9116655746597786,
    0.5649622166479326,
    0.8600162823977505,
    0.0
  ],
  "estimated_posterior_probability": 60.36159896850586,
  "input": "./smaller_in/Guten_index4332.txt",
  "prevalence_assumed": 0.5,
  "process_length": 80000,
  "gutenberg": {
    "id": 4332,
    "title": "The Ghetto, and Other Poems",
    "authors": [
      {
        "name": "Ridge, Lola",
        "birth_year": 1873,
        "death_year": 1941
      }
    ],
    "summaries": [
      "\"The Ghetto, and Other Poems\" by Lola Ridge is a compelling collection of poetry written in the early 20th century. This work encapsulates the struggles and vibrancy of life within the urban environment, particularly focusing on the experiences of marginalized communities. The poems explore themes of identity, labor, and social justice, portraying the resilience of those living in hardship.  The titular poem, \"The Ghetto,\" serves as a powerful depiction of the harsh realities faced by its inhabitants, filled with vivid imagery that captures both the heat of the streets and the depth of human emotion. Ridge writes about the lives of various figures within the ghetto, like Sadie, who grapples with factory work and personal aspirations, and neighborhood children embracing the energy of their surroundings amidst adversity. Throughout the collection, Ridge intertwines personal reflections with broader societal commentary, artfully illustrating the struggle for dignity and recognition in the face of oppression, alongside an unwavering spirit of hope and ambition that persists. (This is an automatically generated summary.)"
    ],
    "editors": [],
    "translators": [],
    "subjects": [
      "New York (N.Y.) -- Poetry",
      "Political poetry",
      "Protest poetry, American"
    ],
    "bookshelves": [
      "Category: Poetry"
    ],
    "languages": [
      "en"
    ],
    "copyright": false,
    "media_type": "Text",
    "formats": {
      "text/html": "https://www.gutenberg.org/ebooks/4332.html.images",
      "application/epub+zip": "https://www.gutenberg.org/ebooks/4332.epub3.images",
      "application/x-mobipocket-ebook": "https://www.gutenberg.org/ebooks/4332.kf8.images",
      "text/plain; charset=us-ascii": "https://www.gutenberg.org/ebooks/4332.txt.utf-8",
      "application/rdf+xml": "https://www.gutenberg.org/ebooks/4332.rdf",
      "image/jpeg": "https://www.gutenberg.org/cache/epub/4332/pg4332.cover.medium.jpg",
      "application/octet-stream": "https://www.gutenberg.org/files/4332/4332-8.zip"
    },
    "download_count": 282
  }
}