{
  "average_entropy_rate": 0.3266582459701815,
  "entropy_rate": [
    0.0,
    0.8614150104735988,
    0.0,
    0.0,
    0.0,
    0.0,
    0.6199179890182697,
    0.9901218613501965,
    0.0,
    0.0,
    0.0,
    0.823841316941386,
    0.0,
    0.0,
    0.8323719273465932,
    0.0,
    0.0,
    0.8404951928383514,
    0.0,
    0.9184828247814115,
    0.0,
    0.0,
    0.0,
    0.0,
    0.0,
    0.8077159216942207,
    0.0,
    0.0,
    0.7790759526000716,
    0.0,
    0.0,
    0.7870311992147048,
    0.0,
    0.9289720188113595,
    0.8623591547617644,
    0.8405124058697229,
    0.8158258489126192,
    0.8283966798217196,
    0.0,
    0.0,
    0.8564527803414541
  ],
  "estimated_posterior_probability": 61.79086685180664,
  "input": "./smaller_in/Guten_index2854.txt",
  "prevalence_assumed": 0.5,
  "process_length": 80000,
  "gutenberg": {
    "id": 2854,
    "title": "Sir Francis Drake Revived",
    "authors": [],
    "summaries": [
      "\"Sir Francis Drake Revived\" by Philip Nichols is a historical account likely written in the early 20th century. The work recounts the remarkable voyages and exploits of Sir Francis Drake, highlighting his audacious adventures against Spanish settlements during the Elizabethan age and his significant role in naval history, including his circumnavigation of the globe.  The opening of the text sets the stage for Drake's legacy, emphasizing his early life and notable missions. It introduces events such as his expeditions to the Spanish Main and his attack on the treasure house at Nombre de Dios in 1572, establishing a narrative rich with thrilling maritime adventure and exploration. As outlined, the detailed descriptions of Drake's voyages showcase both his tactical acumen and the challenges he faced, such as a lack of resources and encounters with the Spanish forces. This historical account not only illuminates the character of Drake as a naval captain but also serves to inspire readers by portraying the spirit of determination and courage in the face of adversity. (This is an automatically generated summary.)"
    ],
    "editors": [
      {
        "name": "Nichols, Philip, active 1562",
        "birth_year": null,
        "death_year": null
      }
    ],
    "translators": [],
    "subjects": [
      "America -- Discovery and exploration -- British -- Early works to 1800",
      "Drake, Francis, approximately 1540-1596 -- Travel -- West Indies",
      "West Indies -- Discovery and exploration -- Early works to 1800"
    ],
    "bookshelves": [
      "Category: Adventure",
      "Category: History - British",
      "Category: History - Modern (1750+)",
      "Category: History - Warfare"
    ],
    "languages": [
      "en"
    ],
    "copyright": false,
    "media_type": "Text",
    "formats": {
      "text/html": "https://www.gutenberg.org/ebooks/2854.html.images",
      "application/epub+zip": "https://www.gutenberg.org/ebooks/2854.epub3.images",
      "application/x-mobipocket-ebook": "https://www.gutenberg.org/ebooks/2854.kf8.images",
      "text/plain; charset=us-ascii": "https://www.gutenberg.org/ebooks/2854.txt.utf-8",
      "application/rdf+xml": "https://www.gutenberg.org/ebooks/2854.rdf",
      "image/jpeg": "https://www.gutenberg.org/cache/epub/2854/pg2854.cover.medium.jpg",
      "application/octet-stream": "https://www.gutenberg.org/files/2854/2854-h.zip"
    },
    "download_count": 435
  }
}