{
  "average_entropy_rate": 0.17225776194876222,
  "entropy_rate": [
    0.0,
    0.0,
    0.0,
    0.8949645428291897,
    0.0,
    0.0,
    0.0,
    0.0,
    0.0,
    0.42066051344286576,
    0.0,
    0.0,
    0.0,
    0.0,
    0.0,
    0.0,
    0.0,
    0.0,
    0.0,
    0.0,
    0.8897888196676914,
    0.0,
    0.0,
    0.0,
    0.680930807394917,
    0.0,
    0.7370246702378265,
    0.0,
    0.0,
    0.0,
    0.6492755161675662,
    0.0,
    0.0,
    0.0,
    0.602172531647508,
    0.8131088520020263,
    0.0,
    0.0,
    0.778809811813103,
    0.0,
    0.5958321746965586
  ],
  "estimated_posterior_probability": 55.358219146728516,
  "input": "./smaller_in/Guten_index2338.txt",
  "prevalence_assumed": 0.5,
  "process_length": 80000,
  "gutenberg": {
    "id": 2338,
    "title": "Wilhelm Meisters Lehrjahre — Band 4",
    "authors": [
      {
        "name": "Goethe, Johann Wolfgang von",
        "birth_year": 1749,
        "death_year": 1832
      }
    ],
    "summaries": [
      "\"Wilhelm Meisters Lehrjahre — Band 4\" by Johann Wolfgang von Goethe is a Bildungsroman published in 1795-96. This coming-of-age novel follows Wilhelm Meister's journey of self-realization as he attempts to escape the empty life of a bourgeois businessman. Through failed romance, theatrical pursuits, and encounters with mysterious figures including the androgynous child Mignon, Wilhelm searches for meaning and purpose. His path eventually leads him to commit himself to the enigmatic Tower Society, setting the stage for profound transformation. (This is an automatically generated summary.)"
    ],
    "editors": [],
    "translators": [],
    "subjects": [
      "Bildungsromans",
      "Theater, Traveling -- Fiction"
    ],
    "bookshelves": [
      "Category: German Literature",
      "Category: Novels",
      "DE Prosa",
      "Opera"
    ],
    "languages": [
      "de"
    ],
    "copyright": false,
    "media_type": "Text",
    "formats": {
      "text/html": "https://www.gutenberg.org/ebooks/2338.html.images",
      "application/epub+zip": "https://www.gutenberg.org/ebooks/2338.epub3.images",
      "application/x-mobipocket-ebook": "https://www.gutenberg.org/ebooks/2338.kf8.images",
      "text/plain; charset=us-ascii": "https://www.gutenberg.org/ebooks/2338.txt.utf-8",
      "application/rdf+xml": "https://www.gutenberg.org/ebooks/2338.rdf",
      "image/jpeg": "https://www.gutenberg.org/cache/epub/2338/pg2338.cover.medium.jpg",
      "application/octet-stream": "https://www.gutenberg.org/cache/epub/2338/pg2338-h.zip"
    },
    "download_count": 232
  }
}