{
  "average_entropy_rate": 0.2534526421969949,
  "entropy_rate": [
    0.7705556052665544,
    0.0,
    0.0,
    0.0,
    0.0,
    0.0,
    0.0,
    0.0,
    0.0,
    0.5520548182389752,
    0.8499616411762662,
    0.0,
    0.0,
    0.0,
    0.0,
    0.0,
    0.811654225590429,
    0.0,
    0.0,
    0.0,
    0.0,
    0.0,
    0.7732967840827295,
    0.0,
    0.0,
    0.8538339882764578,
    0.0,
    0.0,
    0.0,
    0.0,
    0.8679707248180832,
    0.0,
    0.8487624811853437,
    0.0,
    0.8163435969577951,
    0.7114141464755067,
    0.8021995676001875,
    0.0,
    0.8819553997602533,
    0.8515553506482103,
    0.0
  ],
  "estimated_posterior_probability": 58.503334045410156,
  "input": "./smaller_in/Guten_index1818.txt",
  "prevalence_assumed": 0.5,
  "process_length": 80000,
  "gutenberg": {
    "id": 1818,
    "title": "The Spy",
    "authors": [
      {
        "name": "Davis, Richard Harding",
        "birth_year": 1864,
        "death_year": 1916
      }
    ],
    "summaries": [
      "\"The Spy\" by Richard Harding Davis is a novel set in the early 20th century. This work combines elements of political intrigue and espionage, following the machinations of spies amidst a backdrop of corporate greed and corruption in the fictional and tumultuous South American country of Valencia. The narrative explores themes of trust, betrayal, and the moral ambiguities of international relations.  The story centers around George Morgan Crosby, who is mistakenly thought to be a spy while he is actually on a legitimate assignment for the State Department. While in Valencia, he encounters various characters, including the unscrupulous Schnitzel, who revels in the world of espionage and deception. As Crosby tries to uncover the truth behind the power struggles involving the Nitrate Trust and the Walker-Keefe crowd, he learns about political imprisonment, betrayal, and the moral decay surrounding the nitrate beds. The climax comes when Schnitzel, entangled in his own web of deceit, is fatally wounded, revealing in his last moments that he was betrayed by his own employers. This revelation captures the essence of the story's exploration of loyalty and the treachery inherent in the world of espionage. (This is an automatically generated summary.)"
    ],
    "editors": [],
    "translators": [],
    "subjects": [
      "Fiction",
      "Short stories"
    ],
    "bookshelves": [
      "Category: Crime, Thrillers and Mystery",
      "Category: Novels"
    ],
    "languages": [
      "en"
    ],
    "copyright": false,
    "media_type": "Text",
    "formats": {
      "text/html": "https://www.gutenberg.org/ebooks/1818.html.images",
      "text/html; charset=utf-8": "https://www.gutenberg.org/files/1818/1818-h/1818-h.htm",
      "application/epub+zip": "https://www.gutenberg.org/ebooks/1818.epub3.images",
      "application/x-mobipocket-ebook": "https://www.gutenberg.org/ebooks/1818.kf8.images",
      "text/plain; charset=us-ascii": "https://www.gutenberg.org/ebooks/1818.txt.utf-8",
      "text/plain; charset=utf-8": "https://www.gutenberg.org/files/1818/1818-0.txt",
      "application/rdf+xml": "https://www.gutenberg.org/ebooks/1818.rdf",
      "image/jpeg": "https://www.gutenberg.org/cache/epub/1818/pg1818.cover.medium.jpg",
      "application/octet-stream": "https://www.gutenberg.org/cache/epub/1818/pg1818-h.zip"
    },
    "download_count": 319
  }
}