{
  "average_entropy_rate": 0.37581897095180866,
  "entropy_rate": [
    0.0,
    0.0,
    0.0,
    0.0,
    0.0,
    0.0,
    0.7940893093884125,
    0.7903026843176975,
    0.0,
    0.0,
    0.9215259053379986,
    0.0,
    0.6505013205515815,
    0.8052235451645837,
    0.0,
    0.0,
    0.0,
    0.8818068033061837,
    0.0,
    0.0,
    0.0,
    0.0,
    0.0,
    0.0,
    0.7797397430165491,
    0.0,
    0.8007859882447107,
    0.7841582489206824,
    0.0,
    0.8676678690784819,
    0.0,
    0.0,
    0.7575896917831794,
    0.8146284761375431,
    0.8779552731215001,
    0.7956891886158671,
    0.7803283440385335,
    0.8364713186888806,
    0.7858601603950565,
    0.9208841994990528,
    0.7633697394176611
  ],
  "estimated_posterior_probability": 64.29829406738281,
  "input": "./smaller_in/Guten_index1515.txt",
  "prevalence_assumed": 0.5,
  "process_length": 80000,
  "gutenberg": {
    "id": 1515,
    "title": "The Merchant of Venice",
    "authors": [
      {
        "name": "Shakespeare, William",
        "birth_year": 1564,
        "death_year": 1616
      }
    ],
    "summaries": [
      "\"The Merchant of Venice\" by William Shakespeare is a play written between 1596 and 1598. When a Venetian merchant defaults on a loan from Jewish moneylender Shylock, who demands a pound of flesh as payment, fatal consequences loom. Though classified as a comedy, the play is best remembered for its dramatic scenes and Shylock's character. It features famous speeches on humanity and mercy, while sparking ongoing debate about whether the work is antisemitic in its portrayal of discrimination and justice. (This is an automatically generated summary.)"
    ],
    "editors": [],
    "translators": [],
    "subjects": [
      "Comedy plays",
      "Jews -- Italy -- Drama",
      "Moneylenders -- Drama",
      "Venice (Italy) -- Drama"
    ],
    "bookshelves": [
      "Banned Books from Anne Haight's list",
      "Category: British Literature",
      "Category: Classics of Literature",
      "Category: Plays/Films/Dramas"
    ],
    "languages": [
      "en"
    ],
    "copyright": false,
    "media_type": "Text",
    "formats": {
      "text/html": "https://www.gutenberg.org/ebooks/1515.html.images",
      "application/epub+zip": "https://www.gutenberg.org/ebooks/1515.epub3.images",
      "application/x-mobipocket-ebook": "https://www.gutenberg.org/ebooks/1515.kf8.images",
      "text/plain; charset=us-ascii": "https://www.gutenberg.org/ebooks/1515.txt.utf-8",
      "application/rdf+xml": "https://www.gutenberg.org/ebooks/1515.rdf",
      "image/jpeg": "https://www.gutenberg.org/cache/epub/1515/pg1515.cover.medium.jpg",
      "application/octet-stream": "https://www.gutenberg.org/cache/epub/1515/pg1515-h.zip"
    },
    "download_count": 3083
  }
}