{
  "average_entropy_rate": 0.0308990079062775,
  "entropy_rate": [
    0.19419011538178785,
    0.23117870878784258,
    0.0,
    0.0,
    0.0,
    0.0,
    0.0,
    0.0,
    0.0,
    0.0,
    0.0,
    0.0,
    0.0,
    0.0,
    0.0,
    0.0,
    0.0,
    0.0,
    0.0,
    0.0,
    0.0,
    0.0,
    0.0,
    0.0,
    0.0,
    0.0,
    0.0,
    0.0,
    0.0,
    0.0,
    0.0,
    0.3236501923029797,
    0.19419011538178785,
    0.3236501923029797,
    0.0,
    0.0,
    0.0,
    0.0,
    0.0,
    0.0,
    0.0
  ],
  "estimated_posterior_probability": 50.85466003417969,
  "input": "./smaller_in/Guten_index4662.txt",
  "prevalence_assumed": 0.5,
  "process_length": 80000,
  "gutenberg": {
    "id": 4662,
    "title": "Narcissism Book of Quotes: A Selection of Quotes from the Collective Wisdom of over 12,000 Individual Discussions",
    "authors": [],
    "summaries": [],
    "editors": [
      {
        "name": "Vaknin, Samuel",
        "birth_year": 1961,
        "death_year": null
      }
    ],
    "translators": [],
    "subjects": [
      "Narcissism"
    ],
    "bookshelves": [
      "Category: Psychiatry/Psychology"
    ],
    "languages": [
      "en"
    ],
    "copyright": true,
    "media_type": "Text",
    "formats": {
      "text/html": "https://www.gutenberg.org/ebooks/4662.html.images",
      "application/epub+zip": "https://www.gutenberg.org/ebooks/4662.epub3.images",
      "text/rtf": "https://www.gutenberg.org/files/4662/4662-r/4662.rtf",
      "application/x-mobipocket-ebook": "https://www.gutenberg.org/ebooks/4662.kf8.images",
      "text/plain; charset=us-ascii": "https://www.gutenberg.org/ebooks/4662.txt.utf-8",
      "application/rdf+xml": "https://www.gutenberg.org/ebooks/4662.rdf",
      "image/jpeg": "https://www.gutenberg.org/cache/epub/4662/pg4662.cover.medium.jpg",
      "application/octet-stream": "https://www.gutenberg.org/cache/epub/4662/pg4662-h.zip"
    },
    "download_count": 440
  }
}