{
  "average_entropy_rate": 0.3685837228172979,
  "entropy_rate": [
    0.5580833163788551,
    0.910233145966552,
    0.0,
    0.6655255366146139,
    0.0,
    0.0,
    0.0,
    0.6867232758884277,
    0.0,
    0.0,
    0.6829720724354817,
    0.6813558605058181,
    0.0,
    0.0,
    0.0,
    0.9857330804971269,
    0.0,
    0.0,
    0.0,
    0.0,
    0.0,
    0.0,
    0.8344588442542932,
    0.0,
    0.0,
    0.9488612317171009,
    0.0,
    0.0,
    0.0,
    0.0,
    0.0,
    0.7888689172120072,
    0.9849707066622005,
    0.5312240271372732,
    0.810979105462166,
    0.6482115786383655,
    0.7110690930656717,
    0.9865193320834472,
    0.8191992072081004,
    0.9166556055560077,
    0.9602886982257051
  ],
  "estimated_posterior_probability": 63.91332244873047,
  "input": "./smaller_in/Guten_index4120.txt",
  "prevalence_assumed": 0.5,
  "process_length": 80000,
  "gutenberg": {
    "id": 4120,
    "title": "Diary of Samuel Pepys — Volume 04: March/April 1659-1660",
    "authors": [
      {
        "name": "Pepys, Samuel",
        "birth_year": 1633,
        "death_year": 1703
      }
    ],
    "summaries": [
      "The \"Diary of Samuel Pepys — Volume 04: March/April 1659-1660\" by Samuel Pepys is a historical account written in the mid-17th century, during a tumultuous period in England marked by the aftermath of the English Civil War and the Interregnum. This volume of Pepys' diary documents his daily life, observations, and the political climate surrounding him as England navigates the potential restoration of Charles II to the throne. The diary serves not only as a personal record but also as a reflection of the complexities of English governance and society in a time of political change.  In this volume, Pepys details various events and personal interactions with significant figures of the time, including discussions about the future of the monarchy and the political maneuvers among parliamentarians and military leaders. He records his daily activities, such as attending meetings, socializing with friends, and managing his affairs, all while constantly updating his views on the shifting political landscape, especially regarding General Monk's influence on the Parliament and the perceived inevitability of the King's return. Themes of loyalty, governance, and personal responsibility run through his reflections as he balances his duties as a public servant with his private concerns, particularly regarding his family and health. As the restoration of the monarchy grows more likely, readers witness both the uncertainty and the hope that characterize this pivotal moment in English history. (This is an automatically generated summary.)"
    ],
    "editors": [
      {
        "name": "Wheatley, Henry B. (Henry Benjamin)",
        "birth_year": 1838,
        "death_year": 1917
      },
      {
        "name": "Braybrooke, Richard Griffin, Baron",
        "birth_year": 1783,
        "death_year": 1858
      }
    ],
    "translators": [
      {
        "name": "Bright, Mynors",
        "birth_year": 1818,
        "death_year": 1883
      }
    ],
    "subjects": [
      "Cabinet officers -- Great Britain -- Diaries",
      "Diarists -- Great Britain -- Diaries",
      "Great Britain -- History -- Charles II, 1660-1685 -- Sources",
      "Great Britain -- Social life and customs -- 17th century -- Sources",
      "Pepys, Samuel, 1633-1703 -- Diaries"
    ],
    "bookshelves": [
      "Category: Biographies",
      "Category: History - British",
      "Category: History - Early Modern (c. 1450-1750)"
    ],
    "languages": [
      "en"
    ],
    "copyright": false,
    "media_type": "Text",
    "formats": {
      "text/html": "https://www.gutenberg.org/ebooks/4120.html.images",
      "application/epub+zip": "https://www.gutenberg.org/ebooks/4120.epub3.images",
      "application/x-mobipocket-ebook": "https://www.gutenberg.org/ebooks/4120.kf8.images",
      "text/plain; charset=us-ascii": "https://www.gutenberg.org/ebooks/4120.txt.utf-8",
      "application/rdf+xml": "https://www.gutenberg.org/ebooks/4120.rdf",
      "image/jpeg": "https://www.gutenberg.org/cache/epub/4120/pg4120.cover.medium.jpg",
      "application/octet-stream": "https://www.gutenberg.org/files/4120/4120.zip"
    },
    "download_count": 241
  }
}