{
  "average_entropy_rate": 0.37727677483831346,
  "entropy_rate": [
    0.0,
    0.7957630116441902,
    0.0,
    0.8737229255402613,
    0.0,
    0.7697455343050673,
    0.0,
    0.0,
    0.7479972270852485,
    0.0,
    0.0,
    0.0,
    0.7248612192457073,
    0.6519371277454215,
    0.0,
    0.7704371603854793,
    0.0,
    0.7276358344088165,
    0.0,
    0.6958665844665627,
    0.0,
    0.0,
    0.0,
    0.8428661812504786,
    0.0,
    0.0,
    0.0,
    0.8709738020017774,
    0.0,
    0.0,
    0.0,
    0.0,
    0.7083221075731119,
    0.829739113327358,
    0.751444887335404,
    0.7151647906973616,
    0.8005514653035486,
    0.7130296068667058,
    0.7151855331737353,
    0.8984199280282497,
    0.8646837279863665
  ],
  "estimated_posterior_probability": 64.37601470947266,
  "input": "./smaller_in/Guten_index1792.txt",
  "prevalence_assumed": 0.5,
  "process_length": 80000,
  "gutenberg": {
    "id": 1792,
    "title": "Measure for Measure",
    "authors": [
      {
        "name": "Shakespeare, William",
        "birth_year": 1564,
        "death_year": 1616
      }
    ],
    "summaries": [
      "\"Measure for Measure\" by William Shakespeare is a play written in 1603 or 1604. When Vienna's Duke secretly disguises himself as a friar to observe his city, he leaves the strict Angelo in charge. Angelo revives harsh laws and sentences young Claudio to death for fornication, then propositions Claudio's virtuous sister Isabella with a corrupt bargain: her virginity for her brother's life. What follows involves deception, disguise, and moral dilemmas that blend comedy with darker themes, making this one of Shakespeare's most enigmatic problem plays. (This is an automatically generated summary.)"
    ],
    "editors": [],
    "translators": [],
    "subjects": [
      "Chastity -- Drama",
      "Comedy plays",
      "Siblings -- Drama",
      "Vienna (Austria) -- Drama"
    ],
    "bookshelves": [
      "Category: British Literature",
      "Category: Classics of Literature",
      "Category: Plays/Films/Dramas"
    ],
    "languages": [
      "en"
    ],
    "copyright": false,
    "media_type": "Text",
    "formats": {
      "text/html": "https://www.gutenberg.org/ebooks/1792.html.images",
      "application/epub+zip": "https://www.gutenberg.org/ebooks/1792.epub3.images",
      "application/x-mobipocket-ebook": "https://www.gutenberg.org/ebooks/1792.kf8.images",
      "text/plain; charset=us-ascii": "https://www.gutenberg.org/ebooks/1792.txt.utf-8",
      "application/rdf+xml": "https://www.gutenberg.org/ebooks/1792.rdf",
      "image/jpeg": "https://www.gutenberg.org/cache/epub/1792/pg1792.cover.medium.jpg",
      "application/octet-stream": "https://www.gutenberg.org/cache/epub/1792/pg1792-h.zip"
    },
    "download_count": 225
  }
}