{
  "average_entropy_rate": 0.18421985704884813,
  "entropy_rate": [
    0.0,
    0.4847129625079774,
    0.0,
    0.0,
    0.0,
    0.0,
    0.432789823638384,
    0.0,
    0.0,
    0.5547503915741194,
    0.0,
    0.0,
    0.0,
    0.0,
    0.0,
    0.0,
    0.0,
    0.0,
    0.0,
    0.0,
    0.0,
    0.0,
    0.0,
    0.0,
    0.5425086590297042,
    0.6841713859870178,
    0.0,
    0.6479873612055663,
    0.4919542865811874,
    0.0,
    0.0,
    0.0,
    0.33309200960975643,
    0.47329176711187276,
    0.5443991994853765,
    0.0,
    0.0,
    0.5837897112160513,
    0.5104642018339759,
    0.7123083075069035,
    0.5567940717148796
  ],
  "estimated_posterior_probability": 55.79435348510742,
  "input": "./smaller_in/Guten_index2557.txt",
  "prevalence_assumed": 0.5,
  "process_length": 80000,
  "gutenberg": {
    "id": 2557,
    "title": "Old Mother West Wind",
    "authors": [
      {
        "name": "Burgess, Thornton W. (Thornton Waldo)",
        "birth_year": 1874,
        "death_year": 1965
      }
    ],
    "summaries": [
      "\"Old Mother West Wind\" by Thornton W. Burgess is a delightful children's book written in the early 20th century. The book is a collection of whimsical stories that introduce young readers to the adventures of various animal characters living in the meadows and woods. Through these tales, readers are engaged with themes of friendship, mischief, and life lessons in a charming and playful manner.  The narrative revolves around Old Mother West Wind, who, accompanied by her cheerful children, the Merry Little Breezes, brings joy and playful antics to the animal inhabitants of the Green Meadows and the Smiling Pool. Each story highlights different characters, like Johnny Chuck, Reddy Fox, and Sammy Jay, as they experience a range of adventures that include humorous mishaps, valuable life lessons, and interactions with nature. From the clever schemes of the breezes to the antics of various wildlife, the tales emphasize friendship and the importance of community while incorporating light moral teachings relevant to young readers. Overall, this collection captures the essence of nature and childhood wonderment through imaginative storytelling. (This is an automatically generated summary.)"
    ],
    "editors": [],
    "translators": [],
    "subjects": [
      "Animals -- Juvenile fiction",
      "Children's stories, American"
    ],
    "bookshelves": [
      "Category: Children & Young Adult Reading",
      "Category: Short Stories",
      "Children's Book Series",
      "Children's Literature"
    ],
    "languages": [
      "en"
    ],
    "copyright": false,
    "media_type": "Text",
    "formats": {
      "text/html": "https://www.gutenberg.org/ebooks/2557.html.images",
      "text/html; charset=utf-8": "https://www.gutenberg.org/files/2557/2557-h/2557-h.htm",
      "application/epub+zip": "https://www.gutenberg.org/ebooks/2557.epub3.images",
      "application/x-mobipocket-ebook": "https://www.gutenberg.org/ebooks/2557.kf8.images",
      "text/plain; charset=us-ascii": "https://www.gutenberg.org/ebooks/2557.txt.utf-8",
      "text/plain; charset=utf-8": "https://www.gutenberg.org/files/2557/2557-0.txt",
      "application/rdf+xml": "https://www.gutenberg.org/ebooks/2557.rdf",
      "image/jpeg": "https://www.gutenberg.org/cache/epub/2557/pg2557.cover.medium.jpg",
      "application/octet-stream": "https://www.gutenberg.org/cache/epub/2557/pg2557-h.zip"
    },
    "download_count": 632
  }
}