{
  "average_entropy_rate": 0.05907022346225473,
  "entropy_rate": [
    0.0,
    0.0,
    0.0,
    0.0,
    0.0,
    0.0,
    0.0,
    0.2917045702660909,
    0.2986738623870325,
    0.0,
    0.0,
    0.0,
    0.0,
    0.0,
    0.0,
    0.0,
    0.0,
    0.0,
    0.32937959639171444,
    0.0,
    0.0,
    0.0,
    0.0,
    0.0,
    0.0,
    0.0,
    0.0,
    0.31781472835955316,
    0.0,
    0.0,
    0.0,
    0.0,
    0.0,
    0.2963493371537669,
    0.0,
    0.0,
    0.303270671346379,
    0.0,
    0.2717822215997982,
    0.3129041744481093,
    0.0
  ],
  "estimated_posterior_probability": 51.66896438598633,
  "input": "./smaller_in/Guten_index3697.txt",
  "prevalence_assumed": 0.5,
  "process_length": 80000,
  "gutenberg": {
    "id": 3697,
    "title": "A Century of Roundels",
    "authors": [
      {
        "name": "Swinburne, Algernon Charles",
        "birth_year": 1837,
        "death_year": 1909
      }
    ],
    "summaries": [
      "\"A Century of Roundels\" by Algernon Charles Swinburne is a collection of poetry written in the late 19th century, specifically within the Victorian era. This book captures a rich tapestry of the human experience through the lens of poetic forms known as roundels, which often reflect on themes of love, loss, time, and nature. It showcases Swinburne's signature style, emphasizing musicality and emotional depth, focusing on the myriad of feelings that define our existence.  The collection features a series of roundels that delve into various aspects of life, love, and mortality. Swinburne explores the impact of time on human emotions, reminiscing about the past while grappling with the inevitability of death. The poetry often reflects personal sentiments tied to friendships and experiences, addressing both the joy and sorrow intertwined with love. Notable inclusions are meditations on the deaths of friends and artistic figures like Richard Wagner, along with musings on childhood and the passage of time. Through vivid imagery and lyrical beauty, Swinburne masterfully captures the essence of human longing and the transient nature of life. (This is an automatically generated summary.)"
    ],
    "editors": [],
    "translators": [],
    "subjects": [
      "English poetry -- 19th century"
    ],
    "bookshelves": [
      "Category: British Literature",
      "Category: Poetry"
    ],
    "languages": [
      "en"
    ],
    "copyright": false,
    "media_type": "Text",
    "formats": {
      "text/html": "https://www.gutenberg.org/ebooks/3697.html.images",
      "application/epub+zip": "https://www.gutenberg.org/ebooks/3697.epub3.images",
      "application/x-mobipocket-ebook": "https://www.gutenberg.org/ebooks/3697.kf8.images",
      "text/plain; charset=us-ascii": "https://www.gutenberg.org/ebooks/3697.txt.utf-8",
      "application/rdf+xml": "https://www.gutenberg.org/ebooks/3697.rdf",
      "image/jpeg": "https://www.gutenberg.org/cache/epub/3697/pg3697.cover.medium.jpg",
      "application/octet-stream": "https://www.gutenberg.org/files/3697/3697-0.zip"
    },
    "download_count": 310
  }
}