{
  "average_entropy_rate": 0.15857808914456134,
  "entropy_rate": [
    0.6620907990703189,
    0.0,
    0.0,
    0.0,
    0.0,
    0.5331581262635425,
    0.0,
    0.0,
    0.0,
    0.0,
    0.0,
    0.0,
    0.0,
    0.0,
    0.6360197913824778,
    0.0,
    0.0,
    0.6627737080139314,
    0.0,
    0.0,
    0.0,
    0.0,
    0.0,
    0.0,
    0.0,
    0.0,
    0.0,
    0.0,
    0.0,
    0.647770391731745,
    0.0,
    0.0,
    0.7609640480340134,
    0.6645011891253376,
    0.6599855828859259,
    0.0,
    0.0,
    0.6098588060476225,
    0.0,
    0.0,
    0.6645792123720998
  ],
  "estimated_posterior_probability": 54.87266159057617,
  "input": "./smaller_in/Guten_index3305.txt",
  "prevalence_assumed": 0.5,
  "process_length": 80000,
  "gutenberg": {
    "id": 3305,
    "title": "Ballads of Peace in War",
    "authors": [
      {
        "name": "Earls, Michael",
        "birth_year": 1873,
        "death_year": 1937
      }
    ],
    "summaries": [
      "\"Ballads of Peace in War\" by Michael Earls is a collection of poetry that likely emerged during the early 20th century. The work primarily reflects on themes of conflict, loss, and the search for peace amid the tumult of war, capturing the emotional and spiritual struggles faced by individuals and communities. Earls employs rich imagery and lyrical language to explore the human condition in the context of warfare and longing for tranquility.  The poems in this collection evoke a sense of nostalgia and elevation through their portrayal of love, faith, and the yearning for a brighter future. Each piece brings to life stories of soldiers and their loved ones, the comfort found in faith, and the bittersweet experiences of life during wartime. With narratives such as the valiant young lad going off to war and idyllic scenes underscoring the enduring spirit of hope, Earls crafts a tapestry of voices that resonate with the collective yearning for peace, connection, and resilience in the face of hardship. The overall tone shifts between somber reflection and uplifting hope, making this work a poignant tribute to the power of the human spirit amidst the challenges of war. (This is an automatically generated summary.)"
    ],
    "editors": [],
    "translators": [],
    "subjects": [
      "American poetry"
    ],
    "bookshelves": [
      "Category: Poetry"
    ],
    "languages": [
      "en"
    ],
    "copyright": false,
    "media_type": "Text",
    "formats": {
      "text/html": "https://www.gutenberg.org/ebooks/3305.html.images",
      "application/epub+zip": "https://www.gutenberg.org/ebooks/3305.epub3.images",
      "application/x-mobipocket-ebook": "https://www.gutenberg.org/ebooks/3305.kf8.images",
      "text/plain; charset=us-ascii": "https://www.gutenberg.org/ebooks/3305.txt.utf-8",
      "application/rdf+xml": "https://www.gutenberg.org/ebooks/3305.rdf",
      "image/jpeg": "https://www.gutenberg.org/cache/epub/3305/pg3305.cover.medium.jpg",
      "application/octet-stream": "https://www.gutenberg.org/files/3305/3305-h.zip"
    },
    "download_count": 318
  }
}