{
  "average_entropy_rate": 0.33769000297692336,
  "entropy_rate": [
    0.0,
    0.0,
    0.0,
    0.0,
    0.0,
    0.0,
    0.0,
    0.0,
    0.0,
    0.0,
    0.0,
    0.8680597549959752,
    0.0,
    0.6930879972241774,
    0.6994158893780298,
    0.0,
    0.7119861278827166,
    0.6397672449066193,
    0.0,
    0.0,
    0.0,
    0.6630506612980757,
    0.9200241717229246,
    0.0,
    0.0,
    0.0,
    0.8877486741742829,
    0.0,
    0.0,
    0.0,
    0.894956884638847,
    0.0,
    0.673678454049943,
    0.6611504463696021,
    0.8574974943804408,
    0.6376676078841721,
    0.7056593738902432,
    0.6488009970021897,
    0.921218857749164,
    0.9101062181854441,
    0.8514132663210112
  ],
  "estimated_posterior_probability": 62.330257415771484,
  "input": "./smaller_in/Guten_index4183.txt",
  "prevalence_assumed": 0.5,
  "process_length": 80000,
  "gutenberg": {
    "id": 4183,
    "title": "Diary of Samuel Pepys — Volume 60: December 1667",
    "authors": [
      {
        "name": "Pepys, Samuel",
        "birth_year": 1633,
        "death_year": 1703
      }
    ],
    "summaries": [
      "\"Diary of Samuel Pepys — Volume 60: December 1667\" by Samuel Pepys is a historical account written in the 17th century, specifically during the Restoration period in England. This volume is part of Pepys' extensive diary that chronicles his daily life, thoughts, and the political affairs of his time, providing a unique insight into the social, cultural, and political landscape of post-Cromwell England.  In this volume, Pepys documents various aspects of his life in December 1667, including interactions with notable figures and personal reflections. He discusses significant political tensions, particularly surrounding the Parliament and the exiled Lord Chancellor. Pepys also deals with his own financial matters, including lending money to acquaintances and managing his accounts. The narrative is peppered with observations on social events, church visits, and his relationships with colleagues and family. Throughout, Pepys' keen attention to detail and candid reflections present a vivid portrayal of life and politics during a turbulent time in English history. (This is an automatically generated summary.)"
    ],
    "editors": [
      {
        "name": "Wheatley, Henry B. (Henry Benjamin)",
        "birth_year": 1838,
        "death_year": 1917
      },
      {
        "name": "Braybrooke, Richard Griffin, Baron",
        "birth_year": 1783,
        "death_year": 1858
      }
    ],
    "translators": [
      {
        "name": "Bright, Mynors",
        "birth_year": 1818,
        "death_year": 1883
      }
    ],
    "subjects": [
      "Cabinet officers -- Great Britain -- Diaries",
      "Diarists -- Great Britain -- Diaries",
      "Great Britain -- History -- Charles II, 1660-1685 -- Sources",
      "Great Britain -- Social life and customs -- 17th century -- Sources",
      "Pepys, Samuel, 1633-1703 -- Diaries"
    ],
    "bookshelves": [
      "Category: Biographies",
      "Category: History - British"
    ],
    "languages": [
      "en"
    ],
    "copyright": false,
    "media_type": "Text",
    "formats": {
      "text/html": "https://www.gutenberg.org/ebooks/4183.html.images",
      "application/epub+zip": "https://www.gutenberg.org/ebooks/4183.epub3.images",
      "application/x-mobipocket-ebook": "https://www.gutenberg.org/ebooks/4183.kf8.images",
      "text/plain; charset=us-ascii": "https://www.gutenberg.org/ebooks/4183.txt.utf-8",
      "application/rdf+xml": "https://www.gutenberg.org/ebooks/4183.rdf",
      "image/jpeg": "https://www.gutenberg.org/cache/epub/4183/pg4183.cover.medium.jpg",
      "application/octet-stream": "https://www.gutenberg.org/files/4183/4183.zip"
    },
    "download_count": 329
  }
}