{
  "average_entropy_rate": 0.2261334447660814,
  "entropy_rate": [
    0.0,
    0.0,
    0.0,
    0.6528391098225066,
    0.0,
    0.0,
    0.42956607941957137,
    0.0,
    0.565533519181098,
    0.0,
    0.41717350607851583,
    0.0,
    0.0,
    0.0,
    0.0,
    0.0,
    0.0,
    0.0,
    0.0,
    0.5737084268666491,
    0.0,
    0.0,
    0.45646583916619304,
    0.5695411604280642,
    0.0,
    0.0,
    0.0,
    0.0,
    0.6491965586706208,
    0.0,
    0.0,
    0.6203226163805521,
    0.6275812079596137,
    0.4586804085355384,
    0.5868744132394815,
    0.0,
    0.43419636450518134,
    0.5229635541329574,
    0.6126176042056131,
    0.6668179709649994,
    0.42739289585218265
  ],
  "estimated_posterior_probability": 57.39248275756836,
  "input": "./smaller_in/Guten_index3497.txt",
  "prevalence_assumed": 0.5,
  "process_length": 80000,
  "gutenberg": {
    "id": 3497,
    "title": "The Swiss Twins",
    "authors": [
      {
        "name": "Perkins, Lucy Fitch",
        "birth_year": 1865,
        "death_year": 1937
      }
    ],
    "summaries": [
      "\"The Swiss Twins\" by Lucy Fitch Perkins is a children's novel written during the early 20th century. This delightful story revolves around the adventures of two lively Swiss children, Seppi and Leneli, as they navigate the challenges of rural life in the Swiss Alps while learning about responsibility, bravery, and the importance of family.   The narrative follows the twins after their older brother, Fritz, and their father, Adolf, leave to tend to cattle in the high alps for the summer. With the responsibility of caring for their own goats, Seppi and Leneli embark on a journey filled with excitement, challenges, and a few perilous situations. They encounter a mountain storm, evade an eagle attack, and even face an avalanche while ensuring the safety of their goats and themselves. The twins’ bravery and cleverness shine through as they learn valuable lessons, ultimately reuniting with their mother in a heartwarming conclusion, proving that even young children can rise to face daunting circumstances and act heroically in the name of family. (This is an automatically generated summary.)"
    ],
    "editors": [],
    "translators": [],
    "subjects": [
      "Switzerland -- Fiction",
      "Twins -- Juvenile fiction"
    ],
    "bookshelves": [
      "Category: Adventure",
      "Category: Children & Young Adult Reading",
      "Category: Novels",
      "Children's Book Series"
    ],
    "languages": [
      "en"
    ],
    "copyright": false,
    "media_type": "Text",
    "formats": {
      "text/html": "https://www.gutenberg.org/ebooks/3497.html.images",
      "application/epub+zip": "https://www.gutenberg.org/ebooks/3497.epub3.images",
      "application/x-mobipocket-ebook": "https://www.gutenberg.org/ebooks/3497.kf8.images",
      "text/plain; charset=us-ascii": "https://www.gutenberg.org/ebooks/3497.txt.utf-8",
      "application/rdf+xml": "https://www.gutenberg.org/ebooks/3497.rdf",
      "image/jpeg": "https://www.gutenberg.org/cache/epub/3497/pg3497.cover.medium.jpg",
      "application/octet-stream": "https://www.gutenberg.org/files/3497/3497.zip"
    },
    "download_count": 172
  }
}