{
  "average_entropy_rate": 0.3721423414157358,
  "entropy_rate": [
    0.687580938496514,
    0.7762483627345733,
    0.7773300292886892,
    0.0,
    0.7597631993263738,
    0.0,
    0.7274183704850995,
    0.0,
    0.7876023849150336,
    0.0,
    0.0,
    0.0,
    0.0,
    0.8974602408297927,
    0.0,
    0.7399405101994186,
    0.6015913320286409,
    0.0,
    0.0,
    0.0,
    0.782202524982934,
    0.0,
    0.0,
    0.0,
    0.0,
    0.0,
    0.0,
    0.0,
    0.0,
    0.8000358459385473,
    0.0,
    0.0,
    0.754001325489902,
    0.7260337756395114,
    0.8128543329747725,
    0.6796521937954789,
    0.7824170360384783,
    0.8406534360707831,
    0.7806860715183335,
    0.7055737631870268,
    0.8387903241052651
  ],
  "estimated_posterior_probability": 64.09896850585938,
  "input": "./smaller_in/Guten_index3765.txt",
  "prevalence_assumed": 0.5,
  "process_length": 80000,
  "gutenberg": {
    "id": 3765,
    "title": "Coniston — Volume 04",
    "authors": [
      {
        "name": "Churchill, Winston",
        "birth_year": 1871,
        "death_year": 1947
      }
    ],
    "summaries": [
      "\"Coniston — Volume 04\" by Winston Churchill is the fourth volume of a novel published in 1906. Set against the backdrop of New Hampshire politics, the story centers on the world of political power and influence in small-town America. The narrative features Jethro Bass, a political boss character based on real New Hampshire politician Ruel Durkee, whose portrayal sparked controversy among contemporaries. Churchill, himself a state legislator during the book's publication, drew from authentic political landscapes and actual New Hampshire locations to craft this bestselling work that captured the American imagination. (This is an automatically generated summary.)"
    ],
    "editors": [],
    "translators": [],
    "subjects": [
      "New England -- Fiction",
      "New England -- Politics and government -- Fiction"
    ],
    "bookshelves": [
      "Bestsellers, American, 1895-1923",
      "Category: American Literature",
      "Category: Novels"
    ],
    "languages": [
      "en"
    ],
    "copyright": false,
    "media_type": "Text",
    "formats": {
      "text/html": "https://www.gutenberg.org/ebooks/3765.html.images",
      "application/epub+zip": "https://www.gutenberg.org/ebooks/3765.epub3.images",
      "application/x-mobipocket-ebook": "https://www.gutenberg.org/ebooks/3765.kf8.images",
      "text/plain; charset=us-ascii": "https://www.gutenberg.org/ebooks/3765.txt.utf-8",
      "application/rdf+xml": "https://www.gutenberg.org/ebooks/3765.rdf",
      "image/jpeg": "https://www.gutenberg.org/cache/epub/3765/pg3765.cover.medium.jpg",
      "application/octet-stream": "https://www.gutenberg.org/files/3765/3765.zip"
    },
    "download_count": 196
  }
}