{
  "average_entropy_rate": 0.2267107220826136,
  "entropy_rate": [
    0.0,
    0.0,
    0.0,
    0.0,
    0.7095596516447986,
    0.42416850589746047,
    0.0,
    0.41488312549801687,
    0.0,
    0.0,
    0.0,
    0.7047242295129359,
    0.0,
    0.0,
    0.4359699725030145,
    0.0,
    0.0,
    0.0,
    0.0,
    0.4681551859737404,
    0.0,
    0.0,
    0.6990843766355986,
    0.0,
    0.0,
    0.0,
    0.6735883694817577,
    0.0,
    0.0,
    0.0,
    0.0,
    0.0,
    0.4600442487072077,
    0.7005122256297848,
    0.6831573285181992,
    0.44229288362649705,
    0.41557066757451083,
    0.7068755498653807,
    0.716342995729066,
    0.6402102885891885,
    0.0
  ],
  "estimated_posterior_probability": 57.413597106933594,
  "input": "./smaller_in/Guten_index3602.txt",
  "prevalence_assumed": 0.5,
  "process_length": 80000,
  "gutenberg": {
    "id": 3602,
    "title": "Cupid's Understudy",
    "authors": [
      {
        "name": "Field, Salisbury",
        "birth_year": 1878,
        "death_year": 1936
      }
    ],
    "summaries": [
      "\"Cupid's Understudy\" by Edward Salisbury Field is a novel likely written in the early 20th century, characterized by its light-hearted narrative and romantic themes. Set predominantly in southern California, it explores social status, love, and personal identity through the lens of the protagonist, Elizabeth Middleton, and her relationships influenced by her father's rags-to-riches story. The book likely examines the complexities of love and societal expectations against a vibrant Californian backdrop.  The story follows Elizabeth Middleton, whose life dramatically changes due to her father's unexpected fortune from a livery-stable that leads to the discovery of a rich gold mine. As Elizabeth navigates her new social status, she encounters Blakely Porter, a civil engineer, on the journey from New York to California. The budding romance between Elizabeth and Blakely is woven with complications from his aristocratic family, particularly his mother, who initially disapproves of their relationship. Amidst social gatherings and the arrival of a grand duke, the narrative culminates in Elizabeth's challenges with societal expectations and family dynamics, as they plan their marriage while circumventing the pressures of Blakely's affluent background. (This is an automatically generated summary.)"
    ],
    "editors": [],
    "translators": [],
    "subjects": [
      "California -- Fiction",
      "Love stories",
      "Social classes -- Fiction"
    ],
    "bookshelves": [
      "Category: American Literature",
      "Category: Novels",
      "Category: Romance"
    ],
    "languages": [
      "en"
    ],
    "copyright": false,
    "media_type": "Text",
    "formats": {
      "text/html": "https://www.gutenberg.org/ebooks/3602.html.images",
      "application/epub+zip": "https://www.gutenberg.org/ebooks/3602.epub3.images",
      "application/x-mobipocket-ebook": "https://www.gutenberg.org/ebooks/3602.kf8.images",
      "text/plain; charset=us-ascii": "https://www.gutenberg.org/ebooks/3602.txt.utf-8",
      "application/rdf+xml": "https://www.gutenberg.org/ebooks/3602.rdf",
      "image/jpeg": "https://www.gutenberg.org/cache/epub/3602/pg3602.cover.medium.jpg",
      "application/octet-stream": "https://www.gutenberg.org/files/3602/3602-h.zip"
    },
    "download_count": 251
  }
}