{
  "average_entropy_rate": 0.1445044711914837,
  "entropy_rate": [
    0.4879153732601279,
    0.4080746758175616,
    0.49223049286718445,
    0.0,
    0.0,
    0.0,
    0.0,
    0.0,
    0.0,
    0.0,
    0.0,
    0.0,
    0.0,
    0.0,
    0.0,
    0.0,
    0.0,
    0.0,
    0.0,
    0.5478976223312572,
    0.5478976223312572,
    0.6563073238229119,
    0.0,
    0.0,
    0.0,
    0.0,
    0.0,
    0.0,
    0.0,
    0.0,
    0.0,
    0.0,
    0.49223049286718445,
    0.4316174455762671,
    0.6563073238229119,
    0.0,
    0.0,
    0.5478976223312572,
    0.6563073238229119,
    0.0,
    0.0
  ],
  "estimated_posterior_probability": 54.38571548461914,
  "input": "./smaller_in/Guten_index519.txt",
  "prevalence_assumed": 0.5,
  "process_length": 80000,
  "gutenberg": {
    "id": 519,
    "title": "A Kidnapped Santa Claus",
    "authors": [
      {
        "name": "Baum, L. Frank (Lyman Frank)",
        "birth_year": 1856,
        "death_year": 1919
      }
    ],
    "summaries": [
      "\"A Kidnapped Santa Claus\" by L. Frank Baum is a Christmas-themed short story published in 1904. Set in the same mythological world as Baum's earlier novel about Santa Claus, the tale features five Daemons who resent Santa's influence over children. When they fail to tempt him into selfishness, envy, and hatred, they kidnap him on Christmas Eve. Santa's magical helpers must scramble to deliver gifts while an army prepares to rescue him—but the resolution brings an unexpected turn involving repentance and forgiveness. (This is an automatically generated summary.)"
    ],
    "editors": [],
    "translators": [],
    "subjects": [
      "Christmas stories",
      "Fantasy literature",
      "Santa Claus -- Juvenile fiction"
    ],
    "bookshelves": [
      "Category: Children & Young Adult Reading",
      "Category: Mythology, Legends & Folklore",
      "Children's Literature",
      "Christmas"
    ],
    "languages": [
      "en"
    ],
    "copyright": false,
    "media_type": "Text",
    "formats": {
      "text/html": "https://www.gutenberg.org/ebooks/519.html.images",
      "application/epub+zip": "https://www.gutenberg.org/ebooks/519.epub3.images",
      "application/x-mobipocket-ebook": "https://www.gutenberg.org/ebooks/519.kf8.images",
      "text/plain; charset=us-ascii": "https://www.gutenberg.org/ebooks/519.txt.utf-8",
      "application/rdf+xml": "https://www.gutenberg.org/ebooks/519.rdf",
      "image/jpeg": "https://www.gutenberg.org/cache/epub/519/pg519.cover.medium.jpg",
      "application/octet-stream": "https://www.gutenberg.org/cache/epub/519/pg519-h.zip"
    },
    "download_count": 2546
  }
}