{
  "average_entropy_rate": 0.26806591307800914,
  "entropy_rate": [
    0.0,
    0.637591497541371,
    0.0,
    0.0,
    0.7739604528958939,
    0.0,
    0.6091642666832741,
    0.0,
    0.0,
    0.6364527923326376,
    0.6277177723164541,
    0.7532390426271028,
    0.0,
    0.0,
    0.0,
    0.6313630957599056,
    0.0,
    0.0,
    0.0,
    0.0,
    0.0,
    0.0,
    0.0,
    0.0,
    0.714317799792762,
    0.0,
    0.0,
    0.0,
    0.0,
    0.7062161115611041,
    0.0,
    0.0,
    0.0,
    0.7623483708174331,
    0.6886008550960433,
    0.6945043215690875,
    0.6372717220675606,
    0.6985346980187613,
    0.0,
    0.7482217915254147,
    0.671197845593568
  ],
  "estimated_posterior_probability": 59.121829986572266,
  "input": "./smaller_in/Guten_index806.txt",
  "prevalence_assumed": 0.5,
  "process_length": 80000,
  "gutenberg": {
    "id": 806,
    "title": "Philoktetes",
    "authors": [
      {
        "name": "Sophocles",
        "birth_year": -496,
        "death_year": -406
      }
    ],
    "summaries": [
      "\"Philoktetes\" by Sophocles is a tragedy first performed in 409 BC. The play unfolds during the final year of the Trojan War, when the Greeks learn they need the master archer Philoctetes and his legendary bow to win. Abandoned on a desolate island years earlier after a snake bite, Philoctetes bitterly hates those who left him. Now Odysseus and young Neoptolemus must retrieve him through deception, forcing questions about honor, duty, and the conflict between individual suffering and collective need. (This is an automatically generated summary.)"
    ],
    "editors": [],
    "translators": [
      {
        "name": "McNamee, Gregory",
        "birth_year": 1957,
        "death_year": null
      }
    ],
    "subjects": [
      "Philoctetes (Mythological character) -- Drama",
      "Tragedies (Drama)",
      "Trojan War -- Drama"
    ],
    "bookshelves": [
      "Category: Classics of Literature",
      "Category: Mythology, Legends & Folklore",
      "Category: Plays/Films/Dramas"
    ],
    "languages": [
      "en"
    ],
    "copyright": true,
    "media_type": "Text",
    "formats": {
      "text/html": "https://www.gutenberg.org/ebooks/806.html.images",
      "application/epub+zip": "https://www.gutenberg.org/ebooks/806.epub3.images",
      "application/x-mobipocket-ebook": "https://www.gutenberg.org/ebooks/806.kf8.images",
      "text/plain; charset=us-ascii": "https://www.gutenberg.org/ebooks/806.txt.utf-8",
      "application/rdf+xml": "https://www.gutenberg.org/ebooks/806.rdf",
      "image/jpeg": "https://www.gutenberg.org/cache/epub/806/pg806.cover.medium.jpg",
      "application/octet-stream": "https://www.gutenberg.org/cache/epub/806/pg806-h.zip"
    },
    "download_count": 365
  }
}