{
  "average_entropy_rate": 0.06491360716330552,
  "entropy_rate": [
    0.3798793975607939,
    0.29366320550045516,
    0.0,
    0.0,
    0.0,
    0.0,
    0.0,
    0.0,
    0.0,
    0.49261405615055975,
    0.0,
    0.0,
    0.0,
    0.0,
    0.0,
    0.0,
    0.0,
    0.0,
    0.0,
    0.0,
    0.0,
    0.0,
    0.36552980229872684,
    0.0,
    0.0,
    0.0,
    0.0,
    0.0,
    0.0,
    0.0,
    0.0,
    0.0,
    0.4591479092130874,
    0.3163521982666577,
    0.0,
    0.0,
    0.0,
    0.0,
    0.0,
    0.35427132470524597,
    0.0
  ],
  "estimated_posterior_probability": 51.84313201904297,
  "input": "./smaller_in/Guten_index4504.txt",
  "prevalence_assumed": 0.5,
  "process_length": 80000,
  "gutenberg": {
    "id": 4504,
    "title": "Aus der Chronika eines fahrenden Schülers (Zweite Fassung)",
    "authors": [
      {
        "name": "Brentano, Clemens",
        "birth_year": 1778,
        "death_year": 1842
      }
    ],
    "summaries": [
      "\"Aus der Chronika eines fahrenden Schülers (Zweite Fassung)\" by Clemens Brentano is a narrative written between 1802-1806, with a later version published in 1818. Johannes, a poor wandering student born in 1358, finds work as a scribe for Knight Veltlin and entertains the household with stories. He recounts his own origins and shares interwoven tales of love, loss, and enchantment—including mysterious sisters drawn to dangerous seas, a beautiful beggar seeking sacred objects, and a seductive Pearl Spirit who lures mortals to their doom. (This is an automatically generated summary.)"
    ],
    "editors": [],
    "translators": [],
    "subjects": [
      "Autobiographical fiction",
      "Germany -- Social life and customs -- Middle Ages, 500-1500 -- Fiction",
      "Hessen (Hesse, Germany : Province) -- Fiction",
      "Master and servant -- Fiction"
    ],
    "bookshelves": [
      "Category: German Literature",
      "Category: Novels",
      "DE Prosa"
    ],
    "languages": [
      "de"
    ],
    "copyright": false,
    "media_type": "Text",
    "formats": {
      "text/html": "https://www.gutenberg.org/ebooks/4504.html.images",
      "application/epub+zip": "https://www.gutenberg.org/ebooks/4504.epub3.images",
      "application/x-mobipocket-ebook": "https://www.gutenberg.org/ebooks/4504.kf8.images",
      "text/plain; charset=us-ascii": "https://www.gutenberg.org/ebooks/4504.txt.utf-8",
      "application/rdf+xml": "https://www.gutenberg.org/ebooks/4504.rdf",
      "image/jpeg": "https://www.gutenberg.org/cache/epub/4504/pg4504.cover.medium.jpg",
      "application/octet-stream": "https://www.gutenberg.org/files/4504/4504-8.zip"
    },
    "download_count": 231
  }
}