{
  "average_entropy_rate": 0.03515577857528782,
  "entropy_rate": [
    0.0,
    0.0,
    0.0,
    0.2169924970185682,
    0.0,
    0.0,
    0.0,
    0.0,
    0.0,
    0.0,
    0.0,
    0.0,
    0.0,
    0.0,
    0.0,
    0.0,
    0.0,
    0.0,
    0.0,
    0.0,
    0.0,
    0.0,
    0.0,
    0.0,
    0.0,
    0.0,
    0.0,
    0.0,
    0.0,
    0.0,
    0.0,
    0.9182958184261744,
    0.306098606142058,
    0.0,
    0.0,
    0.0,
    0.0,
    0.0,
    0.0,
    0.0,
    0.0
  ],
  "estimated_posterior_probability": 50.975563049316406,
  "input": "./smaller_in/Guten_index2586.txt",
  "prevalence_assumed": 0.5,
  "process_length": 80000,
  "gutenberg": {
    "id": 2586,
    "title": "The First 498 Bernoulli Numbers",
    "authors": [],
    "summaries": [
      "\"The First 498 Bernoulli Numbers\" by Simon Plouffe is a scientific publication likely written in the late 20th century or early 21st century, as it reflects modern mathematical notation and methods. The work focuses on the efficient computation and representation of Bernoulli numbers, which are a sequence of rational numbers that are extremely significant in number theory and mathematical analysis.  At the start of the book, the reader is introduced to the concept of Bernoulli numbers through their essential role in mathematical series expansions. The text presents several of the first 498 Bernoulli numbers alongside their corresponding fractional values, revealing intricate mathematical relationships. The definitions and calculations provided serve as a foundational aspect of the subsequent discussions and applications of these constants, setting up a framework for deeper exploration into their properties and significance within mathematical theory. (This is an automatically generated summary.)"
    ],
    "editors": [
      {
        "name": "Plouffe, Simon",
        "birth_year": 1956,
        "death_year": null
      }
    ],
    "translators": [],
    "subjects": [
      "Bernoulli numbers",
      "Mathematics"
    ],
    "bookshelves": [
      "Category: Mathematics",
      "Mathematics"
    ],
    "languages": [
      "en"
    ],
    "copyright": false,
    "media_type": "Text",
    "formats": {
      "text/html": "https://www.gutenberg.org/ebooks/2586.html.images",
      "application/epub+zip": "https://www.gutenberg.org/ebooks/2586.epub3.images",
      "application/x-mobipocket-ebook": "https://www.gutenberg.org/ebooks/2586.kf8.images",
      "text/plain; charset=us-ascii": "https://www.gutenberg.org/ebooks/2586.txt.utf-8",
      "application/rdf+xml": "https://www.gutenberg.org/ebooks/2586.rdf",
      "image/jpeg": "https://www.gutenberg.org/cache/epub/2586/pg2586.cover.medium.jpg",
      "application/octet-stream": "https://www.gutenberg.org/cache/epub/2586/pg2586-h.zip"
    },
    "download_count": 242
  }
}