{
  "average_entropy_rate": 0.01707317073170732,
  "entropy_rate": [
    0.2000000000000001,
    0.0,
    0.0,
    0.0,
    0.0,
    0.0,
    0.0,
    0.0,
    0.0,
    0.0,
    0.0,
    0.0,
    0.0,
    0.0,
    0.0,
    0.0,
    0.0,
    0.0,
    0.0,
    0.0,
    0.0,
    0.0,
    0.0,
    0.0,
    0.0,
    0.0,
    0.0,
    0.0,
    0.0,
    0.0,
    0.0,
    0.0,
    0.5,
    0.0,
    0.0,
    0.0,
    0.0,
    0.0,
    0.0,
    0.0,
    0.0
  ],
  "estimated_posterior_probability": 50.46733093261719,
  "input": "./smaller_in/Guten_index3206.txt",
  "prevalence_assumed": 0.5,
  "process_length": 80000,
  "gutenberg": {
    "id": 3206,
    "title": "Moby Multiple Language Lists of Common Words",
    "authors": [
      {
        "name": "Ward, Grady",
        "birth_year": 1951,
        "death_year": null
      }
    ],
    "summaries": [
      "\"Moby Multiple Language Lists of Common Words\" by Grady Ward is a compilation of word lists written in the early 21st century. This resource serves as a linguistic reference, featuring extensive vocabulary lists in several prominent languages, including French, German, Italian, Japanese, and Spanish. The aim of the book is to provide users with a comprehensive set of common words to aid in language study and usage.  The content of this book comprises five language-specific lists, each enumerating a significant number of words in its respective language. For example, the French list contains over 138,000 words, while the German list boasts nearly 160,000. Each list is structured in a simple, accessible text format, making it easy for users to reference and utilize. Additionally, the book outlines instructions on how to download and access the files, emphasizing their public domain status and the utility of these lists for linguistic purposes. Overall, the work serves as a practical tool for language learners and linguists seeking to expand their vocabulary across multiple languages. (This is an automatically generated summary.)"
    ],
    "editors": [],
    "translators": [],
    "subjects": [
      "Words and phrase lists -- English"
    ],
    "bookshelves": [
      "Category: Encyclopedias/Dictionaries/Reference",
      "Category: Language & Communication"
    ],
    "languages": [
      "en"
    ],
    "copyright": false,
    "media_type": "Text",
    "formats": {
      "text/html": "https://www.gutenberg.org/ebooks/3206.html.images",
      "application/epub+zip": "https://www.gutenberg.org/ebooks/3206.epub3.images",
      "application/x-mobipocket-ebook": "https://www.gutenberg.org/ebooks/3206.kf8.images",
      "text/plain; charset=us-ascii": "https://www.gutenberg.org/ebooks/3206.txt.utf-8",
      "application/rdf+xml": "https://www.gutenberg.org/ebooks/3206.rdf",
      "image/jpeg": "https://www.gutenberg.org/cache/epub/3206/pg3206.cover.medium.jpg",
      "application/octet-stream": "https://www.gutenberg.org/files/3206/files.zip"
    },
    "download_count": 22039
  }
}