{
  "average_entropy_rate": 0.0308990079062775,
  "entropy_rate": [
    0.23117870878784258,
    0.19419011538178785,
    0.0,
    0.0,
    0.0,
    0.0,
    0.0,
    0.0,
    0.0,
    0.0,
    0.0,
    0.0,
    0.0,
    0.0,
    0.0,
    0.0,
    0.0,
    0.0,
    0.0,
    0.0,
    0.0,
    0.0,
    0.0,
    0.0,
    0.0,
    0.0,
    0.0,
    0.0,
    0.0,
    0.0,
    0.0,
    0.3236501923029797,
    0.3236501923029797,
    0.19419011538178785,
    0.0,
    0.0,
    0.0,
    0.0,
    0.0,
    0.0,
    0.0
  ],
  "estimated_posterior_probability": 50.85466003417969,
  "input": "./smaller_in/Guten_index3001.txt",
  "prevalence_assumed": 0.5,
  "process_length": 80000,
  "gutenberg": {
    "id": 3001,
    "title": "Society's Child (lyrics)",
    "authors": [
      {
        "name": "Ian, Janis",
        "birth_year": 1951,
        "death_year": null
      }
    ],
    "summaries": [
      "\"Society's Child (lyrics) by Janis Ian\" is a poignant song lyric written in the mid-20th century, specifically during the 1960s. This work falls into the category of lyrical poetry, as it captures a deep emotional narrative surrounding societal themes. The likely topic of the song revolves around racial tensions, social inequality, and the challenges faced by a young couple in a prejudiced society.  The lyrics of \"Society's Child\" tell the story of a young interracial couple facing discrimination from their families and community. The narrator describes the pain of being unable to openly love due to societal expectations and racism, highlighting the shame and prejudice reflected in their surroundings. The song captures the heartache of being labeled as \"not our kind\" and the emotional toll it takes on both individuals. Despite the heartbreaking circumstances, there is an underlying sense of hope as the narrator dreams of a future free from societal constraints, where love can transcend the limitations imposed by society. (This is an automatically generated summary.)"
    ],
    "editors": [],
    "translators": [],
    "subjects": [
      "Folk songs, English -- United States",
      "Popular music -- 1961-1970"
    ],
    "bookshelves": [
      "Category: Music",
      "Category: Poetry"
    ],
    "languages": [
      "en"
    ],
    "copyright": true,
    "media_type": "Text",
    "formats": {
      "text/html": "https://www.gutenberg.org/ebooks/3001.html.images",
      "application/epub+zip": "https://www.gutenberg.org/ebooks/3001.epub3.images",
      "application/x-mobipocket-ebook": "https://www.gutenberg.org/ebooks/3001.kf8.images",
      "text/plain; charset=us-ascii": "https://www.gutenberg.org/ebooks/3001.txt.utf-8",
      "application/rdf+xml": "https://www.gutenberg.org/ebooks/3001.rdf",
      "image/jpeg": "https://www.gutenberg.org/cache/epub/3001/pg3001.cover.medium.jpg",
      "application/octet-stream": "https://www.gutenberg.org/files/3001/3001-h.zip"
    },
    "download_count": 420
  }
}