{
  "average_entropy_rate": 0.3297797792013182,
  "entropy_rate": [
    0.6413848558766164,
    0.0,
    0.0,
    0.5040561671944978,
    0.0,
    0.5797773706310202,
    0.9875005350145208,
    0.0,
    0.0,
    0.0,
    0.0,
    0.0,
    0.0,
    0.5969141214727073,
    0.0,
    0.9177793489235133,
    0.0,
    0.0,
    0.0,
    0.0,
    0.9843372434988419,
    0.0,
    0.0,
    0.0,
    0.0,
    0.8698991958070539,
    0.0,
    0.9877163796540837,
    0.0,
    0.7233894953052814,
    0.0,
    0.0,
    0.9744033974653454,
    0.5473290147857187,
    0.0,
    0.0,
    0.8085938438211924,
    0.4910287081819059,
    0.9881641499080459,
    0.9262746506402987,
    0.9924224690734004
  ],
  "estimated_posterior_probability": 61.94213104248047,
  "input": "data/human/Gutenberg//Guten_index1731.txt",
  "prevalence_assumed": 0.5,
  "process_length": 80000,
  "gutenberg": {
    "id": 1731,
    "title": "Sister Songs: An Offering to Two Sisters",
    "authors": [
      {
        "name": "Thompson, Francis",
        "birth_year": 1859,
        "death_year": 1907
      }
    ],
    "summaries": [
      "\"Sister Songs: An Offering to Two Sisters\" by Francis Thompson is a poetic collection written during the late 19th century, likely around the Victorian era. This book is a unique offering that celebrates the bond of sisterhood and the beauty of nature, exploring themes of love, innocence, and the transcendent qualities of spring.   The poem unfolds in various parts, each adorned with vivid imagery and rich metaphors symbolizing the connection between the speaker and the two sisters, Monica and Madeline Meynell, to whom the work is dedicated. Through the personification of nature, particularly in the guise of the goddess Spring, Thompson expresses admiration, longing, and a deep emotional resonance with the purity and innocence of childhood. The verses blend romantic idealism with a gentle nostalgia, culminating in a heartfelt tribute to the sisters that intertwines their existence with the cycle of nature, enchanting readers with its lyrical beauty while capturing the essence of familial love and companionship. (This is an automatically generated summary.)"
    ],
    "editors": [],
    "translators": [],
    "subjects": [
      "English poetry"
    ],
    "bookshelves": [
      "Category: Poetry"
    ],
    "languages": [
      "en"
    ],
    "copyright": false,
    "media_type": "Text",
    "formats": {
      "text/html": "https://www.gutenberg.org/ebooks/1731.html.images",
      "application/epub+zip": "https://www.gutenberg.org/ebooks/1731.epub3.images",
      "application/x-mobipocket-ebook": "https://www.gutenberg.org/ebooks/1731.kf8.images",
      "text/plain; charset=us-ascii": "https://www.gutenberg.org/ebooks/1731.txt.utf-8",
      "text/plain; charset=utf-8": "https://www.gutenberg.org/files/1731/1731-0.txt",
      "application/rdf+xml": "https://www.gutenberg.org/ebooks/1731.rdf",
      "image/jpeg": "https://www.gutenberg.org/cache/epub/1731/pg1731.cover.medium.jpg",
      "application/octet-stream": "https://www.gutenberg.org/cache/epub/1731/pg1731-h.zip"
    },
    "download_count": 366
  }
}