{
  "average_entropy_rate": 0.3440887130708604,
  "entropy_rate": [
    0.0,
    0.0,
    0.7930747489796344,
    0.0,
    0.0,
    0.0,
    0.0,
    0.0,
    0.6528903515723529,
    0.0,
    0.0,
    0.0,
    0.0,
    0.0,
    0.8923913310063601,
    0.0,
    0.0,
    0.6544662602654227,
    0.0,
    0.0,
    0.0,
    0.0,
    0.6609654165732125,
    0.9030577034440699,
    0.0,
    0.6378936668198154,
    0.6577471178826695,
    0.855681032623036,
    0.0,
    0.0,
    0.6929717911622765,
    0.0,
    0.680507032336742,
    0.8177133762996794,
    0.8518008051856526,
    0.6703433426533935,
    0.66007164295822,
    0.8323560729602332,
    0.9099221237128943,
    0.6396988464971249,
    0.6440845729724876
  ],
  "estimated_posterior_probability": 62.64848709106445,
  "input": "./smaller_in/Guten_index2438.txt",
  "prevalence_assumed": 0.5,
  "process_length": 80000,
  "gutenberg": {
    "id": 2438,
    "title": "Daphne: An Autumn Pastoral",
    "authors": [
      {
        "name": "Sherwood, Margaret Pollock",
        "birth_year": 1864,
        "death_year": 1955
      }
    ],
    "summaries": [
      "\"Daphne: An Autumn Pastoral\" by Margaret Pollock Sherwood is a novel likely written in the early 20th century. The story focuses on a young American woman named Daphne Willis who finds herself in Italy, navigating a new landscape rich with beauty and complex emotions, while trying to communicate with the local Italian peasants.   At the start of the novel, Daphne is seen attempting to converse with Giacomo, the villa’s butler, and Assunta, his wife, through her limited Italian vocabulary. As she explores the stunning hills and valleys surrounding the Villa Accolanti, she becomes enchanted by the beauty of the Italian countryside. The narrative establishes her initial solitude and the challenges she faces with language barriers, while hinting at a deeper emotional journey that she will undertake as she interacts with the land, its inhabitants, and perhaps even a mysterious shepherd who seems more than merely human. The beginning effectively sets the stage for an exploration of identity, culture clash, and the quest for belonging in a richly evocative setting. (This is an automatically generated summary.)"
    ],
    "editors": [],
    "translators": [],
    "subjects": [
      "Italy -- Fiction"
    ],
    "bookshelves": [
      "Category: American Literature",
      "Category: Novels"
    ],
    "languages": [
      "en"
    ],
    "copyright": false,
    "media_type": "Text",
    "formats": {
      "text/html": "https://www.gutenberg.org/ebooks/2438.html.images",
      "text/html; charset=iso-8859-1": "https://www.gutenberg.org/files/2438/2438-h/2438-h.htm",
      "application/epub+zip": "https://www.gutenberg.org/ebooks/2438.epub3.images",
      "application/x-mobipocket-ebook": "https://www.gutenberg.org/ebooks/2438.kf8.images",
      "text/plain; charset=us-ascii": "https://www.gutenberg.org/ebooks/2438.txt.utf-8",
      "application/rdf+xml": "https://www.gutenberg.org/ebooks/2438.rdf",
      "image/jpeg": "https://www.gutenberg.org/cache/epub/2438/pg2438.cover.medium.jpg",
      "application/octet-stream": "https://www.gutenberg.org/cache/epub/2438/pg2438-h.zip"
    },
    "download_count": 219
  }
}