{
  "average_entropy_rate": 0.2856502985698589,
  "entropy_rate": [
    0.0,
    0.8454833309551625,
    0.0,
    0.0,
    0.0,
    0.0,
    0.0,
    0.0,
    0.6329431342135705,
    0.0,
    0.6771695071331088,
    0.0,
    0.6626302657444634,
    0.0,
    0.0,
    0.0,
    0.0,
    0.0,
    0.0,
    0.9215351963635993,
    0.0,
    0.0,
    0.0,
    0.0,
    0.9312265595501589,
    0.0,
    0.0,
    0.0,
    0.0,
    0.0,
    0.0,
    0.7738124739887721,
    0.653468947583782,
    0.8182355739913167,
    0.8331140702200266,
    0.6863381317037619,
    0.0,
    0.8755607618435008,
    0.9550978898823549,
    0.7879537873796333,
    0.6570926108110015
  ],
  "estimated_posterior_probability": 59.88982391357422,
  "input": "./smaller_in/Guten_index4177.txt",
  "prevalence_assumed": 0.5,
  "process_length": 80000,
  "gutenberg": {
    "id": 4177,
    "title": "Diary of Samuel Pepys — Volume 54: June 1667",
    "authors": [
      {
        "name": "Pepys, Samuel",
        "birth_year": 1633,
        "death_year": 1703
      }
    ],
    "summaries": [
      "\"Diary of Samuel Pepys — Volume 54: June 1667\" by Samuel Pepys is a historical diary written in the late 17th century. This work provides a first-hand account of the daily life and political climate in England during a turbulent period marked by naval conflicts and civil unrest. The diary entries showcase Pepys' reflections on a wide array of topics, including his administrative responsibilities at the Admiralty, personal affairs, and the sociopolitical dynamics of the time.  At the start of the volume, Pepys details his activities from June 1st to June 24th, 1667, revealing his involvement in naval administration amid heightened tensions with the Dutch. He discusses hiring a coach-house, the intricacies of managing war preparations, and the implications of various military decisions. The entries reflect not only Pepys' commitment to his work but also his growing concerns about national security as Dutch fleets threaten English waters. As the situation escalates, he notes the anxiety among citizens, the failure to pay sailors, and the perceived negligence of the government, all leading to a critical examination of the monarchy's capacity to lead effectively during a crisis. Overall, this beginning sets the stage for an intricate portrait of 17th-century England through the eyes of a keen observer. (This is an automatically generated summary.)"
    ],
    "editors": [
      {
        "name": "Wheatley, Henry B. (Henry Benjamin)",
        "birth_year": 1838,
        "death_year": 1917
      },
      {
        "name": "Braybrooke, Richard Griffin, Baron",
        "birth_year": 1783,
        "death_year": 1858
      }
    ],
    "translators": [
      {
        "name": "Bright, Mynors",
        "birth_year": 1818,
        "death_year": 1883
      }
    ],
    "subjects": [
      "Cabinet officers -- Great Britain -- Diaries",
      "Diarists -- Great Britain -- Diaries",
      "Great Britain -- History -- Charles II, 1660-1685 -- Sources",
      "Great Britain -- Social life and customs -- 17th century -- Sources",
      "Pepys, Samuel, 1633-1703 -- Diaries"
    ],
    "bookshelves": [
      "Category: Biographies",
      "Category: History - British",
      "Category: History - Early Modern (c. 1450-1750)"
    ],
    "languages": [
      "en"
    ],
    "copyright": false,
    "media_type": "Text",
    "formats": {
      "text/html": "https://www.gutenberg.org/ebooks/4177.html.images",
      "application/epub+zip": "https://www.gutenberg.org/ebooks/4177.epub3.images",
      "application/x-mobipocket-ebook": "https://www.gutenberg.org/ebooks/4177.kf8.images",
      "text/plain; charset=us-ascii": "https://www.gutenberg.org/ebooks/4177.txt.utf-8",
      "application/rdf+xml": "https://www.gutenberg.org/ebooks/4177.rdf",
      "image/jpeg": "https://www.gutenberg.org/cache/epub/4177/pg4177.cover.medium.jpg",
      "application/octet-stream": "https://www.gutenberg.org/files/4177/4177.zip"
    },
    "download_count": 230
  }
}