{
  "average_entropy_rate": 0.13192414231856064,
  "entropy_rate": [
    0.7142199369175264,
    0.3793034527120736,
    0.0,
    0.0,
    0.0,
    0.0,
    0.0,
    0.0,
    0.0,
    0.0,
    0.0,
    0.0,
    0.0,
    0.0,
    0.0,
    0.0,
    0.0,
    0.7507757510667731,
    0.0,
    0.741312094477623,
    0.0,
    0.0,
    0.0,
    0.0,
    0.0,
    0.0,
    0.0,
    0.0,
    0.0,
    0.0,
    0.0,
    0.0,
    0.742632630183506,
    0.5975390189514493,
    0.0,
    0.0,
    0.0,
    0.0,
    0.8107133950540928,
    0.6723935556979433,
    0.0
  ],
  "estimated_posterior_probability": 53.96140670776367,
  "input": "./smaller_in/Guten_index4083.txt",
  "prevalence_assumed": 0.5,
  "process_length": 80000,
  "gutenberg": {
    "id": 4083,
    "title": "Mutter und Kind: Ein Gedicht in sieben Gesängen",
    "authors": [
      {
        "name": "Hebbel, Friedrich",
        "birth_year": 1813,
        "death_year": 1863
      }
    ],
    "summaries": [
      "\"Mutter und Kind: Ein Gedicht in sieben Gesängen\" by Friedrich Hebbel is a poetic work written in the mid-19th century. The book delves into the themes of motherhood, familial bonds, and the struggles of the lower class, likely focusing on characters in a dramatic narrative that unfolds through its cantos.  The opening of the piece introduces a vivid scene on Christmas Eve, where the stark reality of life for the working class is highlighted through the interactions between Christian and Magdalena. As they prepare for the holiday in the kitchen, their dialogue reveals a tapestry of emotions—hope, love, and the harshness of their circumstances. Christian grapples with the hardships faced by his friend Wilhelm, who is struggling in poverty, while contemplating his own future and aspirations. Magdalena’s concern for Christian and their shared dream of bettering their lives encapsulates both their resilience and vulnerability amidst the societal challenges they encounter. This compelling mix of personal and societal struggles sets the stage for a deeper exploration of what it means to be a parent and to nurture hope amidst despair. (This is an automatically generated summary.)"
    ],
    "editors": [],
    "translators": [],
    "subjects": [
      "German poetry -- 19th century"
    ],
    "bookshelves": [
      "Category: German Literature",
      "Category: Poetry",
      "DE Lyrik"
    ],
    "languages": [
      "de"
    ],
    "copyright": false,
    "media_type": "Text",
    "formats": {
      "text/html": "https://www.gutenberg.org/ebooks/4083.html.images",
      "application/epub+zip": "https://www.gutenberg.org/ebooks/4083.epub3.images",
      "application/x-mobipocket-ebook": "https://www.gutenberg.org/ebooks/4083.kf8.images",
      "text/plain; charset=us-ascii": "https://www.gutenberg.org/ebooks/4083.txt.utf-8",
      "application/rdf+xml": "https://www.gutenberg.org/ebooks/4083.rdf",
      "image/jpeg": "https://www.gutenberg.org/cache/epub/4083/pg4083.cover.medium.jpg",
      "application/octet-stream": "https://www.gutenberg.org/files/4083/4083-8.zip"
    },
    "download_count": 288
  }
}