{
  "average_entropy_rate": 0.0903070949400355,
  "entropy_rate": [
    0.0,
    0.0,
    0.0,
    0.6747418561247982,
    0.0,
    0.0,
    0.0,
    0.0,
    0.0,
    0.0,
    0.0,
    0.0,
    0.0,
    0.0,
    0.0,
    0.0,
    0.778860609134752,
    0.0,
    0.0,
    0.0,
    0.3503567101127087,
    0.0,
    0.0,
    0.0,
    0.0,
    0.0,
    0.0,
    0.0,
    0.0,
    0.0,
    0.0,
    0.0,
    0.7144295029257431,
    0.0,
    0.0,
    0.46064027587440737,
    0.7235619383690459,
    0.0,
    0.0,
    0.0,
    0.0
  ],
  "estimated_posterior_probability": 52.618324279785156,
  "input": "./smaller_in/Guten_index2947.txt",
  "prevalence_assumed": 0.5,
  "process_length": 80000,
  "gutenberg": {
    "id": 2947,
    "title": "Die von denen Faunen gepeitschte Laster",
    "authors": [
      {
        "name": "Zäunemann, Sidonia Hedwig",
        "birth_year": 1714,
        "death_year": 1740
      }
    ],
    "summaries": [
      "\"Die von denen Faunen gepeitschte Laster\" by Sidonia Hedwig Zäunemann is a satirical poem written in the early 18th century. The work delves into the vices and follies of humanity, aiming to criticize moral decay while juxtaposing it against commendable virtues. It seems to initiate a thought-provoking exploration of societal norms, particularly focused on the behavior and ethics of men and women in that time period.  The opening of the poem introduces Zäunemann's intention to craft a satire that boldly exposes human weaknesses and folly, addressing both genders without malice but with a sincere desire for reformation. The narrator invokes muses and mythological figures to lend authority to their critique of social customs, blending personal experiences with broader societal observations. As the narrative unfolds, there is a strong emphasis on the destructive power of vice, symbolized through vivid imagery, while also expressing a nostalgic yearning for a past defined by nobility and virtue. The author's reflections set the groundwork for a deeper examination of moral contradictions and societal expectations. (This is an automatically generated summary.)"
    ],
    "editors": [],
    "translators": [],
    "subjects": [
      "German poetry -- 18th century"
    ],
    "bookshelves": [
      "Category: German Literature",
      "Category: Poetry",
      "DE Lyrik"
    ],
    "languages": [
      "de"
    ],
    "copyright": false,
    "media_type": "Text",
    "formats": {
      "text/html": "https://www.gutenberg.org/ebooks/2947.html.images",
      "application/epub+zip": "https://www.gutenberg.org/ebooks/2947.epub3.images",
      "application/x-mobipocket-ebook": "https://www.gutenberg.org/ebooks/2947.kf8.images",
      "text/plain; charset=us-ascii": "https://www.gutenberg.org/ebooks/2947.txt.utf-8",
      "application/rdf+xml": "https://www.gutenberg.org/ebooks/2947.rdf",
      "image/jpeg": "https://www.gutenberg.org/cache/epub/2947/pg2947.cover.medium.jpg",
      "application/octet-stream": "https://www.gutenberg.org/files/2947/2947-0.zip"
    },
    "download_count": 212
  }
}