{
  "average_entropy_rate": 0.24090424034021057,
  "entropy_rate": [
    0.7256535397878222,
    0.7742903082182121,
    0.7742903082182121,
    0.7742903082182121,
    0.7742903082182121,
    0.8708563587430309,
    0.0,
    0.6170110210773482,
    0.0,
    0.0,
    0.0,
    0.0,
    0.0,
    0.0,
    0.0,
    0.0,
    0.0,
    0.0,
    0.0,
    0.0,
    0.0,
    0.0,
    0.0,
    0.0,
    0.0,
    0.0,
    0.0,
    0.0,
    0.0,
    0.0,
    0.0,
    0.0,
    0.7125188389715711,
    0.7742903082182121,
    0.7742903082182121,
    0.7742903082182121,
    0.0,
    0.7742903082182121,
    0.756711629623163,
    0.0,
    0.0
  ],
  "estimated_posterior_probability": 57.985591888427734,
  "input": "./smaller_in/Guten_index3267.txt",
  "prevalence_assumed": 0.5,
  "process_length": 80000,
  "gutenberg": {
    "id": 3267,
    "title": "Old Love Stories Retold",
    "authors": [
      {
        "name": "Le Gallienne, Richard",
        "birth_year": 1866,
        "death_year": 1947
      }
    ],
    "summaries": [
      "\"Old Love Stories Retold\" by Richard Le Gallienne is a collection of romantic narratives inspired by historical love affairs, written during the late 19th century. This work provides introspective insights into the lives and relationships of notable figures, encapsulating themes of both passion and melancholy within its storytelling. The likely topic of this particular story revolves around the poignant love story of the famed poet Heinrich Heine and his partner Mathilde, exploring the nuanced dynamics between genius and simplicity in romantic relationships.  In the tale of Heine and Mathilde, we witness the contrast between the brilliant and often cynical intellect of Heine and the uncomplicated, life-affirming spirit of Mathilde. Their relationship, spanning almost two decades, is portrayed as one of deep loyalty and affection, despite the challenges posed by Heine's failing health and his earlier romantic pursuits. Mathilde's nurturing presence serves as a grounding force for Heine, who, despite being drawn to complex women, ultimately finds solace and love in Mathilde's simple beauty and devoted care. Through a blend of letters and reflections, the story reveals Heine's appreciation for Mathilde's steadfastness, suggesting that true connection often transcends the barriers of intellect and social expectation, celebrating the enduring suitability of love in its most elemental form. (This is an automatically generated summary.)"
    ],
    "editors": [],
    "translators": [],
    "subjects": [
      "Authors, German -- 19th century -- Biography",
      "Biography",
      "Heine, Heinrich, 1797-1856",
      "Love stories"
    ],
    "bookshelves": [
      "Category: Biographies",
      "Category: Romance",
      "Category: Short Stories"
    ],
    "languages": [
      "en"
    ],
    "copyright": false,
    "media_type": "Text",
    "formats": {
      "text/html": "https://www.gutenberg.org/ebooks/3267.html.images",
      "application/epub+zip": "https://www.gutenberg.org/ebooks/3267.epub3.images",
      "application/x-mobipocket-ebook": "https://www.gutenberg.org/ebooks/3267.kf8.images",
      "text/plain; charset=us-ascii": "https://www.gutenberg.org/ebooks/3267.txt.utf-8",
      "application/rdf+xml": "https://www.gutenberg.org/ebooks/3267.rdf",
      "image/jpeg": "https://www.gutenberg.org/cache/epub/3267/pg3267.cover.medium.jpg",
      "application/octet-stream": "https://www.gutenberg.org/files/3267/3267.zip"
    },
    "download_count": 183
  }
}