{
  "average_entropy_rate": 0.3883267777551306,
  "entropy_rate": [
    0.7541935753569049,
    0.8019899496238814,
    0.0,
    0.0,
    0.0,
    0.0,
    0.0,
    0.8090897376114924,
    0.8882340616230296,
    0.0,
    0.9045187836659397,
    0.0,
    0.0,
    0.0,
    0.6012259906641982,
    0.7465070602607207,
    0.7406450682083935,
    0.0,
    0.0,
    0.0,
    0.0,
    0.0,
    0.0,
    0.0,
    0.0,
    0.791613843239034,
    0.8454669080371574,
    0.0,
    0.0,
    0.7855155916954857,
    0.7941022798574865,
    0.7820869491263106,
    0.0,
    0.0,
    0.7964665105486635,
    0.9139408637984087,
    0.953065216159873,
    0.6935815862361144,
    0.7689224525338839,
    0.7678397849207894,
    0.782391674792585
  ],
  "estimated_posterior_probability": 64.97740173339844,
  "input": "./smaller_in/Guten_index1775.txt",
  "prevalence_assumed": 0.5,
  "process_length": 80000,
  "gutenberg": {
    "id": 1775,
    "title": "King John",
    "authors": [
      {
        "name": "Shakespeare, William",
        "birth_year": 1564,
        "death_year": 1616
      }
    ],
    "summaries": [
      "\"King John\" by William Shakespeare is a history play written in the mid-1590s about the turbulent reign of England's King John. When France demands John surrender his throne to his nephew Arthur, political alliances shift like sand. Excommunication, war, betrayal, and disputed succession collide as nobles switch sides, armies clash, and the Pope intervenes. With his mother dead and his kingdom crumbling, John faces invasion, rebellion, and the ultimate price of power in this tale of legitimacy and loyalty. (This is an automatically generated summary.)"
    ],
    "editors": [],
    "translators": [],
    "subjects": [
      "Great Britain -- History -- John, 1199-1216 -- Drama",
      "John, King of England, 1167-1216 -- Drama"
    ],
    "bookshelves": [
      "Category: British Literature",
      "Category: Classics of Literature",
      "Category: History - British",
      "Category: Plays/Films/Dramas"
    ],
    "languages": [
      "en"
    ],
    "copyright": false,
    "media_type": "Text",
    "formats": {
      "text/html": "https://www.gutenberg.org/ebooks/1775.html.images",
      "application/epub+zip": "https://www.gutenberg.org/ebooks/1775.epub3.images",
      "application/x-mobipocket-ebook": "https://www.gutenberg.org/ebooks/1775.kf8.images",
      "text/plain; charset=us-ascii": "https://www.gutenberg.org/ebooks/1775.txt.utf-8",
      "application/rdf+xml": "https://www.gutenberg.org/ebooks/1775.rdf",
      "image/jpeg": "https://www.gutenberg.org/cache/epub/1775/pg1775.cover.medium.jpg",
      "application/octet-stream": "https://www.gutenberg.org/cache/epub/1775/pg1775-h.zip"
    },
    "download_count": 307
  }
}