{
  "average_entropy_rate": 0.3525430927127098,
  "entropy_rate": [
    0.0,
    0.0,
    0.0,
    0.0,
    0.0,
    0.0,
    0.773978438641611,
    0.0,
    0.0,
    0.6477441420446453,
    0.0,
    0.0,
    0.8003306917615551,
    0.0,
    0.0,
    0.8627569958038591,
    0.0,
    0.0,
    0.0,
    0.8816377010089146,
    0.759659394467064,
    0.8483136421514872,
    0.0,
    0.8519543546244741,
    0.0,
    0.0,
    0.0,
    0.0,
    0.0,
    0.0,
    0.774149925138842,
    0.0,
    0.8333858635633355,
    0.7707043642051231,
    0.7301019214190101,
    0.8950272738248667,
    0.8125463601769818,
    0.7606190222465247,
    0.870991395920787,
    0.8216883331786791,
    0.7586769810433365
  ],
  "estimated_posterior_probability": 63.07955551147461,
  "input": "./smaller_in/Guten_index749.txt",
  "prevalence_assumed": 0.5,
  "process_length": 80000,
  "gutenberg": {
    "id": 749,
    "title": "Barlaam and Ioasaph",
    "authors": [
      {
        "name": "John of Damascus, Saint",
        "birth_year": 675,
        "death_year": 749
      }
    ],
    "summaries": [
      "\"Barlaam and Ioasaph\" by Saint John of Damascus is a religious narrative likely written in the 8th century. The story serves as an allegorical retelling of the life of Buddha, interwoven with Christian themes, focusing on the protagonist, Ioasaph, and his journey towards enlightenment through Christ's teachings. The text explores profound philosophical and theological questions about morality, the nature of existence, and the quest for true happiness and fulfillment.  The opening of \"Barlaam and Ioasaph\" sets the stage in a land referred to as Ind, where the fervent rise of Christianity faces the challenges posed by a king named Abenner, who is deeply troubled by his childlessness. Amidst this turmoil, the faith of many monks flourishes, drawing the ire of the king, who authorizes persecutions against them. Within this context, the narrative introduces key characters, including a nobleman who forsakes worldly attachments to embrace monastic life, leading to a dramatic confrontation with the king. The text delves into themes of spirituality, suffering, and the eternal conflict between faith and worldly desires, foreshadowing Ioasaph's quest for wisdom, guided by the wisdom of Barlaam. (This is an automatically generated summary.)"
    ],
    "editors": [],
    "translators": [
      {
        "name": "Mattingly, Harold",
        "birth_year": 1884,
        "death_year": 1964
      },
      {
        "name": "Woodward, George Ratcliffe",
        "birth_year": 1848,
        "death_year": 1934
      }
    ],
    "subjects": [
      "Christian saints -- India -- Romances",
      "Gautama Buddha -- Legends -- Adaptations",
      "Princes -- India -- Romances"
    ],
    "bookshelves": [
      "Category: Classics of Literature",
      "Category: Mythology, Legends & Folklore",
      "Category: Philosophy & Ethics",
      "Category: Religion/Spirituality"
    ],
    "languages": [
      "en"
    ],
    "copyright": false,
    "media_type": "Text",
    "formats": {
      "text/html": "https://www.gutenberg.org/ebooks/749.html.images",
      "text/html; charset=iso-8859-1": "https://www.gutenberg.org/files/749/749-h/749-h.htm",
      "application/epub+zip": "https://www.gutenberg.org/ebooks/749.epub3.images",
      "application/x-mobipocket-ebook": "https://www.gutenberg.org/ebooks/749.kf8.images",
      "text/plain; charset=us-ascii": "https://www.gutenberg.org/ebooks/749.txt.utf-8",
      "application/rdf+xml": "https://www.gutenberg.org/ebooks/749.rdf",
      "image/jpeg": "https://www.gutenberg.org/cache/epub/749/pg749.cover.medium.jpg",
      "application/octet-stream": "https://www.gutenberg.org/cache/epub/749/pg749-h.zip"
    },
    "download_count": 602
  }
}