{
  "average_entropy_rate": 0.3427240469677045,
  "entropy_rate": [
    0.0,
    0.0,
    0.0,
    0.0,
    0.0,
    0.0,
    0.0,
    0.0,
    0.0,
    0.0,
    0.0,
    0.0,
    0.731007618759435,
    1.0324602786902974,
    0.0,
    0.8677085408601143,
    0.0,
    0.0,
    0.8129689785435213,
    0.0,
    0.0,
    0.0,
    0.0,
    0.8293266322119619,
    0.7770359070105073,
    0.0,
    0.8057816125871563,
    0.0,
    1.0526129175741095,
    0.0,
    0.0,
    0.0,
    0.0,
    0.902698637675662,
    1.0667771460800979,
    0.7925813397434752,
    0.9309313376127413,
    0.8166590317287868,
    0.8286383774277895,
    0.8298866847563318,
    0.9746108844138975
  ],
  "estimated_posterior_probability": 62.583740234375,
  "input": "./smaller_in/Guten_index340.txt",
  "prevalence_assumed": 0.5,
  "process_length": 80000,
  "gutenberg": {
    "id": 340,
    "title": "The Soul of the Indian: An Interpretation",
    "authors": [
      {
        "name": "Eastman, Charles A.",
        "birth_year": 1858,
        "death_year": 1939
      }
    ],
    "summaries": [
      "\"The Soul of the Indian: An Interpretation\" by Charles A. Eastman is a profound exploration of the spiritual and cultural life of the American Indian, crafted during the early 20th century. This non-fiction work serves as an essay reflecting on the indigenous beliefs, traditions, and values that characterized American Indian spirituality before significant European influence. Eastman, a member of the Sioux tribe, utilizes his personal experiences and insights to provide an authentic representation of the inner life of the Indian people, highlighting their moral codes, religious practices, and connection to nature.  In this book, Eastman delves into various aspects of Native American spirituality, emphasizing the concept of the \"Great Mystery\" that surrounds existence. He discusses practices such as solitary worship and the significance of nature, rejecting the notion of organized religion imposed by European settlers. The text also addresses moral codes, the family unit, and community dynamics, illustrating how these elements shape the Indian worldview. Throughout, Eastman reflects on the clash between indigenous beliefs and Western ideologies, advocating for a greater understanding and respect for Native American traditions as vital components of the human experience. (This is an automatically generated summary.)"
    ],
    "editors": [],
    "translators": [],
    "subjects": [
      "Indian mythology -- North America",
      "Indian philosophy -- North America",
      "Indians of North America -- Religion"
    ],
    "bookshelves": [
      "Category: Essays, Letters & Speeches",
      "Category: History - American",
      "Category: Religion/Spirituality",
      "Native America"
    ],
    "languages": [
      "en"
    ],
    "copyright": false,
    "media_type": "Text",
    "formats": {
      "text/html": "https://www.gutenberg.org/ebooks/340.html.images",
      "text/html; charset=utf-8": "https://www.gutenberg.org/files/340/340-h/340-h.htm",
      "application/epub+zip": "https://www.gutenberg.org/ebooks/340.epub3.images",
      "application/x-mobipocket-ebook": "https://www.gutenberg.org/ebooks/340.kf8.images",
      "text/plain; charset=us-ascii": "https://www.gutenberg.org/ebooks/340.txt.utf-8",
      "text/plain; charset=utf-8": "https://www.gutenberg.org/files/340/340-0.txt",
      "application/rdf+xml": "https://www.gutenberg.org/ebooks/340.rdf",
      "image/jpeg": "https://www.gutenberg.org/cache/epub/340/pg340.cover.medium.jpg",
      "application/octet-stream": "https://www.gutenberg.org/cache/epub/340/pg340-h.zip"
    },
    "download_count": 990
  }
}