{
  "average_entropy_rate": 0.10186132215385833,
  "entropy_rate": [
    0.2861699969242577,
    0.0,
    0.0,
    0.0,
    0.0,
    0.0,
    0.0,
    0.0,
    0.0,
    0.0,
    0.0,
    0.0,
    0.0,
    0.0,
    0.0,
    0.0,
    0.0,
    0.772972095932028,
    0.0,
    0.0,
    0.0,
    0.0,
    0.0,
    0.0,
    0.0,
    0.0,
    0.8962406336908447,
    0.0,
    0.0,
    0.0,
    0.0,
    0.0,
    0.534590581904726,
    0.0,
    0.0,
    0.0,
    0.0,
    0.7901002661654908,
    0.0,
    0.8962406336908445,
    0.0
  ],
  "estimated_posterior_probability": 52.98209762573242,
  "input": "./smaller_in/Guten_index2339.txt",
  "prevalence_assumed": 0.5,
  "process_length": 80000,
  "gutenberg": {
    "id": 2339,
    "title": "Wilhelm Meisters Lehrjahre — Band 5",
    "authors": [
      {
        "name": "Goethe, Johann Wolfgang von",
        "birth_year": 1749,
        "death_year": 1832
      }
    ],
    "summaries": [
      "\"Wilhelm Meisters Lehrjahre — Band 5\" by Johann Wolfgang von Goethe is a novel written during the late 18th century. This part of Goethe's larger work delves into the journey of Wilhelm as he navigates personal and professional challenges, particularly surrounding his aspirations in the theater and complex relationships with those around him.  The opening of this volume introduces us to Wilhelm, who is dealing with emotional turmoil following the death of his father. He is also confronted with the complexities of his relationships, particularly with Aurelie, Felix, and a young girl named Mignon. As Wilhelm grapples with his circumstances, his companions react to his situation in varied ways; Mignon, for example, finds solace in learning and caring for Felix, while Wilhelm contemplates his path towards becoming a theatrical actor, influenced by the expectations and dynamics within the theater. The narrative poignantly illustrates themes of love, ambition, and the challenges of self-discovery. (This is an automatically generated summary.)"
    ],
    "editors": [],
    "translators": [],
    "subjects": [
      "Bildungsromans",
      "Theater, Traveling -- Fiction"
    ],
    "bookshelves": [
      "Category: German Literature",
      "Category: Novels",
      "DE Prosa",
      "Opera"
    ],
    "languages": [
      "de"
    ],
    "copyright": false,
    "media_type": "Text",
    "formats": {
      "text/html": "https://www.gutenberg.org/ebooks/2339.html.images",
      "application/epub+zip": "https://www.gutenberg.org/ebooks/2339.epub3.images",
      "application/x-mobipocket-ebook": "https://www.gutenberg.org/ebooks/2339.kf8.images",
      "text/plain; charset=us-ascii": "https://www.gutenberg.org/ebooks/2339.txt.utf-8",
      "application/rdf+xml": "https://www.gutenberg.org/ebooks/2339.rdf",
      "image/jpeg": "https://www.gutenberg.org/cache/epub/2339/pg2339.cover.medium.jpg",
      "application/octet-stream": "https://www.gutenberg.org/cache/epub/2339/pg2339-h.zip"
    },
    "download_count": 231
  }
}