{
  "average_entropy_rate": 0.27898358729872075,
  "entropy_rate": [
    0.0,
    0.0,
    0.0,
    0.6069541876436144,
    0.0,
    0.0,
    0.0,
    0.0,
    0.0,
    0.0,
    0.0,
    0.0,
    0.0,
    0.0,
    0.0,
    0.0,
    0.0,
    0.0,
    0.0,
    0.7030837257314154,
    0.0,
    0.8087556949973056,
    0.0,
    0.0,
    0.7323872461216919,
    0.0,
    0.0,
    0.7230284695316219,
    0.6677400479558102,
    0.0,
    0.9021419614340648,
    0.7862550095594513,
    0.7934802024214472,
    0.9651878490582996,
    0.6789887824762602,
    0.0,
    0.0,
    0.8823042620858712,
    0.6724863093158798,
    0.7868190990897959,
    0.7287142318250214
  ],
  "estimated_posterior_probability": 59.59410095214844,
  "input": "./smaller_in/Guten_index4784.txt",
  "prevalence_assumed": 0.5,
  "process_length": 80000,
  "gutenberg": {
    "id": 4784,
    "title": "Brother and Sister",
    "authors": [
      {
        "name": "Lawrence, Josephine",
        "birth_year": null,
        "death_year": 1978
      }
    ],
    "summaries": [
      "\"Brother and Sister\" by Josephine Lawrence is a children's novel likely written in the early 20th century. The story revolves around the everyday adventures of two siblings, Rhodes (Brother) and Elizabeth (Sister) Morrison, as they navigate their lively household filled with family dynamics, childhood innocence, and whimsical mischief. The narrative captures the essence of sibling relationships, illustrating their explorations, interactions with their family members, and neighborhood friends.  At the start of the book, we are introduced to the Morrison family during a rainy morning at breakfast. The children engage in playful banter concerning upcoming birthday surprises and chores. As Brother drinks his milk, spurred on by the anticipation of his birthday gift from his older brother Ralph, we see the innocence and curiosity that define both characters. They share a close bond, evident in their interactions as they feed birds together and help in the kitchen, all while teasing each other with playful thoughts of future gifts. This opening chapter effectively sets the stage for a tale that promises a charming blend of humor, heartwarming moments, and relatable childhood experiences. (This is an automatically generated summary.)"
    ],
    "editors": [],
    "translators": [],
    "subjects": [
      "Children's stories",
      "Family -- Juvenile fiction"
    ],
    "bookshelves": [
      "Category: Children & Young Adult Reading",
      "Category: Novels"
    ],
    "languages": [
      "en"
    ],
    "copyright": false,
    "media_type": "Text",
    "formats": {
      "text/html": "https://www.gutenberg.org/ebooks/4784.html.images",
      "application/epub+zip": "https://www.gutenberg.org/ebooks/4784.epub3.images",
      "application/x-mobipocket-ebook": "https://www.gutenberg.org/ebooks/4784.kf8.images",
      "text/plain; charset=us-ascii": "https://www.gutenberg.org/ebooks/4784.txt.utf-8",
      "application/rdf+xml": "https://www.gutenberg.org/ebooks/4784.rdf",
      "image/jpeg": "https://www.gutenberg.org/cache/epub/4784/pg4784.cover.medium.jpg",
      "application/octet-stream": "https://www.gutenberg.org/files/4784/4784-h.zip"
    },
    "download_count": 250
  }
}