{
  "average_entropy_rate": 0.0,
  "entropy_rate": [
    0.0,
    0.0,
    0.0,
    0.0,
    0.0,
    0.0,
    0.0,
    0.0,
    0.0,
    0.0,
    0.0,
    0.0,
    0.0,
    0.0,
    0.0,
    0.0,
    0.0,
    0.0,
    0.0,
    0.0,
    0.0,
    0.0,
    0.0,
    0.0,
    0.0,
    0.0,
    0.0,
    0.0,
    0.0,
    0.0,
    0.0,
    0.0,
    0.0,
    0.0,
    0.0,
    0.0,
    0.0,
    0.0,
    0.0,
    0.0,
    0.0
  ],
  "estimated_posterior_probability": 50.0,
  "input": "./smaller_in/Guten_index4909.txt",
  "prevalence_assumed": 0.5,
  "process_length": 80000,
  "gutenberg": {
    "id": 4909,
    "title": "Олаф ван Гелдерн",
    "authors": [
      {
        "name": "Slaveikov, Pencho P.",
        "birth_year": 1866,
        "death_year": 1912
      }
    ],
    "summaries": [
      "\"Олаф ван Гелдерн\" by Pencho P. Slaveikov is a literary work that appears to be a fictional biography written in the early 20th century. This book chronicles the life of its titular character, Oлаф ван Гелдерн, who is depicted as a poet grappling with both personal struggles and the broader challenges of existence. The narrative likely explores themes of identity, artistry, and the longing for meaning in the face of adversity.  The storyline unfolds primarily through the lens of Oлаф's introspective musings and reflections on his life experiences, including his difficult childhood, familial expectations, and the impact of societal norms on his creative aspirations. His journey takes him through various European cities, hinting at a life filled with travel, friendships, and encounters that shape his poetic voice. Notably, his inner turmoil, artistic expression, and profound observations on human nature manifest throughout the text, providing a rich tapestry of thoughts that resonate with the longing for connection and understanding. Ultimately, despite moments of despair, Oлаф's perspective offers a glimpse into the delicate interplay between hope and reality, underscoring his belief in the transformative power of dreams and creativity. (This is an automatically generated summary.)"
    ],
    "editors": [],
    "translators": [],
    "subjects": [],
    "bookshelves": [
      "Category: Novels"
    ],
    "languages": [
      "bg"
    ],
    "copyright": false,
    "media_type": "Text",
    "formats": {
      "text/html": "https://www.gutenberg.org/ebooks/4909.html.images",
      "application/epub+zip": "https://www.gutenberg.org/ebooks/4909.epub3.images",
      "application/x-mobipocket-ebook": "https://www.gutenberg.org/ebooks/4909.kf8.images",
      "text/plain; charset=us-ascii": "https://www.gutenberg.org/ebooks/4909.txt.utf-8",
      "application/rdf+xml": "https://www.gutenberg.org/ebooks/4909.rdf",
      "image/jpeg": "https://www.gutenberg.org/cache/epub/4909/pg4909.cover.medium.jpg",
      "application/octet-stream": "https://www.gutenberg.org/files/4909/4909-0.zip"
    },
    "download_count": 238
  }
}