{
  "average_entropy_rate": 0.12376655420429405,
  "entropy_rate": [
    0.0,
    0.0,
    0.8030284953058998,
    0.7783283546372697,
    0.0,
    0.7783283546372697,
    0.0,
    0.0,
    0.0,
    0.0,
    0.0,
    0.0,
    0.0,
    0.0,
    0.0,
    0.0,
    0.0,
    0.0,
    0.0,
    0.504328126291437,
    0.0,
    0.0,
    0.0,
    0.0,
    0.0,
    0.0,
    0.0,
    0.0,
    0.0,
    0.0,
    0.0,
    0.0,
    0.7783283546372697,
    0.0,
    0.7783283546372697,
    0.0,
    0.0,
    0.0,
    0.6537586822296401,
    0.0,
    0.0
  ],
  "estimated_posterior_probability": 53.69114303588867,
  "input": "./smaller_in/Guten_index235.txt",
  "prevalence_assumed": 0.5,
  "process_length": 80000,
  "gutenberg": {
    "id": 235,
    "title": "William Gibson Interviewed",
    "authors": [
      {
        "name": "Salza, Giuseppe",
        "birth_year": null,
        "death_year": null
      }
    ],
    "summaries": [
      "\"William Gibson Interviewed by Giuseppe Salza\" is a transcribed conversation that falls under the category of an interview or discussion, likely written in the early to mid-1990s. This engaging text presents a deep dive into the mind of William Gibson, the acclaimed science fiction author known for pioneering the cyberpunk genre. The interview primarily explores themes surrounding his film adaptation of \"Johnny Mnemonic,\" a story that revolves around the politics of information, as well as his reflections on science fiction and technology’s role in society.  Throughout the interview, Gibson discusses his creative process, his relationship with the film industry, and the notable influence of his storytelling on popular culture and technology. He shares insights on the making of \"Johnny Mnemonic,\" delving into the challenges and triumphs involved, including the casting of Keanu Reeves. Core topics include his ambivalence towards technology, the notion of cyberpunk as a cultural label, and broader implications of the information age. Gibson's perspective on how societal views on technology have evolved, particularly regarding newer innovations like email and virtual reality, highlights both his critique and fascination with a rapidly changing world. (This is an automatically generated summary.)"
    ],
    "editors": [],
    "translators": [],
    "subjects": [
      "Gibson, William, 1914-2008"
    ],
    "bookshelves": [
      "Category: Journalism/Media/Writing",
      "Category: Science-Fiction & Fantasy"
    ],
    "languages": [
      "en"
    ],
    "copyright": true,
    "media_type": "Text",
    "formats": {
      "text/html": "https://www.gutenberg.org/ebooks/235.html.images",
      "application/epub+zip": "https://www.gutenberg.org/ebooks/235.epub3.images",
      "application/x-mobipocket-ebook": "https://www.gutenberg.org/ebooks/235.kf8.images",
      "text/plain; charset=us-ascii": "https://www.gutenberg.org/ebooks/235.txt.utf-8",
      "application/rdf+xml": "https://www.gutenberg.org/ebooks/235.rdf",
      "image/jpeg": "https://www.gutenberg.org/cache/epub/235/pg235.cover.medium.jpg",
      "application/octet-stream": "https://www.gutenberg.org/cache/epub/235/pg235-h.zip"
    },
    "download_count": 329
  }
}