{
  "average_entropy_rate": 0.1176317323373643,
  "entropy_rate": [
    0.0,
    0.0,
    0.0,
    0.0,
    0.0,
    0.36548481217373024,
    0.7028195311147832,
    0.0,
    0.0,
    0.0,
    0.0,
    0.0,
    0.0,
    0.0,
    0.0,
    0.8111216821492488,
    0.0,
    0.0,
    0.0,
    0.0,
    0.0,
    0.0,
    0.0,
    0.0,
    0.0,
    0.0,
    0.0,
    0.7594366059968256,
    0.0,
    0.0,
    0.0,
    0.0,
    0.579680076883073,
    0.0,
    0.8053315400724516,
    0.0,
    0.0,
    0.0,
    0.0,
    0.7990267774418239,
    0.0
  ],
  "estimated_posterior_probability": 53.48904037475586,
  "input": "./smaller_in/Guten_index2407.txt",
  "prevalence_assumed": 0.5,
  "process_length": 80000,
  "gutenberg": {
    "id": 2407,
    "title": "Die Leiden des jungen Werther — Band 1",
    "authors": [
      {
        "name": "Goethe, Johann Wolfgang von",
        "birth_year": 1749,
        "death_year": 1832
      }
    ],
    "summaries": [
      "\"Die Leiden des jungen Werther — Band 1\" by Johann Wolfgang von Goethe is an epistolary novel published in 1774. Young legal clerk Werther falls deeply in love with Lotte, who is engaged to another man. Through letters, he chronicles his passionate feelings and growing despair as he struggles with this impossible love. The novel draws on Goethe's own experiences and became an immediate bestseller, establishing him as a literary sensation across Europe and cementing its place among the most successful novels in literary history. (This is an automatically generated summary.)"
    ],
    "editors": [],
    "translators": [],
    "subjects": [
      "Germany -- Social life and customs -- Fiction",
      "Unrequited love -- Fiction",
      "Young men -- Germany -- Fiction"
    ],
    "bookshelves": [
      "Banned Books from Anne Haight's list",
      "Category: German Literature",
      "Category: Novels",
      "DE Prosa",
      "Harvard Classics",
      "Opera"
    ],
    "languages": [
      "de"
    ],
    "copyright": false,
    "media_type": "Text",
    "formats": {
      "text/html": "https://www.gutenberg.org/ebooks/2407.html.images",
      "application/epub+zip": "https://www.gutenberg.org/ebooks/2407.epub3.images",
      "application/x-mobipocket-ebook": "https://www.gutenberg.org/ebooks/2407.kf8.images",
      "text/plain; charset=us-ascii": "https://www.gutenberg.org/ebooks/2407.txt.utf-8",
      "application/rdf+xml": "https://www.gutenberg.org/ebooks/2407.rdf",
      "image/jpeg": "https://www.gutenberg.org/cache/epub/2407/pg2407.cover.medium.jpg",
      "application/octet-stream": "https://www.gutenberg.org/cache/epub/2407/pg2407-h.zip"
    },
    "download_count": 606
  }
}