{
  "average_entropy_rate": 0.23347775603201099,
  "entropy_rate": [
    0.7169448559037678,
    0.0,
    0.0,
    0.7545403342285261,
    0.8089400769278988,
    0.0,
    0.0,
    0.0,
    0.0,
    0.0,
    0.6300493437035257,
    0.0,
    0.0,
    0.0,
    0.0,
    0.0,
    0.0,
    0.0,
    0.0,
    0.9954052609709816,
    0.0,
    0.0,
    0.7544174105079421,
    0.0,
    0.0,
    0.0,
    0.0,
    0.0,
    0.0,
    0.0,
    0.0,
    0.0,
    0.7034232078722717,
    0.7483759609786668,
    0.8278547135615075,
    0.0,
    0.0,
    0.9694441224254154,
    0.0,
    0.9289895693614888,
    0.734203140870457
  ],
  "estimated_posterior_probability": 57.68391036987305,
  "input": "./smaller_in/Guten_index1553.txt",
  "prevalence_assumed": 0.5,
  "process_length": 80000,
  "gutenberg": {
    "id": 1553,
    "title": "The Hidden Masterpiece",
    "authors": [
      {
        "name": "Balzac, Honoré de",
        "birth_year": 1799,
        "death_year": 1850
      }
    ],
    "summaries": [
      "\"The Hidden Masterpiece\" by Honoré de Balzac is a short story first published in 1831. Set in seventeenth-century Paris, it follows young painter Nicolas Poussin as he encounters the enigmatic master Frenhofer, who has spent ten years perfecting a secret painting of a beautiful courtesan. When Poussin offers his own lover as a model to help complete the work, the unveiling of Frenhofer's hidden canvas leads to an unexpected revelation about art, obsession, and the gap between vision and reality. (This is an automatically generated summary.)"
    ],
    "editors": [],
    "translators": [
      {
        "name": "Wormeley, Katharine Prescott",
        "birth_year": 1830,
        "death_year": 1908
      }
    ],
    "subjects": [
      "Biographical fiction",
      "France -- Fiction",
      "French fiction -- Translations into English",
      "Painters -- Fiction",
      "Poussin, Nicolas, 1594?-1665 -- Fiction"
    ],
    "bookshelves": [
      "Category: Art",
      "Category: French Literature",
      "Category: Novels"
    ],
    "languages": [
      "en"
    ],
    "copyright": false,
    "media_type": "Text",
    "formats": {
      "text/html": "https://www.gutenberg.org/ebooks/1553.html.images",
      "text/html; charset=utf-8": "https://www.gutenberg.org/files/1553/1553-h/1553-h.htm",
      "application/epub+zip": "https://www.gutenberg.org/ebooks/1553.epub3.images",
      "application/x-mobipocket-ebook": "https://www.gutenberg.org/ebooks/1553.kf8.images",
      "text/plain; charset=us-ascii": "https://www.gutenberg.org/ebooks/1553.txt.utf-8",
      "text/plain; charset=utf-8": "https://www.gutenberg.org/files/1553/1553-0.txt",
      "application/rdf+xml": "https://www.gutenberg.org/ebooks/1553.rdf",
      "image/jpeg": "https://www.gutenberg.org/cache/epub/1553/pg1553.cover.medium.jpg",
      "application/octet-stream": "https://www.gutenberg.org/cache/epub/1553/pg1553-h.zip"
    },
    "download_count": 450
  }
}