{
  "average_entropy_rate": 0.32788197265033703,
  "entropy_rate": [
    0.0,
    0.6239419031013954,
    0.0,
    0.0,
    0.0,
    0.0,
    0.0,
    0.0,
    0.0,
    0.0,
    0.8988862800698563,
    0.0,
    0.0,
    0.0,
    0.8965750789775625,
    0.6691397280680734,
    0.0,
    0.7677650531379495,
    0.9057299534215273,
    0.5291071827923398,
    0.0,
    0.8949546342980648,
    0.0,
    0.6118759801663891,
    0.0,
    0.0,
    0.0,
    0.0,
    0.0,
    0.0,
    0.0,
    0.0,
    0.6166124045211333,
    0.7148358321629149,
    0.9092280280320987,
    0.7159029978011927,
    0.8927128247372705,
    0.5497289345564739,
    0.8123992275485382,
    0.8927468984181661,
    0.5410179368528738
  ],
  "estimated_posterior_probability": 61.84978485107422,
  "input": "./smaller_in/Guten_index2161.txt",
  "prevalence_assumed": 0.5,
  "process_length": 80000,
  "gutenberg": {
    "id": 2161,
    "title": "The Song Book of Quong Lee of Limehouse",
    "authors": [
      {
        "name": "Burke, Thomas",
        "birth_year": 1886,
        "death_year": 1945
      }
    ],
    "summaries": [
      "\"The Song Book of Quong Lee of Limehouse\" by Thomas Burke is a collection of poetic prose that captures the life and thoughts of a Chinese shopkeeper in London's Limehouse during the early 20th century. Written in a lyrical style, the book reflects the experiences of an immigrant navigating the complexities of cultural identity, relationships, and the struggles of existence in a foreign land. The book primarily focuses on themes of love, community, and the contrasting aspects of beauty and hardship found within urban life.  In this vivid and contemplative work, Quong Lee shares his observations and reflections on everyday interactions, the power of music, and the influence of his surroundings on his emotional state. Each piece serves as a snapshot of his life, touching upon social issues, personal aspirations, and the bittersweet nature of love, particularly in his longing for the beautiful maid with golden curls. The narrative weaves through moments of joy and sorrow, highlighting the dichotomy of his existence between the simplicity of his homeland and the complexities of his current life in Limehouse, ultimately painting a rich tapestry of character and sentiment that resonates deeply with the reader. (This is an automatically generated summary.)"
    ],
    "editors": [],
    "translators": [],
    "subjects": [
      "Poetry"
    ],
    "bookshelves": [
      "Category: British Literature",
      "Category: Poetry"
    ],
    "languages": [
      "en"
    ],
    "copyright": false,
    "media_type": "Text",
    "formats": {
      "text/html": "https://www.gutenberg.org/ebooks/2161.html.images",
      "application/epub+zip": "https://www.gutenberg.org/ebooks/2161.epub3.images",
      "application/x-mobipocket-ebook": "https://www.gutenberg.org/ebooks/2161.kf8.images",
      "text/plain; charset=us-ascii": "https://www.gutenberg.org/ebooks/2161.txt.utf-8",
      "application/rdf+xml": "https://www.gutenberg.org/ebooks/2161.rdf",
      "image/jpeg": "https://www.gutenberg.org/cache/epub/2161/pg2161.cover.medium.jpg",
      "application/octet-stream": "https://www.gutenberg.org/cache/epub/2161/pg2161-h.zip"
    },
    "download_count": 284
  }
}