{
  "average_entropy_rate": 0.2202387108518594,
  "entropy_rate": [
    0.5565642052004663,
    0.0,
    0.0,
    0.0,
    0.0,
    0.0,
    0.0,
    0.0,
    0.0,
    0.0,
    0.0,
    0.7674646176798352,
    0.0,
    0.8072214750871113,
    0.0,
    0.0,
    0.0,
    0.0,
    0.0,
    0.752227667609728,
    0.0,
    0.7595463643755892,
    0.0,
    0.0,
    0.0,
    0.7923650654158162,
    0.0,
    0.0,
    0.0,
    0.0,
    0.0,
    0.0,
    0.7134707299334603,
    0.7515473544679935,
    0.8477931691561602,
    0.0,
    0.7668877691963408,
    0.7483803322523871,
    0.0,
    0.7663183945513484,
    0.0
  ],
  "estimated_posterior_probability": 57.15863037109375,
  "input": "./smaller_in/Guten_index2263.txt",
  "prevalence_assumed": 0.5,
  "process_length": 80000,
  "gutenberg": {
    "id": 2263,
    "title": "Julius Caesar",
    "authors": [
      {
        "name": "Shakespeare, William",
        "birth_year": 1564,
        "death_year": 1616
      }
    ],
    "summaries": [
      "\"Julius Caesar\" by William Shakespeare is a historical tragedy written and first performed in 1599. The play dramatizes the conspiracy to assassinate Roman dictator Julius Caesar and the civil war that follows. Though named for Caesar, the story centers on Brutus, a senator torn between personal loyalty and public duty as he joins the plot against his friend. After Caesar's murder, Mark Antony's powerful rhetoric turns public opinion against the conspirators, igniting conflict. The play explores political morality, the power of persuasion, and the fragile nature of republican government. (This is an automatically generated summary.)"
    ],
    "editors": [],
    "translators": [],
    "subjects": [
      "Assassins -- Drama",
      "Brutus, Marcus Junius, 85 B.C.?-42 B.C. -- Drama",
      "Caesar, Julius -- Assassination -- Drama",
      "Conspiracies -- Drama",
      "Rome -- History -- Civil War, 43-31 B.C. -- Drama",
      "Tragedies (Drama)"
    ],
    "bookshelves": [
      "Category: British Literature",
      "Category: Classics of Literature",
      "Category: History - Ancient",
      "Category: Plays/Films/Dramas"
    ],
    "languages": [
      "en"
    ],
    "copyright": false,
    "media_type": "Text",
    "formats": {
      "text/html": "https://www.gutenberg.org/ebooks/2263.html.images",
      "application/epub+zip": "https://www.gutenberg.org/ebooks/2263.epub3.images",
      "image/jpeg": "https://www.gutenberg.org/files/2263/cover.jpg",
      "application/x-mobipocket-ebook": "https://www.gutenberg.org/ebooks/2263.kf8.images",
      "text/plain; charset=us-ascii": "https://www.gutenberg.org/ebooks/2263.txt.utf-8",
      "application/rdf+xml": "https://www.gutenberg.org/ebooks/2263.rdf",
      "application/octet-stream": "https://www.gutenberg.org/cache/epub/2263/pg2263-h.zip"
    },
    "download_count": 568
  }
}