{
  "average_entropy_rate": 0.3572304824492129,
  "entropy_rate": [
    0.0,
    0.0,
    0.8262792197704849,
    0.0,
    0.0,
    0.0,
    0.0,
    0.9193924196099645,
    0.0,
    0.0,
    0.6652761375865981,
    0.0,
    0.0,
    0.0,
    0.8397489738958808,
    0.0,
    0.9242633484182237,
    0.7924100356377185,
    0.0,
    0.0,
    0.0,
    0.0,
    0.0,
    0.0,
    0.9725840396901974,
    0.8607135900054239,
    0.0,
    0.0,
    0.0,
    0.5909990588244769,
    0.0,
    0.0,
    0.8096452428237385,
    0.8631645957015185,
    0.8685873670592676,
    0.7661114873301978,
    1.0157578476255578,
    0.8238854060628762,
    0.953379996043992,
    0.8447076290947622,
    0.3095433852368504
  ],
  "estimated_posterior_probability": 63.31764602661133,
  "input": "./smaller_in/Guten_index315.txt",
  "prevalence_assumed": 0.5,
  "process_length": 80000,
  "gutenberg": {
    "id": 315,
    "title": "Rhymes of a Red Cross Man",
    "authors": [
      {
        "name": "Service, Robert W. (Robert William)",
        "birth_year": 1874,
        "death_year": 1958
      }
    ],
    "summaries": [
      "\"Rhymes of a Red Cross Man\" by Robert W. Service is a collection of war poetry written during the early 20th century, amidst the backdrop of World War I. The poems reflect the harsh realities and profound emotions experienced by soldiers, capturing themes of courage, loss, camaraderie, and the futility of war. The author’s voice blends vivid imagery with poignant reflections, offering readers a lens into the experiences of military personnel and the human spirit under duress.  The opening of the collection sets the tone for the poems to follow, as it introduces the author’s mission of finding solace in writing amidst the chaos of battle. Service shares his personal experiences alongside depictions of the war environment, revealing the grim conditions soldiers endured as they witnessed death and destruction. The first few poems highlight the call to arms, a reflection on the naive bravery of young soldiers, and the conflicting feelings about duty and sacrifice. Through these initial verses, readers engage with the emotional depth of the subject matter as they are drawn into the multifaceted lives of those impacted by the war, building a strong foundation for the themes explored throughout the entire work. (This is an automatically generated summary.)"
    ],
    "editors": [],
    "translators": [],
    "subjects": [
      "World War, 1914-1918 -- Poetry"
    ],
    "bookshelves": [
      "Bestsellers, American, 1895-1923",
      "Category: History - Warfare",
      "Category: Poetry"
    ],
    "languages": [
      "en"
    ],
    "copyright": false,
    "media_type": "Text",
    "formats": {
      "text/html": "https://www.gutenberg.org/ebooks/315.html.images",
      "text/html; charset=iso-8859-1": "https://www.gutenberg.org/files/315/315-h/315-h.htm",
      "application/epub+zip": "https://www.gutenberg.org/ebooks/315.epub3.images",
      "application/x-mobipocket-ebook": "https://www.gutenberg.org/ebooks/315.kf8.images",
      "text/plain; charset=us-ascii": "https://www.gutenberg.org/ebooks/315.txt.utf-8",
      "text/plain; charset=iso-8859-1": "https://www.gutenberg.org/files/315/315-8.txt",
      "application/rdf+xml": "https://www.gutenberg.org/ebooks/315.rdf",
      "image/jpeg": "https://www.gutenberg.org/cache/epub/315/pg315.cover.medium.jpg",
      "application/octet-stream": "https://www.gutenberg.org/cache/epub/315/pg315-h.zip"
    },
    "download_count": 895
  }
}