{
  "average_entropy_rate": 0.08578803014105996,
  "entropy_rate": [
    0.30495960200699657,
    0.0,
    0.5448751892492192,
    0.0,
    0.0,
    0.0,
    0.0,
    0.0,
    0.22389203356423187,
    0.0,
    0.0,
    0.0,
    0.0,
    0.0,
    0.0,
    0.4700163039434117,
    0.4895094641752426,
    0.0,
    0.0,
    0.0,
    0.0,
    0.0,
    0.0,
    0.0,
    0.0,
    0.0,
    0.0,
    0.0,
    0.0,
    0.0,
    0.0,
    0.0,
    0.35326802248225364,
    0.3552289108609979,
    0.0,
    0.0,
    0.4334114953070158,
    0.0,
    0.3421482141940885,
    0.0,
    0.0
  ],
  "estimated_posterior_probability": 52.476661682128906,
  "input": "./smaller_in/Guten_index4013.txt",
  "prevalence_assumed": 0.5,
  "process_length": 80000,
  "gutenberg": {
    "id": 4013,
    "title": "Das Buch Henoch",
    "authors": [],
    "summaries": [
      "\"The Book of Enoch\" by Andreas Gottlieb Hoffmann is a historical account, likely written in the early 19th century. This text serves as a comprehensive translation and commentary on the ancient Jewish text known as the Book of Enoch, which delves into themes of divine judgment, the nature of sinners and the righteous, and apocalyptic visions. It prominently features the character of Enoch, a biblical figure who, through visions, unveils the heavenly realms and the fate awaiting humanity.  The opening of \"Das Buch Henoch\" introduces readers to the significant themes and elements within this text. It begins with Enoch blessedly proclaiming his visions of the heavens, conveying messages from angels about impending judgments and the ultimate fate of the unrighteous. Enoch recounts his experiences while being transported to celestial locations where divine secrets are revealed, such as the nature of creation, the workings of the heavenly bodies, and the complexities of sin among humans, which particularly arises from the troubling interactions between angels and human beings. As Enoch becomes an important intermediary between the divine and humanity, he emphasizes the contrast between the destined peace for the righteous and the severe consequences awaiting the wicked. (This is an automatically generated summary.)"
    ],
    "editors": [],
    "translators": [
      {
        "name": "Hoffmann, Andreas Gottlieb",
        "birth_year": 1796,
        "death_year": 1864
      }
    ],
    "subjects": [
      "Apocryphal books (Old Testament) -- Commentaries"
    ],
    "bookshelves": [
      "Category: History - Religious",
      "Category: Religion/Spirituality",
      "DE Sachbuch"
    ],
    "languages": [
      "de"
    ],
    "copyright": false,
    "media_type": "Text",
    "formats": {
      "text/html": "https://www.gutenberg.org/ebooks/4013.html.images",
      "application/epub+zip": "https://www.gutenberg.org/ebooks/4013.epub3.images",
      "application/x-mobipocket-ebook": "https://www.gutenberg.org/ebooks/4013.kf8.images",
      "text/plain; charset=us-ascii": "https://www.gutenberg.org/ebooks/4013.txt.utf-8",
      "application/rdf+xml": "https://www.gutenberg.org/ebooks/4013.rdf",
      "image/jpeg": "https://www.gutenberg.org/cache/epub/4013/pg4013.cover.medium.jpg",
      "application/octet-stream": "https://www.gutenberg.org/files/4013/4013-8.zip"
    },
    "download_count": 508
  }
}