{
  "average_entropy_rate": 0.09963729395880465,
  "entropy_rate": [
    0.0,
    0.0,
    0.0,
    0.40803786463412633,
    0.0,
    0.0,
    0.0,
    0.0,
    0.8366131803233423,
    0.7126054852071392,
    0.0,
    0.0,
    0.0,
    0.0,
    0.0,
    0.0,
    0.0,
    0.0,
    0.0,
    0.0,
    0.0,
    0.0,
    0.0,
    0.0,
    0.0,
    0.0,
    0.0,
    0.0,
    0.0,
    0.0,
    0.0,
    0.0,
    0.6620244373253055,
    0.6168480516115462,
    0.8490000332095312,
    0.0,
    0.0,
    0.0,
    0.0,
    0.0,
    0.0
  ],
  "estimated_posterior_probability": 52.912147521972656,
  "input": "./smaller_in/Guten_index2342.txt",
  "prevalence_assumed": 0.5,
  "process_length": 80000,
  "gutenberg": {
    "id": 2342,
    "title": "Wilhelm Meisters Lehrjahre — Band 8",
    "authors": [
      {
        "name": "Goethe, Johann Wolfgang von",
        "birth_year": 1749,
        "death_year": 1832
      }
    ],
    "summaries": [
      "\"Wilhelm Meisters Lehrjahre — Band 8\" by Johann Wolfgang von Goethe is a novel written during the late 18th century. This literary work is a continuation of the story of Wilhelm Meister, exploring themes of self-discovery, personal growth, and the complexities of human relationships. In this volume, Wilhelm is accompanied by his young son Felix as they engage with nature and navigate their interactions with friends and acquaintances, reflecting on the transformations within themselves and their surroundings.  The opening of this eighth book introduces a vibrant morning where Wilhelm and Felix explore a garden, symbolizing new beginnings and curiosity. Wilhelm experiences a renewed sense of wonder as he observes the world through his child's eyes. The chapter also reintroduces Wilhelm’s friend Werner, whose physical and emotional state has changed, prompting reflections on their past and present. As they discuss life, relationships, and responsibilities, Wilhelm grapples with feelings of inadequacy regarding his role as a father and social citizen, leading him to contemplate seeking a companion for both his and Felix's futures. This part sets the stage for further exploration of Wilhelm's relationships and decisions as he strives for personal fulfillment amidst the expectations of society. (This is an automatically generated summary.)"
    ],
    "editors": [],
    "translators": [],
    "subjects": [
      "Bildungsromans"
    ],
    "bookshelves": [
      "Category: German Literature",
      "Category: Novels",
      "DE Prosa",
      "Harvard Classics",
      "Opera"
    ],
    "languages": [
      "de"
    ],
    "copyright": false,
    "media_type": "Text",
    "formats": {
      "text/html": "https://www.gutenberg.org/ebooks/2342.html.images",
      "application/epub+zip": "https://www.gutenberg.org/ebooks/2342.epub3.images",
      "application/x-mobipocket-ebook": "https://www.gutenberg.org/ebooks/2342.kf8.images",
      "text/plain; charset=us-ascii": "https://www.gutenberg.org/ebooks/2342.txt.utf-8",
      "application/rdf+xml": "https://www.gutenberg.org/ebooks/2342.rdf",
      "image/jpeg": "https://www.gutenberg.org/cache/epub/2342/pg2342.cover.medium.jpg",
      "application/octet-stream": "https://www.gutenberg.org/cache/epub/2342/pg2342-h.zip"
    },
    "download_count": 295
  }
}