{
  "average_entropy_rate": 0.33439468151588403,
  "entropy_rate": [
    0.5204084448826288,
    0.0,
    0.8115240327348983,
    0.0,
    0.0,
    0.0,
    0.6188319375660619,
    0.564340327138945,
    0.0,
    0.0,
    0.7371450294769756,
    0.6694750343544308,
    0.0,
    0.0,
    0.0,
    0.0,
    0.0,
    0.80027645733166,
    0.0,
    0.0,
    0.0,
    0.0,
    0.6663579658406761,
    0.0,
    0.5953002934768941,
    0.0,
    0.0,
    0.0,
    0.7732762441133159,
    0.0,
    0.6141171002271061,
    0.6638247807556258,
    0.0,
    0.7980465153989231,
    0.7101076835103827,
    0.6325256811623471,
    0.8225889420411238,
    0.7452477246711964,
    0.6620853896674164,
    0.7060700551285348,
    0.5986323026721033
  ],
  "estimated_posterior_probability": 62.16899871826172,
  "input": "./smaller_in/Guten_index4764.txt",
  "prevalence_assumed": 0.5,
  "process_length": 80000,
  "gutenberg": {
    "id": 4764,
    "title": "A Family Man : in three acts",
    "authors": [
      {
        "name": "Galsworthy, John",
        "birth_year": 1867,
        "death_year": 1933
      }
    ],
    "summaries": [
      "\"A Family Man: in Three Acts\" by John Galsworthy is a dramatic play likely written in the early 20th century. The work centers on the turmoil within the Builder family, emphasizing the struggles between tradition and modern values as the patriarch, John Builder, confronts various familial tensions, particularly with his daughters Athene and Maud. The play explores themes of familial duty, personal freedom, and the challenges that come with evolving societal expectations.  The opening of \"A Family Man\" introduces the Builder family, starting with John Builder as he contemplates his importance within the community, anticipating a possible nomination for Mayor. His wife, Julia, reflects a sense of restraint and dignity amidst her husband's authoritative demeanor. The family’s young maid and connection to John's daughter Athene foreshadow deeper issues related to Athene’s independence and choices, which will ultimately fracture the family unit. As tensions rise over questions of dignity and parenting, John's patriarchal outlook clashes with his daughters' desires for autonomy, leading to difficult conversations and highlighting the generational divide in their expectations for family and societal roles. (This is an automatically generated summary.)"
    ],
    "editors": [],
    "translators": [],
    "subjects": [
      "English drama"
    ],
    "bookshelves": [
      "Category: British Literature",
      "Category: Plays/Films/Dramas",
      "Nobel Prizes in Literature"
    ],
    "languages": [
      "en"
    ],
    "copyright": false,
    "media_type": "Text",
    "formats": {
      "text/html": "https://www.gutenberg.org/ebooks/4764.html.images",
      "application/epub+zip": "https://www.gutenberg.org/ebooks/4764.epub3.images",
      "application/x-mobipocket-ebook": "https://www.gutenberg.org/ebooks/4764.kf8.images",
      "text/plain; charset=us-ascii": "https://www.gutenberg.org/ebooks/4764.txt.utf-8",
      "application/rdf+xml": "https://www.gutenberg.org/ebooks/4764.rdf",
      "image/jpeg": "https://www.gutenberg.org/cache/epub/4764/pg4764.cover.medium.jpg",
      "application/octet-stream": "https://www.gutenberg.org/files/4764/4764-h.zip"
    },
    "download_count": 255
  }
}