{
  "average_entropy_rate": 0.03515577857528782,
  "entropy_rate": [
    0.2169924970185682,
    0.9182958184261744,
    0.0,
    0.0,
    0.0,
    0.0,
    0.0,
    0.0,
    0.0,
    0.0,
    0.0,
    0.0,
    0.0,
    0.0,
    0.0,
    0.0,
    0.0,
    0.0,
    0.0,
    0.0,
    0.0,
    0.0,
    0.0,
    0.0,
    0.0,
    0.0,
    0.0,
    0.0,
    0.0,
    0.0,
    0.0,
    0.0,
    0.306098606142058,
    0.0,
    0.0,
    0.0,
    0.0,
    0.0,
    0.0,
    0.0,
    0.0
  ],
  "estimated_posterior_probability": 50.975563049316406,
  "input": "./smaller_in/Guten_index2585.txt",
  "prevalence_assumed": 0.5,
  "process_length": 80000,
  "gutenberg": {
    "id": 2585,
    "title": "The First 1001 Fibonacci Numbers",
    "authors": [],
    "summaries": [
      "“The First 1001 Fibonacci Numbers” by Simon Plouffe is a scientific publication likely written in the late 20th century. The work presents an extensive enumeration of Fibonacci numbers, detailing each term in an ordered format that illustrates the mathematical relationship where each number is the sum of the two preceding ones.  At the start of the book, the author introduces the definition of Fibonacci numbers, denoted as F(n), where F(n) = F(n-1) + F(n-2). Following this, the opening portion provides a sequential listing of the first 1001 Fibonacci numbers, beginning with F(1) = 1 and proceeding through F(1001), engaging readers through a structured presentation of this famous mathematical sequence. The format emphasizes the inherent patterns and relationships within these numbers, setting the stage for a deeper exploration of their properties and implications in various mathematical contexts. (This is an automatically generated summary.)"
    ],
    "editors": [
      {
        "name": "Plouffe, Simon",
        "birth_year": 1956,
        "death_year": null
      }
    ],
    "translators": [],
    "subjects": [
      "Fibonacci numbers",
      "Mathematics"
    ],
    "bookshelves": [
      "Category: Mathematics",
      "Mathematics"
    ],
    "languages": [
      "en"
    ],
    "copyright": false,
    "media_type": "Text",
    "formats": {
      "text/html": "https://www.gutenberg.org/ebooks/2585.html.images",
      "application/epub+zip": "https://www.gutenberg.org/ebooks/2585.epub3.images",
      "application/x-mobipocket-ebook": "https://www.gutenberg.org/ebooks/2585.kf8.images",
      "text/plain; charset=us-ascii": "https://www.gutenberg.org/ebooks/2585.txt.utf-8",
      "application/rdf+xml": "https://www.gutenberg.org/ebooks/2585.rdf",
      "image/jpeg": "https://www.gutenberg.org/cache/epub/2585/pg2585.cover.medium.jpg",
      "application/octet-stream": "https://www.gutenberg.org/cache/epub/2585/pg2585-h.zip"
    },
    "download_count": 260
  }
}