{
  "average_entropy_rate": 0.2975516867033538,
  "entropy_rate": [
    0.746068330289907,
    0.0,
    0.0,
    0.0,
    0.6723170464904316,
    0.0,
    0.0,
    0.0,
    0.0,
    0.0,
    0.0,
    0.0,
    0.0,
    0.0,
    0.0,
    0.0,
    0.0,
    0.0,
    0.6339601428933325,
    0.7958528320498478,
    0.0,
    0.7565235781272465,
    0.0,
    0.0,
    0.7625237241023224,
    0.0,
    0.0,
    0.8636578188710536,
    0.0,
    0.0,
    0.7452277856329592,
    0.0,
    0.5845555116230563,
    0.6798210659597813,
    0.4678525747029774,
    0.7890957798707208,
    0.7430864160124242,
    0.8408633878355187,
    0.6970796514487843,
    0.8573078767629063,
    0.5638256321642339
  ],
  "estimated_posterior_probability": 60.427330017089844,
  "input": "./smaller_in/Guten_index1756.txt",
  "prevalence_assumed": 0.5,
  "process_length": 80000,
  "gutenberg": {
    "id": 1756,
    "title": "Uncle Vanya: Scenes from Country Life in Four Acts",
    "authors": [
      {
        "name": "Chekhov, Anton Pavlovich",
        "birth_year": 1860,
        "death_year": 1904
      }
    ],
    "summaries": [
      "\"Uncle Vanya: Scenes from Country Life in Four Acts\" by Anton Pavlovich Chekhov is a play first published in 1897. When an elderly professor and his beautiful young wife visit a rural estate, two men fall under her spell while confronting their provincial disappointments. The estate manager Vanya has sacrificed years supporting the professor's career, while his niece Sonya harbors unspoken feelings for the local doctor. Crisis erupts when the professor announces plans to sell the estate—their home—threatening to upend their carefully managed existence. (This is an automatically generated summary.)"
    ],
    "editors": [],
    "translators": [],
    "subjects": [
      "Country life -- Russia -- Drama",
      "Families -- Russia -- Drama",
      "Russia -- Social life and customs -- Drama",
      "Russian drama -- Translations into English"
    ],
    "bookshelves": [
      "Category: Plays/Films/Dramas",
      "Category: Russian Literature"
    ],
    "languages": [
      "en"
    ],
    "copyright": false,
    "media_type": "Text",
    "formats": {
      "text/html": "https://www.gutenberg.org/ebooks/1756.html.images",
      "text/html; charset=us-ascii": "https://www.gutenberg.org/files/1756/1756-h/1756-h.htm",
      "application/epub+zip": "https://www.gutenberg.org/ebooks/1756.epub3.images",
      "application/x-mobipocket-ebook": "https://www.gutenberg.org/ebooks/1756.kf8.images",
      "text/plain; charset=us-ascii": "https://www.gutenberg.org/ebooks/1756.txt.utf-8",
      "application/rdf+xml": "https://www.gutenberg.org/ebooks/1756.rdf",
      "image/jpeg": "https://www.gutenberg.org/cache/epub/1756/pg1756.cover.medium.jpg",
      "application/octet-stream": "https://www.gutenberg.org/cache/epub/1756/pg1756-h.zip"
    },
    "download_count": 3396
  }
}