{
  "average_entropy_rate": 0.32997284724551523,
  "entropy_rate": [
    0.0,
    0.0,
    0.0,
    0.0,
    0.7195019950459146,
    0.0,
    0.0,
    0.0,
    0.6695534638524724,
    0.0,
    0.793592759814233,
    0.0,
    0.0,
    0.0,
    0.0,
    0.0,
    0.0,
    0.0,
    0.0,
    0.0,
    0.7554235159768454,
    0.0,
    0.0,
    0.6266487817286279,
    0.0,
    0.7803023520945562,
    0.0,
    0.9128275546393856,
    0.8492292512114071,
    0.0,
    0.0,
    0.9550509833372725,
    0.7362273291154301,
    0.6849653553892152,
    0.8456053499008039,
    0.7785135139990342,
    0.0,
    0.7028195311147832,
    0.9708597653429354,
    0.8361696035547487,
    0.911595630948456
  ],
  "estimated_posterior_probability": 61.9532356262207,
  "input": "./smaller_in/Guten_index853.txt",
  "prevalence_assumed": 0.5,
  "process_length": 80000,
  "gutenberg": {
    "id": 853,
    "title": "The Confutatio Pontificia",
    "authors": [],
    "summaries": [
      "\"The Confutatio Pontificia\" by Anonymous and edited by Johann Michael Reu is a historical religious document likely written in the early 16th century. This text centers on the theological disputes concerning the Christian Orthodox faith and serves as a confutation of the Confession of Faith presented by the Elector of Saxony and other rulers within the Holy Roman Empire regarding Lutheran reforms. It is deeply rooted in the context of the Protestant Reformation, a significant period marked by challenges to the doctrines and practices of the Catholic Church.  The book meticulously critiques various articles of the Lutheran Confession, affirming traditional Catholic doctrines such as the nature of original sin, the necessity of sacraments like baptism and confession, and the role of good works in salvation. It provides detailed theological arguments against Protestant positions on faith, grace, and the nature of the Church and its sacraments. Each article is addressed methodologically, highlighting the compatibility of certain beliefs with Catholic values while clearly refuting others deemed heretical. The overall message emphasizes the importance of adherence to the Catholic Church, presenting a benedictory yet stern call for unity among the Christian faithful while disapproving of the emerging Protestant ideals. (This is an automatically generated summary.)"
    ],
    "editors": [
      {
        "name": "Reu, Johann Michael",
        "birth_year": 1869,
        "death_year": 1943
      }
    ],
    "translators": [],
    "subjects": [
      "Protestantism"
    ],
    "bookshelves": [
      "Category: History - Early Modern (c. 1450-1750)",
      "Category: History - Religious",
      "Category: Religion/Spirituality"
    ],
    "languages": [
      "en"
    ],
    "copyright": false,
    "media_type": "Text",
    "formats": {
      "text/html": "https://www.gutenberg.org/ebooks/853.html.images",
      "text/html; charset=us-ascii": "https://www.gutenberg.org/files/853/853-h/853-h.htm",
      "application/epub+zip": "https://www.gutenberg.org/ebooks/853.epub3.images",
      "application/x-mobipocket-ebook": "https://www.gutenberg.org/ebooks/853.kf8.images",
      "text/plain; charset=us-ascii": "https://www.gutenberg.org/ebooks/853.txt.utf-8",
      "application/rdf+xml": "https://www.gutenberg.org/ebooks/853.rdf",
      "image/jpeg": "https://www.gutenberg.org/cache/epub/853/pg853.cover.medium.jpg",
      "application/octet-stream": "https://www.gutenberg.org/cache/epub/853/pg853-h.zip"
    },
    "download_count": 349
  }
}