{
  "average_entropy_rate": 0.31560368861108906,
  "entropy_rate": [
    0.0,
    0.0,
    0.0,
    0.0,
    0.750317965428749,
    0.0,
    0.7668455245276,
    0.0,
    0.0,
    0.6895366629845195,
    0.0,
    0.0,
    0.9583366136464548,
    0.0,
    0.0,
    0.8390932123717442,
    0.0,
    0.0,
    0.0,
    0.0,
    0.0,
    0.0,
    0.0,
    0.7417821274209422,
    0.7894389249679895,
    0.0,
    0.0,
    0.0,
    0.0,
    0.0,
    0.932230680164777,
    0.0,
    0.7570995581066078,
    0.7359458596258005,
    0.8710301478951963,
    0.0,
    0.8635580927319242,
    0.7871613005352593,
    0.7897170014624826,
    0.7008117294123467,
    0.9668458317722579
  ],
  "estimated_posterior_probability": 61.263710021972656,
  "input": "./smaller_in/Guten_index4147.txt",
  "prevalence_assumed": 0.5,
  "process_length": 80000,
  "gutenberg": {
    "id": 4147,
    "title": "Diary of Samuel Pepys — Volume 27: March 1663-64",
    "authors": [
      {
        "name": "Pepys, Samuel",
        "birth_year": 1633,
        "death_year": 1703
      }
    ],
    "summaries": [
      "\"Diary of Samuel Pepys — Volume 27: March 1663-64\" by Samuel Pepys is a historical diary written in the 17th century. This book is part of a larger collection that chronicles Pepys's daily life, documented through his journal entries. The likely topics explored in this volume include personal experiences, professional duties related to the Admiralty, and significant events from English history during the Restoration period, highlighting both mundane and pivotal moments in Pepys's life.  In this volume, Pepys provides an intimate glimpse into his life over the course of a year, detailing conversations, social engagements, and work at the Admiralty. Throughout March, we see Pepys grappling with personal issues, such as his eye troubles and family dynamics, particularly concerning his ill brother, Tom, whose condition grows increasingly dire. The diary also sheds light on political intrigues and social interactions, including discussions about theatre and the East India Company, amidst the backdrop of London's evolving social landscape. Pepys's reflections reveal a man deeply engaged in his duties and the world around him, navigating personal anxieties while also partaking in the vibrant life of Restoration England. (This is an automatically generated summary.)"
    ],
    "editors": [
      {
        "name": "Wheatley, Henry B. (Henry Benjamin)",
        "birth_year": 1838,
        "death_year": 1917
      },
      {
        "name": "Braybrooke, Richard Griffin, Baron",
        "birth_year": 1783,
        "death_year": 1858
      }
    ],
    "translators": [
      {
        "name": "Bright, Mynors",
        "birth_year": 1818,
        "death_year": 1883
      }
    ],
    "subjects": [
      "Cabinet officers -- Great Britain -- Diaries",
      "Diarists -- Great Britain -- Diaries",
      "Great Britain -- History -- Charles II, 1660-1685 -- Sources",
      "Great Britain -- Social life and customs -- 17th century -- Sources",
      "Pepys, Samuel, 1633-1703 -- Diaries"
    ],
    "bookshelves": [
      "Category: Biographies",
      "Category: History - British"
    ],
    "languages": [
      "en"
    ],
    "copyright": false,
    "media_type": "Text",
    "formats": {
      "text/html": "https://www.gutenberg.org/ebooks/4147.html.images",
      "application/epub+zip": "https://www.gutenberg.org/ebooks/4147.epub3.images",
      "application/x-mobipocket-ebook": "https://www.gutenberg.org/ebooks/4147.kf8.images",
      "text/plain; charset=us-ascii": "https://www.gutenberg.org/ebooks/4147.txt.utf-8",
      "application/rdf+xml": "https://www.gutenberg.org/ebooks/4147.rdf",
      "image/jpeg": "https://www.gutenberg.org/cache/epub/4147/pg4147.cover.medium.jpg",
      "application/octet-stream": "https://www.gutenberg.org/files/4147/4147.zip"
    },
    "download_count": 268
  }
}