{
  "average_entropy_rate": 0.21170151244532412,
  "entropy_rate": [
    0.0,
    0.8119744125809634,
    0.0,
    0.0,
    0.0,
    0.0,
    0.5255985733078372,
    0.0,
    0.0,
    0.6243581087821912,
    0.36096401522288496,
    0.0,
    0.0,
    0.7662439696174174,
    0.0,
    0.6290522872706682,
    0.0,
    0.0,
    0.0,
    0.0,
    0.5799069020249153,
    0.0,
    0.0,
    0.0,
    0.0,
    0.0,
    0.0,
    0.0,
    0.0,
    0.36096401522288496,
    0.0,
    0.0,
    0.7168681472487176,
    0.6749797700938506,
    0.6303193293883035,
    0.773093227065224,
    0.0,
    0.6287098761527004,
    0.5967293762797307,
    0.0,
    0.0
  ],
  "estimated_posterior_probability": 56.827354431152344,
  "input": "./smaller_in/Guten_index341.txt",
  "prevalence_assumed": 0.5,
  "process_length": 80000,
  "gutenberg": {
    "id": 341,
    "title": "Myths and Legends of the Sioux",
    "authors": [
      {
        "name": "McLaughlin, Marie L.",
        "birth_year": 1842,
        "death_year": null
      }
    ],
    "summaries": [
      "\"Myths and Legends of the Sioux\" by Marie L. McLaughlin is a collection of traditional tales centering on the Sioux culture, likely written in the early 20th century. The book contains a variety of stories that convey the values, beliefs, and experiences of the Sioux people, featuring themes of nature, morality, and the consequences of one's actions, which are key components of their folklore.  At the start of this collection, McLaughlin expresses her deep connection to the stories, which were passed down to her from the Sioux elders. The opening portion introduces a series of brief tales, such as \"The Forgotten Ear of Corn,\" which illustrates the importance of carefulness and mindfulness in harvesting. Other stories depict the consequences of carelessness, the virtue of hard work as shown in \"The Little Mice,\" and the enduring bond of love and loss in \"The Faithful Lovers.\" These narratives, infused with moral lessons, serve to entertain while also imparting wisdom about the Sioux worldview, making the opening a compelling invitation into a rich cultural tapestry. (This is an automatically generated summary.)"
    ],
    "editors": [],
    "translators": [],
    "subjects": [
      "Dakota Indians -- Folklore",
      "Mdewakanton Indians -- Folklore"
    ],
    "bookshelves": [
      "Category: Mythology, Legends & Folklore",
      "Folklore",
      "Native America"
    ],
    "languages": [
      "en"
    ],
    "copyright": false,
    "media_type": "Text",
    "formats": {
      "text/html": "https://www.gutenberg.org/ebooks/341.html.images",
      "text/html; charset=utf-8": "https://www.gutenberg.org/files/341/341-h/341-h.htm",
      "application/epub+zip": "https://www.gutenberg.org/ebooks/341.epub3.images",
      "application/x-mobipocket-ebook": "https://www.gutenberg.org/ebooks/341.kf8.images",
      "text/plain; charset=us-ascii": "https://www.gutenberg.org/ebooks/341.txt.utf-8",
      "text/plain; charset=utf-8": "https://www.gutenberg.org/files/341/341-0.txt",
      "application/rdf+xml": "https://www.gutenberg.org/ebooks/341.rdf",
      "image/jpeg": "https://www.gutenberg.org/cache/epub/341/pg341.cover.medium.jpg",
      "application/octet-stream": "https://www.gutenberg.org/cache/epub/341/pg341-h.zip"
    },
    "download_count": 900
  }
}