{
  "average_entropy_rate": 0.22227385652654374,
  "entropy_rate": [
    0.0,
    0.0,
    0.0,
    0.0,
    0.0,
    0.0,
    0.0,
    0.0,
    0.0,
    0.6560226919799902,
    0.7168856886328332,
    0.6665844262003936,
    0.0,
    0.0,
    0.8618716628714747,
    0.0,
    0.0,
    0.0,
    0.6489359723478477,
    0.0,
    0.6804229764160383,
    0.0,
    0.0,
    0.0,
    0.0,
    0.0,
    0.0,
    0.557139026873518,
    0.0,
    0.0,
    0.0,
    0.0,
    0.630871722867826,
    0.0,
    0.701463626737294,
    0.8290498051944025,
    0.6877347751299054,
    0.819153427749346,
    0.6570923145874267,
    0.0,
    0.0
  ],
  "estimated_posterior_probability": 57.239280700683594,
  "input": "./smaller_in/Guten_index1920.txt",
  "prevalence_assumed": 0.5,
  "process_length": 80000,
  "gutenberg": {
    "id": 1920,
    "title": "Billy Baxter's Letters",
    "authors": [
      {
        "name": "Kountz, William J.",
        "birth_year": null,
        "death_year": 1899
      }
    ],
    "summaries": [
      "\"Billy Baxter's Letters\" by William J. Kountz, Jr. is a humorous collection of letters written during the late 19th century, capturing the witty observations and misadventures of the titular character, Billy Baxter. The book explores themes of love, society, and the absurdities of everyday life, all presented through Billy’s lighthearted and often exaggerated storytelling style. Kountz's work reflects the social dynamics and cultural context of that time period, providing readers with a comedic yet insightful look into the human experience.  The letters within the book are written to Billy's friend Jim, detailing his escapades ranging from hunting trips to his encounters in society and his reflections on love. Through these letters, readers are introduced to a colorful cast of characters, such as the endearing yet hapless Johnny Black and various society figures who populate Billy's humorous tales. Each letter encapsulates a different aspect of Billy's life, filled with comedic mishaps, clever wordplay, and sharp commentary on societal norms, leading to a vibrant narrative that entertains while illuminating the trials and tribulations of friendship, romance, and personal identity. (This is an automatically generated summary.)"
    ],
    "editors": [],
    "translators": [],
    "subjects": [
      "Epistolary fiction",
      "Humorous stories, American"
    ],
    "bookshelves": [
      "Category: American Literature",
      "Category: Essays, Letters & Speeches",
      "Category: Humour"
    ],
    "languages": [
      "en"
    ],
    "copyright": false,
    "media_type": "Text",
    "formats": {
      "text/html": "https://www.gutenberg.org/ebooks/1920.html.images",
      "application/epub+zip": "https://www.gutenberg.org/ebooks/1920.epub3.images",
      "application/x-mobipocket-ebook": "https://www.gutenberg.org/ebooks/1920.kf8.images",
      "text/plain; charset=us-ascii": "https://www.gutenberg.org/ebooks/1920.txt.utf-8",
      "application/rdf+xml": "https://www.gutenberg.org/ebooks/1920.rdf",
      "image/jpeg": "https://www.gutenberg.org/cache/epub/1920/pg1920.cover.medium.jpg",
      "application/octet-stream": "https://www.gutenberg.org/cache/epub/1920/pg1920-h.zip"
    },
    "download_count": 254
  }
}