{
  "average_entropy_rate": 0.1879530604961102,
  "entropy_rate": [
    0.0,
    0.0,
    0.0,
    0.0,
    0.0,
    0.0,
    0.0,
    0.0,
    0.3650764086625697,
    0.6096721181891164,
    0.0,
    0.0,
    0.0,
    0.0,
    0.0,
    0.0,
    0.0,
    0.6755031968660892,
    0.0,
    0.0,
    0.0,
    0.0,
    0.0,
    0.601324803173984,
    0.6610896709625091,
    0.0,
    0.0,
    0.0,
    0.0,
    0.0,
    0.0,
    0.6743916813663046,
    0.0,
    0.7863567078309057,
    0.0,
    0.5129243809407559,
    0.0,
    0.6405199927547826,
    0.6403360549131812,
    0.8283167218975238,
    0.710563742782796
  ],
  "estimated_posterior_probability": 55.93154525756836,
  "input": "./smaller_in/Guten_index2721.txt",
  "prevalence_assumed": 0.5,
  "process_length": 80000,
  "gutenberg": {
    "id": 2721,
    "title": "Eric Brighteyes",
    "authors": [
      {
        "name": "Haggard, H. Rider (Henry Rider)",
        "birth_year": 1856,
        "death_year": 1925
      }
    ],
    "summaries": [
      "\"Eric Brighteyes\" by H. Rider Haggard is a novel published in 1891. Set in 10th-century Iceland, it follows Eric Thorgrimursson as he battles to win the hand of Gudruda the Fair against her father's opposition. His quest becomes perilous when Gudruda's half-sister Swanhild, a sorceress who desires Eric for herself, unleashes deadly intrigues and treachery. Written as an early pastiche of saga literature, this epic Viking tale blends violent conflict with Norse mysticism in a doom-laden adventure. (This is an automatically generated summary.)"
    ],
    "editors": [],
    "translators": [],
    "subjects": [
      "Adventure stories",
      "Fantasy fiction",
      "Iceland -- Fiction",
      "Norse cults -- Fiction",
      "Sisters -- Fiction",
      "Vikings -- Fiction"
    ],
    "bookshelves": [
      "Category: Historical Novels",
      "Category: Mythology, Legends & Folklore",
      "Category: Novels",
      "Category: Romance"
    ],
    "languages": [
      "en"
    ],
    "copyright": false,
    "media_type": "Text",
    "formats": {
      "text/html": "https://www.gutenberg.org/ebooks/2721.html.images",
      "application/epub+zip": "https://www.gutenberg.org/ebooks/2721.epub3.images",
      "application/x-mobipocket-ebook": "https://www.gutenberg.org/ebooks/2721.kf8.images",
      "text/plain; charset=us-ascii": "https://www.gutenberg.org/ebooks/2721.txt.utf-8",
      "application/rdf+xml": "https://www.gutenberg.org/ebooks/2721.rdf",
      "image/jpeg": "https://www.gutenberg.org/cache/epub/2721/pg2721.cover.medium.jpg",
      "application/octet-stream": "https://www.gutenberg.org/files/2721/2721-0.zip"
    },
    "download_count": 445
  }
}