{
  "average_entropy_rate": 0.2592505458999662,
  "entropy_rate": [
    0.0,
    0.0,
    0.0,
    0.0,
    0.0,
    0.0,
    0.663069955054217,
    0.0,
    0.0,
    0.0,
    0.780369746032988,
    0.7855113732109432,
    0.0,
    0.0,
    0.0,
    0.0,
    0.0,
    0.0,
    0.0,
    0.0,
    0.0,
    0.0,
    0.0,
    0.0,
    0.0,
    0.0,
    0.9686273810979132,
    0.0,
    0.9450108719176241,
    0.7808383678626879,
    0.0,
    0.7800362631230375,
    0.8272596276193683,
    0.0,
    0.7817673647293104,
    0.0,
    0.7826457472319606,
    0.9705832204035522,
    0.7810345520064389,
    0.0,
    0.7825179116085719
  ],
  "estimated_posterior_probability": 58.74605941772461,
  "input": "./smaller_in/Guten_index2345.txt",
  "prevalence_assumed": 0.5,
  "process_length": 80000,
  "gutenberg": {
    "id": 2345,
    "title": "The Adventure of the Red Circle",
    "authors": [
      {
        "name": "Doyle, Arthur Conan",
        "birth_year": 1859,
        "death_year": 1930
      }
    ],
    "summaries": [
      "\"The Adventure of the Red Circle\" by Arthur Conan Doyle is a short story published in 1911. When a landlady seeks Holmes's help regarding her mysterious lodger who pays double rent but remains invisible, the detective uncovers a hidden woman in fear. Through coded candle signals and surveillance, Holmes and Watson become entangled in a dangerous case involving an Italian criminal organization, a vengeful assassin, and a couple desperately fleeing their violent past across continents. (This is an automatically generated summary.)"
    ],
    "editors": [],
    "translators": [],
    "subjects": [
      "Detective and mystery stories",
      "Holmes, Sherlock (Fictitious character) -- Fiction",
      "Private investigators -- England -- Fiction"
    ],
    "bookshelves": [
      "Category: British Literature",
      "Category: Crime, Thrillers and Mystery",
      "Detective Fiction"
    ],
    "languages": [
      "en"
    ],
    "copyright": false,
    "media_type": "Text",
    "formats": {
      "text/html": "https://www.gutenberg.org/ebooks/2345.html.images",
      "text/html; charset=iso-8859-1": "https://www.gutenberg.org/files/2345/2345-h/2345-h.htm",
      "application/epub+zip": "https://www.gutenberg.org/ebooks/2345.epub3.images",
      "application/x-mobipocket-ebook": "https://www.gutenberg.org/ebooks/2345.kf8.images",
      "text/plain; charset=us-ascii": "https://www.gutenberg.org/ebooks/2345.txt.utf-8",
      "application/rdf+xml": "https://www.gutenberg.org/ebooks/2345.rdf",
      "image/jpeg": "https://www.gutenberg.org/cache/epub/2345/pg2345.cover.medium.jpg",
      "application/octet-stream": "https://www.gutenberg.org/cache/epub/2345/pg2345-h.zip"
    },
    "download_count": 450
  }
}