{
  "average_entropy_rate": 0.25741993209243114,
  "entropy_rate": [
    0.8527637399378827,
    0.564593768518725,
    0.6675481089566048,
    0.0,
    0.0,
    0.0,
    0.0,
    0.0,
    0.0,
    0.0,
    0.0,
    0.0,
    0.0,
    0.0,
    0.0,
    0.0,
    0.0,
    0.8242081761334047,
    0.0,
    0.0,
    0.0,
    0.0,
    0.0,
    0.0,
    0.784585011782342,
    0.0,
    0.0,
    0.0,
    0.8420227231417964,
    0.0,
    0.6890381240220217,
    0.0,
    0.7524190635909812,
    0.7360014175658899,
    0.7700877564133454,
    0.0,
    0.8272049712722522,
    0.7404144928925365,
    0.8355868270478994,
    0.0,
    0.6677430345139935
  ],
  "estimated_posterior_probability": 58.66911315917969,
  "input": "./smaller_in/Guten_index2230.txt",
  "prevalence_assumed": 0.5,
  "process_length": 80000,
  "gutenberg": {
    "id": 2230,
    "title": "Faust: Der Tragödie zweiter Teil",
    "authors": [
      {
        "name": "Goethe, Johann Wolfgang von",
        "birth_year": 1749,
        "death_year": 1832
      }
    ],
    "summaries": [
      "\"Faust: Der Tragödie zweiter Teil\" by Johann Wolfgang von Goethe is a dramatic work completed in 1831 and published in 1832. This continuation of Faust I follows the protagonist beyond personal struggle into ambitious social and political action. Faust pursues artistic creation, journeys through time to wed the classical beauty Helena, and grapples with questions of power and meaning. Through allegory and spectacle spanning five acts, Goethe explores whether human striving can achieve lasting change, culminating in themes of redemption and grace. (This is an automatically generated summary.)"
    ],
    "editors": [],
    "translators": [],
    "subjects": [
      "Faust, -approximately 1540 -- Drama",
      "German poetry",
      "Legends -- Germany -- Drama",
      "Magicians -- Drama"
    ],
    "bookshelves": [
      "Best Books Ever Listings",
      "Category: Classics of Literature",
      "Category: German Literature",
      "Category: Plays/Films/Dramas",
      "DE Drama"
    ],
    "languages": [
      "de"
    ],
    "copyright": false,
    "media_type": "Text",
    "formats": {
      "text/html": "https://www.gutenberg.org/ebooks/2230.html.images",
      "application/epub+zip": "https://www.gutenberg.org/ebooks/2230.epub3.images",
      "application/x-mobipocket-ebook": "https://www.gutenberg.org/ebooks/2230.kf8.images",
      "text/plain; charset=us-ascii": "https://www.gutenberg.org/ebooks/2230.txt.utf-8",
      "text/plain; charset=iso-8859-1": "https://www.gutenberg.org/files/2230/2230-8.txt",
      "application/rdf+xml": "https://www.gutenberg.org/ebooks/2230.rdf",
      "image/jpeg": "https://www.gutenberg.org/cache/epub/2230/pg2230.cover.medium.jpg",
      "application/octet-stream": "https://www.gutenberg.org/cache/epub/2230/pg2230-h.zip"
    },
    "download_count": 970
  }
}