{
  "average_entropy_rate": 0.2681492903047938,
  "entropy_rate": [
    0.0,
    0.0,
    0.580202627788361,
    0.0,
    0.0,
    0.0,
    0.0,
    0.6378911402884135,
    0.575692566947874,
    0.0,
    0.0,
    0.6087466706783391,
    0.6095059649827639,
    0.0,
    0.684631995530541,
    0.0,
    0.0,
    0.7524570171329759,
    0.0,
    0.0,
    0.0,
    0.4524156153307263,
    0.0,
    0.0,
    0.6549209062309813,
    0.0,
    0.0,
    0.0,
    0.0,
    0.6445712300234614,
    0.6563000918264013,
    0.0,
    0.6022583415647413,
    0.7484225307936351,
    0.610490697844773,
    0.6677024453544558,
    0.0,
    0.0,
    0.7474271737717273,
    0.0,
    0.7604838864063755
  ],
  "estimated_posterior_probability": 59.12510299682617,
  "input": "data/human/Gutenberg//Guten_index1728.txt",
  "prevalence_assumed": 0.5,
  "process_length": 80000,
  "gutenberg": {
    "id": 1728,
    "title": "The Odyssey of Homer",
    "authors": [
      {
        "name": "Homer",
        "birth_year": -750,
        "death_year": -650
      }
    ],
    "summaries": [
      "\"The Odyssey of Homer\" by Homer is an epic poem composed around the 8th or 7th century BC. It follows Odysseus, king of Ithaca, on his perilous ten-year journey home after the Trojan War. While he battles supernatural dangers and loses all his crew, his wife Penelope and son Telemachus face aggressive suitors at home who presume Odysseus dead. This ancient Greek masterpiece explores themes of homecoming, hospitality, and perseverance, and remains one of the most enduring narratives in Western literature. (This is an automatically generated summary.)"
    ],
    "editors": [],
    "translators": [
      {
        "name": "Butcher, S. H. (Samuel Henry)",
        "birth_year": 1850,
        "death_year": 1910
      },
      {
        "name": "Lang, Andrew",
        "birth_year": 1844,
        "death_year": 1912
      }
    ],
    "subjects": [
      "Epic poetry, Greek -- Translations into English",
      "Homer -- Translations into English",
      "Odysseus, King of Ithaca (Mythological character)"
    ],
    "bookshelves": [
      "Category: Adventure",
      "Category: Classics of Literature",
      "Category: History - Ancient",
      "Category: Mythology, Legends & Folklore",
      "Classical Antiquity",
      "Harvard Classics"
    ],
    "languages": [
      "en"
    ],
    "copyright": false,
    "media_type": "Text",
    "formats": {
      "text/html": "https://www.gutenberg.org/ebooks/1728.html.images",
      "application/epub+zip": "https://www.gutenberg.org/ebooks/1728.epub3.images",
      "application/x-mobipocket-ebook": "https://www.gutenberg.org/ebooks/1728.kf8.images",
      "text/plain; charset=us-ascii": "https://www.gutenberg.org/ebooks/1728.txt.utf-8",
      "application/rdf+xml": "https://www.gutenberg.org/ebooks/1728.rdf",
      "image/jpeg": "https://www.gutenberg.org/cache/epub/1728/pg1728.cover.medium.jpg",
      "application/octet-stream": "https://www.gutenberg.org/cache/epub/1728/pg1728-h.zip"
    },
    "download_count": 1411
  }
}