{
  "average_entropy_rate": 0.23362245456441297,
  "entropy_rate": [
    0.8451846074128002,
    0.0,
    0.0,
    0.0,
    0.0,
    0.0,
    0.5641204989556601,
    0.7523559939420383,
    0.0,
    0.0,
    0.0,
    0.0,
    0.0,
    0.0,
    0.0,
    0.0,
    0.7429377119225662,
    0.0,
    0.7415762858731553,
    0.0,
    0.0,
    0.0,
    0.0,
    0.7302423387890518,
    0.0,
    0.0,
    0.0,
    0.0,
    0.743761473347886,
    0.0,
    0.0,
    0.0,
    0.7624686010359675,
    0.6258202962195848,
    0.7343446814366038,
    0.0,
    0.7416032777138605,
    0.8538645259344579,
    0.0,
    0.7402403445572979,
    0.0
  ],
  "estimated_posterior_probability": 57.69001770019531,
  "input": "./smaller_in/Guten_index2003.txt",
  "prevalence_assumed": 0.5,
  "process_length": 80000,
  "gutenberg": {
    "id": 2003,
    "title": "Spirits in Bondage: A Cycle of Lyrics",
    "authors": [
      {
        "name": "Lewis, C. S. (Clive Staples)",
        "birth_year": 1898,
        "death_year": 1963
      }
    ],
    "summaries": [
      "\"Spirits in Bondage: A Cycle of Lyrics\" by C. S. Lewis is a poetry collection published in 1919. Lewis's first published work, written at age twenty under a pseudonym after returning from World War I, presents a worldview strikingly different from his later writings. Divided into three sections—The Prison House, Hesitation, and The Escape—these poems explore themes of spiritual imprisonment, nature's cruelty, and human disappointment from an agnostic perspective, incorporating mythology and wartime imagery throughout. (This is an automatically generated summary.)"
    ],
    "editors": [],
    "translators": [],
    "subjects": [
      "Cynicism -- Poetry",
      "English poetry",
      "God -- Poetry",
      "Good and evil -- Poetry"
    ],
    "bookshelves": [
      "Category: British Literature",
      "Category: Poetry"
    ],
    "languages": [
      "en"
    ],
    "copyright": false,
    "media_type": "Text",
    "formats": {
      "text/html": "https://www.gutenberg.org/ebooks/2003.html.images",
      "text/html; charset=us-ascii": "https://www.gutenberg.org/files/2003/2003-h/2003-h.htm",
      "application/epub+zip": "https://www.gutenberg.org/ebooks/2003.epub3.images",
      "application/x-mobipocket-ebook": "https://www.gutenberg.org/ebooks/2003.kf8.images",
      "text/plain; charset=us-ascii": "https://www.gutenberg.org/ebooks/2003.txt.utf-8",
      "application/rdf+xml": "https://www.gutenberg.org/ebooks/2003.rdf",
      "image/jpeg": "https://www.gutenberg.org/cache/epub/2003/pg2003.cover.medium.jpg",
      "application/octet-stream": "https://www.gutenberg.org/cache/epub/2003/pg2003-h.zip"
    },
    "download_count": 1385
  }
}