{
  "average_entropy_rate": 0.0,
  "entropy_rate": [
    0.0,
    0.0,
    0.0,
    0.0,
    0.0,
    0.0,
    0.0,
    0.0,
    0.0,
    0.0,
    0.0,
    0.0,
    0.0,
    0.0,
    0.0,
    0.0,
    0.0,
    0.0,
    0.0,
    0.0,
    0.0,
    0.0,
    0.0,
    0.0,
    0.0,
    0.0,
    0.0,
    0.0,
    0.0,
    0.0,
    0.0,
    0.0,
    0.0,
    0.0,
    0.0,
    0.0,
    0.0,
    0.0,
    0.0,
    0.0,
    0.0
  ],
  "estimated_posterior_probability": 50.0,
  "input": "./smaller_in/Guten_index4572.txt",
  "prevalence_assumed": 0.5,
  "process_length": 80000,
  "gutenberg": {
    "id": 4572,
    "title": "粉妝樓1-10回",
    "authors": [
      {
        "name": "Luo, Guanzhong",
        "birth_year": null,
        "death_year": null
      }
    ],
    "summaries": [
      "\"粉妝樓1-10回\" by Guanzhong Luo is a historical novel written during the late 19th century. It narrates a tale set in the Tang Dynasty, focusing on the lives of two young noblemen, 罗燦 (Luo Can) and 罗琨 (Luo Kun), as they navigate familial responsibilities, rivalry with corrupt officials, and their adventures against the backdrop of political intrigue.   The opening of the book introduces the main characters,罗增 (Luo Zeng), a loyal servant to the Tang Dynasty, and his two sons, 罗燦 and 罗琨. The narrative begins with Luo Zeng receiving a military appointment to defend the border against an uprising, which causes him to express concern for his sons left behind in the capital. As Luo Zeng prepares for his duties, the dynamics of their relationships unfold, with foreshadowing of conflicts involving corrupt officials, specifically the antagonist 沈謙 (Shen Qian). The setting quickly shifts as we see the sons feeling restless and anxious about their father's absence, leading to further plotlines that tease their involvement in adventures and encounters that will test their bravery and loyalty. (This is an automatically generated summary.)"
    ],
    "editors": [],
    "translators": [],
    "subjects": [
      "China -- History -- Tang dynasty, 618-907 -- Fiction"
    ],
    "bookshelves": [
      "Category: Historical Novels",
      "Category: Novels"
    ],
    "languages": [
      "zh"
    ],
    "copyright": false,
    "media_type": "Text",
    "formats": {
      "text/html": "https://www.gutenberg.org/ebooks/4572.html.images",
      "application/epub+zip": "https://www.gutenberg.org/ebooks/4572.epub3.images",
      "application/x-mobipocket-ebook": "https://www.gutenberg.org/ebooks/4572.kf8.images",
      "text/plain; charset=us-ascii": "https://www.gutenberg.org/ebooks/4572.txt.utf-8",
      "application/rdf+xml": "https://www.gutenberg.org/ebooks/4572.rdf",
      "image/jpeg": "https://www.gutenberg.org/cache/epub/4572/pg4572.cover.medium.jpg",
      "application/octet-stream": "https://www.gutenberg.org/files/4572/4572-0.zip"
    },
    "download_count": 381
  }
}