{
  "average_entropy_rate": 0.4165575490698062,
  "entropy_rate": [
    0.0,
    0.0,
    0.0,
    0.8806926651742817,
    0.0,
    0.698096978475198,
    0.0,
    0.0,
    0.0,
    0.9757313894986338,
    0.0,
    0.8696769378922304,
    0.0,
    0.0,
    0.0,
    0.0,
    0.8469578483115747,
    0.0,
    0.0,
    0.0,
    0.0,
    0.0,
    0.0,
    0.9642404632497682,
    0.8697271006926932,
    0.0,
    0.7911906180698908,
    0.0,
    0.0,
    0.8262884369799115,
    0.8696769378922304,
    0.7891215694165309,
    0.7608525999178011,
    0.8927124140893009,
    0.899853331367061,
    0.8488374305657341,
    0.7676136758852827,
    1.0096630695766873,
    0.850111859549348,
    0.8618749799636041,
    0.8059392052942917
  ],
  "estimated_posterior_probability": 66.58533477783203,
  "input": "./smaller_in/Guten_index2745.txt",
  "prevalence_assumed": 0.5,
  "process_length": 80000,
  "gutenberg": {
    "id": 2745,
    "title": "Karl Ludwig Sand: Celebrated Crimes",
    "authors": [
      {
        "name": "Dumas, Alexandre",
        "birth_year": 1802,
        "death_year": 1870
      }
    ],
    "summaries": [
      "\"Karl Ludwig Sand\" by Alexandre Dumas is a historical account likely written in the early 19th century. The book tells the tragic story of Karl Ludwig Sand, a young German student who becomes embroiled in the political turmoil of post-Napoleonic Germany and ultimately commits the act of assassinating the playwright August von Kotzebue, whom he views as a traitor to his country. The narrative explores Sand's youth, his ideological motivations, and the complex interplay of personal and nationalistic fervor that lead him to take drastic measures.  The opening of the book introduces us to Karl Ludwig Sand as he begins his journey towards Mannheim with the intent to assassinate Kotzebue. It provides detailed insights into Sand's background, painting a portrait of a sensitive yet determined young man marked by physical ailments due to childhood illnesses. We learn of his deep sense of duty to his country and the burden he feels in the face of its political state. Through early anecdotes showcasing his courageous spirit and moral convictions, we come to grasp the forming ideologies that drive him. Significant reflections in his journal convey his evolving thoughts towards the assassination act, highlighting his determination to act for the greater good, albeit through violent means. This initial section sets the stage for an exploration of ethical dilemmas surrounding patriotism and the sacrifices made in the name of national integrity. (This is an automatically generated summary.)"
    ],
    "editors": [],
    "translators": [],
    "subjects": [
      "Crime"
    ],
    "bookshelves": [
      "Category: Biographies",
      "Category: History - European",
      "Crime Nonfiction"
    ],
    "languages": [
      "en"
    ],
    "copyright": false,
    "media_type": "Text",
    "formats": {
      "text/html": "https://www.gutenberg.org/ebooks/2745.html.images",
      "application/epub+zip": "https://www.gutenberg.org/ebooks/2745.epub3.images",
      "application/pdf": "https://www.gutenberg.org/ebooks/2745.pdf.images",
      "application/x-mobipocket-ebook": "https://www.gutenberg.org/ebooks/2745.kf8.images",
      "text/plain; charset=us-ascii": "https://www.gutenberg.org/ebooks/2745.txt.utf-8",
      "application/rdf+xml": "https://www.gutenberg.org/ebooks/2745.rdf",
      "text/x-rst": "https://www.gutenberg.org/ebooks/2745.rst.gen",
      "image/jpeg": "https://www.gutenberg.org/cache/epub/2745/pg2745.cover.medium.jpg",
      "application/octet-stream": "https://www.gutenberg.org/files/2745/2745-0.zip"
    },
    "download_count": 608
  }
}