{
  "average_entropy_rate": 0.4263091446039641,
  "entropy_rate": [
    0.0,
    0.0,
    0.0,
    0.9506932392972149,
    0.0,
    0.0,
    1.1267376677615317,
    0.0,
    0.9571109256850855,
    0.7350627408151671,
    0.0,
    0.9592245954965989,
    0.959598800526998,
    0.9578599477283717,
    0.0,
    0.0,
    0.0,
    0.9537032024810648,
    0.0,
    0.0,
    0.0,
    0.0,
    0.0,
    0.0,
    0.0,
    0.0,
    0.0,
    0.0,
    1.0721713696981579,
    0.0,
    0.0,
    0.0,
    0.9572892833572207,
    0.9455305587665953,
    1.1205542942022015,
    0.9600695879824498,
    0.9286209222868516,
    0.959086597454419,
    0.9605015181602282,
    0.9544791876333091,
    1.0203804894290571
  ],
  "estimated_posterior_probability": 67.16451263427734,
  "input": "./smaller_in/Guten_index4194.txt",
  "prevalence_assumed": 0.5,
  "process_length": 80000,
  "gutenberg": {
    "id": 4194,
    "title": "Diary of Samuel Pepys — Volume 70: December 1668",
    "authors": [
      {
        "name": "Pepys, Samuel",
        "birth_year": 1633,
        "death_year": 1703
      }
    ],
    "summaries": [
      "\"Diary of Samuel Pepys — Volume 70: December 1668\" by Samuel Pepys is a detailed historical account written during the 17th century, specifically in the Restoration period. This book is part of a larger, renowned diary that chronicles the daily life and observations of Pepys, an English naval administrator. The likely topic of this volume focuses on Pepys's personal and professional experiences, social interactions, and reflections on contemporary events in England.  In this volume, Pepys provides a vivid depiction of his life through a series of daily entries that detail his activities and thoughts throughout December 1668. He navigates the complexities of his duties at the Admiralty while also indulging in visits to the theater, social gatherings, and introspective moments regarding his marriage and personal aspirations. Throughout the month, he deals with various interpersonal conflicts at work, including tensions with colleagues, musings on his wife’s concerns over his former romantic entanglements, and the management of his financial accounts. The diary captures the nuanced fabric of everyday life, highlighting both the mundane and the significant developments in Pepys's life and the broader political landscape of the time. (This is an automatically generated summary.)"
    ],
    "editors": [
      {
        "name": "Wheatley, Henry B. (Henry Benjamin)",
        "birth_year": 1838,
        "death_year": 1917
      },
      {
        "name": "Braybrooke, Richard Griffin, Baron",
        "birth_year": 1783,
        "death_year": 1858
      }
    ],
    "translators": [
      {
        "name": "Bright, Mynors",
        "birth_year": 1818,
        "death_year": 1883
      }
    ],
    "subjects": [
      "Cabinet officers -- Great Britain -- Diaries",
      "Diarists -- Great Britain -- Diaries",
      "Great Britain -- History -- Charles II, 1660-1685 -- Sources",
      "Great Britain -- Social life and customs -- 17th century -- Sources",
      "Pepys, Samuel, 1633-1703 -- Diaries"
    ],
    "bookshelves": [
      "Category: Biographies",
      "Category: British Literature",
      "Category: Essays, Letters & Speeches",
      "Category: History - British",
      "Category: History - Early Modern (c. 1450-1750)"
    ],
    "languages": [
      "en"
    ],
    "copyright": false,
    "media_type": "Text",
    "formats": {
      "text/html": "https://www.gutenberg.org/ebooks/4194.html.images",
      "application/epub+zip": "https://www.gutenberg.org/ebooks/4194.epub3.images",
      "application/x-mobipocket-ebook": "https://www.gutenberg.org/ebooks/4194.kf8.images",
      "text/plain; charset=us-ascii": "https://www.gutenberg.org/ebooks/4194.txt.utf-8",
      "application/rdf+xml": "https://www.gutenberg.org/ebooks/4194.rdf",
      "image/jpeg": "https://www.gutenberg.org/cache/epub/4194/pg4194.cover.medium.jpg",
      "application/octet-stream": "https://www.gutenberg.org/files/4194/4194.zip"
    },
    "download_count": 401
  }
}