{
  "average_entropy_rate": 0.32001960547531116,
  "entropy_rate": [
    0.0,
    0.0,
    0.7230500221768082,
    0.7582894959262123,
    0.6696834982899339,
    0.0,
    0.0,
    0.0,
    0.0,
    0.0,
    0.0,
    0.0,
    0.0,
    0.6883024257714937,
    0.0,
    0.816421237372001,
    0.0,
    0.0,
    0.7315688141906669,
    0.0,
    0.713999660776191,
    0.0,
    0.0,
    0.0,
    0.0,
    0.7088141816800617,
    0.0,
    0.6989490119644587,
    0.0,
    0.0,
    0.0,
    0.0,
    0.7114532855199743,
    0.8241911858837093,
    0.710923955629466,
    0.6896999113358437,
    0.8175121623517306,
    0.7363453977994152,
    0.707431905569971,
    0.7172397717294591,
    0.6969279005203631
  ],
  "estimated_posterior_probability": 61.47312927246094,
  "input": "./smaller_in/Guten_index3121.txt",
  "prevalence_assumed": 0.5,
  "process_length": 80000,
  "gutenberg": {
    "id": 3121,
    "title": "Thoughts Suggested by Mr. Froude's \"Progress\"",
    "authors": [
      {
        "name": "Warner, Charles Dudley",
        "birth_year": 1829,
        "death_year": 1900
      }
    ],
    "summaries": [
      "\"Thoughts Suggested by Mr. Froude's 'Progress'\" by Charles Dudley Warner is an analytical essay written in the late 19th century, addressing themes of societal and individual progress through a critique of skepticism surrounding human advancement. Warner engages with Mr. Froude's ideas on progress, contrasting notions of decline and advancement, and ultimately posits a belief in the continued potential for improvement in society and the individual.  In this work, Warner examines the prevalent skepticism towards progress that was expressed by contemporary intellectuals, such as Froude and Ruskin, who questioned the benefits of modernity and the impact of machinery on human development. He argues that while civilizations may rise and fall, progress in terms of knowledge, society's structure, and individual rights is palpable, advocating for a vision of progress that embraces both material advancement and a higher moral consciousness. Warner highlights the importance of universal suffrage and education as essential catalysts for empowerment, painting a picture of a future where humanity can achieve greater fulfillment through collective governance and shared responsibility. (This is an automatically generated summary.)"
    ],
    "editors": [],
    "translators": [],
    "subjects": [
      "Essays"
    ],
    "bookshelves": [
      "Category: Essays, Letters & Speeches"
    ],
    "languages": [
      "en"
    ],
    "copyright": false,
    "media_type": "Text",
    "formats": {
      "text/html": "https://www.gutenberg.org/ebooks/3121.html.images",
      "application/epub+zip": "https://www.gutenberg.org/ebooks/3121.epub3.images",
      "application/x-mobipocket-ebook": "https://www.gutenberg.org/ebooks/3121.kf8.images",
      "text/plain; charset=us-ascii": "https://www.gutenberg.org/ebooks/3121.txt.utf-8",
      "application/rdf+xml": "https://www.gutenberg.org/ebooks/3121.rdf",
      "image/jpeg": "https://www.gutenberg.org/cache/epub/3121/pg3121.cover.medium.jpg",
      "application/octet-stream": "https://www.gutenberg.org/files/3121/3121.zip"
    },
    "download_count": 245
  }
}