{
  "average_entropy_rate": 0.0,
  "entropy_rate": [
    0.0,
    0.0,
    0.0,
    0.0,
    0.0,
    0.0,
    0.0,
    0.0,
    0.0,
    0.0,
    0.0,
    0.0,
    0.0,
    0.0,
    0.0,
    0.0,
    0.0,
    0.0,
    0.0,
    0.0,
    0.0,
    0.0,
    0.0,
    0.0,
    0.0,
    0.0,
    0.0,
    0.0,
    0.0,
    0.0,
    0.0,
    0.0,
    0.0,
    0.0,
    0.0,
    0.0,
    0.0,
    0.0,
    0.0,
    0.0,
    0.0
  ],
  "estimated_posterior_probability": 50.0,
  "input": "./smaller_in/Guten_index2592.txt",
  "prevalence_assumed": 0.5,
  "process_length": 80000,
  "gutenberg": {
    "id": 2592,
    "title": "マルチン・ルターの小信仰問答書",
    "authors": [
      {
        "name": "Luther, Martin",
        "birth_year": 1483,
        "death_year": 1546
      }
    ],
    "summaries": [
      "\"マルチン・ルターの小信仰問答書\" by Martin Luther is a religious instructional manual written in the early 16th century. This book serves as a catechism for Lutheran Christians, explaining the fundamentals of the Christian faith, including the Ten Commandments, the Apostles' Creed, the Lord's Prayer, Baptism, Confession, and the Eucharist. It aims to provide a clear understanding of these doctrines for families, particularly for parents teaching their children about faith.  The content of the book is structured into sections that address essential Christian teachings in a straightforward question-and-answer format. Luther begins with the Ten Commandments, detailing the moral and ethical expectations for believers. He moves on to clarify the significance of the Apostles' Creed, emphasizing belief in the Trinity and the redemptive work of Christ. The Lord's Prayer is introduced, focusing on its meaning and the importance of daily prayer. Additionally, Luther discusses the sacraments, including Baptism and Eucharist, highlighting their role in delivering God's grace and forgiveness. Overall, the text serves as both a theological guide and a practical resource for nurturing faith within the family context. (This is an automatically generated summary.)"
    ],
    "editors": [],
    "translators": [],
    "subjects": [
      "Lutheran Church -- Catechisms"
    ],
    "bookshelves": [
      "Category: Religion/Spirituality",
      "Category: Teaching & Education",
      "Christianity"
    ],
    "languages": [
      "ja"
    ],
    "copyright": false,
    "media_type": "Text",
    "formats": {
      "text/html": "https://www.gutenberg.org/ebooks/2592.html.images",
      "application/epub+zip": "https://www.gutenberg.org/ebooks/2592.epub3.images",
      "application/x-mobipocket-ebook": "https://www.gutenberg.org/ebooks/2592.kf8.images",
      "text/plain; charset=us-ascii": "https://www.gutenberg.org/ebooks/2592.txt.utf-8",
      "text/plain; charset=utf-8": "https://www.gutenberg.org/files/2592/2592-0.txt",
      "application/rdf+xml": "https://www.gutenberg.org/ebooks/2592.rdf",
      "image/jpeg": "https://www.gutenberg.org/cache/epub/2592/pg2592.cover.medium.jpg",
      "application/octet-stream": "https://www.gutenberg.org/cache/epub/2592/pg2592-h.zip"
    },
    "download_count": 351
  }
}