{
  "average_entropy_rate": 0.0,
  "entropy_rate": [
    0.0,
    0.0,
    0.0,
    0.0,
    0.0,
    0.0,
    0.0,
    0.0,
    0.0,
    0.0,
    0.0,
    0.0,
    0.0,
    0.0,
    0.0,
    0.0,
    0.0,
    0.0,
    0.0,
    0.0,
    0.0,
    0.0,
    0.0,
    0.0,
    0.0,
    0.0,
    0.0,
    0.0,
    0.0,
    0.0,
    0.0,
    0.0,
    0.0,
    0.0,
    0.0,
    0.0,
    0.0,
    0.0,
    0.0,
    0.0,
    0.0
  ],
  "estimated_posterior_probability": 50.0,
  "input": "./smaller_in/Guten_index2677.txt",
  "prevalence_assumed": 0.5,
  "process_length": 80000,
  "gutenberg": {
    "id": 2677,
    "title": "Epistles from Pap: Letters from the man known as 'The Will Rogers of Indiana'",
    "authors": [
      {
        "name": "Durham, Andrew Everett",
        "birth_year": 1882,
        "death_year": 1954
      }
    ],
    "summaries": [
      "\"Epistles from Pap: Letters from the man known as 'The Will Rogers of Indiana'\" by Andrew E. Durham is a collection of correspondence written in the early to mid-20th century. The book showcases the life of Andrew Everett Durham, a prominent Indiana politician, attorney, and speaker, often referred to as a regional equivalent of Will Rogers due to his engaging storytelling and humor. Through the letters, readers can expect insights into Durham's wit, personal anecdotes, reflections on politics, and observations about everyday life in Indiana during his era.  At the start of this compilation, we are introduced to Andrew E. Durham's background, detailing his upbringing, education, and political career, including his tenures in the Indiana House and Senate. The opening letters reflect his experiences as a young man at a military academy, his correspondence with family members discussing life events, and humorous commentary on both personal and political matters. These initial letters reveal his character and writing style, showcasing a blend of humor, candid opinions, and a genuine fondness for his family and community, setting the stage for a rich exploration of his life and times through his humor-laced observations. (This is an automatically generated summary.)"
    ],
    "editors": [
      {
        "name": "Hay, Douglas (Douglas N.)",
        "birth_year": null,
        "death_year": null
      }
    ],
    "translators": [],
    "subjects": [
      "Durham, Andrew Everett, 1882-1954 -- Correspondence",
      "Indiana -- Politics and government -- 20th century",
      "Legislators -- Indiana -- Correspondence",
      "Lobbyists -- Indiana -- Correspondence"
    ],
    "bookshelves": [
      "Category: Biographies",
      "Category: Essays, Letters & Speeches",
      "Category: History - American",
      "Category: Humour"
    ],
    "languages": [
      "en"
    ],
    "copyright": true,
    "media_type": "Text",
    "formats": {
      "text/html": "https://www.gutenberg.org/ebooks/2677.html.images",
      "application/epub+zip": "https://www.gutenberg.org/ebooks/2677.epub3.images",
      "application/x-mobipocket-ebook": "https://www.gutenberg.org/ebooks/2677.kf8.images",
      "text/plain; charset=us-ascii": "https://www.gutenberg.org/ebooks/2677.txt.utf-8",
      "application/rdf+xml": "https://www.gutenberg.org/ebooks/2677.rdf",
      "image/jpeg": "https://www.gutenberg.org/cache/epub/2677/pg2677.cover.medium.jpg",
      "application/octet-stream": "https://www.gutenberg.org/files/2677/2677.zip"
    },
    "download_count": 242
  }
}