{
  "average_entropy_rate": 0.40193027901466516,
  "entropy_rate": [
    0.0,
    0.0,
    0.9669123983658424,
    0.0,
    0.0,
    0.0,
    0.0,
    0.6571256404668785,
    0.0,
    0.0,
    0.0,
    0.9164281075908817,
    0.0,
    0.0,
    0.0,
    0.0,
    0.0,
    0.0,
    0.9519785920278739,
    0.9459645951340383,
    0.0,
    0.0,
    0.0,
    0.0,
    0.0,
    0.8689919178274875,
    0.0,
    0.0,
    0.9179016839317291,
    0.9222517329741816,
    0.9295544576216526,
    0.0,
    0.9718472956536732,
    0.8287127226530172,
    0.8262626797838662,
    0.9783357068586052,
    0.9887265250293601,
    0.9639785610926946,
    0.9589451877270727,
    0.9242284990811185,
    0.9609951357812967
  ],
  "estimated_posterior_probability": 65.74043273925781,
  "input": "./smaller_in/Guten_index4402.txt",
  "prevalence_assumed": 0.5,
  "process_length": 80000,
  "gutenberg": {
    "id": 4402,
    "title": "The Shaving of Shagpat; an Arabian entertainment — Volume 2",
    "authors": [
      {
        "name": "Meredith, George",
        "birth_year": 1828,
        "death_year": 1909
      }
    ],
    "summaries": [
      "\"The Shaving of Shagpat; an Arabian entertainment — Volume 2\" by George Meredith is a fantasy novel published in 1856. Written in the style of the Arabian Nights, it follows Persian barber Shibli Bagarag and enchantress Noorna on their quest to shave the tyrant Shagpat, whose magical hair enslaves an entire city. Their journey involves a magic sword, talking hawks, genies, and enchanted palaces. This humorous oriental romance weaves stories within stories, blending adventure with poetic asides in a rich fantasy tapestry. (This is an automatically generated summary.)"
    ],
    "editors": [],
    "translators": [],
    "subjects": [
      "Arab countries -- Fiction",
      "Fantasy fiction, English"
    ],
    "bookshelves": [
      "Category: Adventure",
      "Category: British Literature",
      "Category: Novels",
      "Category: Science-Fiction & Fantasy"
    ],
    "languages": [
      "en"
    ],
    "copyright": false,
    "media_type": "Text",
    "formats": {
      "text/html": "https://www.gutenberg.org/ebooks/4402.html.images",
      "application/epub+zip": "https://www.gutenberg.org/ebooks/4402.epub3.images",
      "application/x-mobipocket-ebook": "https://www.gutenberg.org/ebooks/4402.kf8.images",
      "text/plain; charset=us-ascii": "https://www.gutenberg.org/ebooks/4402.txt.utf-8",
      "application/rdf+xml": "https://www.gutenberg.org/ebooks/4402.rdf",
      "image/jpeg": "https://www.gutenberg.org/cache/epub/4402/pg4402.cover.medium.jpg",
      "application/octet-stream": "https://www.gutenberg.org/files/4402/4402.zip"
    },
    "download_count": 216
  }
}