{
  "average_entropy_rate": 0.3480552176689939,
  "entropy_rate": [
    0.0,
    0.0,
    0.5866278935494763,
    0.6282233704363684,
    0.0,
    0.0,
    0.0,
    0.86740959928087,
    0.0,
    0.785096362375752,
    0.0,
    0.0,
    0.9690144457724854,
    0.0,
    0.5526988623798093,
    0.6316875445242687,
    0.8771828100936946,
    0.0,
    0.5407112654530912,
    0.0,
    0.0,
    0.0,
    0.9380799573996002,
    0.0,
    0.0,
    0.0,
    0.0,
    0.6303879208277512,
    0.0,
    0.0,
    0.0,
    0.0,
    0.7822249802755917,
    0.8488253162224315,
    0.6600263524954303,
    0.875152236663472,
    0.5651362082593329,
    0.9536065587535159,
    0.933885491068228,
    0.0,
    0.6442867485975788
  ],
  "estimated_posterior_probability": 62.85149383544922,
  "input": "./smaller_in/Guten_index3677.txt",
  "prevalence_assumed": 0.5,
  "process_length": 80000,
  "gutenberg": {
    "id": 3677,
    "title": "On Our Selection",
    "authors": [
      {
        "name": "Rudd, Steele",
        "birth_year": 1868,
        "death_year": 1935
      }
    ],
    "summaries": [
      "\"On Our Selection\" by Steele Rudd is a collection of stories published in 1899. Set in the Australian bush, these sketches follow the Rudd family—including the memorable Dad and Dave—as they struggle to establish a farm on crown land. Through hardships, small triumphs, and daily challenges, the stories capture the lives of pioneering selectors facing poverty, conflict with squatters, and the unforgiving realities of rural life. This truthful portrayal of Australian settler experience became wildly popular, selling over 250,000 copies and inspiring numerous stage and film adaptations. (This is an automatically generated summary.)"
    ],
    "editors": [],
    "translators": [],
    "subjects": [
      "Australia -- Fiction",
      "Australia -- Social life and customs -- Fiction",
      "Farm life -- Fiction",
      "Humorous stories, Australian",
      "Rural families -- Fiction"
    ],
    "bookshelves": [
      "Australia",
      "Category: Humour",
      "Category: Novels"
    ],
    "languages": [
      "en"
    ],
    "copyright": false,
    "media_type": "Text",
    "formats": {
      "text/html": "https://www.gutenberg.org/ebooks/3677.html.images",
      "application/epub+zip": "https://www.gutenberg.org/ebooks/3677.epub3.images",
      "application/x-mobipocket-ebook": "https://www.gutenberg.org/ebooks/3677.kf8.images",
      "text/plain; charset=us-ascii": "https://www.gutenberg.org/ebooks/3677.txt.utf-8",
      "application/rdf+xml": "https://www.gutenberg.org/ebooks/3677.rdf",
      "image/jpeg": "https://www.gutenberg.org/cache/epub/3677/pg3677.cover.medium.jpg",
      "application/octet-stream": "https://www.gutenberg.org/files/3677/3677-h.zip"
    },
    "download_count": 279
  }
}