{
  "average_entropy_rate": 0.251427540131014,
  "entropy_rate": [
    0.0,
    0.6815496218886534,
    0.0,
    0.0,
    0.0,
    0.5068775799759806,
    0.7783283546372695,
    0.0,
    0.0,
    0.0,
    0.0,
    0.0,
    0.0,
    0.7646723628797549,
    0.5478976223312569,
    0.0,
    0.0,
    0.0,
    0.0,
    0.0,
    0.0,
    0.0,
    0.6265068394721401,
    0.0,
    0.0,
    0.0,
    0.0,
    0.0,
    0.0,
    0.6428450109982851,
    0.7365087793696914,
    0.7166382699921713,
    0.0,
    0.7723438329186987,
    0.6843850754451736,
    0.6631245925186244,
    0.0,
    0.7611222606883978,
    0.6735863301651812,
    0.0,
    0.7521426120902958
  ],
  "estimated_posterior_probability": 58.417755126953125,
  "input": "./smaller_in/Guten_index4199.txt",
  "prevalence_assumed": 0.5,
  "process_length": 80000,
  "gutenberg": {
    "id": 4199,
    "title": "Diary of Samuel Pepys — Complete 1669 N.S.",
    "authors": [
      {
        "name": "Pepys, Samuel",
        "birth_year": 1633,
        "death_year": 1703
      }
    ],
    "summaries": [
      "\"Diary of Samuel Pepys — Complete 1669 N.S.\" by Samuel Pepys is a historical account written in the late 17th century. This work serves as a personal diary in which Pepys chronicles the daily events of his life as a prominent civil servant in the English Navy during a transformative period in British history. The diary offers not just a glimpse into Pepys' personal experiences but also insights into the social, political, and cultural context of the time.  At the start of the diary, Pepys documents a series of daily activities in the transition from the year 1668 to 1669. The entries showcase a mix of domestic life—such as dining with family and attending plays—with professional concerns, including interactions at government offices and discussions about naval affairs. Pepys reflects on personal relationships, particularly with his wife, while also navigating his role at court. The opening provides a fascinating introduction to the minutiae of daily life, interspersed with moments of reflection, contributing to a vivid and intimate portrayal of a man's life against the backdrop of historical events. (This is an automatically generated summary.)"
    ],
    "editors": [
      {
        "name": "Wheatley, Henry B. (Henry Benjamin)",
        "birth_year": 1838,
        "death_year": 1917
      },
      {
        "name": "Braybrooke, Richard Griffin, Baron",
        "birth_year": 1783,
        "death_year": 1858
      }
    ],
    "translators": [
      {
        "name": "Bright, Mynors",
        "birth_year": 1818,
        "death_year": 1883
      }
    ],
    "subjects": [
      "Cabinet officers -- Great Britain -- Diaries",
      "Diarists -- Great Britain -- Diaries",
      "Great Britain -- History -- Charles II, 1660-1685 -- Sources",
      "Great Britain -- Social life and customs -- 17th century -- Sources",
      "Pepys, Samuel, 1633-1703 -- Diaries"
    ],
    "bookshelves": [
      "Category: Biographies",
      "Category: History - British"
    ],
    "languages": [
      "en"
    ],
    "copyright": false,
    "media_type": "Text",
    "formats": {
      "text/html": "https://www.gutenberg.org/ebooks/4199.html.images",
      "application/epub+zip": "https://www.gutenberg.org/ebooks/4199.epub3.images",
      "application/x-mobipocket-ebook": "https://www.gutenberg.org/ebooks/4199.kf8.images",
      "text/plain; charset=us-ascii": "https://www.gutenberg.org/ebooks/4199.txt.utf-8",
      "application/rdf+xml": "https://www.gutenberg.org/ebooks/4199.rdf",
      "image/jpeg": "https://www.gutenberg.org/cache/epub/4199/pg4199.cover.medium.jpg",
      "application/octet-stream": "https://www.gutenberg.org/files/4199/4199-h.zip"
    },
    "download_count": 347
  }
}