{
  "average_entropy_rate": 0.23423403249357178,
  "entropy_rate": [
    0.9302849666860312,
    0.8406420682948198,
    0.8660390043033568,
    0.6478688957233579,
    0.6478688957233579,
    0.6478688957233579,
    0.6170110182976568,
    0.0,
    0.0,
    0.0,
    0.0,
    0.0,
    0.0,
    0.0,
    0.0,
    0.0,
    0.0,
    0.0,
    0.0,
    0.0,
    0.0,
    0.0,
    0.0,
    0.0,
    0.0,
    0.0,
    0.0,
    0.0,
    0.0,
    0.0,
    0.0,
    0.0,
    0.6478688957233579,
    0.9302849666860312,
    0.8406420682948198,
    0.0,
    0.6914778653335816,
    0.6478688957233579,
    0.6478688957233579,
    0.0,
    0.0
  ],
  "estimated_posterior_probability": 57.71449279785156,
  "input": "./smaller_in/Guten_index2589.txt",
  "prevalence_assumed": 0.5,
  "process_length": 80000,
  "gutenberg": {
    "id": 2589,
    "title": "The Experiences of a Bandmaster",
    "authors": [
      {
        "name": "Sousa, John Philip",
        "birth_year": 1854,
        "death_year": 1932
      }
    ],
    "summaries": [
      "\"The Experiences of a Bandmaster\" by John Philip Sousa is a memoir written in the early 20th century. This book offers insights into Sousa's life and experiences as a prominent bandmaster, particularly during his years with the United States Marine Band. Sousa shares anecdotes that reflect his interactions with various U.S. presidents and his observations about the social and cultural significance of music during state functions.  In the book, Sousa recounts numerous entertaining incidents that occurred throughout his career, highlighting his unique position in American music and politics. He describes memorable moments with Presidents such as Arthur and Cleveland, including the challenges and humorous requests he faced while performing at the White House. The narrative illustrates how music can evoke strong emotions, unify audiences, and even diffuse tense situations, all while providing a window into the rich tapestry of American musical life during that era. Through his stories, Sousa underscores the importance of music in both personal and national contexts, solidifying his legacy as a foundational figure in American band music. (This is an automatically generated summary.)"
    ],
    "editors": [],
    "translators": [],
    "subjects": [
      "Sousa, John Philip, 1854-1932"
    ],
    "bookshelves": [
      "Category: American Literature",
      "Category: Biographies",
      "Category: Music"
    ],
    "languages": [
      "en"
    ],
    "copyright": false,
    "media_type": "Text",
    "formats": {
      "text/html": "https://www.gutenberg.org/ebooks/2589.html.images",
      "text/html; charset=us-ascii": "https://www.gutenberg.org/files/2589/2589-h/2589-h.htm",
      "application/epub+zip": "https://www.gutenberg.org/ebooks/2589.epub3.images",
      "application/x-mobipocket-ebook": "https://www.gutenberg.org/ebooks/2589.kf8.images",
      "text/plain; charset=us-ascii": "https://www.gutenberg.org/ebooks/2589.txt.utf-8",
      "application/rdf+xml": "https://www.gutenberg.org/ebooks/2589.rdf",
      "image/jpeg": "https://www.gutenberg.org/cache/epub/2589/pg2589.cover.medium.jpg",
      "application/octet-stream": "https://www.gutenberg.org/cache/epub/2589/pg2589-h.zip"
    },
    "download_count": 339
  }
}