{
  "average_entropy_rate": 0.26211983269330635,
  "entropy_rate": [
    0.8732264230524026,
    0.6981528572768773,
    0.0,
    0.6158997678538634,
    0.0,
    0.0,
    0.0,
    0.0,
    0.0,
    0.0,
    0.7080484381167558,
    0.4393630965562998,
    0.0,
    0.0,
    0.6311231342529391,
    0.7568824532969027,
    0.0,
    0.7120419026337679,
    0.0,
    0.0,
    0.0,
    0.0,
    0.0,
    0.0,
    0.0,
    0.0,
    0.0,
    0.0,
    0.6009256206549809,
    0.6180455502965783,
    0.0,
    0.0,
    0.739562796125456,
    0.6219700376180005,
    0.6664101963240033,
    0.6517183730630074,
    0.7219925034138799,
    0.6915499898898474,
    0.0,
    0.0,
    0.0
  ],
  "estimated_posterior_probability": 58.86844253540039,
  "input": "data/human/Gutenberg//Guten_index124.txt",
  "prevalence_assumed": 0.5,
  "process_length": 80000,
  "gutenberg": {
    "id": 124,
    "title": "Deuterocanonical Books of the Bible: Apocrypha",
    "authors": [
      {
        "name": "Anonymous",
        "birth_year": null,
        "death_year": null
      }
    ],
    "summaries": [
      "\"Deuterocanonical Books of the Bible\" by Anonymous is a collection of ancient texts that form part of the biblical canon for certain Christian traditions, written during the late second temple period. This compilation includes books such as the First and Second Books of Esdras, the Book of Tobit, and others that discuss themes of faith, morality, and the historical struggles of the Jewish people.  The opening of the text begins with the First Book of Esdras, recounting the significant events during the reign of King Josias of Judah, particularly focusing on the celebration of Passover. It details the preparations made by the priests and Levites for this sacred observance, highlighting the importance of following the commandments given by Moses. Josias, described as a righteous king, initiates the offering of large numbers of sacrifices, seeking to restore proper worship in Jerusalem. The text emphasizes themes of fidelity to God and the collective memory of the Israelites, setting the stage for the spiritual and political narrative that continues throughout the deuterocanonical writings. (This is an automatically generated summary.)"
    ],
    "editors": [],
    "translators": [],
    "subjects": [
      "Apocryphal books (Old Testament)",
      "Bible. Apocrypha"
    ],
    "bookshelves": [
      "Category: History - Ancient",
      "Category: Religion/Spirituality",
      "Christianity"
    ],
    "languages": [
      "en"
    ],
    "copyright": false,
    "media_type": "Text",
    "formats": {
      "text/html": "https://www.gutenberg.org/ebooks/124.html.images",
      "application/epub+zip": "https://www.gutenberg.org/ebooks/124.epub3.images",
      "application/x-mobipocket-ebook": "https://www.gutenberg.org/ebooks/124.kf8.images",
      "text/plain; charset=us-ascii": "https://www.gutenberg.org/ebooks/124.txt.utf-8",
      "text/plain; charset=utf-8": "https://www.gutenberg.org/files/124/124-0.txt",
      "application/rdf+xml": "https://www.gutenberg.org/ebooks/124.rdf",
      "image/jpeg": "https://www.gutenberg.org/cache/epub/124/pg124.cover.medium.jpg",
      "application/octet-stream": "https://www.gutenberg.org/cache/epub/124/pg124-h.zip"
    },
    "download_count": 1502
  }
}