{
  "average_entropy_rate": 0.072335969599187,
  "entropy_rate": [
    0.38365916368523517,
    0.5,
    0.6394319394753915,
    0.0,
    0.0,
    0.0,
    0.0,
    0.0,
    0.0,
    0.0,
    0.0,
    0.0,
    0.0,
    0.0,
    0.0,
    0.0,
    0.0,
    0.0,
    0.0,
    0.0,
    0.0,
    0.0,
    0.0,
    0.0,
    0.0,
    0.0,
    0.0,
    0.0,
    0.0,
    0.0,
    0.0,
    0.0,
    0.44268365040604063,
    0.5,
    0.0,
    0.5,
    0.0,
    0.0,
    0.0,
    0.0,
    0.0
  ],
  "estimated_posterior_probability": 52.06722640991211,
  "input": "./smaller_in/Guten_index3205.txt",
  "prevalence_assumed": 0.5,
  "process_length": 80000,
  "gutenberg": {
    "id": 3205,
    "title": "Moby Pronunciation List",
    "authors": [
      {
        "name": "Ward, Grady",
        "birth_year": 1951,
        "death_year": null
      }
    ],
    "summaries": [
      "\"Moby Pronunciation List by Grady Ward\" is a technical resource that serves as a pronunciation dictionary, likely compiled in the early 21st century. It encompasses a comprehensive list of words and phrases along with their phonetic translations using the International Phonetic Alphabet (IPA) and other ASCII symbols. The document is particularly targeted at users of the Moby (tm) Pronunciator II software, designed for DOS operating systems, and includes guidelines on how to utilize the compiled pronunciation entries effectively.  The contents of the book consist mainly of pronunciation records, with detailed explanations of how sounds correspond to English letters, special cases for names from other languages, and distinctions in word pronunciations based on their part of speech. It includes various phonetic transcription methods, stress markings, and emphasizes the importance of phonetic accuracy for speech understanding systems. The book also provides information on the sources used to compile the dictionary, the disclaimer about its accuracy, and an invitation for users to contribute corrections and additions to the vocabulary list, thereby fostering a collaborative approach to improving the resource. (This is an automatically generated summary.)"
    ],
    "editors": [],
    "translators": [],
    "subjects": [
      "Words and phrase lists -- English"
    ],
    "bookshelves": [
      "Category: Encyclopedias/Dictionaries/Reference",
      "Category: Language & Communication"
    ],
    "languages": [
      "en"
    ],
    "copyright": false,
    "media_type": "Text",
    "formats": {
      "text/plain; charset=us-ascii": "https://www.gutenberg.org/files/3205/files/abreadme.txt",
      "text/html": "https://www.gutenberg.org/ebooks/3205.html.images",
      "application/epub+zip": "https://www.gutenberg.org/ebooks/3205.epub3.images",
      "application/x-mobipocket-ebook": "https://www.gutenberg.org/ebooks/3205.kf8.images",
      "application/rdf+xml": "https://www.gutenberg.org/ebooks/3205.rdf",
      "image/jpeg": "https://www.gutenberg.org/cache/epub/3205/pg3205.cover.medium.jpg",
      "application/octet-stream": "https://www.gutenberg.org/files/3205/files.zip"
    },
    "download_count": 971
  }
}