{
  "average_entropy_rate": 0.2818371197002204,
  "entropy_rate": [
    0.0,
    0.0,
    0.0,
    0.0,
    0.0,
    0.7043281320390274,
    0.0,
    0.0,
    0.0,
    0.0,
    0.0,
    0.0,
    1.1049504693349261,
    0.0,
    0.0,
    0.0,
    0.0,
    0.647918194669154,
    0.0,
    1.1049504693349261,
    0.9655198329531701,
    0.0,
    0.0,
    0.647918194669154,
    0.0,
    0.0,
    0.647918194669154,
    0.0,
    0.0,
    0.0,
    0.0,
    0.0,
    0.0,
    0.9302447026930557,
    0.0,
    1.1049504693349261,
    0.647918194669154,
    0.647918194669154,
    1.1049504693349261,
    0.647918194669154,
    0.647918194669154
  ],
  "estimated_posterior_probability": 59.72132110595703,
  "input": "./smaller_in/Guten_index2490.txt",
  "prevalence_assumed": 0.5,
  "process_length": 80000,
  "gutenberg": {
    "id": 2490,
    "title": "Lamia",
    "authors": [
      {
        "name": "Keats, John",
        "birth_year": 1795,
        "death_year": 1821
      }
    ],
    "summaries": [
      "\"Lamia\" by John Keats is a narrative poem written in 1819. When the god Hermes encounters a serpent-woman named Lamia, he restores her human form in exchange for help finding a beautiful nymph. Lamia then pursues Lycius, a youth of Corinth, and they fall in love. But their relationship faces a devastating test when the philosopher Apollonius attends their wedding feast and reveals Lamia's true nature, leading to a tragic conclusion. (This is an automatically generated summary.)"
    ],
    "editors": [],
    "translators": [],
    "subjects": [
      "English poetry -- 19th century"
    ],
    "bookshelves": [
      "Category: British Literature",
      "Category: Mythology, Legends & Folklore",
      "Category: Poetry",
      "Poetry"
    ],
    "languages": [
      "en"
    ],
    "copyright": false,
    "media_type": "Text",
    "formats": {
      "text/html": "https://www.gutenberg.org/ebooks/2490.html.images",
      "text/html; charset=us-ascii": "https://www.gutenberg.org/files/2490/2490-h/2490-h.htm",
      "application/epub+zip": "https://www.gutenberg.org/ebooks/2490.epub3.images",
      "application/x-mobipocket-ebook": "https://www.gutenberg.org/ebooks/2490.kf8.images",
      "text/plain; charset=us-ascii": "https://www.gutenberg.org/ebooks/2490.txt.utf-8",
      "application/rdf+xml": "https://www.gutenberg.org/ebooks/2490.rdf",
      "image/jpeg": "https://www.gutenberg.org/cache/epub/2490/pg2490.cover.medium.jpg",
      "application/octet-stream": "https://www.gutenberg.org/cache/epub/2490/pg2490-h.zip"
    },
    "download_count": 2648
  }
}