{
  "average_entropy_rate": 0.17297439727760724,
  "entropy_rate": [
    0.0,
    0.0,
    0.49374719997682925,
    0.7583515329060517,
    0.0,
    0.0,
    0.0,
    0.0,
    0.0,
    0.0,
    0.41190344197716,
    0.0,
    0.0,
    0.0,
    0.7281146077117858,
    0.0,
    0.0,
    0.0,
    0.0,
    0.0,
    0.0,
    0.0,
    0.0,
    0.0,
    0.6464932855917549,
    0.0,
    0.0,
    0.0,
    0.0,
    0.0,
    0.44323067547646955,
    0.0,
    0.4591479092130874,
    0.8089615195992649,
    0.0,
    0.6556736237349029,
    0.5804766686579645,
    0.6375721532203598,
    0.0,
    0.46827767031626594,
    0.0
  ],
  "estimated_posterior_probability": 55.38554763793945,
  "input": "./smaller_in/Guten_index4502.txt",
  "prevalence_assumed": 0.5,
  "process_length": 80000,
  "gutenberg": {
    "id": 4502,
    "title": "Die mehreren Wehmüller und ungarischen Nationalgesichter",
    "authors": [
      {
        "name": "Brentano, Clemens",
        "birth_year": 1778,
        "death_year": 1842
      }
    ],
    "summaries": [
      "\"Die mehreren Wehmüller und ungarischen Nationalgesichter\" by Clemens Brentano is a tale published between September and October 1817. Portrait painter Wehmüller travels to Hungary with mass-produced \"national faces\" for quick customer portraits, only to discover a plagiarist impersonating him on the same route. Detained by a pest quarantine at an inn, Wehmüller finds himself trapped with strangers sharing eerie tales—while multiple imposters complicate his urgent journey to reunite with his beloved wife. (This is an automatically generated summary.)"
    ],
    "editors": [],
    "translators": [],
    "subjects": [
      "Europe, Eastern -- Fiction"
    ],
    "bookshelves": [
      "Category: Adventure",
      "Category: German Literature",
      "Category: Humour",
      "Category: Novels",
      "DE Prosa"
    ],
    "languages": [
      "de"
    ],
    "copyright": false,
    "media_type": "Text",
    "formats": {
      "text/html": "https://www.gutenberg.org/ebooks/4502.html.images",
      "application/epub+zip": "https://www.gutenberg.org/ebooks/4502.epub3.images",
      "application/x-mobipocket-ebook": "https://www.gutenberg.org/ebooks/4502.kf8.images",
      "text/plain; charset=us-ascii": "https://www.gutenberg.org/ebooks/4502.txt.utf-8",
      "application/rdf+xml": "https://www.gutenberg.org/ebooks/4502.rdf",
      "image/jpeg": "https://www.gutenberg.org/cache/epub/4502/pg4502.cover.medium.jpg",
      "application/octet-stream": "https://www.gutenberg.org/files/4502/4502-8.zip"
    },
    "download_count": 314
  }
}