{
  "average_entropy_rate": 0.2399400975357307,
  "entropy_rate": [
    0.5289536191606102,
    0.0,
    0.762752642266703,
    0.0,
    0.0,
    0.7742903082182115,
    0.0,
    0.0,
    0.0,
    0.0,
    0.0,
    0.0,
    0.0,
    0.0,
    0.0,
    0.0,
    0.0,
    0.0,
    0.7607097935228289,
    0.0,
    0.0,
    0.0,
    0.0,
    0.0,
    0.8948371156572789,
    0.0,
    0.0,
    0.7579584677451734,
    0.0,
    0.7700876418290628,
    0.0,
    0.0,
    0.7026429097869482,
    0.0,
    0.7607424483599846,
    0.72578393619009,
    0.8586017335807734,
    0.0,
    0.7637522488123344,
    0.0,
    0.7764311338349598
  ],
  "estimated_posterior_probability": 57.9453239440918,
  "input": "./smaller_in/Guten_index1120.txt",
  "prevalence_assumed": 0.5,
  "process_length": 80000,
  "gutenberg": {
    "id": 1120,
    "title": "Julius Caesar",
    "authors": [
      {
        "name": "Shakespeare, William",
        "birth_year": 1564,
        "death_year": 1616
      }
    ],
    "summaries": [
      "\"Julius Caesar\" by William Shakespeare is a historical tragedy written and first performed in 1599. The play dramatizes the conspiracy to assassinate Roman dictator Julius Caesar and the civil war that follows. Though named after Caesar, the work focuses on Brutus, a senator torn between personal loyalty and public duty who joins the plot to prevent tyranny. The assassination triggers a power struggle as Mark Antony manipulates public opinion against the conspirators, leading to war and tragic consequences that explore themes of political morality, rhetoric, and the fragility of republican government. (This is an automatically generated summary.)"
    ],
    "editors": [],
    "translators": [],
    "subjects": [
      "Assassins -- Drama",
      "Brutus, Marcus Junius, 85 B.C.?-42 B.C. -- Drama",
      "Caesar, Julius -- Assassination -- Drama",
      "Conspiracies -- Drama",
      "Rome -- History -- Civil War, 43-31 B.C. -- Drama",
      "Tragedies (Drama)"
    ],
    "bookshelves": [
      "Category: British Literature",
      "Category: Classics of Literature",
      "Category: History - Ancient",
      "Category: Plays/Films/Dramas"
    ],
    "languages": [
      "en"
    ],
    "copyright": false,
    "media_type": "Text",
    "formats": {
      "text/html": "https://www.gutenberg.org/ebooks/1120.html.images",
      "application/epub+zip": "https://www.gutenberg.org/ebooks/1120.epub3.images",
      "image/jpeg": "https://www.gutenberg.org/files/1120/cover.jpg",
      "application/x-mobipocket-ebook": "https://www.gutenberg.org/ebooks/1120.kf8.images",
      "text/plain; charset=us-ascii": "https://www.gutenberg.org/ebooks/1120.txt.utf-8",
      "application/rdf+xml": "https://www.gutenberg.org/ebooks/1120.rdf",
      "application/octet-stream": "https://www.gutenberg.org/cache/epub/1120/pg1120-h.zip"
    },
    "download_count": 488
  }
}