{
  "average_entropy_rate": 0.26835863966390955,
  "entropy_rate": [
    0.0,
    0.0,
    0.0,
    0.5794692651662158,
    0.0,
    0.0,
    0.0,
    0.0,
    0.8609548989231133,
    0.6698624300252937,
    0.0,
    0.6740226455301938,
    0.0,
    0.0,
    0.0,
    0.6258622392166876,
    0.0,
    0.0,
    0.0,
    0.8872310590480083,
    0.0,
    0.0,
    0.0,
    0.0,
    0.0,
    0.0,
    0.6333930319036369,
    0.0,
    0.8454570680379417,
    0.0,
    0.0,
    0.0,
    0.0,
    0.8624757334075113,
    0.8336261062631327,
    0.642109385821191,
    0.6194850424127946,
    0.8568584881518649,
    0.6289895189645455,
    0.7829073133481615,
    0.0
  ],
  "estimated_posterior_probability": 59.1348991394043,
  "input": "./smaller_in/Guten_index3039.txt",
  "prevalence_assumed": 0.5,
  "process_length": 80000,
  "gutenberg": {
    "id": 3039,
    "title": "Forty-Two Poems",
    "authors": [
      {
        "name": "Flecker, James Elroy",
        "birth_year": 1884,
        "death_year": 1915
      }
    ],
    "summaries": [
      "\"Forty-Two Poems by James Elroy Flecker\" is a collection of poems written during the early 20th century. The anthology showcases Flecker’s lyrical style, exploring themes such as love, mortality, and the beauty of the natural world. The poems present vivid imagery and often reflect philosophical musings, capturing a timeless essence of human experience.  The collection comprises diverse works that range from nostalgic reflections, like \"The Ballad of Camden Town,\" to existential contemplations in \"Felo de Se.\" Each poem tells its own story, whether invoking the haunting beauty of lost love or engaging with classical themes as seen in \"The Masque of the Magi\" and \"Joseph and Mary.\" Notably, Flecker intertwines elements of myth, nature, and human longing, which make the poems strikingly evocative. The collection is infused with a sense of introspection and a longing for connection, both with the divine and with fellow humans, showcasing Flecker's deep romanticism and artistic vision. (This is an automatically generated summary.)"
    ],
    "editors": [],
    "translators": [],
    "subjects": [
      "English poetry"
    ],
    "bookshelves": [
      "Category: Poetry"
    ],
    "languages": [
      "en"
    ],
    "copyright": false,
    "media_type": "Text",
    "formats": {
      "text/html": "https://www.gutenberg.org/ebooks/3039.html.images",
      "application/epub+zip": "https://www.gutenberg.org/ebooks/3039.epub3.images",
      "application/x-mobipocket-ebook": "https://www.gutenberg.org/ebooks/3039.kf8.images",
      "text/plain; charset=us-ascii": "https://www.gutenberg.org/ebooks/3039.txt.utf-8",
      "application/rdf+xml": "https://www.gutenberg.org/ebooks/3039.rdf",
      "image/jpeg": "https://www.gutenberg.org/cache/epub/3039/pg3039.cover.medium.jpg",
      "application/octet-stream": "https://www.gutenberg.org/files/3039/3039.zip"
    },
    "download_count": 239
  }
}