{
  "average_entropy_rate": 0.28127819511089774,
  "entropy_rate": [
    0.0,
    0.0,
    0.6998164321886606,
    0.0,
    0.0,
    0.0,
    0.0,
    0.0,
    0.0,
    0.0,
    0.5868607170574875,
    0.0,
    0.0,
    0.0,
    0.0,
    0.7717083333651743,
    0.0,
    0.0,
    0.0,
    0.0,
    0.7609640509856718,
    0.7706591003014733,
    0.9139081336641296,
    0.0,
    0.7721032303062626,
    0.0,
    0.0,
    0.0,
    0.0,
    0.0,
    0.0,
    0.7698206121207993,
    0.8707037810640827,
    0.7014207455502874,
    0.7721512184274808,
    0.0,
    0.7695447821249005,
    0.7706296345223014,
    0.8386680628779281,
    0.0,
    0.7634471649901673
  ],
  "estimated_posterior_probability": 59.69782638549805,
  "input": "./smaller_in/Guten_index3403.txt",
  "prevalence_assumed": 0.5,
  "process_length": 80000,
  "gutenberg": {
    "id": 3403,
    "title": "The Register",
    "authors": [
      {
        "name": "Howells, William Dean",
        "birth_year": 1837,
        "death_year": 1920
      }
    ],
    "summaries": [
      "\"The Register\" by William Dean Howells is a farce that captures the complexities of romantic misunderstandings amidst social dynamics. Written in the early 20th century, the story is a comedic exploration of relationships, as it delves into themes of love, pride, and social class through the interactions of its characters. Set in a boarding house in Boston, it portrays the lives and conversations of young women and men navigating their feelings and the expectations placed upon them by society.  The plot centers around Ethel Reed and Henrietta Spaulding, two women who navigate their surroundings and relationships with a mix of humor and tragedy. Ethel, who believes her romantic prospects are bleak after a misunderstanding with Mr. Oliver Ransom, contemplates her own actions while Henrietta provides a contrasting perspective on love and social expectations. As their conversations unfold, misunderstandings are laid bare—especially as Ransom reconciles his feelings for Ethel and his awkward past interactions with her. The narrative cleverly intertwines moments of comic relief with serious reflections, culminating in a humorous yet insightful resolution about love and self-awareness. (This is an automatically generated summary.)"
    ],
    "editors": [],
    "translators": [],
    "subjects": [
      "American drama -- 19th century",
      "Comedy plays"
    ],
    "bookshelves": [
      "Category: American Literature",
      "Category: Humour",
      "Category: Plays/Films/Dramas",
      "Category: Romance"
    ],
    "languages": [
      "en"
    ],
    "copyright": false,
    "media_type": "Text",
    "formats": {
      "text/html": "https://www.gutenberg.org/ebooks/3403.html.images",
      "application/epub+zip": "https://www.gutenberg.org/ebooks/3403.epub3.images",
      "application/x-mobipocket-ebook": "https://www.gutenberg.org/ebooks/3403.kf8.images",
      "text/plain; charset=us-ascii": "https://www.gutenberg.org/ebooks/3403.txt.utf-8",
      "application/rdf+xml": "https://www.gutenberg.org/ebooks/3403.rdf",
      "image/jpeg": "https://www.gutenberg.org/cache/epub/3403/pg3403.cover.medium.jpg",
      "application/octet-stream": "https://www.gutenberg.org/files/3403/3403-0.zip"
    },
    "download_count": 299
  }
}