{
  "average_entropy_rate": 0.3017304910458778,
  "entropy_rate": [
    0.0,
    0.0,
    0.0,
    0.0,
    0.0,
    0.6881632746947963,
    0.0,
    0.0,
    0.0,
    0.0,
    0.0,
    0.7945653444817922,
    0.7858710121328277,
    0.0,
    0.0,
    0.5206335219315713,
    0.8361550413340852,
    0.0,
    0.0,
    0.6609937968231874,
    0.0,
    0.616196300998348,
    0.0,
    0.0,
    0.6917283222465508,
    0.0,
    0.0,
    0.0,
    0.5885948723069675,
    0.0,
    0.0,
    0.0,
    0.4926827181790364,
    0.6971050210835031,
    0.8720412604319092,
    0.6887398547071069,
    0.8004949523837801,
    0.6135243644912964,
    0.7308864608261838,
    0.6661185476696562,
    0.6264554661583918
  ],
  "estimated_posterior_probability": 60.61869812011719,
  "input": "./smaller_in/Guten_index1431.txt",
  "prevalence_assumed": 0.5,
  "process_length": 80000,
  "gutenberg": {
    "id": 1431,
    "title": "Trooper Peter Halket of Mashonaland",
    "authors": [
      {
        "name": "Schreiner, Olive",
        "birth_year": 1855,
        "death_year": 1920
      }
    ],
    "summaries": [
      "\"TROOPER PETER HALKET OF MASHONALAND\" by Olive Schreiner is a novel written during the late 19th century. The story revolves around Trooper Peter Halket, a soldier in the colonial forces, who finds himself lost in the wilderness of Mashonaland during a night filled with chilling isolation and intense introspection. The narrative is steeped in themes of colonialism, identity, and morality, as it examines Halket's thoughts and interactions with the local population, which reflect the broader societal tensions of the time.  The opening of the novel introduces Peter Halket during a dark night while he is camped alone on a kopje, having lost his way while scouting for provisions. As he struggles with feelings of fear and isolation, his thoughts drift to memories of his mother and childhood, revealing his yearning for stability and connection. The narrative shifts upon the arrival of a mysterious stranger, who engages Halket in deep conversations about morality, colonial powers, and the nature of humanity. Through their exchange, Schreiner sets the stage for a compelling exploration of the consequences of imperialism, the struggles of relationships across racial divides, and the question of what it truly means to be human amid the dehumanizing forces of conquest and greed. (This is an automatically generated summary.)"
    ],
    "editors": [],
    "translators": [],
    "subjects": [
      "Africa, Southern -- Fiction",
      "Zimbabwe -- History -- Shona Revolt, 1896-1897 -- Fiction"
    ],
    "bookshelves": [
      "Category: Novels"
    ],
    "languages": [
      "en"
    ],
    "copyright": false,
    "media_type": "Text",
    "formats": {
      "text/html": "https://www.gutenberg.org/ebooks/1431.html.images",
      "text/html; charset=utf-8": "https://www.gutenberg.org/files/1431/1431-h/1431-h.htm",
      "application/epub+zip": "https://www.gutenberg.org/ebooks/1431.epub3.images",
      "application/x-mobipocket-ebook": "https://www.gutenberg.org/ebooks/1431.kf8.images",
      "text/plain; charset=us-ascii": "https://www.gutenberg.org/ebooks/1431.txt.utf-8",
      "text/plain; charset=utf-8": "https://www.gutenberg.org/files/1431/1431-0.txt",
      "application/rdf+xml": "https://www.gutenberg.org/ebooks/1431.rdf",
      "image/jpeg": "https://www.gutenberg.org/cache/epub/1431/pg1431.cover.medium.jpg",
      "application/octet-stream": "https://www.gutenberg.org/cache/epub/1431/pg1431-h.zip"
    },
    "download_count": 433
  }
}