{
  "average_entropy_rate": 0.36551076078276906,
  "entropy_rate": [
    0.0,
    0.0,
    0.8849819804262579,
    0.0,
    0.0,
    0.0,
    0.0,
    0.0,
    0.0,
    0.7701354278061607,
    0.0,
    0.906729403867189,
    0.0,
    0.855503662934375,
    0.0,
    0.0,
    0.8498352721996304,
    0.6660350304370115,
    0.8108082158924378,
    0.0,
    0.0,
    0.0,
    0.0,
    0.0,
    0.0,
    0.0,
    0.8012933512172387,
    0.0,
    0.0,
    0.0,
    0.0,
    0.8088750742695541,
    0.9458027724814865,
    0.9091559247281267,
    0.7784798191002602,
    0.8638519254586451,
    0.8525267561294829,
    0.8350690758189109,
    0.8096292612591427,
    0.7391136940077903,
    0.8981145440598283
  ],
  "estimated_posterior_probability": 63.749046325683594,
  "input": "./smaller_in/Guten_index1516.txt",
  "prevalence_assumed": 0.5,
  "process_length": 80000,
  "gutenberg": {
    "id": 1516,
    "title": "King Henry IV, Part 1",
    "authors": [
      {
        "name": "Shakespeare, William",
        "birth_year": 1564,
        "death_year": 1616
      }
    ],
    "summaries": [
      "\"King Henry IV, Part 1\" by William Shakespeare is a history play written no later than 1597. The drama follows England's troubled monarch as rebellion brews among powerful nobles, while his son Prince Hal wastes time in taverns with the disreputable Sir John Falstaff. As political conspiracy escalates toward armed conflict, the wayward prince must choose between his reckless companions and his duty to the crown. Three separate worlds—royal court, rebel conspiracy, and comic tavern life—hurtle toward a climactic confrontation at the Battle of Shrewsbury. (This is an automatically generated summary.)"
    ],
    "editors": [],
    "translators": [],
    "subjects": [
      "Great Britain -- History -- Henry IV, 1399-1413 -- Drama",
      "Henry IV, King of England, 1367-1413 -- Drama",
      "Historical drama"
    ],
    "bookshelves": [
      "Category: British Literature",
      "Category: Classics of Literature",
      "Category: History - British",
      "Category: Plays/Films/Dramas"
    ],
    "languages": [
      "en"
    ],
    "copyright": false,
    "media_type": "Text",
    "formats": {
      "text/html": "https://www.gutenberg.org/ebooks/1516.html.images",
      "application/epub+zip": "https://www.gutenberg.org/ebooks/1516.epub3.images",
      "application/x-mobipocket-ebook": "https://www.gutenberg.org/ebooks/1516.kf8.images",
      "text/plain; charset=us-ascii": "https://www.gutenberg.org/ebooks/1516.txt.utf-8",
      "application/rdf+xml": "https://www.gutenberg.org/ebooks/1516.rdf",
      "image/jpeg": "https://www.gutenberg.org/cache/epub/1516/pg1516.cover.medium.jpg",
      "application/octet-stream": "https://www.gutenberg.org/cache/epub/1516/pg1516-h.zip"
    },
    "download_count": 490
  }
}