{
  "average_entropy_rate": 0.20633454180594404,
  "entropy_rate": [
    0.0,
    0.0,
    0.0,
    0.8640956328296829,
    0.0,
    0.0,
    0.6610896709625091,
    0.5550764927999488,
    0.0,
    0.0,
    0.0,
    0.0,
    0.0,
    0.0,
    0.0,
    0.0,
    0.0,
    0.0,
    0.0,
    0.0,
    0.0,
    0.0,
    0.0,
    0.0,
    0.0,
    0.9724339348294694,
    0.0,
    0.576054577881894,
    0.0,
    0.0,
    0.887596312359849,
    0.0,
    0.7189516240252678,
    0.0,
    0.0,
    0.811607945549247,
    0.9576319300161589,
    0.0,
    0.6098967981449416,
    0.8452812946447367,
    0.0
  ],
  "estimated_posterior_probability": 56.62004852294922,
  "input": "./smaller_in/Guten_index4123.txt",
  "prevalence_assumed": 0.5,
  "process_length": 80000,
  "gutenberg": {
    "id": 4123,
    "title": "Diary of Samuel Pepys — Volume 07: August/September 1660",
    "authors": [
      {
        "name": "Pepys, Samuel",
        "birth_year": 1633,
        "death_year": 1703
      }
    ],
    "summaries": [
      "\"Diary of Samuel Pepys — Volume 07: August/September 1660\" by Samuel Pepys is a historical account written during the 17th century, specifically during the Restoration period of England. This diary offers a unique, personal perspective on the daily life of Pepys, who served as a naval administrator and clerk, providing insights into the political, social, and economic happenings of his time. The likely topic of the book revolves around Pepys’ observations of life in London, his professional duties, and his personal experiences, including his interactions with notable figures of the era.  In this volume, Pepys continues to document his busy life, focusing on his work at the Privy Seal and the Navy Office. He describes his interactions with various colleagues, including Sir William Batten and Sir William Penn, and shares details about the management of naval finances and provisions. Notable events include Pepys' social engagements, reflections on his wife’s health, and the vibrant atmosphere of post-Restoration London, marked by gatherings, church visits, and witty conversations. Interspersed with humorous anecdotes and personal observations, Pepys’ diary paints a vivid picture of 17th-century life while revealing his ambitions, relationships, and the challenges he faces in both his personal and professional life. (This is an automatically generated summary.)"
    ],
    "editors": [
      {
        "name": "Wheatley, Henry B. (Henry Benjamin)",
        "birth_year": 1838,
        "death_year": 1917
      },
      {
        "name": "Braybrooke, Richard Griffin, Baron",
        "birth_year": 1783,
        "death_year": 1858
      }
    ],
    "translators": [
      {
        "name": "Bright, Mynors",
        "birth_year": 1818,
        "death_year": 1883
      }
    ],
    "subjects": [
      "Cabinet officers -- Great Britain -- Diaries",
      "Diarists -- Great Britain -- Diaries",
      "Great Britain -- History -- Charles II, 1660-1685 -- Sources",
      "Great Britain -- Social life and customs -- 17th century -- Sources",
      "Pepys, Samuel, 1633-1703 -- Diaries"
    ],
    "bookshelves": [
      "Category: Biographies",
      "Category: History - British",
      "Category: History - Early Modern (c. 1450-1750)"
    ],
    "languages": [
      "en"
    ],
    "copyright": false,
    "media_type": "Text",
    "formats": {
      "text/html": "https://www.gutenberg.org/ebooks/4123.html.images",
      "application/epub+zip": "https://www.gutenberg.org/ebooks/4123.epub3.images",
      "application/x-mobipocket-ebook": "https://www.gutenberg.org/ebooks/4123.kf8.images",
      "text/plain; charset=us-ascii": "https://www.gutenberg.org/ebooks/4123.txt.utf-8",
      "application/rdf+xml": "https://www.gutenberg.org/ebooks/4123.rdf",
      "image/jpeg": "https://www.gutenberg.org/cache/epub/4123/pg4123.cover.medium.jpg",
      "application/octet-stream": "https://www.gutenberg.org/files/4123/4123.zip"
    },
    "download_count": 275
  }
}