{
  "average_entropy_rate": 0.017073170731707315,
  "entropy_rate": [
    0.0,
    0.0,
    0.0,
    0.0,
    0.0,
    0.0,
    0.0,
    0.0,
    0.0,
    0.0,
    0.0,
    0.0,
    0.0,
    0.0,
    0.0,
    0.0,
    0.0,
    0.19999999999999998,
    0.0,
    0.0,
    0.0,
    0.0,
    0.0,
    0.0,
    0.0,
    0.0,
    0.0,
    0.0,
    0.0,
    0.0,
    0.0,
    0.0,
    0.0,
    0.0,
    0.0,
    0.0,
    0.0,
    0.0,
    0.0,
    0.5,
    0.0
  ],
  "estimated_posterior_probability": 50.46733093261719,
  "input": "./smaller_in/Guten_index2887.txt",
  "prevalence_assumed": 0.5,
  "process_length": 80000,
  "gutenberg": {
    "id": 2887,
    "title": "Herodes und Mariamne: Eine Tragödie in fünf Akten",
    "authors": [
      {
        "name": "Hebbel, Friedrich",
        "birth_year": 1813,
        "death_year": 1863
      }
    ],
    "summaries": [
      "\"Herodes und Mariamne: Eine Tragödie in fünf Akten\" by Friedrich Hebbel is a dramatic work written in the mid-19th century. The tragedy unfolds against the backdrop of Jerusalem around the time of Christ's birth, centering on the tumultuous relationship between King Herodes and his wife Mariamne, alongside the intrigues of their court involving family tensions, political plots, and themes of love and betrayal.  The opening of the play introduces a tense atmosphere in Herodes' court, where he deals with the fallout from a recent catastrophe—a fire that broke out and may have claimed lives. As characters such as Joab, Sameas, and Judas engage in dialogue, it becomes clear that Herodes is preoccupied with maintaining his power amidst threats from the Pharisees and internal dissent. The discussion suggests ominous tensions involving Mariamne, hints of her defiance, and Herodes' struggle to balance love for his wife with his ruthless political ambitions. Through this setup, Hebbel establishes a gripping narrative of loyalty, fear, and the tragic consequences of power, showcasing the complexities of the relationships between the characters, especially between Herodes and Mariamne. (This is an automatically generated summary.)"
    ],
    "editors": [],
    "translators": [],
    "subjects": [
      "German drama -- 19th century",
      "Herod I, King of Judea, 73 B.C.-4 B.C. -- Drama",
      "Mariamne, consort of Herod I, King of Judea, approximately 57 B.C.-approximately 29 B.C. -- Drama"
    ],
    "bookshelves": [
      "Category: German Literature",
      "Category: Plays/Films/Dramas",
      "DE Drama"
    ],
    "languages": [
      "de"
    ],
    "copyright": false,
    "media_type": "Text",
    "formats": {
      "text/html": "https://www.gutenberg.org/ebooks/2887.html.images",
      "application/epub+zip": "https://www.gutenberg.org/ebooks/2887.epub3.images",
      "application/x-mobipocket-ebook": "https://www.gutenberg.org/ebooks/2887.kf8.images",
      "text/plain; charset=us-ascii": "https://www.gutenberg.org/ebooks/2887.txt.utf-8",
      "application/rdf+xml": "https://www.gutenberg.org/ebooks/2887.rdf",
      "image/jpeg": "https://www.gutenberg.org/cache/epub/2887/pg2887.cover.medium.jpg",
      "application/octet-stream": "https://www.gutenberg.org/files/2887/2887-8.zip"
    },
    "download_count": 241
  }
}