{
  "average_entropy_rate": 0.3579045379998235,
  "entropy_rate": [
    0.0,
    0.8654381113317559,
    0.7952722352708168,
    0.0,
    0.0,
    0.0,
    0.0,
    0.0,
    0.6296464748922188,
    0.7132343307452953,
    0.0,
    0.6703308605618855,
    0.0,
    0.967028484157008,
    0.6889815179383562,
    0.0,
    0.0,
    0.0,
    0.0,
    0.0,
    0.8191763349350474,
    0.8539428220861297,
    0.9729788299862825,
    0.0,
    0.0,
    0.0,
    0.6901274228941531,
    0.0,
    0.0,
    0.0,
    0.0,
    0.0,
    0.0,
    0.7589352224339032,
    0.8096719842759385,
    0.6761528650235276,
    0.6554242580805022,
    0.9247531180987536,
    0.7991196597973819,
    0.7202505212166099,
    0.6636210042671952
  ],
  "estimated_posterior_probability": 63.35297393798828,
  "input": "./smaller_in/Guten_index970.txt",
  "prevalence_assumed": 0.5,
  "process_length": 80000,
  "gutenberg": {
    "id": 970,
    "title": "Uncle Josh's Punkin Centre Stories",
    "authors": [
      {
        "name": "Stewart, Cal",
        "birth_year": 1856,
        "death_year": 1919
      }
    ],
    "summaries": [
      "\"Uncle Josh's Punkin Centre Stories\" by Cal Stewart is a collection of humorous short stories written during the late 19th century. The book centers around the fictional character Uncle Josh Weathersby, who embodies the charm and simplicity of rural life, as he navigates various experiences, primarily in the bustling city of New York and the reflections on his home town of Punkin Centre.  The opening of the book introduces readers to Uncle Josh's folksy wisdom and storytelling style through a lively preface and initial chapters that describe his adventures. From his arrival in New York, where he is confronted by the complexities of urban life, to amusing interactions with city dwellers, Uncle Josh's character is portrayed as both endearing and comically naïve. The stories’ humor often arises from his misunderstandings and the contrast between his rural background and city life events, making them relatable and entertaining as he shares laughable incidents involving transportation, social gatherings, and cultural shocks. (This is an automatically generated summary.)"
    ],
    "editors": [],
    "translators": [],
    "subjects": [
      "American wit and humor",
      "Short stories, American"
    ],
    "bookshelves": [
      "Category: American Literature",
      "Category: Humour",
      "Category: Short Stories"
    ],
    "languages": [
      "en"
    ],
    "copyright": false,
    "media_type": "Text",
    "formats": {
      "text/html": "https://www.gutenberg.org/ebooks/970.html.images",
      "text/html; charset=us-ascii": "https://www.gutenberg.org/files/970/970-h/970-h.htm",
      "application/epub+zip": "https://www.gutenberg.org/ebooks/970.epub3.images",
      "application/x-mobipocket-ebook": "https://www.gutenberg.org/ebooks/970.kf8.images",
      "text/plain; charset=us-ascii": "https://www.gutenberg.org/ebooks/970.txt.utf-8",
      "application/rdf+xml": "https://www.gutenberg.org/ebooks/970.rdf",
      "image/jpeg": "https://www.gutenberg.org/cache/epub/970/pg970.cover.medium.jpg",
      "application/octet-stream": "https://www.gutenberg.org/cache/epub/970/pg970-h.zip"
    },
    "download_count": 482
  }
}