{
  "average_entropy_rate": 0.3731354467117144,
  "entropy_rate": [
    0.0,
    0.0,
    0.0,
    0.8904556690788479,
    0.9637079706519909,
    0.0,
    0.0,
    0.0,
    0.8634111568189654,
    0.0,
    0.7223672139478658,
    0.9190768656852639,
    0.8774968063082418,
    0.0,
    0.0,
    0.0,
    0.8836845689601543,
    0.8946061597317942,
    0.0,
    0.0,
    0.0,
    0.0,
    0.0,
    0.0,
    0.0,
    0.0,
    0.0,
    0.0,
    0.0,
    0.0,
    0.9975027407493222,
    0.0,
    1.0356333848598787,
    0.8875470751733486,
    0.0,
    0.8770677133441213,
    0.917203493833688,
    0.8497685912105896,
    0.8847582955615544,
    0.8891993941962085,
    0.9450662150684599
  ],
  "estimated_posterior_probability": 64.15169525146484,
  "input": "./smaller_in/Guten_index856.txt",
  "prevalence_assumed": 0.5,
  "process_length": 80000,
  "gutenberg": {
    "id": 856,
    "title": "Dreams",
    "authors": [
      {
        "name": "Jerome, Jerome K. (Jerome Klapka)",
        "birth_year": 1859,
        "death_year": 1927
      }
    ],
    "summaries": [
      "\"Dreams\" by Jerome K. Jerome is a whimsical exploration of the nature of dreams and their relation to reality, written during the early 20th century. The book features a series of vivid and imaginative anecdotes that delve into the absurdity and surreal quality of dreams, highlighting the freedom of thought and creativity unrestrained by the conventions of the waking world.  Throughout the narrative, Jerome shares various eccentric dreams, beginning with a humorous encounter with a cloak-room attendant insisting on a peculiar regulation about legs at the theater. This sets the tone for subsequent reflections on dreams, which allow for a playful manipulation of reality. He illustrates the fascinating and often nonsensical scenarios that unfold in dreams, from unanticipated hangings to absurd social situations with critics and everyday life. Each dream serves as a metaphor for human experience, ultimately revealing the comfort and inspiration that hopes and dreams provide amidst the perplexities of daily life. Through humor and insight, Jerome encourages readers to embrace their imaginative capacities as a vital part of the human experience. (This is an automatically generated summary.)"
    ],
    "editors": [],
    "translators": [],
    "subjects": [
      "Dreams",
      "Essays"
    ],
    "bookshelves": [
      "Category: British Literature",
      "Category: Humour",
      "Category: Novels"
    ],
    "languages": [
      "en"
    ],
    "copyright": false,
    "media_type": "Text",
    "formats": {
      "text/html": "https://www.gutenberg.org/ebooks/856.html.images",
      "text/html; charset=us-ascii": "https://www.gutenberg.org/files/856/856-h/856-h.htm",
      "application/epub+zip": "https://www.gutenberg.org/ebooks/856.epub3.images",
      "application/x-mobipocket-ebook": "https://www.gutenberg.org/ebooks/856.kf8.images",
      "text/plain; charset=us-ascii": "https://www.gutenberg.org/ebooks/856.txt.utf-8",
      "application/rdf+xml": "https://www.gutenberg.org/ebooks/856.rdf",
      "image/jpeg": "https://www.gutenberg.org/cache/epub/856/pg856.cover.medium.jpg",
      "application/octet-stream": "https://www.gutenberg.org/cache/epub/856/pg856-h.zip"
    },
    "download_count": 371
  }
}