{
  "average_entropy_rate": 0.26596739672667924,
  "entropy_rate": [
    0.0,
    0.0,
    0.9537207645802933,
    0.0,
    0.44444371660859816,
    0.0,
    0.0,
    0.0,
    0.0,
    0.9176188812708832,
    0.0,
    0.7335910947146055,
    0.0,
    0.9324676618588726,
    0.0,
    0.0,
    0.0,
    0.0,
    0.0,
    0.8637464938730642,
    0.9216490388334325,
    0.0,
    0.0,
    0.0,
    0.0,
    0.0,
    0.0,
    0.0,
    0.0,
    0.0,
    0.0,
    0.9239189441370297,
    0.0,
    0.6831607537240184,
    0.9176188812708833,
    0.7240081276074396,
    0.0,
    0.9486940870886509,
    0.9400248202260781,
    0.0,
    0.0
  ],
  "estimated_posterior_probability": 59.03053283691406,
  "input": "./smaller_in/Guten_index417.txt",
  "prevalence_assumed": 0.5,
  "process_length": 80000,
  "gutenberg": {
    "id": 417,
    "title": "Dr. Martin Luther's Deutsche Geistliche Lieder: The Hymns of Martin Luther Set to Their Original Melodies, With an English Version",
    "authors": [
      {
        "name": "Luther, Martin",
        "birth_year": 1483,
        "death_year": 1546
      }
    ],
    "summaries": [
      "“Dr. Martin Luther's Deutsche Geistliche Lieder” by Martin Luther is a collection of hymns set to their original melodies, edited in the context of the Reformation era. The work, likely compiled in the early 16th century, focuses on the importance of congregational singing within the Christian faith, reflecting Luther's broader aims of making religious practices accessible to the common people through the use of vernacular hymns.  The opening of this collection includes a mix of hymns and translations, highlighting Luther’s conviction that music and song play a vital role in worship and the expression of faith. It presents a variety of hymns, including the well-known “Nun freut euch, lieben Christen g'mein,” which conveys themes of thanksgiving and salvation through Christ. The introduction emphasizes the transformative power of music, linking it to the Reformation’s goal of fostering individual and national identity through worship that resonates with everyday people, further asserting that these hymns are an essential part of spiritual life for Christians. (This is an automatically generated summary.)"
    ],
    "editors": [
      {
        "name": "Bacon, Leonard Woolsey",
        "birth_year": 1830,
        "death_year": 1907
      },
      {
        "name": "Allen, Nathan H. (Nathan Hale)",
        "birth_year": 1848,
        "death_year": 1925
      }
    ],
    "translators": [],
    "subjects": [
      "Hymns, German",
      "Lutheran Church -- Hymns"
    ],
    "bookshelves": [
      "Category: German Literature",
      "Category: History - Early Modern (c. 1450-1750)",
      "Category: Music",
      "Category: Poetry",
      "Category: Religion/Spirituality",
      "Christianity"
    ],
    "languages": [
      "de",
      "en"
    ],
    "copyright": false,
    "media_type": "Text",
    "formats": {
      "text/html": "https://www.gutenberg.org/ebooks/417.html.images",
      "application/epub+zip": "https://www.gutenberg.org/ebooks/417.epub3.images",
      "application/x-mobipocket-ebook": "https://www.gutenberg.org/ebooks/417.kf8.images",
      "text/plain; charset=us-ascii": "https://www.gutenberg.org/ebooks/417.txt.utf-8",
      "application/rdf+xml": "https://www.gutenberg.org/ebooks/417.rdf",
      "image/jpeg": "https://www.gutenberg.org/cache/epub/417/pg417.cover.medium.jpg",
      "application/octet-stream": "https://www.gutenberg.org/cache/epub/417/pg417-h.zip"
    },
    "download_count": 454
  }
}