{
  "average_entropy_rate": 0.24694449736279017,
  "entropy_rate": [
    0.727097680392281,
    0.6898228076708632,
    0.0,
    0.0,
    0.0,
    0.0,
    0.6570163758126917,
    0.5081797176053389,
    0.0,
    0.0,
    0.0,
    0.0,
    0.7112177393179279,
    0.0,
    0.0,
    0.0,
    0.0,
    0.0,
    0.6904728830282241,
    0.0,
    0.7452268760396241,
    0.6209730205340874,
    0.0,
    0.0,
    0.0,
    0.0,
    0.0,
    0.0,
    0.0,
    0.0,
    0.0,
    0.6209730205340874,
    0.7255274301099992,
    0.0,
    0.6167471488974198,
    0.6465781526007873,
    0.6956602145301766,
    0.7693515720594133,
    0.0,
    0.0,
    0.6998797527414754
  ],
  "estimated_posterior_probability": 58.23191833496094,
  "input": "./smaller_in/Guten_index4197.txt",
  "prevalence_assumed": 0.5,
  "process_length": 80000,
  "gutenberg": {
    "id": 4197,
    "title": "Diary of Samuel Pepys — Volume 72: February/March 1668-69",
    "authors": [
      {
        "name": "Pepys, Samuel",
        "birth_year": 1633,
        "death_year": 1703
      }
    ],
    "summaries": [
      "\"Diary of Samuel Pepys — Volume 72: February/March 1668-69\" by Samuel Pepys is a historical account documented in diary format, likely penned during the late 17th century. The work chronicles the daily life and personal experiences of Pepys, a prominent Englishman who served as the Clerk of the Acts and Secretary to the Admiralty during the Restoration period. The diary offers a firsthand look at the political, social, and cultural contexts of the time, as well as detailed reflections on his professional encounters and personal relationships.  The opening of this volume reveals Pepys' routine activities in February and March, detailing his travels around London, attendance at various plays, and interactions with colleagues in government. He shares his thoughts on artistic endeavors, such as the paintings for the new Theatre at Oxford and the challenges faced by actors due to conflicts among the influential people of the time. Moreover, there are glimpses of his domestic life, including his relationship with his wife and the tension arising from her jealousy. The richness of his observations provides insight not only into Pepys' character but also into the societal norms and events of 1668-69, setting the stage for a compelling and informative narrative. (This is an automatically generated summary.)"
    ],
    "editors": [
      {
        "name": "Wheatley, Henry B. (Henry Benjamin)",
        "birth_year": 1838,
        "death_year": 1917
      },
      {
        "name": "Braybrooke, Richard Griffin, Baron",
        "birth_year": 1783,
        "death_year": 1858
      }
    ],
    "translators": [
      {
        "name": "Bright, Mynors",
        "birth_year": 1818,
        "death_year": 1883
      }
    ],
    "subjects": [
      "Cabinet officers -- Great Britain -- Diaries",
      "Diarists -- Great Britain -- Diaries",
      "Great Britain -- History -- Charles II, 1660-1685 -- Sources",
      "Great Britain -- Social life and customs -- 17th century -- Sources",
      "Pepys, Samuel, 1633-1703 -- Diaries"
    ],
    "bookshelves": [
      "Category: Biographies",
      "Category: British Literature",
      "Category: History - Early Modern (c. 1450-1750)"
    ],
    "languages": [
      "en"
    ],
    "copyright": false,
    "media_type": "Text",
    "formats": {
      "text/html": "https://www.gutenberg.org/ebooks/4197.html.images",
      "application/epub+zip": "https://www.gutenberg.org/ebooks/4197.epub3.images",
      "application/x-mobipocket-ebook": "https://www.gutenberg.org/ebooks/4197.kf8.images",
      "text/plain; charset=us-ascii": "https://www.gutenberg.org/ebooks/4197.txt.utf-8",
      "application/rdf+xml": "https://www.gutenberg.org/ebooks/4197.rdf",
      "image/jpeg": "https://www.gutenberg.org/cache/epub/4197/pg4197.cover.medium.jpg",
      "application/octet-stream": "https://www.gutenberg.org/files/4197/4197.zip"
    },
    "download_count": 277
  }
}