{
  "average_entropy_rate": 0.3215698723498654,
  "entropy_rate": [
    0.0,
    0.0,
    0.0,
    0.8909685424654022,
    0.0,
    0.0,
    0.0,
    0.0,
    0.8096138402720553,
    0.8309381662765682,
    0.0,
    0.683192913423517,
    0.0,
    0.0,
    1.0461378747565087,
    0.0,
    0.0,
    0.8686036607102664,
    0.0,
    0.0,
    0.0,
    0.0,
    0.0,
    1.0549855739687775,
    0.0,
    0.0,
    0.0,
    0.0,
    0.822390892521676,
    0.0,
    0.0,
    0.0,
    0.0,
    0.8371210549772463,
    0.8218614635426643,
    0.8764549468979284,
    0.9462790120650196,
    0.8379696259441863,
    0.0,
    1.0448007797285863,
    0.8130464187940809
  ],
  "estimated_posterior_probability": 61.5457878112793,
  "input": "./smaller_in/Guten_index2566.txt",
  "prevalence_assumed": 0.5,
  "process_length": 80000,
  "gutenberg": {
    "id": 2566,
    "title": "How to Fail in Literature: A Lecture",
    "authors": [
      {
        "name": "Lang, Andrew",
        "birth_year": 1844,
        "death_year": 1912
      }
    ],
    "summaries": [
      "\"How to Fail in Literature: A Lecture by Andrew Lang\" is a humorous and insightful lecture written in the late 19th century by Andrew Lang, an influential Scottish poet and critic. This book serves as a critique and guide, exploring the pitfalls aspiring writers must navigate in their literary pursuits. Lang employs wit and irony to convey his thoughts on the literary profession, emphasizing the diversity of intent among writers and the frequent missteps leading to failure in this competitive field.  In this lecture, Lang outlines various behaviors, habits, and attitudes that can contribute to a writer's demise in the literary world. He suggests that to truly fail, one should neglect education, avoid observation, and rely on poorly constructed writing. By giving examples of bad style and misguided ambition, Lang elaborates on how imitating other authors poorly, having nothing meaningful to say, and fostering relationships with unsympathetic critics can all lead to disaster. Ultimately, he concludes that while many who strive for literary success may fail, there exists a deeper fulfillment in engaging with literature for its own sake—emphasizing that true success in writing lies in dedication to the craft, originality, and genuine expression rather than mere acclaim. (This is an automatically generated summary.)"
    ],
    "editors": [],
    "translators": [],
    "subjects": [
      "Authorship -- Humor",
      "Literature -- Humor"
    ],
    "bookshelves": [
      "Category: Essays, Letters & Speeches",
      "Category: Humour",
      "Category: Journalism/Media/Writing"
    ],
    "languages": [
      "en"
    ],
    "copyright": false,
    "media_type": "Text",
    "formats": {
      "text/html": "https://www.gutenberg.org/ebooks/2566.html.images",
      "application/epub+zip": "https://www.gutenberg.org/ebooks/2566.epub3.images",
      "application/x-mobipocket-ebook": "https://www.gutenberg.org/ebooks/2566.kf8.images",
      "text/plain; charset=us-ascii": "https://www.gutenberg.org/ebooks/2566.txt.utf-8",
      "application/rdf+xml": "https://www.gutenberg.org/ebooks/2566.rdf",
      "image/jpeg": "https://www.gutenberg.org/cache/epub/2566/pg2566.cover.medium.jpg",
      "application/octet-stream": "https://www.gutenberg.org/cache/epub/2566/pg2566-h.zip"
    },
    "download_count": 336
  }
}