{
  "average_entropy_rate": 0.33190071417148204,
  "entropy_rate": [
    0.0,
    0.8226029830074564,
    0.0,
    0.0,
    0.0,
    0.0,
    0.0,
    0.6581994355485605,
    0.7815729956866622,
    0.0,
    0.6925066684503408,
    0.6449686612159025,
    0.6351050136041568,
    0.0,
    0.7775740842872734,
    0.7733235886976983,
    0.0,
    0.710318691064746,
    0.6566389772837476,
    0.0,
    0.0,
    0.0,
    0.0,
    0.0,
    0.0,
    0.0,
    0.0,
    0.0,
    0.0,
    0.0,
    0.0,
    0.0,
    0.8201321731366196,
    0.6593377512194966,
    0.7550545719512118,
    0.7040924438816384,
    0.723070491126893,
    0.633678628927169,
    0.7315907489359901,
    0.7222667055138825,
    0.7058946674913178
  ],
  "estimated_posterior_probability": 62.045989990234375,
  "input": "./smaller_in/Guten_index3480.txt",
  "prevalence_assumed": 0.5,
  "process_length": 80000,
  "gutenberg": {
    "id": 3480,
    "title": "The Hunchback",
    "authors": [
      {
        "name": "Knowles, James Sheridan",
        "birth_year": 1784,
        "death_year": 1862
      }
    ],
    "summaries": [
      "\"The Hunchback\" by James Sheridan Knowles is a drama written during the early 19th century, specifically in the 1830s. The play revolves around the complex interactions of its characters, particularly focusing on the titular character, Master Walter, who is characterized by his hunchback and wit, as well as the relationships that entwine the wealthy and titled figures of society with those of lesser status.  At the start of the play, we are introduced to a lively tavern scene where expectations and ambitions run high, particularly for Master Wilford, who looks forward to inheriting a title due to the impending death of the Earl of Rochdale. His interactions with friends reveal his aspirations for wealth, social status, and marriage, setting the stage for the themes of ambition and love that permeate the story. The entrance of Master Walter, the hunchback, brings a contrasting perspective, as he navigates the world with his unique traits and character while being caught up in the dynamics of love and societal expectations. The opening establishes a rich tapestry of characters, relationships, and the tensions that will unfold throughout the drama. (This is an automatically generated summary.)"
    ],
    "editors": [
      {
        "name": "Morley, Henry",
        "birth_year": 1822,
        "death_year": 1894
      }
    ],
    "translators": [],
    "subjects": [
      "English drama (Comedy)"
    ],
    "bookshelves": [
      "Category: British Literature",
      "Category: Plays/Films/Dramas"
    ],
    "languages": [
      "en"
    ],
    "copyright": false,
    "media_type": "Text",
    "formats": {
      "text/html": "https://www.gutenberg.org/ebooks/3480.html.images",
      "application/epub+zip": "https://www.gutenberg.org/ebooks/3480.epub3.images",
      "application/x-mobipocket-ebook": "https://www.gutenberg.org/ebooks/3480.kf8.images",
      "text/plain; charset=us-ascii": "https://www.gutenberg.org/ebooks/3480.txt.utf-8",
      "application/rdf+xml": "https://www.gutenberg.org/ebooks/3480.rdf",
      "image/jpeg": "https://www.gutenberg.org/cache/epub/3480/pg3480.cover.medium.jpg",
      "application/octet-stream": "https://www.gutenberg.org/files/3480/3480-h.zip"
    },
    "download_count": 525
  }
}