{
  "average_entropy_rate": 0.2721751180886894,
  "entropy_rate": [
    0.43396950105478654,
    0.7040045983854173,
    0.0,
    0.0,
    0.0,
    0.0,
    0.0,
    0.0,
    0.0,
    0.0,
    0.5868351364561327,
    0.0,
    0.0,
    0.0,
    0.5668395675012136,
    0.0,
    0.0,
    0.5055043105597321,
    0.0,
    0.6999013980278248,
    0.0,
    0.0,
    0.0,
    0.0,
    0.0,
    0.0,
    0.7714770593971572,
    0.7966870199466325,
    0.0,
    0.0,
    0.0,
    0.5537988028228762,
    0.7566702189314227,
    0.3821022467029569,
    0.688827497267842,
    0.5465773654729131,
    0.5265563830593516,
    0.6084642799355493,
    0.7125230705332164,
    0.7690074178707593,
    0.5494339677104816
  ],
  "estimated_posterior_probability": 59.29898452758789,
  "input": "./smaller_in/Guten_index1977.txt",
  "prevalence_assumed": 0.5,
  "process_length": 80000,
  "gutenberg": {
    "id": 1977,
    "title": "Phaedra",
    "authors": [
      {
        "name": "Racine, Jean",
        "birth_year": 1639,
        "death_year": 1699
      }
    ],
    "summaries": [
      "\"Phaedra\" by Jean Racine is a French dramatic tragedy written in 1677. Set in ancient Greece, it explores forbidden passion when Queen Phaedra conceals her consuming love for her stepson Hippolytus during her husband Theseus's absence. When news arrives that Theseus may be dead, secrets begin to unravel with devastating consequences. As desires collide with duty and accusations fly, the play hurtles toward a catastrophic conclusion driven by jealousy, misunderstanding, and an invoked divine curse that no one can escape. (This is an automatically generated summary.)"
    ],
    "editors": [],
    "translators": [
      {
        "name": "Boswell, Robert Bruce",
        "birth_year": 1846,
        "death_year": 1933
      }
    ],
    "subjects": [
      "Phaedra (Greek mythology) -- Drama",
      "Tragedies (Drama)"
    ],
    "bookshelves": [
      "Category: French Literature",
      "Category: Plays/Films/Dramas",
      "Harvard Classics"
    ],
    "languages": [
      "en"
    ],
    "copyright": false,
    "media_type": "Text",
    "formats": {
      "text/html": "https://www.gutenberg.org/ebooks/1977.html.images",
      "text/html; charset=us-ascii": "https://www.gutenberg.org/files/1977/1977-h/1977-h.htm",
      "application/epub+zip": "https://www.gutenberg.org/ebooks/1977.epub3.images",
      "application/x-mobipocket-ebook": "https://www.gutenberg.org/ebooks/1977.kf8.images",
      "text/plain; charset=us-ascii": "https://www.gutenberg.org/ebooks/1977.txt.utf-8",
      "application/rdf+xml": "https://www.gutenberg.org/ebooks/1977.rdf",
      "image/jpeg": "https://www.gutenberg.org/cache/epub/1977/pg1977.cover.medium.jpg",
      "application/octet-stream": "https://www.gutenberg.org/cache/epub/1977/pg1977-h.zip"
    },
    "download_count": 1710
  }
}