{
  "average_entropy_rate": 0.39068619818130623,
  "entropy_rate": [
    0.0,
    0.0,
    0.0,
    1.0265019090904726,
    0.0,
    0.0,
    1.0163174526874053,
    0.0,
    0.0,
    0.0,
    0.741525962636587,
    0.749569048971403,
    0.0,
    0.0,
    0.7024709855091299,
    0.0,
    0.0,
    0.0,
    0.0,
    0.0,
    0.0,
    0.0,
    0.7923714914749377,
    0.0,
    0.0,
    0.8433012498206341,
    0.0,
    0.7576059454449484,
    0.7905154786191543,
    0.0,
    0.0,
    0.9504073478518401,
    1.0470451528868032,
    0.9340561543189401,
    0.7613296592112417,
    0.7733153366429889,
    0.8970399356669198,
    0.8315304665684761,
    0.8195268591685175,
    0.7972273528118414,
    0.786476336051318
  ],
  "estimated_posterior_probability": 65.1078872680664,
  "input": "./smaller_in/Guten_index1526.txt",
  "prevalence_assumed": 0.5,
  "process_length": 80000,
  "gutenberg": {
    "id": 1526,
    "title": "Twelfth Night",
    "authors": [
      {
        "name": "Shakespeare, William",
        "birth_year": 1564,
        "death_year": 1616
      }
    ],
    "summaries": [
      "\"Twelfth Night\" by William Shakespeare is a romantic comedy written around 1601–1602. When twins Viola and Sebastian are separated by shipwreck, Viola disguises herself as a young man and enters the service of Duke Orsino. A tangled love triangle emerges as Viola loves Orsino, Orsino pursues the mourning Countess Olivia, and Olivia falls for Viola's male disguise. Meanwhile, a comic subplot involves elaborate revenge against Olivia's pompous steward, Malvolio, through pranks and deception that spiral hilariously out of control. (This is an automatically generated summary.)"
    ],
    "editors": [],
    "translators": [],
    "subjects": [
      "Comedy plays",
      "Illyria -- Drama",
      "Mistaken identity -- Drama",
      "Shipwreck survival -- Drama",
      "Siblings -- Drama",
      "Twins -- Drama"
    ],
    "bookshelves": [
      "Category: British Literature",
      "Category: Classics of Literature",
      "Category: Plays/Films/Dramas"
    ],
    "languages": [
      "en"
    ],
    "copyright": false,
    "media_type": "Text",
    "formats": {
      "text/html": "https://www.gutenberg.org/ebooks/1526.html.images",
      "application/epub+zip": "https://www.gutenberg.org/ebooks/1526.epub3.images",
      "application/x-mobipocket-ebook": "https://www.gutenberg.org/ebooks/1526.kf8.images",
      "text/plain; charset=us-ascii": "https://www.gutenberg.org/ebooks/1526.txt.utf-8",
      "application/rdf+xml": "https://www.gutenberg.org/ebooks/1526.rdf",
      "image/jpeg": "https://www.gutenberg.org/cache/epub/1526/pg1526.cover.medium.jpg",
      "application/octet-stream": "https://www.gutenberg.org/cache/epub/1526/pg1526-h.zip"
    },
    "download_count": 2714
  }
}