{
  "average_entropy_rate": 0.23122007730595964,
  "entropy_rate": [
    0.0,
    0.0,
    0.0,
    0.0,
    0.0,
    0.0,
    0.3925765313522269,
    0.5495982126749805,
    0.0,
    0.0,
    0.5057120628468362,
    0.4366842407999718,
    0.0,
    0.0,
    0.0,
    0.0,
    0.0,
    0.0,
    0.6266891501823632,
    0.0,
    0.0,
    0.6497038657959447,
    0.0,
    0.0,
    0.0,
    0.4455546913726224,
    0.0,
    0.0,
    0.6454884957189638,
    0.0,
    0.535273446147986,
    0.0,
    0.4656356573967139,
    0.43970953972541815,
    0.48396662939788426,
    0.4164093714821423,
    0.5689674791304227,
    0.5757670022056126,
    0.44084661583441004,
    0.5851513005467214,
    0.7162888769331256
  ],
  "estimated_posterior_probability": 57.59544372558594,
  "input": "./smaller_in/Guten_index790.txt",
  "prevalence_assumed": 0.5,
  "process_length": 80000,
  "gutenberg": {
    "id": 790,
    "title": "Lady Windermere's Fan",
    "authors": [
      {
        "name": "Wilde, Oscar",
        "birth_year": 1854,
        "death_year": 1900
      }
    ],
    "summaries": [
      "\"Lady Windermere's Fan\" by Oscar Wilde is a four-act comedy first performed in 1892. When Lady Windermere suspects her husband of having an affair with the mysterious Mrs Erlynne, she confronts him—only to watch him invite this woman to her birthday ball. Outraged and heartbroken, Lady Windermere turns to another admirer who has confessed his love. But Mrs Erlynne harbors a secret that will change everything, leading to a choice between scandal and sacrifice that tests the bonds of marriage and motherhood. (This is an automatically generated summary.)"
    ],
    "editors": [],
    "translators": [],
    "subjects": [
      "Aristocracy (Social class) -- Drama",
      "Marriage -- Drama",
      "Mothers and daughters -- Drama"
    ],
    "bookshelves": [
      "Category: British Literature",
      "Category: Plays/Films/Dramas"
    ],
    "languages": [
      "en"
    ],
    "copyright": false,
    "media_type": "Text",
    "formats": {
      "text/html": "https://www.gutenberg.org/ebooks/790.html.images",
      "application/epub+zip": "https://www.gutenberg.org/ebooks/790.epub3.images",
      "application/x-mobipocket-ebook": "https://www.gutenberg.org/ebooks/790.kf8.images",
      "text/plain; charset=us-ascii": "https://www.gutenberg.org/ebooks/790.txt.utf-8",
      "text/plain; charset=utf-8": "https://www.gutenberg.org/files/790/790-0.txt",
      "application/rdf+xml": "https://www.gutenberg.org/ebooks/790.rdf",
      "image/jpeg": "https://www.gutenberg.org/cache/epub/790/pg790.cover.medium.jpg",
      "application/octet-stream": "https://www.gutenberg.org/cache/epub/790/pg790-h.zip"
    },
    "download_count": 2301
  }
}