{
  "average_entropy_rate": 0.3938217176246619,
  "entropy_rate": [
    0.0,
    0.0,
    0.0,
    0.9299541906178491,
    0.6919038672043399,
    0.6770917658968647,
    0.0,
    0.932058570377015,
    0.0,
    0.0,
    0.0,
    0.679438137756126,
    0.0,
    0.6620199154935212,
    0.9562332261205296,
    0.8936169950382142,
    0.0,
    0.0,
    0.0,
    0.0,
    0.0,
    0.0,
    0.8132455965106923,
    0.0,
    0.0,
    0.0,
    0.0,
    1.0344281984977024,
    0.6361602889827439,
    0.0,
    0.0,
    0.0,
    0.942460587361953,
    0.815981473351173,
    0.8691146984863573,
    0.6599176977331732,
    0.6530009925523483,
    0.9694528462461155,
    0.708678680889742,
    0.6305979533121913,
    0.9913347401824874
  ],
  "estimated_posterior_probability": 65.28152465820312,
  "input": "./smaller_in/Guten_index1392.txt",
  "prevalence_assumed": 0.5,
  "process_length": 80000,
  "gutenberg": {
    "id": 1392,
    "title": "The Seven Poor Travellers",
    "authors": [
      {
        "name": "Dickens, Charles",
        "birth_year": 1812,
        "death_year": 1870
      }
    ],
    "summaries": [
      "\"The Seven Poor Travellers\" by Charles Dickens is a collection of Christmas-themed tales written during the late 19th century (Victorian era). The book weaves together the experiences of a narrator, who encounters six travellers in Rochester looking for shelter, exploring themes of generosity and compassion during the Christmas season.   In this engaging story, the narrator arrives at Richard Watts's Charity, a lodging house for the poor, on Christmas Eve. He learns about the six Travellers who are given shelter and a small allowance for food. Moved by their plight, the narrator decides to host a Christmas supper for them, bringing warmth and joy to their evening. As they gather around the fire, the narrator shares a story of one of his relatives, Richard Doubledick, whose transformation from a reckless soldier to a respectable officer highlights themes of redemption and the impact of genuine kindness. The interactions among the Travellers and the narrator underscore the importance of humanity and goodwill, especially during the festive season. (This is an automatically generated summary.)"
    ],
    "editors": [],
    "translators": [],
    "subjects": [
      "Christmas stories, English",
      "Fiction"
    ],
    "bookshelves": [
      "Category: British Literature",
      "Category: Short Stories"
    ],
    "languages": [
      "en"
    ],
    "copyright": false,
    "media_type": "Text",
    "formats": {
      "text/html": "https://www.gutenberg.org/ebooks/1392.html.images",
      "application/epub+zip": "https://www.gutenberg.org/ebooks/1392.epub3.images",
      "application/x-mobipocket-ebook": "https://www.gutenberg.org/ebooks/1392.kf8.images",
      "text/plain; charset=us-ascii": "https://www.gutenberg.org/ebooks/1392.txt.utf-8",
      "application/rdf+xml": "https://www.gutenberg.org/ebooks/1392.rdf",
      "image/jpeg": "https://www.gutenberg.org/cache/epub/1392/pg1392.cover.medium.jpg",
      "application/octet-stream": "https://www.gutenberg.org/cache/epub/1392/pg1392-h.zip"
    },
    "download_count": 544
  }
}