{
  "average_entropy_rate": 0.2743073011483941,
  "entropy_rate": [
    0.6199751651460957,
    0.827485462945077,
    0.0,
    0.0,
    0.0,
    0.0,
    0.0,
    0.0,
    0.0,
    0.0,
    0.0,
    0.0,
    0.0,
    0.0,
    0.0,
    0.0,
    0.8186973640275508,
    0.0,
    0.0,
    0.0,
    0.0,
    0.0,
    0.0,
    0.8186973640275508,
    0.8186973640275508,
    0.0,
    0.0,
    0.0,
    0.8186973640275508,
    0.0,
    0.0,
    0.8186973640275508,
    0.7934677146899246,
    0.8186973640275508,
    0.0,
    0.8186973640275508,
    0.8186973640275508,
    0.8186973640275508,
    0.8186973640275508,
    0.8186973640275508,
    0.0
  ],
  "estimated_posterior_probability": 59.39141082763672,
  "input": "./smaller_in/Guten_index4741.txt",
  "prevalence_assumed": 0.5,
  "process_length": 80000,
  "gutenberg": {
    "id": 4741,
    "title": "Silence En Otage: Poésie",
    "authors": [
      {
        "name": "Bertrand, Huguette",
        "birth_year": 1942,
        "death_year": null
      }
    ],
    "summaries": [
      "\"Silence En Otage: Poésie\" by Huguette Bertrand is a collection of poetry likely written in the late 20th century. This book explores themes of silence, memory, and the complexities of love and existence through vivid imagery and emotional depth. Bertrand’s work captures the essence of human experiences, reflecting on life’s moments through the lens of poetic expression.  The poems within this collection delve into various aspects of life, employing rich metaphors and tactile descriptions that provoke thought and evoke feelings. The themes range from the pain of absence and the beauty of nature to the contemplations of aging and memory. In pieces like \"LES ABSENTS,\" Bertrand illustrates the lingering presence of those who are no longer with us, while \"LES VIEUX\" reflects on the wisdom and poignancy found in elderly experiences. The work invites readers to ponder silence's powerful role in communication and reflection, with each poem resonating with the intricacies of human emotion. Through its lyrical exploration, \"Silence En Otage\" serves as a poignant meditation on life’s fleeting moments and shared connections. (This is an automatically generated summary.)"
    ],
    "editors": [],
    "translators": [],
    "subjects": [
      "Poetry"
    ],
    "bookshelves": [
      "Category: French Literature",
      "Category: Poetry",
      "FR Poésie"
    ],
    "languages": [
      "fr"
    ],
    "copyright": true,
    "media_type": "Text",
    "formats": {
      "text/html": "https://www.gutenberg.org/ebooks/4741.html.images",
      "application/epub+zip": "https://www.gutenberg.org/ebooks/4741.epub3.images",
      "application/x-mobipocket-ebook": "https://www.gutenberg.org/ebooks/4741.kf8.images",
      "text/plain; charset=us-ascii": "https://www.gutenberg.org/ebooks/4741.txt.utf-8",
      "application/rdf+xml": "https://www.gutenberg.org/ebooks/4741.rdf",
      "image/jpeg": "https://www.gutenberg.org/cache/epub/4741/pg4741.cover.medium.jpg",
      "application/octet-stream": "https://www.gutenberg.org/files/4741/4741-0.zip"
    },
    "download_count": 217
  }
}