{
  "average_entropy_rate": 0.09344929168852767,
  "entropy_rate": [
    0.0,
    0.0,
    0.0,
    0.0,
    0.0,
    0.0,
    0.2843438161357094,
    0.0,
    0.0,
    0.0,
    0.6275606338156776,
    0.0,
    0.0,
    0.0,
    0.0,
    0.0,
    0.0,
    0.0,
    0.0,
    0.0,
    0.0,
    0.0,
    0.0,
    0.0,
    0.0,
    0.5254696269468915,
    0.0,
    0.6127422002411008,
    0.0,
    0.0,
    0.0,
    0.0,
    0.5469078722167051,
    0.0,
    0.6239711077227768,
    0.0,
    0.0,
    0.6104257021507727,
    0.0,
    0.0,
    0.0
  ],
  "estimated_posterior_probability": 52.715755462646484,
  "input": "./smaller_in/Guten_index2313.txt",
  "prevalence_assumed": 0.5,
  "process_length": 80000,
  "gutenberg": {
    "id": 2313,
    "title": "Geschichte des Agathon. Teil 1",
    "authors": [
      {
        "name": "Wieland, Christoph Martin",
        "birth_year": 1733,
        "death_year": 1813
      }
    ],
    "summaries": [
      "\"Geschichte des Agathon. Teil 1\" by Christoph Martin Wieland is a novel first published in 1766-1767. Considered the first major German bildungsroman and precursor to the modern psychological novel, it follows young Athenian Agathon's journey to maturity in ancient Greece. Through encounters with corrupt priests, fickle politicians, manipulative sophists, and political idealists, the enthusiastic dreamer faces repeated disappointments that challenge his idealistic worldview. His path leads him toward a more realistic understanding of virtue, wisdom, and happiness. (This is an automatically generated summary.)"
    ],
    "editors": [],
    "translators": [],
    "subjects": [
      "Bildungsromans",
      "Greece -- Fiction"
    ],
    "bookshelves": [
      "Category: Adventure",
      "Category: German Literature",
      "Category: Mythology, Legends & Folklore",
      "Category: Novels",
      "DE Prosa"
    ],
    "languages": [
      "de"
    ],
    "copyright": false,
    "media_type": "Text",
    "formats": {
      "text/html": "https://www.gutenberg.org/ebooks/2313.html.images",
      "application/epub+zip": "https://www.gutenberg.org/ebooks/2313.epub3.images",
      "application/x-mobipocket-ebook": "https://www.gutenberg.org/ebooks/2313.kf8.images",
      "text/plain; charset=us-ascii": "https://www.gutenberg.org/ebooks/2313.txt.utf-8",
      "application/rdf+xml": "https://www.gutenberg.org/ebooks/2313.rdf",
      "image/jpeg": "https://www.gutenberg.org/cache/epub/2313/pg2313.cover.medium.jpg",
      "application/octet-stream": "https://www.gutenberg.org/cache/epub/2313/pg2313-h.zip"
    },
    "download_count": 232
  }
}