{
  "average_entropy_rate": 0.41973504307405085,
  "entropy_rate": [
    0.0,
    0.650918693668082,
    0.0,
    0.0,
    0.0,
    0.0,
    0.0,
    0.8885047471729685,
    0.8175090651115711,
    0.9008047532127511,
    0.0,
    0.8243249083166473,
    0.0,
    0.9535801756494783,
    0.0,
    0.0,
    0.0,
    0.0,
    0.0,
    0.0,
    0.0,
    0.0,
    0.9517534076968264,
    0.0,
    0.0,
    0.0,
    0.8428765718060853,
    0.0,
    0.900804753212751,
    0.0,
    0.8584251443614612,
    0.9082684420662115,
    0.8242567917884281,
    0.8182775089375274,
    0.9022217232401208,
    0.9254657980452051,
    0.8108616857736081,
    0.800693416219321,
    0.8990582197124518,
    0.7857557560538985,
    0.9447752039906893
  ],
  "estimated_posterior_probability": 66.7739486694336,
  "input": "./smaller_in/Guten_index1107.txt",
  "prevalence_assumed": 0.5,
  "process_length": 80000,
  "gutenberg": {
    "id": 1107,
    "title": "The Taming of the Shrew",
    "authors": [
      {
        "name": "Shakespeare, William",
        "birth_year": 1564,
        "death_year": 1616
      }
    ],
    "summaries": [
      "\"The Taming of the Shrew\" by William Shakespeare is a comedy written between 1590 and 1592. The play follows Petruchio's controversial courtship of Katherina, a headstrong woman considered an undesirable bride. Through psychological and physical tactics, including denying her food and clothing, Petruchio attempts to \"tame\" her into an obedient wife. Meanwhile, suitors compete for Katherina's younger sister Bianca, employing disguises and deceptions. The play's treatment of gender relations has sparked ongoing debate about whether it is misogynistic. (This is an automatically generated summary.)"
    ],
    "editors": [],
    "translators": [],
    "subjects": [
      "Comedy plays",
      "Man-woman relationships -- Drama",
      "Married people -- Drama",
      "Padua (Italy) -- Drama",
      "Sex role -- Drama"
    ],
    "bookshelves": [
      "Category: British Literature",
      "Category: Classics of Literature",
      "Category: Plays/Films/Dramas"
    ],
    "languages": [
      "en"
    ],
    "copyright": false,
    "media_type": "Text",
    "formats": {
      "text/html": "https://www.gutenberg.org/ebooks/1107.html.images",
      "application/epub+zip": "https://www.gutenberg.org/ebooks/1107.epub3.images",
      "image/jpeg": "https://www.gutenberg.org/files/1107/cover.jpg",
      "application/x-mobipocket-ebook": "https://www.gutenberg.org/ebooks/1107.kf8.images",
      "text/plain; charset=us-ascii": "https://www.gutenberg.org/ebooks/1107.txt.utf-8",
      "application/rdf+xml": "https://www.gutenberg.org/ebooks/1107.rdf",
      "application/octet-stream": "https://www.gutenberg.org/cache/epub/1107/pg1107-h.zip"
    },
    "download_count": 406
  }
}