{
  "average_entropy_rate": 0.1628930354370122,
  "entropy_rate": [
    0.0,
    0.0,
    0.0,
    0.5707036511475604,
    0.0,
    0.45467168003840897,
    0.0,
    0.0,
    0.0,
    0.0,
    0.0,
    0.0,
    0.0,
    0.0,
    0.0,
    0.0,
    0.0,
    0.3260085466103994,
    0.7273526770969516,
    0.0,
    0.0,
    0.0,
    0.0,
    0.3821022467029569,
    0.0,
    0.0,
    0.523825730819048,
    0.0,
    0.0,
    0.0,
    0.5092507232985403,
    0.5702205489828078,
    0.0,
    0.0,
    0.7091479166636679,
    0.0,
    0.7678535964225255,
    0.0,
    0.0,
    0.6131972924513501,
    0.5242798426832839
  ],
  "estimated_posterior_probability": 55.025146484375,
  "input": "data/human/Gutenberg//Guten_index2403.txt",
  "prevalence_assumed": 0.5,
  "process_length": 80000,
  "gutenberg": {
    "id": 2403,
    "title": "Die Wahlverwandtschaften",
    "authors": [
      {
        "name": "Goethe, Johann Wolfgang von",
        "birth_year": 1749,
        "death_year": 1832
      }
    ],
    "summaries": [
      "\"Die Wahlverwandtschaften\" by Johann Wolfgang von Goethe is a novel published in 1809. It tells the story of married couple Charlotte and Eduard, whose secluded life together unravels when two guests arrive at their estate. Like a chemical reaction, new attractions form: Charlotte drawn to the capable Captain Otto, Eduard to the young and quietly charming Ottilie. The conflict between desire and reason spirals into chaos, leading toward tragic consequences in this work exploring passion, duty, and renunciation. (This is an automatically generated summary.)"
    ],
    "editors": [],
    "translators": [],
    "subjects": [
      "Adultery -- Fiction",
      "Aristocracy (Social class) -- Fiction",
      "German fiction -- 19th century",
      "Love stories, German",
      "Social problems -- Fiction"
    ],
    "bookshelves": [
      "Category: German Literature",
      "Category: Novels",
      "DE Prosa"
    ],
    "languages": [
      "de"
    ],
    "copyright": false,
    "media_type": "Text",
    "formats": {
      "text/html": "https://www.gutenberg.org/ebooks/2403.html.images",
      "text/html; charset=utf-8": "https://www.gutenberg.org/files/2403/2403-h/2403-h.htm",
      "application/epub+zip": "https://www.gutenberg.org/ebooks/2403.epub3.images",
      "application/x-mobipocket-ebook": "https://www.gutenberg.org/ebooks/2403.kf8.images",
      "text/plain; charset=us-ascii": "https://www.gutenberg.org/ebooks/2403.txt.utf-8",
      "text/plain; charset=utf-8": "https://www.gutenberg.org/files/2403/2403-0.txt",
      "application/rdf+xml": "https://www.gutenberg.org/ebooks/2403.rdf",
      "image/jpeg": "https://www.gutenberg.org/cache/epub/2403/pg2403.cover.medium.jpg",
      "application/octet-stream": "https://www.gutenberg.org/cache/epub/2403/pg2403-h.zip"
    },
    "download_count": 1215
  }
}