{
  "average_entropy_rate": 0.14371489818653943,
  "entropy_rate": [
    0.0,
    0.0,
    0.0,
    0.7518564470731749,
    0.0,
    0.0,
    0.0,
    0.0,
    0.4797385677458488,
    0.8349046700406189,
    0.0,
    0.0,
    0.0,
    0.0,
    0.0,
    0.0,
    0.0,
    0.0,
    0.0,
    0.0,
    0.0,
    0.0,
    0.0,
    0.0,
    0.0,
    0.0,
    0.0,
    0.7447210044474886,
    0.0,
    0.0,
    0.0,
    0.0,
    0.0,
    0.728759374819711,
    0.748597625321587,
    0.8558294390361018,
    0.0,
    0.0,
    0.7479036971635857,
    0.0,
    0.0
  ],
  "estimated_posterior_probability": 54.3597412109375,
  "input": "./smaller_in/Guten_index3026.txt",
  "prevalence_assumed": 0.5,
  "process_length": 80000,
  "gutenberg": {
    "id": 3026,
    "title": "North of Boston",
    "authors": [
      {
        "name": "Frost, Robert",
        "birth_year": 1874,
        "death_year": 1963
      }
    ],
    "summaries": [
      "\"North of Boston\" by Robert Frost is a collection of narrative poems written during the early 20th century. The work explores themes of rural life, human emotion, and the complexities of interpersonal relationships, often set against the backdrop of the New England countryside. The poems feature various characters, including farmers, family members, and workers, whose stories reveal the tensions and connections that define their existence.  The opening of \"North of Boston\" introduces readers to the simplicity and depth of rural life through descriptive imagery and dialogue. The first poem, \"The Pasture,\" presents a speaker inviting a companion to join in the task of cleaning a spring and fetching a calf, implying themes of companionship and the cycles of nature. Following this, \"Mending Wall\" delves into the speaker's reflections on boundaries and neighborly relations, contrasting differing thoughts on walls that separate versus those that foster good relationships. This sets the tone for an exploration of human experiences amidst the natural world in the subsequent poems included in the collection. (This is an automatically generated summary.)"
    ],
    "editors": [],
    "translators": [],
    "subjects": [
      "American poetry -- 20th century"
    ],
    "bookshelves": [
      "Category: American Literature",
      "Category: Poetry"
    ],
    "languages": [
      "en"
    ],
    "copyright": false,
    "media_type": "Text",
    "formats": {
      "text/html": "https://www.gutenberg.org/ebooks/3026.html.images",
      "application/epub+zip": "https://www.gutenberg.org/ebooks/3026.epub3.images",
      "application/x-mobipocket-ebook": "https://www.gutenberg.org/ebooks/3026.kf8.images",
      "text/plain; charset=us-ascii": "https://www.gutenberg.org/ebooks/3026.txt.utf-8",
      "application/rdf+xml": "https://www.gutenberg.org/ebooks/3026.rdf",
      "image/jpeg": "https://www.gutenberg.org/cache/epub/3026/pg3026.cover.medium.jpg",
      "application/octet-stream": "https://www.gutenberg.org/files/3026/3026-8.zip"
    },
    "download_count": 840
  }
}