{
  "average_entropy_rate": 0.3196930055642425,
  "entropy_rate": [
    0.0,
    0.747577002021103,
    0.0,
    0.818334198288282,
    0.6269082157657822,
    0.0,
    0.0,
    0.7260959222560225,
    0.828717773226518,
    0.0,
    0.0,
    0.0,
    0.0,
    0.0,
    0.0,
    0.0,
    0.0,
    0.0,
    0.0,
    0.8338492075976467,
    0.6443591098158611,
    0.0,
    0.0,
    0.0,
    0.0,
    0.6437253904383508,
    0.0,
    0.0,
    0.0,
    0.0,
    0.6318845427646189,
    0.0,
    0.8376648567054448,
    0.7359784221563854,
    0.8194198236353507,
    0.8237252280686309,
    0.64182423230582,
    0.6418556267940639,
    0.8150684950719038,
    0.6405567935507993,
    0.649868387671361
  ],
  "estimated_posterior_probability": 61.45863342285156,
  "input": "./smaller_in/Guten_index2934.txt",
  "prevalence_assumed": 0.5,
  "process_length": 80000,
  "gutenberg": {
    "id": 2934,
    "title": "On the Advisableness of Improving Natural Knowledge",
    "authors": [
      {
        "name": "Huxley, Thomas Henry",
        "birth_year": 1825,
        "death_year": 1895
      }
    ],
    "summaries": [
      "\"On the Advisableness of Improving Natural Knowledge\" by Thomas Henry Huxley is a philosophical discourse published in the mid-19th century, specifically during the Victorian era. This book serves as a lay sermon where Huxley expounds on the significance of advancing natural knowledge and understanding. It tackles the interplay between human intellect and nature, emphasizing the need for empirical reasoning and scientific inquiry as a means to mitigate societal calamities such as plagues and fires that plagued cities like London in earlier epochs.  In this thought-provoking text, Huxley reflects on historical events such as the Great Plague and the Great Fire of London, illustrating how ignorance and lack of scientific understanding exacerbated these crises. He argues that the improvement of natural knowledge is vital not only for practical advancements and solving material problems but also for reshaping moral and intellectual frameworks. The book elucidates how scientific progress has instigated significant philosophical shifts, fostering skepticism towards blind faith and authority while promoting empirical verification as a cornerstone of true understanding. Ultimately, Huxley advocates for a continuous pursuit of knowledge, viewing it as essential for the betterment of humanity and societal resilience. (This is an automatically generated summary.)"
    ],
    "editors": [],
    "translators": [],
    "subjects": [
      "Science"
    ],
    "bookshelves": [
      "Category: History - British",
      "Category: Philosophy & Ethics",
      "Category: Science - Biology"
    ],
    "languages": [
      "en"
    ],
    "copyright": false,
    "media_type": "Text",
    "formats": {
      "text/html": "https://www.gutenberg.org/ebooks/2934.html.images",
      "application/epub+zip": "https://www.gutenberg.org/ebooks/2934.epub3.images",
      "application/x-mobipocket-ebook": "https://www.gutenberg.org/ebooks/2934.kf8.images",
      "text/plain; charset=us-ascii": "https://www.gutenberg.org/ebooks/2934.txt.utf-8",
      "application/rdf+xml": "https://www.gutenberg.org/ebooks/2934.rdf",
      "image/jpeg": "https://www.gutenberg.org/cache/epub/2934/pg2934.cover.medium.jpg",
      "application/octet-stream": "https://www.gutenberg.org/files/2934/2934-h.zip"
    },
    "download_count": 291
  }
}