{
  "average_entropy_rate": 0.0,
  "entropy_rate": [
    0.0,
    0.0,
    0.0,
    0.0,
    0.0,
    0.0,
    0.0,
    0.0,
    0.0,
    0.0,
    0.0,
    0.0,
    0.0,
    0.0,
    0.0,
    0.0,
    0.0,
    0.0,
    0.0,
    0.0,
    0.0,
    0.0,
    0.0,
    0.0,
    0.0,
    0.0,
    0.0,
    0.0,
    0.0,
    0.0,
    0.0,
    0.0,
    0.0,
    0.0,
    0.0,
    0.0,
    0.0,
    0.0,
    0.0,
    0.0,
    0.0
  ],
  "estimated_posterior_probability": 50.0,
  "input": "./smaller_in/Guten_index1982.txt",
  "prevalence_assumed": 0.5,
  "process_length": 80000,
  "gutenberg": {
    "id": 1982,
    "title": "羅生門",
    "authors": [
      {
        "name": "Akutagawa, Ryunosuke",
        "birth_year": 1892,
        "death_year": 1927
      }
    ],
    "summaries": [
      "\"羅生門\" by Ryūnosuke Akutagawa is a short story first published in 1915. Set in the ruins of Kyoto's southern gate, it follows a dismissed servant who must choose between starvation and thievery. When he encounters an old woman stealing hair from corpses, their exchange forces him to confront questions of survival and morality. The story explores how desperation can transform one's sense of right and wrong in a world stripped bare of certainty. (This is an automatically generated summary.)"
    ],
    "editors": [],
    "translators": [],
    "subjects": [
      "Japan -- Social life and customs -- Fiction",
      "Short stories"
    ],
    "bookshelves": [
      "Category: Short Stories"
    ],
    "languages": [
      "ja"
    ],
    "copyright": false,
    "media_type": "Text",
    "formats": {
      "text/html": "https://www.gutenberg.org/ebooks/1982.html.images",
      "application/epub+zip": "https://www.gutenberg.org/ebooks/1982.epub3.images",
      "application/x-mobipocket-ebook": "https://www.gutenberg.org/ebooks/1982.kf8.images",
      "text/plain; charset=us-ascii": "https://www.gutenberg.org/ebooks/1982.txt.utf-8",
      "text/plain; charset=utf-8": "https://www.gutenberg.org/files/1982/1982-0.txt",
      "application/rdf+xml": "https://www.gutenberg.org/ebooks/1982.rdf",
      "image/jpeg": "https://www.gutenberg.org/cache/epub/1982/pg1982.cover.medium.jpg",
      "application/octet-stream": "https://www.gutenberg.org/cache/epub/1982/pg1982-h.zip"
    },
    "download_count": 654
  }
}