{
  "average_entropy_rate": 0.13987050200615647,
  "entropy_rate": [
    0.6378850780798758,
    0.49321335864190996,
    0.7909774968190463,
    0.7909774968190463,
    0.0,
    0.0,
    0.0,
    0.0,
    0.0,
    0.0,
    0.0,
    0.43943194267724783,
    0.0,
    0.0,
    0.0,
    0.0,
    0.0,
    0.0,
    0.0,
    0.0,
    0.0,
    0.0,
    0.0,
    0.0,
    0.0,
    0.0,
    0.0,
    0.0,
    0.0,
    0.0,
    0.0,
    0.0,
    0.0,
    0.7909774968190463,
    0.7909774968190463,
    0.49321335864190996,
    0.5070368569352864,
    0.0,
    0.0,
    0.0,
    0.0
  ],
  "estimated_posterior_probability": 54.22776794433594,
  "input": "./smaller_in/Guten_index3174.txt",
  "prevalence_assumed": 0.5,
  "process_length": 80000,
  "gutenberg": {
    "id": 3174,
    "title": "A Dog's Tale",
    "authors": [
      {
        "name": "Twain, Mark",
        "birth_year": 1835,
        "death_year": 1910
      }
    ],
    "summaries": [
      "\"A Dog's Tale\" by Mark Twain is a short story written in 1903. Told from the perspective of a mixed-breed dog, the narrative follows her devotion to her human family through moments of heroism and heartbreak. After saving a child from a nursery fire, she suffers a cruel misunderstanding. Later, tragedy strikes when her own puppy becomes the victim of a scientific experiment, leading to a haunting conclusion about loyalty, sacrifice, and the innocent suffering of animals. (This is an automatically generated summary.)"
    ],
    "editors": [],
    "translators": [],
    "subjects": [
      "Dogs -- Fiction"
    ],
    "bookshelves": [
      "Category: American Literature",
      "Category: Short Stories"
    ],
    "languages": [
      "en"
    ],
    "copyright": false,
    "media_type": "Text",
    "formats": {
      "text/html": "https://www.gutenberg.org/ebooks/3174.html.images",
      "application/epub+zip": "https://www.gutenberg.org/ebooks/3174.epub3.images",
      "application/x-mobipocket-ebook": "https://www.gutenberg.org/ebooks/3174.kf8.images",
      "text/plain; charset=us-ascii": "https://www.gutenberg.org/ebooks/3174.txt.utf-8",
      "application/rdf+xml": "https://www.gutenberg.org/ebooks/3174.rdf",
      "image/jpeg": "https://www.gutenberg.org/cache/epub/3174/pg3174.cover.medium.jpg",
      "application/octet-stream": "https://www.gutenberg.org/files/3174/3174-0.zip"
    },
    "download_count": 1493
  }
}