{
  "average_entropy_rate": 0.3754149934961704,
  "entropy_rate": [
    0.9753234423037199,
    0.7754681579879675,
    0.0,
    0.0,
    0.0,
    0.0,
    0.0,
    0.0,
    0.0,
    0.6567236694027885,
    0.0,
    0.952637715063651,
    0.0,
    0.0,
    0.8921575635916028,
    0.0,
    0.7873247568730981,
    0.0,
    0.0,
    0.0,
    0.0,
    0.0,
    0.0,
    0.7723266837813544,
    0.8510622365035474,
    0.0,
    0.7570209801816339,
    0.0,
    0.0,
    0.7570753387427706,
    0.0,
    0.0,
    0.9354428268325545,
    0.7497107543164332,
    0.8121982758474666,
    0.7983011177004601,
    0.722573315210991,
    0.7572496034491015,
    0.884570790801245,
    0.7535297361388885,
    0.8013177686137097
  ],
  "estimated_posterior_probability": 64.27379608154297,
  "input": "./smaller_in/Guten_index1381.txt",
  "prevalence_assumed": 0.5,
  "process_length": 80000,
  "gutenberg": {
    "id": 1381,
    "title": "Poems — Volume 1",
    "authors": [
      {
        "name": "Meredith, George",
        "birth_year": 1828,
        "death_year": 1909
      }
    ],
    "summaries": [
      "\"Poems — Volume 1\" by George Meredith is a collection of poetry written during the late 19th century. This compilation showcases Meredith's mastery of various poetic forms and themes, reflecting on love, nature, and human experience, with demonstrated emotional depth and lyrical beauty.  The opening of the collection begins with \"Chillianwallah,\" which evokes the historical significance and somber aftermath of a battle, marked by lament and contemplation of loss. The poem sets a serious tone, blending personal grief with historical context. Following this, the fragment from \"The Doe\" presents a pastoral scene, highlighting the bond between a farmer’s daughter and a captured fawn, interspersed with tender memories and nature's beauty. This excerpt illustrates Meredith's ability to weave intricate narratives that evoke vividly sentimental themes, suggesting a rich tapestry of reflections on life, love, and the interplay of humanity with nature throughout the collection. (This is an automatically generated summary.)"
    ],
    "editors": [],
    "translators": [],
    "subjects": [
      "English poetry",
      "Pastoral poetry"
    ],
    "bookshelves": [
      "Category: Poetry"
    ],
    "languages": [
      "en"
    ],
    "copyright": false,
    "media_type": "Text",
    "formats": {
      "text/html": "https://www.gutenberg.org/ebooks/1381.html.images",
      "application/epub+zip": "https://www.gutenberg.org/ebooks/1381.epub3.images",
      "application/x-mobipocket-ebook": "https://www.gutenberg.org/ebooks/1381.kf8.images",
      "text/plain; charset=us-ascii": "https://www.gutenberg.org/ebooks/1381.txt.utf-8",
      "text/plain; charset=utf-8": "https://www.gutenberg.org/files/1381/1381-0.txt",
      "application/rdf+xml": "https://www.gutenberg.org/ebooks/1381.rdf",
      "image/jpeg": "https://www.gutenberg.org/cache/epub/1381/pg1381.cover.medium.jpg",
      "application/octet-stream": "https://www.gutenberg.org/cache/epub/1381/pg1381-h.zip"
    },
    "download_count": 629
  }
}