{
  "average_entropy_rate": 0.3300193021555598,
  "entropy_rate": [
    0.0,
    0.7176246813271068,
    0.8657870556723037,
    0.7238331811493692,
    0.7209771880451616,
    0.0,
    0.0,
    0.6025881960613376,
    0.0,
    0.7832170346902618,
    0.0,
    0.0,
    0.0,
    0.7196407186243081,
    0.7800267260845521,
    0.0,
    0.0,
    0.0,
    0.0,
    0.0,
    0.0,
    0.0,
    0.0,
    0.0,
    0.0,
    0.0,
    0.0,
    0.8045110822208451,
    0.0,
    0.0,
    0.0,
    0.0,
    0.8639011123962502,
    0.6965761277263538,
    0.7109695039254709,
    0.6888904930638498,
    0.7661953206694387,
    0.8825953466232668,
    0.7058831223375392,
    0.785770839036497,
    0.7118036587240413
  ],
  "estimated_posterior_probability": 61.9532356262207,
  "input": "./smaller_in/Guten_index1042.txt",
  "prevalence_assumed": 0.5,
  "process_length": 80000,
  "gutenberg": {
    "id": 1042,
    "title": "A Reading of Life, with Other Poems",
    "authors": [
      {
        "name": "Meredith, George",
        "birth_year": 1828,
        "death_year": 1909
      }
    ],
    "summaries": [
      "\"A Reading of Life, with Other Poems\" by George Meredith is a poetry collection written in the early 20th century, reflecting the literary sensibilities of that time. This volume encompasses a range of themes, likely focusing on the complexities of human existence, love, nature, and philosophical inquiries about life itself.  The collection opens with the titular poem \"A Reading of Life,\" in which Meredith explores the inherent choices and struggles individuals face, contrasting the pursuits of pleasure and the demands of duty through rich imagery. Throughout the book, other poems such as \"With the Huntress\" and \"With the Persuader\" delve into relationships and the interplay of desire and duty. The themes of love, nature, and existential contemplation are further examined in pieces like \"The Test of Manhood\" and \"The Cageing of Ares.\" Overall, Meredith's poetry intricately weaves personal introspection with broader philosophical explorations, inviting readers to reflect on the essence of life and their place within it. (This is an automatically generated summary.)"
    ],
    "editors": [],
    "translators": [],
    "subjects": [
      "English poetry"
    ],
    "bookshelves": [
      "Category: Poetry"
    ],
    "languages": [
      "en"
    ],
    "copyright": false,
    "media_type": "Text",
    "formats": {
      "text/html": "https://www.gutenberg.org/ebooks/1042.html.images",
      "application/epub+zip": "https://www.gutenberg.org/ebooks/1042.epub3.images",
      "application/x-mobipocket-ebook": "https://www.gutenberg.org/ebooks/1042.kf8.images",
      "text/plain; charset=us-ascii": "https://www.gutenberg.org/ebooks/1042.txt.utf-8",
      "text/plain; charset=utf-8": "https://www.gutenberg.org/files/1042/1042-0.txt",
      "application/rdf+xml": "https://www.gutenberg.org/ebooks/1042.rdf",
      "image/jpeg": "https://www.gutenberg.org/cache/epub/1042/pg1042.cover.medium.jpg",
      "application/octet-stream": "https://www.gutenberg.org/cache/epub/1042/pg1042-h.zip"
    },
    "download_count": 401
  }
}