{
  "average_entropy_rate": 0.1615416390971394,
  "entropy_rate": [
    0.0,
    0.0,
    0.0,
    0.0,
    0.0,
    0.0,
    0.5407499630410723,
    0.0,
    0.0,
    0.0,
    0.0,
    0.0,
    0.6960736116439621,
    0.0,
    0.0,
    0.0,
    0.0,
    0.0,
    0.0,
    0.6971979315557654,
    0.0,
    0.6965233396086833,
    0.0,
    0.0,
    0.0,
    0.0,
    0.0,
    0.0,
    0.0,
    0.0,
    0.0,
    0.0,
    0.9357672227653367,
    0.0,
    0.7307871435471854,
    0.0,
    0.0,
    0.6969730675734047,
    0.6965233396086833,
    0.0,
    0.9326115836386212
  ],
  "estimated_posterior_probability": 54.976863861083984,
  "input": "./smaller_in/Guten_index442.txt",
  "prevalence_assumed": 0.5,
  "process_length": 80000,
  "gutenberg": {
    "id": 442,
    "title": "Love Songs",
    "authors": [
      {
        "name": "Teasdale, Sara",
        "birth_year": 1884,
        "death_year": 1933
      }
    ],
    "summaries": [
      "\"Love Songs\" by Sara Teasdale is a collection of lyrical poetry published in the early 20th century, specifically during the 1910s. The book explores themes of love, longing, and the emotional intricacies of relationships, presenting a tapestry of feelings that resonate deeply with readers. Teasdale's work is characterized by its musicality and vivid imagery, showcasing her exceptional talent as a poet.  The collection features a diverse array of poems, each capturing different aspects of love—joy, heartache, nostalgia, and the complexities of human connections. Through vivid imagery and heartfelt verses, Teasdale conveys her reflections on love's ephemeral nature, the ache of unfulfilled desires, and the beauty found in shared moments. Poems such as “Barter” emphasize the value of love and beauty in life, while others like “The Kiss” explore the disparity between reality and romantic expectations. Overall, \"Love Songs\" serves as both a poignant tribute and a contemplative exploration of love, making it a timeless read for anyone who has experienced its many facets. (This is an automatically generated summary.)"
    ],
    "editors": [],
    "translators": [],
    "subjects": [
      "American poetry",
      "Lyric poetry"
    ],
    "bookshelves": [
      "Category: American Literature",
      "Category: Poetry"
    ],
    "languages": [
      "en"
    ],
    "copyright": false,
    "media_type": "Text",
    "formats": {
      "text/html": "https://www.gutenberg.org/ebooks/442.html.images",
      "application/epub+zip": "https://www.gutenberg.org/ebooks/442.epub3.images",
      "application/x-mobipocket-ebook": "https://www.gutenberg.org/ebooks/442.kf8.images",
      "text/plain; charset=us-ascii": "https://www.gutenberg.org/ebooks/442.txt.utf-8",
      "application/rdf+xml": "https://www.gutenberg.org/ebooks/442.rdf",
      "image/jpeg": "https://www.gutenberg.org/cache/epub/442/pg442.cover.medium.jpg",
      "application/octet-stream": "https://www.gutenberg.org/cache/epub/442/pg442-h.zip"
    },
    "download_count": 469
  }
}