{
  "average_entropy_rate": 0.3336442325702202,
  "entropy_rate": [
    0.0,
    0.0,
    0.8178048495520703,
    0.0,
    0.0,
    0.6233010941656657,
    0.0,
    0.9166760796482508,
    0.0,
    0.7592554774604477,
    0.0,
    0.7687332544887384,
    0.0,
    0.9867999987845268,
    0.0,
    0.7882673574382115,
    0.0,
    0.0,
    0.0,
    0.0,
    0.0,
    0.0,
    0.0,
    0.0,
    0.7568345111363803,
    0.0,
    0.0,
    0.0,
    0.0,
    0.0,
    0.772229793088195,
    0.0,
    0.7575183956277004,
    0.8310297487944004,
    0.877591836258617,
    0.9474156681194333,
    0.785770839036497,
    0.762718590548459,
    0.0,
    0.7593655507700882,
    0.7681004904613464
  ],
  "estimated_posterior_probability": 62.131656646728516,
  "input": "./smaller_in/Guten_index1374.txt",
  "prevalence_assumed": 0.5,
  "process_length": 80000,
  "gutenberg": {
    "id": 1374,
    "title": "Vendetta",
    "authors": [
      {
        "name": "Balzac, Honoré de",
        "birth_year": 1799,
        "death_year": 1850
      }
    ],
    "summaries": [
      "\"Vendetta\" by Honoré de Balzac is a novel published in 1830. It tells the tragic story of Ginevra Piombo, daughter of proud Corsican immigrants, who falls in love with Luigi Porta—the sole survivor of a family massacred in a blood vendetta with her own family. When her father discovers this forbidden romance, he demands she abandon Luigi or face complete disownment. The young couple must choose between family loyalty and love, with devastating consequences awaiting them in their struggle against poverty and paternal wrath. (This is an automatically generated summary.)"
    ],
    "editors": [],
    "translators": [
      {
        "name": "Wormeley, Katharine Prescott",
        "birth_year": 1830,
        "death_year": 1908
      }
    ],
    "subjects": [
      "French fiction -- Translations into English",
      "Historical fiction"
    ],
    "bookshelves": [
      "Category: French Literature",
      "Category: Novels"
    ],
    "languages": [
      "en"
    ],
    "copyright": false,
    "media_type": "Text",
    "formats": {
      "text/html": "https://www.gutenberg.org/ebooks/1374.html.images",
      "text/html; charset=utf-8": "https://www.gutenberg.org/files/1374/1374-h/1374-h.htm",
      "application/epub+zip": "https://www.gutenberg.org/ebooks/1374.epub3.images",
      "application/x-mobipocket-ebook": "https://www.gutenberg.org/ebooks/1374.kf8.images",
      "text/plain; charset=us-ascii": "https://www.gutenberg.org/ebooks/1374.txt.utf-8",
      "text/plain; charset=utf-8": "https://www.gutenberg.org/files/1374/1374-0.txt",
      "application/rdf+xml": "https://www.gutenberg.org/ebooks/1374.rdf",
      "image/jpeg": "https://www.gutenberg.org/cache/epub/1374/pg1374.cover.medium.jpg",
      "application/octet-stream": "https://www.gutenberg.org/cache/epub/1374/pg1374-h.zip"
    },
    "download_count": 344
  }
}