{
  "average_entropy_rate": 0.24631345871051186,
  "entropy_rate": [
    0.724485012418843,
    0.0,
    0.0,
    0.0,
    0.0,
    0.6291453574137577,
    0.0,
    0.0,
    0.570133162630819,
    0.6333261980800775,
    0.0,
    0.0,
    0.0,
    0.0,
    0.6991183619727894,
    0.7282823847025551,
    0.0,
    0.6982380722471813,
    0.0,
    0.0,
    0.0,
    0.0,
    0.0,
    0.0,
    0.6319091365513771,
    0.0,
    0.0,
    0.0,
    0.0,
    0.0,
    0.0,
    0.0,
    0.7192288721840943,
    0.0,
    0.667145507896666,
    0.6261679461129822,
    0.7102740412472175,
    0.6722996423901357,
    0.7494632310799361,
    0.0,
    0.6396348802025537
  ],
  "estimated_posterior_probability": 58.206844329833984,
  "input": "./smaller_in/Guten_index4175.txt",
  "prevalence_assumed": 0.5,
  "process_length": 80000,
  "gutenberg": {
    "id": 4175,
    "title": "Diary of Samuel Pepys — Volume 52: April 1667",
    "authors": [
      {
        "name": "Pepys, Samuel",
        "birth_year": 1633,
        "death_year": 1703
      }
    ],
    "summaries": [
      "\"Diary of Samuel Pepys — Volume 52: April 1667\" by Samuel Pepys is a historical account written in the mid-17th century. This work captures the daily life and observations of Pepys, who served as a naval administrator during a time of political and military turbulence in England. The diary entries reveal the intricacies of court politics, financial challenges, and personal anecdotes amid the backdrop of the Second Anglo-Dutch War.  The opening of this volume portrays a range of events from the early days of April, including Pepys's interactions with notable figures such as Sir W. Coventry and Sir G. Carteret, as they grapple with financial constraints faced by the Navy and the administration. The entries reflect the melancholy tone as Pepys navigates both official duties and personal musings, including discussions about a peace treaty and details about social gatherings. The text provides vivid insights into Pepys’s thoughts on governmental proceedings, military troubles, and his personal relationships, including the ups and downs of his daily life and the social climate of London at the time. (This is an automatically generated summary.)"
    ],
    "editors": [
      {
        "name": "Wheatley, Henry B. (Henry Benjamin)",
        "birth_year": 1838,
        "death_year": 1917
      },
      {
        "name": "Braybrooke, Richard Griffin, Baron",
        "birth_year": 1783,
        "death_year": 1858
      }
    ],
    "translators": [
      {
        "name": "Bright, Mynors",
        "birth_year": 1818,
        "death_year": 1883
      }
    ],
    "subjects": [
      "Cabinet officers -- Great Britain -- Diaries",
      "Diarists -- Great Britain -- Diaries",
      "Great Britain -- History -- Charles II, 1660-1685 -- Sources",
      "Great Britain -- Social life and customs -- 17th century -- Sources",
      "Pepys, Samuel, 1633-1703 -- Diaries"
    ],
    "bookshelves": [
      "Category: Biographies",
      "Category: History - British",
      "Category: History - Early Modern (c. 1450-1750)"
    ],
    "languages": [
      "en"
    ],
    "copyright": false,
    "media_type": "Text",
    "formats": {
      "text/html": "https://www.gutenberg.org/ebooks/4175.html.images",
      "application/epub+zip": "https://www.gutenberg.org/ebooks/4175.epub3.images",
      "application/x-mobipocket-ebook": "https://www.gutenberg.org/ebooks/4175.kf8.images",
      "text/plain; charset=us-ascii": "https://www.gutenberg.org/ebooks/4175.txt.utf-8",
      "application/rdf+xml": "https://www.gutenberg.org/ebooks/4175.rdf",
      "image/jpeg": "https://www.gutenberg.org/cache/epub/4175/pg4175.cover.medium.jpg",
      "application/octet-stream": "https://www.gutenberg.org/files/4175/4175.zip"
    },
    "download_count": 241
  }
}