{
  "average_entropy_rate": 0.1901876261673376,
  "entropy_rate": [
    0.0,
    0.0,
    0.4826034117967461,
    0.0,
    0.0,
    0.7590100866346652,
    0.0,
    0.0,
    0.43949695702388086,
    0.0,
    0.0,
    0.0,
    0.0,
    0.0,
    0.7250651272235136,
    0.0,
    0.0,
    0.8407344732588349,
    0.0,
    0.0,
    0.8072063922891702,
    0.0,
    0.0,
    0.0,
    0.0,
    0.0,
    0.0,
    0.0,
    0.6657599177378402,
    0.0,
    0.8654913296237235,
    0.0,
    0.0,
    0.0,
    0.0,
    0.0,
    0.0,
    0.767024393413655,
    0.703044001364124,
    0.7422565824946883,
    0.0
  ],
  "estimated_posterior_probability": 56.013179779052734,
  "input": "data/human/Gutenberg//Guten_index2163.txt",
  "prevalence_assumed": 0.5,
  "process_length": 80000,
  "gutenberg": {
    "id": 2163,
    "title": "The Bridge-Builders",
    "authors": [
      {
        "name": "Kipling, Rudyard",
        "birth_year": 1865,
        "death_year": 1936
      }
    ],
    "summaries": [
      "\"The Bridge-Builders\" by Rudyard Kipling is a short story written in the early 20th century. This narrative is steeped in the themes of engineering, resilience, and the interplay between human endeavor and nature, as it focuses on the arduous construction of a bridge over the Ganges River in India. The story addresses the challenges faced by its protagonist, Findlayson, and explores the relationship between the builders and the powerful forces of nature symbolized by the river.  The tale revolves around Findlayson, the chief engineer overseeing the construction of the Kashi Bridge, and his assistant Hitchcock, as they confront an impending flood that threatens their work. Together, they navigate physical and bureaucratic challenges while managing a diverse team of workers, including Peroo, a skilled Lascar who plays a crucial role in the project's success. As the floodwaters rise, tensions mount, and the characters grapple with their fears and ambitions, leading to a climactic moment in which the bridge's fate hangs in the balance. This intersection of human skill and the unpredictable might of nature provides a rich backdrop for Kipling’s exploration of duty, sacrifice, and the enduring nature of human achievement amidst adversity. (This is an automatically generated summary.)"
    ],
    "editors": [],
    "translators": [],
    "subjects": [
      "Bridges -- Design and construction -- Fiction",
      "India -- Fiction",
      "Short stories"
    ],
    "bookshelves": [
      "Category: British Literature",
      "Category: Engineering & Technology",
      "Category: Short Stories",
      "Nobel Prizes in Literature"
    ],
    "languages": [
      "en"
    ],
    "copyright": false,
    "media_type": "Text",
    "formats": {
      "text/html": "https://www.gutenberg.org/ebooks/2163.html.images",
      "text/html; charset=utf-8": "https://www.gutenberg.org/files/2163/2163-h/2163-h.htm",
      "application/epub+zip": "https://www.gutenberg.org/ebooks/2163.epub3.images",
      "application/x-mobipocket-ebook": "https://www.gutenberg.org/ebooks/2163.kf8.images",
      "text/plain; charset=us-ascii": "https://www.gutenberg.org/ebooks/2163.txt.utf-8",
      "text/plain; charset=utf-8": "https://www.gutenberg.org/files/2163/2163-0.txt",
      "application/rdf+xml": "https://www.gutenberg.org/ebooks/2163.rdf",
      "image/jpeg": "https://www.gutenberg.org/cache/epub/2163/pg2163.cover.medium.jpg",
      "application/octet-stream": "https://www.gutenberg.org/cache/epub/2163/pg2163-h.zip"
    },
    "download_count": 492
  }
}