{
  "average_entropy_rate": 0.3498600028727192,
  "entropy_rate": [
    0.0,
    0.7335595198020389,
    0.6228818916474529,
    0.0,
    0.8237230862044495,
    0.0,
    0.0,
    0.0,
    0.0,
    0.0,
    0.0,
    0.8022533866340911,
    0.6673936620581972,
    0.0,
    0.0,
    0.0,
    0.7055665463486763,
    0.0,
    0.0,
    0.9532267567644802,
    0.0,
    0.0,
    0.942655244307317,
    0.0,
    0.0,
    0.9038644020554829,
    0.0,
    0.0,
    0.0,
    0.0,
    0.0,
    0.0,
    0.7359690414329099,
    0.5966763271889512,
    0.7913113046476344,
    0.6874131894085256,
    0.8011512688489334,
    0.7918834019969432,
    0.9333963688457172,
    0.9854116579357346,
    0.8659230616539519
  ],
  "estimated_posterior_probability": 62.94013977050781,
  "input": "./smaller_in/Guten_index3013.txt",
  "prevalence_assumed": 0.5,
  "process_length": 80000,
  "gutenberg": {
    "id": 3013,
    "title": "The Birds",
    "authors": [
      {
        "name": "Aristophanes",
        "birth_year": -450,
        "death_year": -388
      }
    ],
    "summaries": [
      "\"The Birds\" by Aristophanes is a comedy performed in 414 BC at the City Dionysia in Athens. Two Athenians, fed up with city life, convince the birds to build a magnificent city in the sky and reclaim their ancient status as the original gods. Led by the clever Pisthetaerus, the birds prepare to challenge the Olympian gods themselves. What follows is a fantastical tale of ambition, transformation, and cosmic power struggles, filled with colorful avian characters and surprising visitors. (This is an automatically generated summary.)"
    ],
    "editors": [],
    "translators": [],
    "subjects": [
      "Aristophanes -- Translations into English",
      "Athens (Greece) -- Social life and customs -- Drama",
      "Birds -- Drama",
      "Comedy plays",
      "Gods, Greek -- Drama",
      "Greek drama (Comedy) -- Translations into English",
      "Imaginary societies -- Drama"
    ],
    "bookshelves": [
      "Banned Books from Anne Haight's list",
      "Category: Classics of Literature",
      "Category: Plays/Films/Dramas",
      "Classical Antiquity",
      "One Act Plays"
    ],
    "languages": [
      "en"
    ],
    "copyright": false,
    "media_type": "Text",
    "formats": {
      "text/html": "https://www.gutenberg.org/ebooks/3013.html.images",
      "application/epub+zip": "https://www.gutenberg.org/ebooks/3013.epub3.images",
      "application/x-mobipocket-ebook": "https://www.gutenberg.org/ebooks/3013.kf8.images",
      "text/plain; charset=us-ascii": "https://www.gutenberg.org/ebooks/3013.txt.utf-8",
      "application/rdf+xml": "https://www.gutenberg.org/ebooks/3013.rdf",
      "image/jpeg": "https://www.gutenberg.org/cache/epub/3013/pg3013.cover.medium.jpg",
      "application/octet-stream": "https://www.gutenberg.org/files/3013/3013-h.zip"
    },
    "download_count": 1507
  }
}