{
  "average_entropy_rate": 0.28390512706403853,
  "entropy_rate": [
    0.0,
    0.6785270175155379,
    0.0,
    0.0,
    0.0,
    0.6799177560095558,
    0.6940653206523186,
    0.0,
    0.0,
    0.0,
    0.0,
    0.8860250379954416,
    0.6900905167357039,
    0.0,
    0.0,
    0.0,
    0.0,
    0.0,
    0.0,
    0.7068788446194247,
    0.0,
    0.0,
    0.0,
    0.0,
    0.0,
    0.7941122826197832,
    0.0,
    0.0,
    0.0,
    0.0,
    0.9457437891943494,
    0.0,
    0.7166499344738086,
    0.7386085007312413,
    0.7073274072776361,
    0.8102210198924323,
    0.8986784948690918,
    0.0,
    0.0,
    0.7553458911976051,
    0.937918395841649
  ],
  "estimated_posterior_probability": 59.81215286254883,
  "input": "./smaller_in/Guten_index4150.txt",
  "prevalence_assumed": 0.5,
  "process_length": 80000,
  "gutenberg": {
    "id": 4150,
    "title": "Diary of Samuel Pepys — Volume 30: August/September 1664",
    "authors": [
      {
        "name": "Pepys, Samuel",
        "birth_year": 1633,
        "death_year": 1703
      }
    ],
    "summaries": [
      "\"Diary of Samuel Pepys — Volume 30: August/September 1664\" by Samuel Pepys is a historical account written in the mid-17th century. This volume continues the observations and reflections of Pepys, an English naval administrator, chronicling his daily life, professional duties, social interactions, and the political climate of the time. The diary not only reveals Pepys' personal affairs but also offers insight into historical events, including military conflicts and public governance.  At the start of this volume, Pepys reflects on his daily activities, ranging from work at the Admiralty to social gatherings, and addresses various personal matters, including finances and familial concerns. He discusses his interactions with colleagues and friends, including dinner parties, discussions about potential warfare, and his calculations regarding business dealings. The opening days depict a blend of work, leisure, and the intricate dynamics of Pepys' domestic life, including his relationship with his wife and the management of their household. Throughout this opening section, the interplay of personal and public life underscores the broader context of England's socio-political landscape. (This is an automatically generated summary.)"
    ],
    "editors": [
      {
        "name": "Wheatley, Henry B. (Henry Benjamin)",
        "birth_year": 1838,
        "death_year": 1917
      },
      {
        "name": "Braybrooke, Richard Griffin, Baron",
        "birth_year": 1783,
        "death_year": 1858
      }
    ],
    "translators": [
      {
        "name": "Bright, Mynors",
        "birth_year": 1818,
        "death_year": 1883
      }
    ],
    "subjects": [
      "Cabinet officers -- Great Britain -- Diaries",
      "Diarists -- Great Britain -- Diaries",
      "Great Britain -- History -- Charles II, 1660-1685 -- Sources",
      "Great Britain -- Social life and customs -- 17th century -- Sources",
      "Pepys, Samuel, 1633-1703 -- Diaries"
    ],
    "bookshelves": [
      "Category: Biographies",
      "Category: History - British",
      "Category: History - Early Modern (c. 1450-1750)"
    ],
    "languages": [
      "en"
    ],
    "copyright": false,
    "media_type": "Text",
    "formats": {
      "text/html": "https://www.gutenberg.org/ebooks/4150.html.images",
      "application/epub+zip": "https://www.gutenberg.org/ebooks/4150.epub3.images",
      "application/x-mobipocket-ebook": "https://www.gutenberg.org/ebooks/4150.kf8.images",
      "text/plain; charset=us-ascii": "https://www.gutenberg.org/ebooks/4150.txt.utf-8",
      "application/rdf+xml": "https://www.gutenberg.org/ebooks/4150.rdf",
      "image/jpeg": "https://www.gutenberg.org/cache/epub/4150/pg4150.cover.medium.jpg",
      "application/octet-stream": "https://www.gutenberg.org/files/4150/4150.zip"
    },
    "download_count": 285
  }
}