{
  "average_entropy_rate": 0.2319264780477277,
  "entropy_rate": [
    0.8726290518169154,
    0.0,
    0.0,
    0.8630396999600566,
    0.0,
    0.0,
    0.0,
    0.0,
    0.8142353223929556,
    0.0,
    0.0,
    0.0,
    0.5119990465876031,
    0.0,
    0.0,
    0.0,
    0.8874201533103554,
    0.0,
    0.0,
    0.0,
    0.0,
    0.0,
    0.0,
    0.0,
    0.0,
    0.0,
    0.0,
    0.0,
    0.0,
    0.0,
    0.717448284060533,
    0.0,
    0.8677698502613074,
    0.8645210208519478,
    0.834447270873048,
    0.6335959081100485,
    0.0,
    0.8647869847538524,
    0.0,
    0.0,
    0.777093006978212
  ],
  "estimated_posterior_probability": 57.62286376953125,
  "input": "./smaller_in/Guten_index4196.txt",
  "prevalence_assumed": 0.5,
  "process_length": 80000,
  "gutenberg": {
    "id": 4196,
    "title": "Diary of Samuel Pepys — Volume 71: January 1668-69",
    "authors": [
      {
        "name": "Pepys, Samuel",
        "birth_year": 1633,
        "death_year": 1703
      }
    ],
    "summaries": [
      "\"Diary of Samuel Pepys — Volume 71: January 1668-69\" by Samuel Pepys is a historical account written during the mid-17th century. This volume features the personal reflections and daily events of Pepys, an important figure in the English government, as he navigates his life and work in London during the Restoration period. It provides a fascinating glimpse into the social and political life of the time, as well as the personal relationships and challenges faced by the author.  In this volume, Pepys documents a variety of daily activities ranging from attending to his duties at the Admiralty to social engagements with family and friends. The diary entries cover a range of experiences including attending plays, hosting dinners, managing finances, and navigating the complexities of his marriage. Pepys portrays his frustrations with work, personal disputes, and the lighter moments of life, reflecting on his relationships with his wife, colleagues, and acquaintances. His candid and often humorous observations offer readers a vivid portrait of life in 17th-century England, encompassing both the mundane and the significant events of that era. (This is an automatically generated summary.)"
    ],
    "editors": [
      {
        "name": "Wheatley, Henry B. (Henry Benjamin)",
        "birth_year": 1838,
        "death_year": 1917
      },
      {
        "name": "Braybrooke, Richard Griffin, Baron",
        "birth_year": 1783,
        "death_year": 1858
      }
    ],
    "translators": [
      {
        "name": "Bright, Mynors",
        "birth_year": 1818,
        "death_year": 1883
      }
    ],
    "subjects": [
      "Cabinet officers -- Great Britain -- Diaries",
      "Diarists -- Great Britain -- Diaries",
      "Great Britain -- History -- Charles II, 1660-1685 -- Sources",
      "Great Britain -- Social life and customs -- 17th century -- Sources",
      "Pepys, Samuel, 1633-1703 -- Diaries"
    ],
    "bookshelves": [
      "Category: Biographies",
      "Category: History - British",
      "Category: History - Early Modern (c. 1450-1750)"
    ],
    "languages": [
      "en"
    ],
    "copyright": false,
    "media_type": "Text",
    "formats": {
      "text/html": "https://www.gutenberg.org/ebooks/4196.html.images",
      "application/epub+zip": "https://www.gutenberg.org/ebooks/4196.epub3.images",
      "application/x-mobipocket-ebook": "https://www.gutenberg.org/ebooks/4196.kf8.images",
      "text/plain; charset=us-ascii": "https://www.gutenberg.org/ebooks/4196.txt.utf-8",
      "application/rdf+xml": "https://www.gutenberg.org/ebooks/4196.rdf",
      "image/jpeg": "https://www.gutenberg.org/cache/epub/4196/pg4196.cover.medium.jpg",
      "application/octet-stream": "https://www.gutenberg.org/files/4196/4196.zip"
    },
    "download_count": 260
  }
}