{
  "average_entropy_rate": 0.3695351171717608,
  "entropy_rate": [
    0.0,
    0.0,
    0.0,
    1.0936319642922063,
    1.0472595481267695,
    0.7770722338165332,
    0.9020501589399026,
    0.0,
    0.0,
    0.0,
    0.0,
    0.7080619751352142,
    0.0,
    0.0,
    0.0,
    0.0,
    0.0,
    0.0,
    0.0,
    0.0,
    0.805742429213113,
    0.0,
    0.0,
    0.0,
    0.0,
    0.7933942689914116,
    0.0,
    0.8043500780258904,
    1.0354432437706238,
    0.0,
    0.0,
    0.0,
    1.098137725399075,
    0.8419880877160264,
    0.77591803147733,
    1.013106595667764,
    0.9288654926469743,
    0.7860217961968247,
    0.7724708601363961,
    0.9674253144901367,
    0.0
  ],
  "estimated_posterior_probability": 63.96162033081055,
  "input": "./smaller_in/Guten_index259.txt",
  "prevalence_assumed": 0.5,
  "process_length": 80000,
  "gutenberg": {
    "id": 259,
    "title": "Ballads of a Cheechako",
    "authors": [
      {
        "name": "Service, Robert W. (Robert William)",
        "birth_year": 1874,
        "death_year": 1958
      }
    ],
    "summaries": [
      "\"Ballads of a Cheechako\" by Robert W. Service is a collection of narrative poems written in the early 20th century. The poems reflect on the experiences of those who ventured into the wild and often unforgiving landscapes of the North, particularly during the Klondike Gold Rush period. Through vivid imagery and a unique poetic voice, Service captures the spirit of adventure, hardship, and the allure of wealth that drove individuals to seek fortune in the wilderness.  At the start of the collection, the opening poem sets a tone of reverence to the North and its rugged beauty, inviting readers into the grim yet enchanting world where men were drawn by the glimmer of gold and the mystique of the Northern lights. The poem \"To the Man of the High North\" pays tribute to the explorers, highlighting the dual nature of their journey—a combination of splendid victories and harsh realities. The subsequent poem, \"Men of the High North,\" continues this theme, encapsulating the pride and struggles of the adventurers in the rugged Arctic terrain. Throughout these introductory verses, readers meet a cast of characters who embody the spirit of the age: brave pioneers, reckless fortune-seekers, and the specter of greed that looms over them all. (This is an automatically generated summary.)"
    ],
    "editors": [],
    "translators": [],
    "subjects": [
      "Frontier and pioneer life -- Yukon -- Poetry",
      "Klondike River Valley (Yukon) -- Gold discoveries -- Poetry"
    ],
    "bookshelves": [
      "Category: Adventure",
      "Category: Poetry"
    ],
    "languages": [
      "en"
    ],
    "copyright": false,
    "media_type": "Text",
    "formats": {
      "text/html": "https://www.gutenberg.org/ebooks/259.html.images",
      "text/html; charset=us-ascii": "https://www.gutenberg.org/files/259/259-h/259-h.htm",
      "application/epub+zip": "https://www.gutenberg.org/ebooks/259.epub3.images",
      "application/x-mobipocket-ebook": "https://www.gutenberg.org/ebooks/259.kf8.images",
      "text/plain; charset=us-ascii": "https://www.gutenberg.org/ebooks/259.txt.utf-8",
      "application/rdf+xml": "https://www.gutenberg.org/ebooks/259.rdf",
      "image/jpeg": "https://www.gutenberg.org/cache/epub/259/pg259.cover.medium.jpg",
      "application/octet-stream": "https://www.gutenberg.org/cache/epub/259/pg259-h.zip"
    },
    "download_count": 464
  }
}