{
  "average_entropy_rate": 0.25638607439083555,
  "entropy_rate": [
    0.0,
    0.0,
    0.5346487309436574,
    0.0,
    0.0,
    0.0,
    0.0,
    0.5314641364391918,
    0.7172306970739152,
    0.7724766832291521,
    0.0,
    0.6087540388352654,
    0.0,
    0.0,
    0.0,
    0.0,
    0.0,
    0.5930255130195652,
    0.0,
    0.7689757299152786,
    0.0,
    0.0,
    0.0,
    0.0,
    0.0,
    0.7736735732943332,
    0.0,
    0.0,
    0.0,
    0.0,
    0.0,
    0.5386698684174929,
    0.0,
    0.792496696844385,
    0.4943497041442487,
    0.5378804710976203,
    0.6237633000628237,
    0.0,
    0.7365746328903,
    0.7026795875825206,
    0.7851656862345083
  ],
  "estimated_posterior_probability": 58.62435531616211,
  "input": "./smaller_in/Guten_index1535.txt",
  "prevalence_assumed": 0.5,
  "process_length": 80000,
  "gutenberg": {
    "id": 1535,
    "title": "Coriolanus",
    "authors": [
      {
        "name": "Shakespeare, William",
        "birth_year": 1564,
        "death_year": 1616
      }
    ],
    "summaries": [
      "\"Coriolanus\" by William Shakespeare is a tragedy written between 1605 and 1608. The play follows a brilliant Roman general who earns his name through military victory against the Volscians. His contempt for common citizens and volatile temperament derail his political ambitions, leading to banishment from Rome. In exile, he joins forces with his former enemies to march against his homeland. When family loyalty clashes with burning vengeance, Coriolanus faces an impossible choice that will seal his fate. (This is an automatically generated summary.)"
    ],
    "editors": [],
    "translators": [],
    "subjects": [
      "Coriolanus, Cnaeus Marcius -- Drama",
      "Generals -- Drama",
      "Rome -- Drama",
      "Tragedies (Drama)"
    ],
    "bookshelves": [
      "Category: British Literature",
      "Category: Classics of Literature",
      "Category: Plays/Films/Dramas"
    ],
    "languages": [
      "en"
    ],
    "copyright": false,
    "media_type": "Text",
    "formats": {
      "text/html": "https://www.gutenberg.org/ebooks/1535.html.images",
      "application/epub+zip": "https://www.gutenberg.org/ebooks/1535.epub3.images",
      "application/x-mobipocket-ebook": "https://www.gutenberg.org/ebooks/1535.kf8.images",
      "text/plain; charset=us-ascii": "https://www.gutenberg.org/ebooks/1535.txt.utf-8",
      "application/rdf+xml": "https://www.gutenberg.org/ebooks/1535.rdf",
      "image/jpeg": "https://www.gutenberg.org/cache/epub/1535/pg1535.cover.medium.jpg",
      "application/octet-stream": "https://www.gutenberg.org/cache/epub/1535/pg1535-h.zip"
    },
    "download_count": 559
  }
}