{
  "average_entropy_rate": 0.2747307761451963,
  "entropy_rate": [
    0.0,
    0.0,
    0.0,
    0.0,
    0.5274111527635096,
    0.0,
    0.0,
    0.0,
    0.0,
    0.0,
    0.7120995149064185,
    0.0,
    0.0,
    0.0,
    0.48113660686332776,
    0.7785439280619725,
    0.4779459052009401,
    0.0,
    0.0,
    0.0,
    0.0,
    0.0,
    0.0,
    0.0,
    0.6090995498132734,
    0.706247087315196,
    0.7852003444965302,
    0.0,
    0.4978657249706872,
    0.0,
    0.0,
    0.0,
    0.5588695274682858,
    0.6842186013930027,
    0.7841354781277715,
    0.4861376438383999,
    0.5816875005881225,
    0.7336293134313946,
    0.6476752524999302,
    0.7013309515112975,
    0.5107277387029877
  ],
  "estimated_posterior_probability": 59.41126251220703,
  "input": "./smaller_in/Guten_index355.txt",
  "prevalence_assumed": 0.5,
  "process_length": 80000,
  "gutenberg": {
    "id": 355,
    "title": "The Parasite: A Story",
    "authors": [
      {
        "name": "Doyle, Arthur Conan",
        "birth_year": 1859,
        "death_year": 1930
      }
    ],
    "summaries": [
      "\"The Parasite: A Story\" by Arthur Conan Doyle is a novelette published in 1894. Austin Gilroy, a skeptical young physiologist, encounters Miss Penclosa, a middle-aged woman with psychic powers and a crippled leg. After witnessing her mesmerism abilities, Gilroy allows himself to become the subject of her experiments. But when Miss Penclosa develops feelings for him and he rejects her advances, she begins using her mind control powers for increasingly sinister purposes, leading to a chilling confrontation. (This is an automatically generated summary.)"
    ],
    "editors": [],
    "translators": [],
    "subjects": [
      "Horror tales",
      "Mesmerism -- Fiction"
    ],
    "bookshelves": [
      "Category: British Literature",
      "Category: Crime, Thrillers and Mystery",
      "Category: Novels",
      "Category: Science-Fiction & Fantasy"
    ],
    "languages": [
      "en"
    ],
    "copyright": false,
    "media_type": "Text",
    "formats": {
      "text/html": "https://www.gutenberg.org/ebooks/355.html.images",
      "text/html; charset=iso-8859-1": "https://www.gutenberg.org/files/355/355-h/355-h.htm",
      "application/epub+zip": "https://www.gutenberg.org/ebooks/355.epub3.images",
      "application/x-mobipocket-ebook": "https://www.gutenberg.org/ebooks/355.kf8.images",
      "text/plain; charset=us-ascii": "https://www.gutenberg.org/ebooks/355.txt.utf-8",
      "application/rdf+xml": "https://www.gutenberg.org/ebooks/355.rdf",
      "image/jpeg": "https://www.gutenberg.org/cache/epub/355/pg355.cover.medium.jpg",
      "application/octet-stream": "https://www.gutenberg.org/cache/epub/355/pg355-h.zip"
    },
    "download_count": 481
  }
}