{
  "average_entropy_rate": 0.3226725993187692,
  "entropy_rate": [
    0.7657820493118236,
    0.0,
    0.0,
    0.0,
    0.0,
    0.0,
    0.0,
    0.0,
    0.0,
    0.5291306764102444,
    0.7186913061137299,
    0.718704904020675,
    0.0,
    0.684700148010951,
    0.0,
    0.7753481584082857,
    0.0,
    0.0,
    0.0,
    0.0,
    0.0,
    0.0,
    0.5947532151452368,
    0.0,
    0.0,
    0.0,
    0.0,
    0.7638061978713794,
    0.0,
    0.6224191587162298,
    0.6521782558202502,
    0.0,
    0.8175735767985713,
    0.6301212704602243,
    0.6428903832510394,
    0.6403900859371887,
    0.7215417855620134,
    0.766846800604872,
    0.7302789749000694,
    0.7188137685565775,
    0.7356058561701725
  ],
  "estimated_posterior_probability": 61.600433349609375,
  "input": "./smaller_in/Guten_index347.txt",
  "prevalence_assumed": 0.5,
  "process_length": 80000,
  "gutenberg": {
    "id": 347,
    "title": "The Saga of Grettir the Strong: Grettir's Saga",
    "authors": [
      {
        "name": "Unknown",
        "birth_year": null,
        "death_year": null
      }
    ],
    "summaries": [
      "\"The Saga of Grettir the Strong: Grettir's Saga\" by Unknown is an Icelandic saga composed in the fourteenth century. It chronicles the tumultuous life of Grettir Ásmundarson, a fierce and ill-tempered outlaw in eleventh-century Iceland. After encountering a cursed undead shepherd, Grettir's fate darkens—he becomes perpetually unlucky, fearful of darkness, and condemned to nineteen years of isolation as a hunted man. This tale explores how a would-be hero's violent nature leads not to glory, but to betrayal and lonely exile. (This is an automatically generated summary.)"
    ],
    "editors": [],
    "translators": [],
    "subjects": [
      "Grettir Ásmundarson, 996-1031 -- Fiction",
      "Sagas -- Translations into English",
      "Vikings -- Fiction"
    ],
    "bookshelves": [
      "Category: Historical Novels",
      "Category: Mythology, Legends & Folklore"
    ],
    "languages": [
      "en"
    ],
    "copyright": false,
    "media_type": "Text",
    "formats": {
      "text/html": "https://www.gutenberg.org/ebooks/347.html.images",
      "text/html; charset=us-ascii": "https://www.gutenberg.org/files/347/347-h/347-h.htm",
      "application/epub+zip": "https://www.gutenberg.org/ebooks/347.epub3.images",
      "application/x-mobipocket-ebook": "https://www.gutenberg.org/ebooks/347.kf8.images",
      "text/plain; charset=us-ascii": "https://www.gutenberg.org/ebooks/347.txt.utf-8",
      "application/rdf+xml": "https://www.gutenberg.org/ebooks/347.rdf",
      "image/jpeg": "https://www.gutenberg.org/cache/epub/347/pg347.cover.medium.jpg",
      "application/octet-stream": "https://www.gutenberg.org/cache/epub/347/pg347-h.zip"
    },
    "download_count": 514
  }
}