{
  "average_entropy_rate": 0.17848746799944915,
  "entropy_rate": [
    0.0,
    0.6655903871833904,
    0.6910141056045191,
    0.0,
    0.0,
    0.0,
    0.7004295232682297,
    0.48020575812685956,
    0.0,
    0.0,
    0.0,
    0.0,
    0.0,
    0.0,
    0.0,
    0.0,
    0.6556178057980137,
    0.0,
    0.0,
    0.0,
    0.0,
    0.0,
    0.0,
    0.0,
    0.0,
    0.0,
    0.0,
    0.0,
    0.0,
    0.6847809522415865,
    0.0,
    0.6827501100947745,
    0.0,
    0.7474594248951705,
    0.0,
    0.682708306069236,
    0.6405191907342154,
    0.0,
    0.0,
    0.6869106239614194,
    0.0
  ],
  "estimated_posterior_probability": 55.58338928222656,
  "input": "./smaller_in/Guten_index2865.txt",
  "prevalence_assumed": 0.5,
  "process_length": 80000,
  "gutenberg": {
    "id": 2865,
    "title": "Otto of the Silver Hand",
    "authors": [
      {
        "name": "Pyle, Howard",
        "birth_year": 1853,
        "death_year": 1911
      }
    ],
    "summaries": [
      "\"Otto of the Silver Hand\" by Howard Pyle is a children's historical novel written and illustrated in 1888. Set in 13th-century Germany, it follows young Otto, son of a feared robber baron, who is raised peacefully by monks until reclaimed by his violent father. When rival barons seek revenge for past wrongs, Otto becomes caught in a brutal cycle of warfare and retribution that costs him dearly. This pioneering American historical novel for children explores themes of violence versus peace, redemption, and the possibility of breaking free from inherited conflict. (This is an automatically generated summary.)"
    ],
    "editors": [],
    "translators": [],
    "subjects": [
      "Chivalry -- Fiction",
      "Germany -- Fiction",
      "Middle Ages -- Fiction"
    ],
    "bookshelves": [
      "Category: Historical Novels",
      "Fantasy"
    ],
    "languages": [
      "en"
    ],
    "copyright": false,
    "media_type": "Text",
    "formats": {
      "text/html": "https://www.gutenberg.org/ebooks/2865.html.images",
      "application/epub+zip": "https://www.gutenberg.org/ebooks/2865.epub3.images",
      "application/x-mobipocket-ebook": "https://www.gutenberg.org/ebooks/2865.kf8.images",
      "text/plain; charset=us-ascii": "https://www.gutenberg.org/ebooks/2865.txt.utf-8",
      "application/rdf+xml": "https://www.gutenberg.org/ebooks/2865.rdf",
      "image/jpeg": "https://www.gutenberg.org/cache/epub/2865/pg2865.cover.medium.jpg",
      "application/octet-stream": "https://www.gutenberg.org/cache/epub/2865/pg2865-h.zip"
    },
    "download_count": 519
  }
}