{
  "average_entropy_rate": 0.01707317073170732,
  "entropy_rate": [
    0.2000000000000001,
    0.0,
    0.0,
    0.0,
    0.0,
    0.0,
    0.0,
    0.0,
    0.0,
    0.0,
    0.0,
    0.0,
    0.0,
    0.0,
    0.0,
    0.0,
    0.0,
    0.0,
    0.0,
    0.0,
    0.0,
    0.0,
    0.0,
    0.0,
    0.0,
    0.0,
    0.0,
    0.0,
    0.0,
    0.0,
    0.0,
    0.0,
    0.5,
    0.0,
    0.0,
    0.0,
    0.0,
    0.0,
    0.0,
    0.0,
    0.0
  ],
  "estimated_posterior_probability": 50.46733093261719,
  "input": "./smaller_in/Guten_index3302.txt",
  "prevalence_assumed": 0.5,
  "process_length": 80000,
  "gutenberg": {
    "id": 3302,
    "title": "The Second-Story Man",
    "authors": [
      {
        "name": "Sinclair, Upton",
        "birth_year": 1878,
        "death_year": 1968
      }
    ],
    "summaries": [
      "\"The Second-Story Man\" by Upton Sinclair is a dramatic play written in the early 20th century. This work falls within the genre of social commentary and crime fiction, exploring the harsh realities and injustices faced by the working class. The narrative centers around a man turned criminal, reflecting broader themes of exploitation and moral accountability in a capitalist society.  The story unfolds in a luxurious home where Jim Faraday, a desperate and disillusioned burglar, breaks in, hoping to find something to eat. He encounters Helen Austin, the wife of a smooth-talking lawyer, Harvey Austin, who represents the steel company that exploited Jim and drove him to crime through their unscrupulous practices. As Jim shares his tragic backstory—how he lost his family due to the negligence of the company and its lawyers—Helen realizes the depth of her husband's complicity in the system that perpetuates such suffering. A confrontation ensues, highlighting the moral decay of the affluent at the expense of the vulnerable. Ultimately, Jim leaves, having addressed his pain while Helen is left grappling with her husband's role in the very evils she wished to condemn. The play poignantly critiques social injustices and reveals the personal toll of corporate greed. (This is an automatically generated summary.)"
    ],
    "editors": [],
    "translators": [],
    "subjects": [
      "American drama -- 20th century"
    ],
    "bookshelves": [
      "Category: Crime, Thrillers and Mystery",
      "Category: Plays/Films/Dramas"
    ],
    "languages": [
      "en"
    ],
    "copyright": false,
    "media_type": "Text",
    "formats": {
      "text/html": "https://www.gutenberg.org/ebooks/3302.html.images",
      "application/epub+zip": "https://www.gutenberg.org/ebooks/3302.epub3.images",
      "application/x-mobipocket-ebook": "https://www.gutenberg.org/ebooks/3302.kf8.images",
      "text/plain; charset=us-ascii": "https://www.gutenberg.org/ebooks/3302.txt.utf-8",
      "application/rdf+xml": "https://www.gutenberg.org/ebooks/3302.rdf",
      "image/jpeg": "https://www.gutenberg.org/cache/epub/3302/pg3302.cover.medium.jpg",
      "application/octet-stream": "https://www.gutenberg.org/files/3302/3302-h.zip"
    },
    "download_count": 263
  }
}