{
  "average_entropy_rate": 0.22112399633249447,
  "entropy_rate": [
    0.4649725890932697,
    0.5166362101036327,
    0.8038455782164827,
    0.6319045827841735,
    0.0,
    0.0,
    0.0,
    0.0,
    0.0,
    0.0,
    0.0,
    0.0,
    0.0,
    0.0,
    0.0,
    0.0,
    0.0,
    0.0,
    0.0,
    0.0,
    0.0,
    0.0,
    0.7938556399153388,
    0.0,
    0.6319045827841735,
    0.0,
    0.6319045827841735,
    0.0,
    0.0,
    0.0,
    0.0,
    0.0,
    0.5166362101036327,
    0.5710189690619102,
    0.6319045827841735,
    0.0,
    0.8038455782164827,
    0.0,
    0.8038455782164827,
    0.6319045827841735,
    0.6319045827841735
  ],
  "estimated_posterior_probability": 57.19444274902344,
  "input": "./smaller_in/Guten_index855.txt",
  "prevalence_assumed": 0.5,
  "process_length": 80000,
  "gutenberg": {
    "id": 855,
    "title": "Clocks",
    "authors": [
      {
        "name": "Jerome, Jerome K. (Jerome Klapka)",
        "birth_year": 1859,
        "death_year": 1927
      }
    ],
    "summaries": [
      "\"Clocks\" by Jerome K. Jerome is a humorous essay written during the late 19th century. This collection of reflections explores the eccentricities of clocks and their relationship to human behavior and timekeeping. Jerome uses a light-hearted tone to delve into the themes of exaggeration, pretense, and the human tendency to worship appearances over reality.  In this witty narrative, the author recounts his experiences and observations concerning various types of clocks. He contrasts the reliable yet often frustrating clock that fails when relied upon with the whimsical clocks that are perpetually wrong but charmingly independent. Jerome shares a personal story about an old grandfather clock purchased for his home, which strikes unusual hours, causing a comedic series of events and worries among his family. The chaotic nature of the clock becomes a metaphor for life's unpredictability, illustrating the folly of trying to adhere strictly to time while also humorously critiquing societal pretensions and our obsession with maintaining appearances. Through laughter and keen observation, \"Clocks\" invites readers to ponder the deeper truths about time and human nature. (This is an automatically generated summary.)"
    ],
    "editors": [],
    "translators": [],
    "subjects": [
      "Clocks and watches",
      "Essays"
    ],
    "bookshelves": [
      "Category: British Literature",
      "Category: Essays, Letters & Speeches",
      "Category: Humour"
    ],
    "languages": [
      "en"
    ],
    "copyright": false,
    "media_type": "Text",
    "formats": {
      "text/html": "https://www.gutenberg.org/ebooks/855.html.images",
      "text/html; charset=us-ascii": "https://www.gutenberg.org/files/855/855-h/855-h.htm",
      "application/epub+zip": "https://www.gutenberg.org/ebooks/855.epub3.images",
      "application/x-mobipocket-ebook": "https://www.gutenberg.org/ebooks/855.kf8.images",
      "text/plain; charset=us-ascii": "https://www.gutenberg.org/ebooks/855.txt.utf-8",
      "application/rdf+xml": "https://www.gutenberg.org/ebooks/855.rdf",
      "image/jpeg": "https://www.gutenberg.org/cache/epub/855/pg855.cover.medium.jpg",
      "application/octet-stream": "https://www.gutenberg.org/cache/epub/855/pg855-h.zip"
    },
    "download_count": 285
  }
}