{
  "average_entropy_rate": 0.337494257904245,
  "entropy_rate": [
    0.0,
    0.0,
    0.0,
    0.6166114285004802,
    0.0,
    0.0,
    0.9197418607467185,
    0.0,
    0.9793909482861256,
    0.0,
    0.7906626162006118,
    0.0,
    0.8024688345875477,
    0.0,
    0.0,
    0.0,
    0.7365954261057513,
    0.8229019640517952,
    0.0,
    0.0,
    0.0,
    0.0,
    0.0,
    0.0,
    0.0,
    0.0,
    0.0,
    0.0,
    0.7466886229813001,
    0.0,
    0.9329090370292812,
    0.0,
    0.7136288643043505,
    0.8098413223853599,
    0.9351394638529651,
    0.8226696928482449,
    0.7578995386277358,
    0.0,
    0.7670897782396561,
    0.7731800636904005,
    0.9098451116357208
  ],
  "estimated_posterior_probability": 62.322731018066406,
  "input": "./smaller_in/Guten_index3262.txt",
  "prevalence_assumed": 0.5,
  "process_length": 80000,
  "gutenberg": {
    "id": 3262,
    "title": "The Pilgrims of Hope and Chants for Socialists",
    "authors": [
      {
        "name": "Morris, William",
        "birth_year": 1834,
        "death_year": 1896
      }
    ],
    "summaries": [
      "\"The Pilgrims of Hope and Chants for Socialists\" by William Morris is a collection of poetry and lyrical pieces written during the late 19th century, first published in serial form between 1885 and 1886. This work encapsulates Morris's socialist ideologies and reflects his concerns about the socio-economic conditions of his time, as well as the hope for a better future born from collective action and social justice.  The opening portion of the collection introduces the overarching themes of hope, love, and struggle against the backdrop of societal decay and class disparity. In \"The Message of the March Wind,\" the speaker and their beloved roam the land, experiencing the poignant beauty of nature while simultaneously confronted by the grim realities faced by the working class in London. As the couple reflects on their love and the burdens of a world filled with sorrow, the wind carries a message of awakening hope, urging them to rise and take part in the fight for a just future. This intimate juxtaposition of personal emotion and broader social issues sets the tone for the ensuing poetical explorations of the harsh realities of life and the quest for liberation and fulfillment among the oppressed. (This is an automatically generated summary.)"
    ],
    "editors": [],
    "translators": [],
    "subjects": [
      "Socialism -- Poetry"
    ],
    "bookshelves": [
      "Category: Poetry"
    ],
    "languages": [
      "en"
    ],
    "copyright": false,
    "media_type": "Text",
    "formats": {
      "text/html": "https://www.gutenberg.org/ebooks/3262.html.images",
      "application/epub+zip": "https://www.gutenberg.org/ebooks/3262.epub3.images",
      "application/x-mobipocket-ebook": "https://www.gutenberg.org/ebooks/3262.kf8.images",
      "text/plain; charset=us-ascii": "https://www.gutenberg.org/ebooks/3262.txt.utf-8",
      "application/rdf+xml": "https://www.gutenberg.org/ebooks/3262.rdf",
      "image/jpeg": "https://www.gutenberg.org/cache/epub/3262/pg3262.cover.medium.jpg",
      "application/octet-stream": "https://www.gutenberg.org/files/3262/3262-0.zip"
    },
    "download_count": 308
  }
}