{
  "average_entropy_rate": 0.3721593740597583,
  "entropy_rate": [
    0.7250000011363711,
    0.0,
    0.8980898459737493,
    1.1646616508097984,
    0.8980898459737493,
    0.0,
    1.0800000018181928,
    0.0,
    0.0,
    0.0,
    0.0,
    0.0,
    0.0,
    0.0,
    0.0,
    0.0,
    0.0,
    0.0,
    0.8980898459737493,
    0.0,
    0.0,
    0.0,
    0.0,
    1.067576208345863,
    0.0,
    0.0,
    0.8980898459737493,
    0.0,
    0.0,
    0.0,
    0.0,
    0.0,
    0.8980898459737493,
    0.9062500014204637,
    1.067576208345863,
    0.8980898459737493,
    0.8980898459737493,
    0.0,
    0.8980898459737493,
    1.1646616508097984,
    0.8980898459737493
  ],
  "estimated_posterior_probability": 64.10302734375,
  "input": "./smaller_in/Guten_index4696.txt",
  "prevalence_assumed": 0.5,
  "process_length": 80000,
  "gutenberg": {
    "id": 4696,
    "title": "The Witch of Atlas",
    "authors": [
      {
        "name": "Shelley, Percy Bysshe",
        "birth_year": 1792,
        "death_year": 1822
      }
    ],
    "summaries": [
      "\"The Witch of Atlas\" by Percy Bysshe Shelley is a poem written in 1820 and published posthumously in 1824. In 78 ottava rima stanzas, it follows a mythical Witch who dwells in a cave on Atlas Mountain and creates a hermaphroditic companion. Together they journey across ancient landscapes from the Atlas Mountains to the Nile Valley, observing humanity's struggles with injustice and inequality. Through mischievous pranks on mankind, the Witch envisions a utopian future—a quest for perfect union where contradictions resolve and the world becomes more just. (This is an automatically generated summary.)"
    ],
    "editors": [],
    "translators": [],
    "subjects": [
      "Poetry"
    ],
    "bookshelves": [
      "Category: British Literature",
      "Category: Mythology, Legends & Folklore",
      "Category: Poetry"
    ],
    "languages": [
      "en"
    ],
    "copyright": false,
    "media_type": "Text",
    "formats": {
      "text/html": "https://www.gutenberg.org/ebooks/4696.html.images",
      "application/epub+zip": "https://www.gutenberg.org/ebooks/4696.epub3.images",
      "application/x-mobipocket-ebook": "https://www.gutenberg.org/ebooks/4696.kf8.images",
      "text/plain; charset=us-ascii": "https://www.gutenberg.org/ebooks/4696.txt.utf-8",
      "application/rdf+xml": "https://www.gutenberg.org/ebooks/4696.rdf",
      "image/jpeg": "https://www.gutenberg.org/cache/epub/4696/pg4696.cover.medium.jpg",
      "application/octet-stream": "https://www.gutenberg.org/files/4696/4696.zip"
    },
    "download_count": 307
  }
}