{
  "average_entropy_rate": 0.11241216151740717,
  "entropy_rate": [
    0.3821022467029569,
    0.5944970741747707,
    0.0,
    0.0,
    0.0,
    0.0,
    0.0,
    0.0,
    0.0,
    0.0,
    0.0,
    0.0,
    0.0,
    0.0,
    0.4612367229682433,
    0.574417427704375,
    0.3180550155511962,
    0.0,
    0.0,
    0.0,
    0.0,
    0.0,
    0.0,
    0.0,
    0.0,
    0.0,
    0.0,
    0.0,
    0.0,
    0.0,
    0.0,
    0.0,
    0.0,
    0.6473974391416174,
    0.0,
    0.0,
    0.5640780063366936,
    0.45880056963502264,
    0.608314119998818,
    0.0,
    0.0
  ],
  "estimated_posterior_probability": 53.31855392456055,
  "input": "./smaller_in/Guten_index4501.txt",
  "prevalence_assumed": 0.5,
  "process_length": 80000,
  "gutenberg": {
    "id": 4501,
    "title": "Gockel, Hinkel und Gackeleia",
    "authors": [
      {
        "name": "Brentano, Clemens",
        "birth_year": 1778,
        "death_year": 1842
      }
    ],
    "summaries": [
      "\"Gockel, Hinkel und Gackeleia\" by Clemens Brentano is a whimsical narrative that appears to be a blend of fairy tale and fable, likely written in the early 19th century. The story revolves around a proud old rooster named Gockel, his wife Hinkel, and their daughter Gackeleia, who live in a ruined castle in Germany. As they navigate the trials of their humble life, they encounter various birds, both friendly and predatory, and the themes of nobility, self-respect, and familial love are prominently featured as Gockel seeks to maintain his dignity while facing their impoverished circumstances.  The opening of the story introduces the main characters and their living situation within the decrepit castle, highlighting Gockel's stubbornness and moral conviction against housing predatory birds, despite pressing financial needs. Gockel fiercely believes in protecting his family and the innocent, reminding Hinkel of their noble heritage, while also showcasing his eccentric personality. The narrative sets up the family's dynamic and hints at various adventures and challenges they will face, as Gockel struggles to balance honor and the realities of their dire living conditions. The whimsical language and fantastical elements foreshadow a journey filled with moral lessons and enchanting encounters in a richly imagined world. (This is an automatically generated summary.)"
    ],
    "editors": [],
    "translators": [],
    "subjects": [
      "Fairy tales -- Germany"
    ],
    "bookshelves": [
      "Category: German Literature",
      "Category: Mythology, Legends & Folklore",
      "DE Kinderbuch"
    ],
    "languages": [
      "de"
    ],
    "copyright": false,
    "media_type": "Text",
    "formats": {
      "text/html": "https://www.gutenberg.org/ebooks/4501.html.images",
      "application/epub+zip": "https://www.gutenberg.org/ebooks/4501.epub3.images",
      "application/x-mobipocket-ebook": "https://www.gutenberg.org/ebooks/4501.kf8.images",
      "text/plain; charset=us-ascii": "https://www.gutenberg.org/ebooks/4501.txt.utf-8",
      "application/rdf+xml": "https://www.gutenberg.org/ebooks/4501.rdf",
      "image/jpeg": "https://www.gutenberg.org/cache/epub/4501/pg4501.cover.medium.jpg",
      "application/octet-stream": "https://www.gutenberg.org/files/4501/4501-8.zip"
    },
    "download_count": 322
  }
}