{
  "average_entropy_rate": 0.24609137964209918,
  "entropy_rate": [
    0.0,
    0.0,
    0.0,
    0.0,
    0.7854048035588987,
    0.5480692140397321,
    0.0,
    0.0,
    0.0,
    0.6247446412739603,
    0.0,
    0.0,
    0.0,
    0.6624704512518499,
    0.0,
    0.0,
    0.0,
    0.0,
    0.0,
    0.0,
    0.7783283546372695,
    0.0,
    0.0,
    0.0,
    0.0,
    0.7795361865839873,
    0.0,
    0.0,
    0.0,
    0.0,
    0.6934809466861411,
    0.0,
    0.0,
    0.7854048035588987,
    0.0,
    0.8040234709166686,
    0.6662715906358045,
    0.6541279744888181,
    0.7783283546372695,
    0.7660846235709212,
    0.7634711494858487
  ],
  "estimated_posterior_probability": 58.19745635986328,
  "input": "./smaller_in/Guten_index4198.txt",
  "prevalence_assumed": 0.5,
  "process_length": 80000,
  "gutenberg": {
    "id": 4198,
    "title": "Diary of Samuel Pepys — Volume 73: April/May 1669",
    "authors": [
      {
        "name": "Pepys, Samuel",
        "birth_year": 1633,
        "death_year": 1703
      }
    ],
    "summaries": [
      "\"Diary of Samuel Pepys — Volume 73: April/May 1669\" by Samuel Pepys is a historical diary written in the late 17th century. This volume captures a specific period in Pepys' life, detailing his experiences and observations as a Clerk of the Acts and Secretary to the Admiralty in England. The diary offers insights into various facets of life during the Restoration period, including naval affairs, social interactions, domestic life, and reflections on personal health.  The opening of this volume starts with excerpts from early April 1669, chronicling Pepys' activities as he navigates court-martial proceedings, social dinners, and his responsibilities at the Navy Office. Pepys exhibits a keen awareness of political dynamics, taking note of discussions around Navy administration and the influence of various figures, such as the Duke of York. His personal life intertwines with these observations, revealing a mix of social gatherings and introspective thoughts on relationships and his own eye problems. This portion of the diary emphasizes Pepys' dual role in public service and private life, setting the stage for a deeper understanding of his character and the historical context in which he lived. (This is an automatically generated summary.)"
    ],
    "editors": [
      {
        "name": "Wheatley, Henry B. (Henry Benjamin)",
        "birth_year": 1838,
        "death_year": 1917
      },
      {
        "name": "Braybrooke, Richard Griffin, Baron",
        "birth_year": 1783,
        "death_year": 1858
      }
    ],
    "translators": [
      {
        "name": "Bright, Mynors",
        "birth_year": 1818,
        "death_year": 1883
      }
    ],
    "subjects": [
      "Cabinet officers -- Great Britain -- Diaries",
      "Diarists -- Great Britain -- Diaries",
      "Great Britain -- History -- Charles II, 1660-1685 -- Sources",
      "Great Britain -- Social life and customs -- 17th century -- Sources",
      "Pepys, Samuel, 1633-1703 -- Diaries"
    ],
    "bookshelves": [
      "Category: Biographies",
      "Category: History - British",
      "Category: History - Early Modern (c. 1450-1750)"
    ],
    "languages": [
      "en"
    ],
    "copyright": false,
    "media_type": "Text",
    "formats": {
      "text/html": "https://www.gutenberg.org/ebooks/4198.html.images",
      "application/epub+zip": "https://www.gutenberg.org/ebooks/4198.epub3.images",
      "application/x-mobipocket-ebook": "https://www.gutenberg.org/ebooks/4198.kf8.images",
      "text/plain; charset=us-ascii": "https://www.gutenberg.org/ebooks/4198.txt.utf-8",
      "application/rdf+xml": "https://www.gutenberg.org/ebooks/4198.rdf",
      "image/jpeg": "https://www.gutenberg.org/cache/epub/4198/pg4198.cover.medium.jpg",
      "application/octet-stream": "https://www.gutenberg.org/files/4198/4198.zip"
    },
    "download_count": 283
  }
}