{
  "average_entropy_rate": 0.20357502009157896,
  "entropy_rate": [
    0.5624807535627521,
    0.0,
    0.0,
    0.0,
    0.0,
    0.0,
    0.0,
    0.0,
    0.0,
    0.4133482078030869,
    0.0,
    0.0,
    0.0,
    0.0,
    0.0,
    0.0,
    0.0,
    0.0,
    0.0,
    0.0,
    0.0,
    0.5391485657064773,
    0.6509363387399703,
    0.0,
    0.5389566155481051,
    0.5732717924114032,
    0.0,
    0.0,
    0.0,
    0.0,
    0.6327364950932676,
    0.47559523235536927,
    0.5997547336665334,
    0.43238660759939057,
    0.0,
    0.6143709193259383,
    0.5411663183811666,
    0.628824975108154,
    0.0,
    0.48895579244631404,
    0.6546424760068086
  ],
  "estimated_posterior_probability": 56.515724182128906,
  "input": "./smaller_in/Guten_index2487.txt",
  "prevalence_assumed": 0.5,
  "process_length": 80000,
  "gutenberg": {
    "id": 2487,
    "title": "Cross Roads",
    "authors": [
      {
        "name": "Sangster, Margaret E. (Margaret Elizabeth)",
        "birth_year": 1894,
        "death_year": 1981
      }
    ],
    "summaries": [
      "\"Cross Roads\" by Margaret E. Sangster is a collection of poetry likely written during the early 20th century. The work consists of various verses that explore themes of love, nature, memory, and the human experience, blending personal reflection with broader societal observations.  The opening of the book provides a glimpse into Sangster's poetic style and thematic focus. The preface sets a tone of warmth and nostalgia, where candlelight evokes a sense of comfort and intimacy, establishing a contrast between the simplicity of life and its complexities. In the subsequent poems, such as \"Wood Magic\" and \"Waterin' the Horses,\" the imagery brings to life peaceful pastoral scenes, highlighting a yearning for the tranquility of nature in opposition to urban life's hustle and bustle. Throughout these verses, there are recurring motifs of love, longing, and the connection to the natural world, framing a narrative that resonates with personal and communal memories. (This is an automatically generated summary.)"
    ],
    "editors": [],
    "translators": [],
    "subjects": [
      "American poetry -- 20th century"
    ],
    "bookshelves": [
      "Category: Poetry"
    ],
    "languages": [
      "en"
    ],
    "copyright": false,
    "media_type": "Text",
    "formats": {
      "text/html": "https://www.gutenberg.org/ebooks/2487.html.images",
      "text/html; charset=us-ascii": "https://www.gutenberg.org/files/2487/2487-h/2487-h.htm",
      "application/epub+zip": "https://www.gutenberg.org/ebooks/2487.epub3.images",
      "application/x-mobipocket-ebook": "https://www.gutenberg.org/ebooks/2487.kf8.images",
      "text/plain; charset=us-ascii": "https://www.gutenberg.org/ebooks/2487.txt.utf-8",
      "application/rdf+xml": "https://www.gutenberg.org/ebooks/2487.rdf",
      "image/jpeg": "https://www.gutenberg.org/cache/epub/2487/pg2487.cover.medium.jpg",
      "application/octet-stream": "https://www.gutenberg.org/cache/epub/2487/pg2487-h.zip"
    },
    "download_count": 291
  }
}