{
  "average_entropy_rate": 0.16763979938838736,
  "entropy_rate": [
    0.0,
    0.0,
    0.0,
    0.0,
    0.0,
    0.7349694650698713,
    0.0,
    0.0,
    0.7260860475381626,
    0.0,
    0.0,
    0.0,
    0.0,
    0.0,
    0.4131528355116133,
    0.7426722819991095,
    0.0,
    0.0,
    0.0,
    0.0,
    0.0,
    0.0,
    0.0,
    0.7069176858525716,
    0.0,
    0.0,
    0.0,
    0.0,
    0.0,
    0.0,
    0.0,
    0.0,
    0.5660704370266388,
    0.0,
    0.7485340555503212,
    0.7427376516778156,
    0.0,
    0.7430038035340492,
    0.0,
    0.7490875111637288,
    0.0
  ],
  "estimated_posterior_probability": 55.195045471191406,
  "input": "./smaller_in/Guten_index2054.txt",
  "prevalence_assumed": 0.5,
  "process_length": 80000,
  "gutenberg": {
    "id": 2054,
    "title": "Iphigenie auf Tauris",
    "authors": [
      {
        "name": "Goethe, Johann Wolfgang von",
        "birth_year": 1749,
        "death_year": 1832
      }
    ],
    "summaries": [
      "\"Iphigenie auf Tauris\" by Johann Wolfgang von Goethe is a verse drama written in 1779 and revised in 1786. Based on Euripides' ancient tragedy, it follows Iphigenie, rescued from sacrifice and now a priestess on the island of Tauris. She longs for her Greek homeland while serving King Thoas, who desires to marry her. When two mysterious strangers arrive—her brother Orest and his friend Pylades—a family cursed by generations of murder faces a chance at redemption, if only they can recognize each other. (This is an automatically generated summary.)"
    ],
    "editors": [],
    "translators": [],
    "subjects": [
      "Iphigenia (Mythological character) -- Drama"
    ],
    "bookshelves": [
      "Category: German Literature",
      "Category: Plays/Films/Dramas",
      "DE Drama"
    ],
    "languages": [
      "de"
    ],
    "copyright": false,
    "media_type": "Text",
    "formats": {
      "text/html": "https://www.gutenberg.org/ebooks/2054.html.images",
      "application/epub+zip": "https://www.gutenberg.org/ebooks/2054.epub3.images",
      "application/x-mobipocket-ebook": "https://www.gutenberg.org/ebooks/2054.kf8.images",
      "text/plain; charset=us-ascii": "https://www.gutenberg.org/ebooks/2054.txt.utf-8",
      "text/plain; charset=iso-8859-1": "https://www.gutenberg.org/files/2054/2054-8.txt",
      "application/rdf+xml": "https://www.gutenberg.org/ebooks/2054.rdf",
      "image/jpeg": "https://www.gutenberg.org/cache/epub/2054/pg2054.cover.medium.jpg",
      "application/octet-stream": "https://www.gutenberg.org/cache/epub/2054/pg2054-h.zip"
    },
    "download_count": 460
  }
}