{
  "average_entropy_rate": 0.30970071846107394,
  "entropy_rate": [
    0.0,
    0.0,
    0.0,
    0.0,
    0.7126623880608657,
    0.0,
    0.0,
    0.495058782726336,
    0.0,
    0.0,
    0.0,
    0.6906478062594463,
    0.0,
    0.6675273117983056,
    0.0,
    0.0,
    0.0,
    0.7064222417661097,
    0.6477111816518756,
    0.0,
    0.0,
    0.6800606902940256,
    0.0,
    0.7276651139820777,
    0.0,
    0.7032259163763454,
    0.6576531144644475,
    0.0,
    0.7474399362548709,
    0.0,
    0.6082568386472423,
    0.0,
    0.7036405935299077,
    0.6664840855332229,
    0.6610531670240274,
    0.6331311243495928,
    0.0,
    0.0,
    0.6424651419362696,
    0.6435387463171827,
    0.70308527593188
  ],
  "estimated_posterior_probability": 60.98504638671875,
  "input": "data/human/Gutenberg//Guten_index131.txt",
  "prevalence_assumed": 0.5,
  "process_length": 80000,
  "gutenberg": {
    "id": 131,
    "title": "The Pilgrim's Progress from this world to that which is to come: Delivered under the similitude of a dream, by John Bunyan",
    "authors": [
      {
        "name": "Bunyan, John",
        "birth_year": 1628,
        "death_year": 1688
      }
    ],
    "summaries": [
      "\"The Pilgrim's Progress from this world to that which is to come\" by John Bunyan is a Christian allegory written in 1678. The story follows Christian, an everyman burdened by sin, as he abandons his home and family to journey from the City of Destruction to the Celestial City atop Mount Zion. Along the way, he encounters treacherous swamps, false guides, and spiritual tests. This dream narrative explores themes of faith, deliverance, and the perils facing those who seek salvation through the narrow path to Heaven. (This is an automatically generated summary.)"
    ],
    "editors": [],
    "translators": [],
    "subjects": [
      "Christian fiction",
      "Christian pilgrims and pilgrimages -- Fiction"
    ],
    "bookshelves": [
      "Category: British Literature",
      "Category: Classics of Literature",
      "Category: Novels",
      "Category: Religion/Spirituality",
      "Christianity",
      "Harvard Classics"
    ],
    "languages": [
      "en"
    ],
    "copyright": false,
    "media_type": "Text",
    "formats": {
      "text/html": "https://www.gutenberg.org/ebooks/131.html.images",
      "application/epub+zip": "https://www.gutenberg.org/ebooks/131.epub3.images",
      "application/x-mobipocket-ebook": "https://www.gutenberg.org/ebooks/131.kf8.images",
      "text/plain; charset=us-ascii": "https://www.gutenberg.org/ebooks/131.txt.utf-8",
      "application/rdf+xml": "https://www.gutenberg.org/ebooks/131.rdf",
      "image/jpeg": "https://www.gutenberg.org/cache/epub/131/pg131.cover.medium.jpg",
      "application/octet-stream": "https://www.gutenberg.org/cache/epub/131/pg131-h.zip"
    },
    "download_count": 3308
  }
}