{
  "average_entropy_rate": 0.245446718574678,
  "entropy_rate": [
    0.0,
    0.0,
    0.0,
    0.0,
    0.0,
    0.0,
    0.0,
    0.0,
    0.0,
    0.0,
    0.0,
    0.0,
    0.47703562005799055,
    0.0,
    0.0,
    0.0,
    0.0,
    0.0,
    0.5683827034192813,
    0.5560521736958586,
    0.0,
    0.5121134918620676,
    0.0,
    0.6669583918834564,
    0.5174540925247078,
    0.6340948405251278,
    0.0,
    0.0,
    0.0,
    0.0,
    0.5979358607308285,
    0.4889489680739245,
    0.5308027777831316,
    0.646134890655633,
    0.5080794473282506,
    0.4749076586354673,
    0.616661265237744,
    0.5340667307261571,
    0.6572280545154757,
    0.6198170306542096,
    0.4566414632524865
  ],
  "estimated_posterior_probability": 58.17241668701172,
  "input": "./smaller_in/Guten_index3774.txt",
  "prevalence_assumed": 0.5,
  "process_length": 80000,
  "gutenberg": {
    "id": 3774,
    "title": "The Eskimo Twins",
    "authors": [
      {
        "name": "Perkins, Lucy Fitch",
        "birth_year": 1865,
        "death_year": 1937
      }
    ],
    "summaries": [
      "\"The Eskimo Twins\" by Lucy Fitch Perkins is a children's book first published in the early 20th century. The story revolves around five-year-old twins Menie and Monnie, who live in a quaint village in the Arctic. The narrative explores their daily adventures while highlighting their unique bond and the fascinating aspects of their Eskimo culture, including their family dynamics and the environment in which they grow up.  At the start of the story, we are introduced to Menie and Monnie, who are almost indistinguishable due to their identical clothing, and their playful spirit is showcased as they engage in various activities with their beloved dogs, Nip and Tup. The twins encounter adventures from sledding and fishing to spotting a bear in the village, which draws the attention of the community. As the opening chapters unfold, readers experience the picturesque yet harsh Arctic landscape alongside the twins, offering a glimpse into their lives filled with joy, fears, and the magical worldview held by the Eskimo people. (This is an automatically generated summary.)"
    ],
    "editors": [],
    "translators": [],
    "subjects": [
      "Eskimos -- Juvenile fiction",
      "Twins -- Juvenile fiction"
    ],
    "bookshelves": [
      "Category: Adventure",
      "Category: Children & Young Adult Reading",
      "Category: Novels",
      "Children's Book Series",
      "Native America"
    ],
    "languages": [
      "en"
    ],
    "copyright": false,
    "media_type": "Text",
    "formats": {
      "text/html": "https://www.gutenberg.org/ebooks/3774.html.images",
      "application/epub+zip": "https://www.gutenberg.org/ebooks/3774.epub3.images",
      "application/x-mobipocket-ebook": "https://www.gutenberg.org/ebooks/3774.kf8.images",
      "text/plain; charset=us-ascii": "https://www.gutenberg.org/ebooks/3774.txt.utf-8",
      "application/rdf+xml": "https://www.gutenberg.org/ebooks/3774.rdf",
      "image/jpeg": "https://www.gutenberg.org/cache/epub/3774/pg3774.cover.medium.jpg",
      "application/octet-stream": "https://www.gutenberg.org/files/3774/3774-h.zip"
    },
    "download_count": 289
  }
}