{
  "average_entropy_rate": 0.41073720168265015,
  "entropy_rate": [
    0.0,
    0.0,
    0.0,
    0.0,
    0.0,
    0.0,
    0.0,
    0.0,
    0.946510322738351,
    0.0,
    0.0,
    0.0,
    0.9853027986728796,
    0.6698265337086611,
    0.0,
    0.0,
    0.0,
    0.9545793723282169,
    0.0,
    0.9489321881211451,
    0.0,
    0.9545495301223941,
    0.9400744576954352,
    0.0,
    0.0,
    0.9404591014903616,
    0.9327185558669971,
    0.0,
    0.0,
    0.0,
    0.0,
    0.0,
    1.0610887227106982,
    0.9498289691187057,
    0.8059479348353004,
    0.958682410429147,
    0.9487754334854174,
    0.9527168731785467,
    0.9500398582500834,
    0.9446541697447287,
    0.9955380364915905
  ],
  "estimated_posterior_probability": 66.2475357055664,
  "input": "./smaller_in/Guten_index1509.txt",
  "prevalence_assumed": 0.5,
  "process_length": 80000,
  "gutenberg": {
    "id": 1509,
    "title": "The Two Gentlemen of Verona",
    "authors": [
      {
        "name": "Shakespeare, William",
        "birth_year": 1564,
        "death_year": 1616
      }
    ],
    "summaries": [
      "\"The Two Gentlemen of Verona\" by William Shakespeare is a comedy believed to have been written between 1589 and 1593. Two best friends from Verona travel to Milan, where romantic entanglements test their loyalty. When both men fall in love with the same woman, friendship collides with desire, leading to betrayal and deception. Meanwhile, a forsaken lover disguises herself as a boy to follow her unfaithful beloved. This early Shakespearean work explores the conflict between friendship and love, featuring memorable characters including a clownish servant and his scene-stealing dog. (This is an automatically generated summary.)"
    ],
    "editors": [],
    "translators": [],
    "subjects": [
      "Comedy plays",
      "Exiles -- Drama",
      "Triangles (Interpersonal relations) -- Drama",
      "Verona (Italy) -- Drama"
    ],
    "bookshelves": [
      "Category: British Literature",
      "Category: Classics of Literature",
      "Category: Plays/Films/Dramas"
    ],
    "languages": [
      "en"
    ],
    "copyright": false,
    "media_type": "Text",
    "formats": {
      "text/html": "https://www.gutenberg.org/ebooks/1509.html.images",
      "application/epub+zip": "https://www.gutenberg.org/ebooks/1509.epub3.images",
      "application/x-mobipocket-ebook": "https://www.gutenberg.org/ebooks/1509.kf8.images",
      "text/plain; charset=us-ascii": "https://www.gutenberg.org/ebooks/1509.txt.utf-8",
      "application/rdf+xml": "https://www.gutenberg.org/ebooks/1509.rdf",
      "image/jpeg": "https://www.gutenberg.org/cache/epub/1509/pg1509.cover.medium.jpg",
      "application/octet-stream": "https://www.gutenberg.org/cache/epub/1509/pg1509-h.zip"
    },
    "download_count": 405
  }
}