{
  "average_entropy_rate": 0.03252032520325203,
  "entropy_rate": [
    0.3333333333333333,
    0.0,
    0.0,
    0.0,
    0.0,
    0.0,
    0.0,
    0.0,
    0.0,
    0.0,
    0.0,
    0.0,
    0.0,
    0.0,
    0.0,
    0.0,
    0.0,
    0.0,
    0.0,
    0.0,
    0.0,
    0.0,
    0.0,
    0.0,
    0.0,
    0.0,
    0.0,
    0.0,
    0.0,
    0.0,
    0.0,
    0.0,
    1.0,
    0.0,
    0.0,
    0.0,
    0.0,
    0.0,
    0.0,
    0.0,
    0.0
  ],
  "estimated_posterior_probability": 50.899898529052734,
  "input": "./smaller_in/Guten_index744.txt",
  "prevalence_assumed": 0.5,
  "process_length": 80000,
  "gutenberg": {
    "id": 744,
    "title": "The golden mean",
    "authors": [
      {
        "name": "Nemiroff, Robert J.",
        "birth_year": null,
        "death_year": null
      },
      {
        "name": "Bonnell, Jerry T.",
        "birth_year": null,
        "death_year": null
      }
    ],
    "summaries": [
      "\"The Golden Mean\" by Jerry T. Bonnell and Robert J. Nemiroff is a scientific publication likely written in the late 20th century. The work explores mathematical concepts related to the golden ratio, presenting detailed calculations and extensive numerical data associated with this significant mathematical constant.  At the start of the publication, the authors introduce the golden ratio, defined as \\((1+\\sqrt{5})/2\\), and follow this by providing an impressively long sequence of its digits—over a million in total. This opening sets the stage for a deeper exploration of the mathematical and aesthetic significance of the golden ratio, suggesting that the subsequent content will delve into its implications in various fields such as art, architecture, and nature. The authors' collaborative efforts underscore their goal of presenting precise mathematical computations to enrich the reader's understanding of this fascinating topic. (This is an automatically generated summary.)"
    ],
    "editors": [],
    "translators": [],
    "subjects": [
      "Mathematics"
    ],
    "bookshelves": [
      "Category: Mathematics",
      "Mathematics"
    ],
    "languages": [
      "en"
    ],
    "copyright": false,
    "media_type": "Text",
    "formats": {
      "text/html": "https://www.gutenberg.org/ebooks/744.html.images",
      "application/epub+zip": "https://www.gutenberg.org/ebooks/744.epub3.images",
      "application/x-mobipocket-ebook": "https://www.gutenberg.org/ebooks/744.kf8.images",
      "text/plain; charset=us-ascii": "https://www.gutenberg.org/ebooks/744.txt.utf-8",
      "application/rdf+xml": "https://www.gutenberg.org/ebooks/744.rdf",
      "image/jpeg": "https://www.gutenberg.org/cache/epub/744/pg744.cover.medium.jpg",
      "application/octet-stream": "https://www.gutenberg.org/cache/epub/744/pg744-h.zip"
    },
    "download_count": 274
  }
}