{
  "average_entropy_rate": 0.0,
  "entropy_rate": [
    0.0,
    0.0,
    0.0,
    0.0,
    0.0,
    0.0,
    0.0,
    0.0,
    0.0,
    0.0,
    0.0,
    0.0,
    0.0,
    0.0,
    0.0,
    0.0,
    0.0,
    0.0,
    0.0,
    0.0,
    0.0,
    0.0,
    0.0,
    0.0,
    0.0,
    0.0,
    0.0,
    0.0,
    0.0,
    0.0,
    0.0,
    0.0,
    0.0,
    0.0,
    0.0,
    0.0,
    0.0,
    0.0,
    0.0,
    0.0,
    0.0
  ],
  "estimated_posterior_probability": 50.0,
  "input": "./smaller_in/Guten_index3500.txt",
  "prevalence_assumed": 0.5,
  "process_length": 80000,
  "gutenberg": {
    "id": 3500,
    "title": "Ceiriog",
    "authors": [
      {
        "name": "Hughes, John Ceiriog",
        "birth_year": 1832,
        "death_year": 1887
      }
    ],
    "summaries": [
      "\"Ceiriog\" by John Ceiriog Hughes is a collection of lyrical poetry and songs written during the late 19th century. The work reflects the life and sentiments of its author, whose experiences are intertwined with the landscapes and cultural heritage of Wales, showcasing a deep affection for the natural beauty and traditions of his homeland.  The opening of this collection provides both a prologue and a glimpse into the poet's background, revealing Hughes' early life in the Berwyn mountains and his journey as a bard deeply influenced by his environment. He expresses a longing for the pastoral existence he left behind and the inspiration derived from his roots. This section lays the groundwork for the poems that follow, displaying themes of nostalgia, love for Wales, and the emotional impact of nature, all framed through the context of the author's life and the traditions of Welsh poetry. The tone suggests a blend of personal experience with a broader national pride, hinting at the exploration of both intimate and universal sentiments in the verses that follow. (This is an automatically generated summary.)"
    ],
    "editors": [
      {
        "name": "Edwards, Owen Morgan, Sir",
        "birth_year": 1858,
        "death_year": 1920
      }
    ],
    "translators": [],
    "subjects": [
      "Ballads, Welsh -- Texts",
      "Wales -- Poetry"
    ],
    "bookshelves": [
      "Category: Poetry"
    ],
    "languages": [
      "cy"
    ],
    "copyright": false,
    "media_type": "Text",
    "formats": {
      "text/html": "https://www.gutenberg.org/ebooks/3500.html.images",
      "application/epub+zip": "https://www.gutenberg.org/ebooks/3500.epub3.images",
      "application/x-mobipocket-ebook": "https://www.gutenberg.org/ebooks/3500.kf8.images",
      "text/plain; charset=us-ascii": "https://www.gutenberg.org/ebooks/3500.txt.utf-8",
      "application/rdf+xml": "https://www.gutenberg.org/ebooks/3500.rdf",
      "image/jpeg": "https://www.gutenberg.org/cache/epub/3500/pg3500.cover.medium.jpg",
      "application/octet-stream": "https://www.gutenberg.org/files/3500/3500-0.zip"
    },
    "download_count": 331
  }
}