{
  "average_entropy_rate": 0.31887299231495075,
  "entropy_rate": [
    0.6913129534076247,
    0.9457761777974351,
    0.0,
    0.0,
    0.0,
    0.0,
    0.0,
    0.0,
    0.0,
    0.0,
    0.0,
    0.0,
    0.0,
    0.0,
    0.0,
    0.0,
    0.0,
    0.0,
    0.0,
    0.0,
    0.9963921784012408,
    0.0,
    0.0,
    0.0,
    0.0,
    0.0,
    0.0,
    0.9063358455558516,
    0.8447411381367121,
    0.8447411381367121,
    0.8447411381367121,
    0.8447411381367121,
    0.8499749427142926,
    0.8447411381367121,
    0.0,
    0.9457761777974351,
    0.9802953041454064,
    0.0,
    0.8447411381367121,
    0.8447411381367121,
    0.8447411381367121
  ],
  "estimated_posterior_probability": 61.41878890991211,
  "input": "./smaller_in/Guten_index281.txt",
  "prevalence_assumed": 0.5,
  "process_length": 80000,
  "gutenberg": {
    "id": 281,
    "title": "Father Damien: An Open Letter to the Reverend Dr. Hyde of Honolulu",
    "authors": [
      {
        "name": "Stevenson, Robert Louis",
        "birth_year": 1850,
        "death_year": 1894
      }
    ],
    "summaries": [
      "\"Father Damien: An Open Letter to the Reverend Dr. Hyde of Honolulu\" by Robert Louis Stevenson is a critical and passionate defense written in the late 19th century, reflecting the Victorian era's perspectives on morality and heroism. The book serves as an open letter in response to Reverend Dr. Hyde's disparaging comments about Father Damien, a missionary who dedicated his life to caring for leprosy patients on Molokai. The likely topic of the book centers around the defense of Damien's character and actions in light of the injustices and misrepresentations made by his detractors.  In this open letter, Stevenson confronts Reverend Dr. Hyde's unjust criticisms of Father Damien with fervor and eloquence. He dissects Hyde's letter, which claims Damien was a \"coarse, dirty man\" who sought personal glory rather than altruistic motives. Stevenson refutes these claims by highlighting Damien's selfless commitment to the lepers, describing his sacrifices and the gratitude he earned from those he served. Throughout the letter, Stevenson captures the essence of Damien's humanity, portraying him as a flawed but noble figure whose contributions to society transcend the criticisms he faced. By emphasizing Damien's dedication amidst abject suffering and the failure of institutional support, Stevenson presents a powerful argument in favor of recognizing Damien as a true hero. (This is an automatically generated summary.)"
    ],
    "editors": [],
    "translators": [],
    "subjects": [
      "Damien, Saint, Father, 1840-1889"
    ],
    "bookshelves": [
      "Category: British Literature",
      "Category: Essays, Letters & Speeches"
    ],
    "languages": [
      "en"
    ],
    "copyright": false,
    "media_type": "Text",
    "formats": {
      "text/html": "https://www.gutenberg.org/ebooks/281.html.images",
      "application/epub+zip": "https://www.gutenberg.org/ebooks/281.epub3.images",
      "application/x-mobipocket-ebook": "https://www.gutenberg.org/ebooks/281.kf8.images",
      "text/plain; charset=us-ascii": "https://www.gutenberg.org/ebooks/281.txt.utf-8",
      "application/rdf+xml": "https://www.gutenberg.org/ebooks/281.rdf",
      "image/jpeg": "https://www.gutenberg.org/cache/epub/281/pg281.cover.medium.jpg",
      "application/octet-stream": "https://www.gutenberg.org/files/281/281-h.zip"
    },
    "download_count": 515
  }
}