{
  "average_entropy_rate": 0.046746513525635365,
  "entropy_rate": [
    0.0,
    0.0,
    0.0,
    0.0,
    0.0,
    0.0,
    0.0,
    0.0,
    0.0,
    0.0,
    0.0,
    0.0,
    0.0,
    0.2503258303519018,
    0.0,
    0.0,
    0.0,
    0.0,
    0.0,
    0.0,
    0.0,
    0.0,
    0.0,
    0.0,
    0.0,
    0.0,
    0.0,
    0.0,
    0.0,
    0.0,
    0.4591479092130872,
    0.2295739546065436,
    0.0,
    0.0,
    0.0,
    0.0,
    0.28883749655988644,
    0.0,
    0.0,
    0.4591479092130872,
    0.2295739546065436
  ],
  "estimated_posterior_probability": 51.30788803100586,
  "input": "./smaller_in/Guten_index2817.txt",
  "prevalence_assumed": 0.5,
  "process_length": 80000,
  "gutenberg": {
    "id": 2817,
    "title": "Chamber Music",
    "authors": [
      {
        "name": "Joyce, James",
        "birth_year": 1882,
        "death_year": 1941
      }
    ],
    "summaries": [
      "\"Chamber Music\" by James Joyce is a collection of thirty-six love poems published in 1907. Originally comprising thirty-four poems, with two added before publication, this early work reveals Joyce as a lonely young man dreaming of love. The poems feature accessible lyricism that has inspired numerous musical adaptations by composers ranging from Samuel Barber to contemporary alternative artists. Though the collection sold poorly initially, it received critical praise for its delicate temperament and emotional craft, establishing Joyce's poetic voice before his groundbreaking prose works. (This is an automatically generated summary.)"
    ],
    "editors": [],
    "translators": [],
    "subjects": [
      "Irish poetry"
    ],
    "bookshelves": [
      "Category: British Literature",
      "Category: Poetry"
    ],
    "languages": [
      "en"
    ],
    "copyright": false,
    "media_type": "Text",
    "formats": {
      "text/html": "https://www.gutenberg.org/ebooks/2817.html.images",
      "application/epub+zip": "https://www.gutenberg.org/ebooks/2817.epub3.images",
      "application/x-mobipocket-ebook": "https://www.gutenberg.org/ebooks/2817.kf8.images",
      "text/plain; charset=us-ascii": "https://www.gutenberg.org/ebooks/2817.txt.utf-8",
      "application/rdf+xml": "https://www.gutenberg.org/ebooks/2817.rdf",
      "image/jpeg": "https://www.gutenberg.org/cache/epub/2817/pg2817.cover.medium.jpg",
      "application/octet-stream": "https://www.gutenberg.org/files/2817/2817-0.zip"
    },
    "download_count": 761
  }
}