{
  "average_entropy_rate": 0.27144151013444784,
  "entropy_rate": [
    0.7051058084403142,
    0.0,
    0.0,
    0.0,
    0.0,
    0.0,
    0.6037424469736029,
    0.0,
    0.0,
    0.6323395865546028,
    0.4464532576185903,
    0.0,
    0.0,
    0.0,
    0.0,
    0.6497144409123351,
    0.0,
    0.6488073783864298,
    0.0,
    0.0,
    0.6726695096360453,
    0.0,
    0.0,
    0.6102310212622818,
    0.0,
    0.0,
    0.0,
    0.0,
    0.0,
    0.0,
    0.0,
    0.837911034873837,
    0.5284011694064339,
    0.7103938819273796,
    0.517852776631986,
    0.6199885330738748,
    0.4480191162672787,
    0.5274307330886402,
    0.645328348183736,
    0.8389112408947178,
    0.4858016313802781
  ],
  "estimated_posterior_probability": 59.26606750488281,
  "input": "./smaller_in/Guten_index2856.txt",
  "prevalence_assumed": 0.5,
  "process_length": 80000,
  "gutenberg": {
    "id": 2856,
    "title": "Moon of Israel: A Tale of the Exodus",
    "authors": [
      {
        "name": "Haggard, H. Rider (Henry Rider)",
        "birth_year": 1856,
        "death_year": 1925
      }
    ],
    "summaries": [
      "\"Moon of Israel: A Tale of the Exodus\" by H. Rider Haggard is a historical novel written in the late 19th century. The story unfolds during the time of the ancient Egyptians and the Israelites, focusing on the journey of Scribe Ana, who intimately narrates the trials and experiences surrounding the Exodus. The book likely delves into themes of oppression, faith, and destiny, set against the backdrop of the dynamic relationship between the enslaved Israelites and their Egyptian rulers.  The opening of \"Moon of Israel\" introduces Scribe Ana, who reflects on his life in ancient Egypt and the significant events that he will recount. He describes his humble beginnings, his family life, and his aspirations to be more than just a copywriter of sacred texts. As he prepares to visit Tanis, the city of Pharaoh, Ana reveals the political and social tensions brewing between the Egyptians and the Israelites, notably highlighting the character of Merapi, the \"Moon of Israel.\" The narrative sets the stage for the escalating conflict between the two peoples, with Scribe Ana caught in the unfolding drama that will influence his life and the fate of his people. (This is an automatically generated summary.)"
    ],
    "editors": [],
    "translators": [],
    "subjects": [
      "Exodus, The -- Fiction",
      "Jews -- History -- To 70 A.D. -- Fiction"
    ],
    "bookshelves": [
      "Category: Historical Novels",
      "Category: Novels",
      "Contemporary Reviews"
    ],
    "languages": [
      "en"
    ],
    "copyright": false,
    "media_type": "Text",
    "formats": {
      "text/html": "https://www.gutenberg.org/ebooks/2856.html.images",
      "application/epub+zip": "https://www.gutenberg.org/ebooks/2856.epub3.images",
      "application/x-mobipocket-ebook": "https://www.gutenberg.org/ebooks/2856.kf8.images",
      "text/plain; charset=us-ascii": "https://www.gutenberg.org/ebooks/2856.txt.utf-8",
      "application/rdf+xml": "https://www.gutenberg.org/ebooks/2856.rdf",
      "image/jpeg": "https://www.gutenberg.org/cache/epub/2856/pg2856.cover.medium.jpg",
      "application/octet-stream": "https://www.gutenberg.org/files/2856/2856-0.zip"
    },
    "download_count": 410
  }
}