{
  "average_entropy_rate": 0.037295897314003325,
  "entropy_rate": [
    0.0,
    0.0,
    0.0,
    0.0,
    0.0,
    0.0,
    0.0,
    0.48468046870342835,
    0.0,
    0.0,
    0.0,
    0.0,
    0.24373286780914646,
    0.0,
    0.0,
    0.0,
    0.0,
    0.0,
    0.0,
    0.0,
    0.0,
    0.0,
    0.0,
    0.0,
    0.0,
    0.0,
    0.0,
    0.0,
    0.0,
    0.0,
    0.0,
    0.0,
    0.0,
    0.2704260414863776,
    0.0,
    0.5302924118751838,
    0.0,
    0.0,
    0.0,
    0.0,
    0.0
  ],
  "estimated_posterior_probability": 51.03631591796875,
  "input": "./smaller_in/Guten_index2314.txt",
  "prevalence_assumed": 0.5,
  "process_length": 80000,
  "gutenberg": {
    "id": 2314,
    "title": "Geschichte des Agathon. Teil 2",
    "authors": [
      {
        "name": "Wieland, Christoph Martin",
        "birth_year": 1733,
        "death_year": 1813
      }
    ],
    "summaries": [
      "\"Geschichte des Agathon. Teil 2\" by Christoph Martin Wieland is a novel published in 1766-1767. This groundbreaking work follows the beautiful Athenian youth Agathon as he matures through a series of disillusionments. Betrayed by priests at Delphi, disappointed by Athenian politics, and deceived by the sophist Hippias, Agathon struggles to reconcile his idealistic beliefs with harsh reality. His journey takes him to the court of a tyrant and finally to Tarent, where he must find balance between virtue, reason, and practical wisdom before cynicism consumes him. (This is an automatically generated summary.)"
    ],
    "editors": [],
    "translators": [],
    "subjects": [
      "Bildungsromans",
      "Greece -- Fiction"
    ],
    "bookshelves": [
      "Category: German Literature",
      "Category: Novels",
      "DE Prosa"
    ],
    "languages": [
      "de"
    ],
    "copyright": false,
    "media_type": "Text",
    "formats": {
      "text/html": "https://www.gutenberg.org/ebooks/2314.html.images",
      "application/epub+zip": "https://www.gutenberg.org/ebooks/2314.epub3.images",
      "application/x-mobipocket-ebook": "https://www.gutenberg.org/ebooks/2314.kf8.images",
      "text/plain; charset=us-ascii": "https://www.gutenberg.org/ebooks/2314.txt.utf-8",
      "application/rdf+xml": "https://www.gutenberg.org/ebooks/2314.rdf",
      "image/jpeg": "https://www.gutenberg.org/cache/epub/2314/pg2314.cover.medium.jpg",
      "application/octet-stream": "https://www.gutenberg.org/cache/epub/2314/pg2314-h.zip"
    },
    "download_count": 253
  }
}