{
  "average_entropy_rate": 0.3222673574599705,
  "entropy_rate": [
    0.51934817428876,
    0.7911913099704553,
    0.0,
    0.7096485632924525,
    0.0,
    0.0,
    0.0,
    0.7712015166822345,
    0.0,
    0.9363348195231227,
    0.0,
    0.0,
    0.0,
    0.7573363517419742,
    0.0,
    0.0,
    0.0,
    0.0,
    0.0,
    0.0,
    0.7372224199544724,
    0.0,
    0.0,
    0.7366877295579826,
    0.0,
    0.0,
    0.0,
    0.0,
    0.0,
    0.0,
    0.0,
    0.0,
    0.667280251047376,
    0.8260834408402663,
    0.7962429048082964,
    0.783841330910872,
    0.6968876305807362,
    0.9625632834810065,
    0.9123143620638323,
    0.7959170397309581,
    0.8128605273839918
  ],
  "estimated_posterior_probability": 61.58220672607422,
  "input": "./smaller_in/Guten_index4664.txt",
  "prevalence_assumed": 0.5,
  "process_length": 80000,
  "gutenberg": {
    "id": 4664,
    "title": "Light, Life, and Love: Selections from the German Mystics of the Middle Ages",
    "authors": [
      {
        "name": "Inge, William Ralph",
        "birth_year": 1860,
        "death_year": 1954
      }
    ],
    "summaries": [
      "\"Light, Life, and Love: Selections from the German Mystics of the Middle Ages\" by W. R. Inge is a collection of spiritual writings that draws from the works of prominent German mystics from the medieval period. Written during the early 20th century, this compilation offers insights into the mystical traditions that emerged in the context of medieval Christianity, emphasizing the personal relationship between the soul and God as expressed by figures like Meister Eckhart, John Tauler, and Heinrich Suso. The book likely explores themes of divine love, the nature of God, and the path to spiritual enlightenment through surrender and detachment.  The opening portion of the book sets the stage by introducing the historical context of German mysticism, noting its precursors and significant contributors. The text emphasizes the importance of inner spirituality and the quest for immediate communion with God, which was a characteristic feature of the mystics’ teachings. Inge explores the lives and philosophies of the mystics, such as Meister Eckhart's concept of the divine spark within the soul and the notion that true knowledge of God transcends verbal expression. This introductory section provides a foundation for the deeper explorations that follow, showing how these mystics viewed suffering, grace, and the transformative power of divine love in their spiritual practices. (This is an automatically generated summary.)"
    ],
    "editors": [],
    "translators": [],
    "subjects": [
      "Mysticism -- Germany -- History -- Middle Ages, 600-1500 -- Sources"
    ],
    "bookshelves": [
      "Category: German Literature",
      "Category: History - Medieval/Middle Ages",
      "Category: Religion/Spirituality",
      "Christianity",
      "Germany"
    ],
    "languages": [
      "en"
    ],
    "copyright": false,
    "media_type": "Text",
    "formats": {
      "text/html": "https://www.gutenberg.org/ebooks/4664.html.images",
      "application/epub+zip": "https://www.gutenberg.org/ebooks/4664.epub3.images",
      "application/x-mobipocket-ebook": "https://www.gutenberg.org/ebooks/4664.kf8.images",
      "text/plain; charset=us-ascii": "https://www.gutenberg.org/ebooks/4664.txt.utf-8",
      "application/rdf+xml": "https://www.gutenberg.org/ebooks/4664.rdf",
      "image/jpeg": "https://www.gutenberg.org/cache/epub/4664/pg4664.cover.medium.jpg",
      "application/octet-stream": "https://www.gutenberg.org/cache/epub/4664/pg4664-h.zip"
    },
    "download_count": 448
  }
}