,text_length,binoculars_score,percentage,perplexity,entropy_rate,rates
gpt_4zero0.txt,153392,0.8720378875732422,95.73,32.83,0.8096616332194767,"[1.017256171982963, 0.7762635978433657, 0.849841049470504, 0.7772375512376878, 0.7700962304591048, 0.7820016833012109, 0.7722195889854451, 0.8119500263657211, 0.9868285423408586, 0.8160274347965059, 0.0, 0.838375378759856, 0.7862186877056402, 0.7726873458359388, 0.7723488899657168, 0.8176708631679915, 0.9568798390467478, 0.8298209956585474, 0.7725526232991706, 1.0043132609749648, 0.8399285910945652, 0.969666375472914, 0.7539811828834517, 0.7846717200696447, 0.8308532299965764, 0.8443462472462478, 0.7547107261753051, 0.9105115512136659, 0.0, 0.7552374156914468, 0.8193782181443011, 1.009073951108287, 0.8173678248774258, 0.9697176683544326, 0.9438524463228177, 1.0024145894230105, 0.9610937031714243, 0.955804550521569, 0.7536884246473671, 0.833458640497614, 0.7757801438885326]"
gpt_4zero1.txt,152282,0.8716577291488647,98.21,37.59,0.6904465587753745,"[0.7483590209900602, 1.1026058273907866, 0.0, 0.0, 0.7273697842251928, 0.7272552009240519, 0.9622535420193669, 0.0, 0.7230337501501597, 1.0576318745247832, 0.7180414745407311, 0.7281070829079741, 0.735614997776807, 0.0, 0.0, 0.0, 0.73057438983772, 1.0604723310442454, 0.7322795281224446, 0.7421605099572919, 0.8271629729220744, 0.730026133107485, 0.0, 0.7323068406550403, 0.0, 0.723216476798943, 1.1751462508032016, 0.7183137414610482, 0.7999642011184093, 0.7269924455778842, 1.0335727689671979, 0.7365580150767881, 0.7404282184380839, 1.0692294154156272, 0.8715294536460774, 1.1253867138413376, 0.9426346098210904, 0.9576553889542712, 1.1064056185525912, 0.7434466508747538, 1.0525736793468314]"
gpt_4zero10.txt,150572,0.8809523582458496,98.27,46.7,0.634117105726864,"[0.9053659419204357, 0.7150533336667558, 0.7062009830102118, 0.9153072596043025, 0.7357256918156181, 0.9889871587425445, 0.70389898858831, 0.7301003299630576, 0.0, 0.0, 0.0, 0.7133164805345611, 0.7708277720244829, 0.7176189251170343, 0.0, 0.9593986609333042, 0.7084374903920589, 0.0, 0.7230624267472855, 0.0, 0.699764498244492, 0.7917328318474525, 0.0, 0.7040828369655112, 0.704742249716061, 0.0, 0.9405124063182563, 0.9768526081991552, 0.7147544838971702, 0.0, 0.694450738321523, 0.7208796797731294, 0.9170722421510699, 0.8954099243224484, 0.9386093245080654, 0.8825286875163502, 0.991808233347936, 0.7626322927548352, 0.7322284532492365, 0.9745369140726756, 0.9629014865360983]"
gpt_4zero11.txt,153139,0.8370786309242249,87.93,32.98,0.7156893423078261,"[0.7358659545035341, 0.6663886945229176, 0.0, 0.7124802119893884, 0.8628498043653162, 0.7094919638883617, 0.810135194658095, 0.6404220497755415, 0.7402024303764664, 1.0206667751101277, 0.6463779400939066, 0.7028190238142041, 0.7600801329353495, 0.7156437578004451, 0.0, 0.6775788616483007, 0.0, 0.9300401772375193, 0.7235617129947567, 0.7155751020351061, 0.7204135329152186, 0.6485696639575068, 0.6729272475663552, 0.884794025517598, 0.6924206196086281, 0.0, 0.7059179946054975, 0.7085899364704823, 0.7207744158528321, 0.7183133862454278, 1.02924863927086, 0.97648628471716, 0.7421047306698318, 0.8706175838865342, 0.7731809381275675, 1.013524582712753, 0.8610036535939386, 0.8738036193534764, 0.9468334654073928, 1.0035850092495648, 1.0099739171429027]"
gpt_4zero12.txt,151448,0.9333333373069763,78.59,34.4,0.6923376148953704,"[0.7231057748756088, 0.8722996372909472, 0.7100338570712337, 0.7279312996558118, 0.7175519011910747, 0.7200438112666563, 0.8202498769711253, 0.7345748547418378, 0.7142800274742687, 0.7179676594810422, 0.8624405020110764, 0.7164838038660954, 0.7168739843476312, 0.7290470450217875, 0.7177713571266785, 0.7274647053240475, 0.7079383970508265, 0.8736432571420643, 0.0, 0.9281914557240957, 0.7330962916929149, 0.0, 0.0, 0.89466283350401, 0.9804039717827944, 0.8503983455251286, 0.7296737227772617, 0.7084038622606985, 0.7287042539351399, 0.7624551769888349, 0.0, 0.0, 0.7222790913101647, 0.8200154357285627, 0.8295713077927862, 0.8522378876727744, 0.7862809510105383, 0.9698465200626267, 0.9000768036853071, 0.9140945027496824, 0.7657480445970538]"
gpt_4zero13.txt,150988,0.9219512343406677,98.21,27.32,0.7914887082717157,"[0.5965447949097633, 0.7474221511090536, 1.0359614423063095, 0.7790571465139252, 0.0, 0.8986851160841096, 0.7636911558666937, 0.7062611889215881, 0.8743517586087094, 0.7999738354116884, 1.0622023277179378, 0.8513409931487395, 0.7649875109203158, 0.30337479580897275, 0.7724157964897035, 0.16866089941611132, 0.9948432052316198, 1.006410294194421, 0.4379439893513318, 0.7642492345578102, 0.8022161266494109, 0.7480373527074023, 0.42843253544509574, 1.0659175964508023, 0.7134009286577297, 0.7016593502694779, 0.6959736777093902, 1.074929417347224, 0.784104973942217, 0.8000928543413032, 0.7458999085600018, 0.7539478980526056, 0.9650098025380652, 0.8618813001403858, 0.8147965523512822, 1.0759978137279484, 0.9163461606878424, 1.0420202883456775, 1.0136223302988379, 1.0861831928730241, 1.0321893414758239]"
gpt_4zero14.txt,170395,0.870192289352417,94.77,50.62,0.8142472930771355,"[0.9002143044220003, 0.7125534751788251, 0.7976296045869554, 0.8334797149147313, 0.9590819018931687, 0.7799481604675368, 0.7525710513204596, 0.7758498017828505, 0.6934116026025606, 0.8073965069588886, 0.7510381815599071, 0.8235906399808743, 0.8479913577887072, 0.6600137077216021, 0.7959733056189887, 0.731196916383514, 0.7717731038268467, 0.825473649351449, 0.9623057970041873, 0.7756826889211621, 0.8412688580205979, 0.7868906788430492, 0.8145810413555559, 0.7656587636362158, 0.7694249104286073, 0.79604110166612, 0.7519857388779304, 1.018768903958121, 0.7546561748705712, 0.7252568928861877, 0.8596433012132597, 0.6707396586354873, 0.980796303747103, 0.9228882638219709, 0.8404245299171612, 0.8710734728088543, 0.8172786960426828, 0.7949663041422711, 0.868541837116146, 0.9487565596502061, 0.8273215522392471]"
gpt_4zero15.txt,150550,0.8947368264198303,92.21,59.69,0.573020193689471,"[0.7745912353936584, 0.653443969865137, 0.8968820551439174, 0.6795097658122766, 0.9522225378995881, 0.9396598241649581, 0.7058306623602038, 0.9427796023189612, 0.7692248359105872, 0.0, 1.0137956866983917, 0.0, 0.0, 0.0, 0.0, 0.6796710086444897, 0.6996553537607267, 0.0, 0.969247318610653, 0.6667738858160668, 0.0, 0.6772921074911904, 0.0, 0.0, 0.6520001992087991, 0.6926211179339328, 0.0, 0.0, 0.710296023037179, 0.6988334748811678, 0.7679311835932404, 0.0, 0.7142979845761984, 0.8211960827596166, 0.9299173809365977, 0.9726355784796434, 0.8910427963070298, 0.8894848272761962, 1.0158278185881158, 0.9313817959929266, 0.7857818278068618]"
gpt_4zero16.txt,151872,0.8829268217086792,95.73,44.25,0.7125584992234962,"[0.6129795938018181, 0.6649156414030604, 0.9559652600114484, 0.642990518040703, 0.6385099388551967, 1.0430974333161767, 0.0, 0.8488952232899112, 0.6794336357883044, 0.659619231347189, 0.0, 0.0, 0.8160472166920697, 0.7551931188322742, 0.6492911279846205, 1.032983681853258, 1.0418353349641334, 0.634478338129404, 0.6630789763588545, 0.6822439280847522, 0.6717954764082327, 0.6766974986868061, 0.0, 0.6554732544271101, 0.6581458188603084, 0.6532546452195046, 0.6599141856806765, 0.6656806270663843, 0.8860890418827785, 1.0312186195133117, 0.6684201757946099, 0.6424201906899775, 1.021530323021987, 1.031509738241314, 0.7947112657200182, 0.669953394069813, 0.9890699759062268, 1.0480130845068023, 0.9180554414968346, 0.8727007578777078, 0.9786867543397609]"
gpt_4zero17.txt,133337,0.9558823704719543,88.49,36.88,0.588387341144605,"[0.6734615296383019, 0.6477839930787245, 0.0, 0.6452193282346984, 0.0, 0.6961580190884471, 0.7315463641124319, 0.0, 0.7098937196023619, 0.6730937595445263, 0.9233265344875928, 0.0, 0.0, 0.0, 0.6643210372371394, 0.7284691588460803, 0.679054601719019, 0.6631488682469963, 0.6627255109458903, 0.7348292568477486, 0.0, 0.6288441294420045, 0.9330818745363204, 0.0, 0.6681258161186103, 0.8641512320651354, 0.6779148410482384, 0.6645455934513614, 0.9307748545979316, 0.0, 0.7690284124740304, 0.6772921074911904, 0.7622836508798777, 0.8697028078205915, 0.9504780951418448, 0.6818729007951598, 0.7106878430212129, 0.8188444306571511, 0.9611937197572805, 0.9488937192532078, 0.7731332767477029]"
gpt_4zero18.txt,151139,0.8838383555412292,,0.0,0.6168375498329034,"[0.6564811233262743, 0.0, 0.6768317292014526, 0.0, 0.6605795318635345, 0.5966901091569607, 0.6564811233262743, 0.0, 0.7047690770149013, 0.7426221872137261, 0.6661237989522236, 0.5662873775454269, 0.9040282304635867, 0.738761615015625, 0.0, 0.7894779424898837, 0.5612127391758266, 0.0, 0.0, 0.6740530650312865, 0.0, 0.9201718364533945, 0.6683501400134452, 0.6588355475738548, 0.7709447926691239, 0.8694723946907795, 0.6418780573525106, 0.8316318595234947, 0.6766579423012786, 0.624494341935444, 0.9395594438505903, 0.6561303306421593, 0.8268019629715193, 0.8964277749009966, 0.6928973256012246, 0.7524427209922832, 0.9135357830160928, 0.8074387257014847, 0.8997499725734797, 0.7926710827852302, 0.8558478578236622]"
gpt_4zero19.txt,152048,0.9132652878761292,89.1,34.89,0.6209635356061947,"[0.6066212533044462, 0.767927385628763, 0.0, 0.5145254758719054, 0.8731862316293205, 0.0, 0.6850908696600002, 0.6984726484907426, 0.5709333958764955, 0.5347033186958492, 0.0, 0.8927405762117387, 0.8272615884348369, 0.7805553509708487, 0.754789046212095, 0.6293841638243504, 0.7766555818386802, 0.5170389215424958, 0.6105148450666975, 0.87254040226558, 0.0, 0.5966264423830273, 0.8362700880019248, 0.522456095883875, 0.6287725176570095, 0.5896221507369742, 0.7684284979038836, 0.0, 0.775717612214619, 0.525950425116271, 0.6349117818441093, 0.5421439196017559, 0.5861455218079008, 0.8361682498120638, 0.7919712981753475, 0.8306723933286958, 0.8382369287130902, 0.7768319240123767, 0.8646531798554552, 0.8446929570103006, 0.7562919202704506]"
gpt_4zero2.txt,150434,0.9308510422706604,91.76,3.62,0.804071635044841,"[1.0714849095371293, 0.717224819164541, 0.7228278486715405, 0.7415976743518014, 0.6994560847191734, 0.8813026619231609, 0.9952995507390711, 0.9787490453594827, 0.7653668885775676, 0.7202921154570932, 0.8126225037885034, 1.0562494651264713, 0.7191459586214864, 0.7684369817678847, 0.7675171900078633, 0.7498446064327766, 0.7621642341327608, 0.741817503745704, 0.0, 0.7718214427154293, 0.9991126236700734, 0.7812367308763416, 1.0648123261707152, 0.7306929860155074, 0.7455719629017561, 0.7432316699568154, 0.7306453185487106, 0.7800843823487411, 0.7565077519364981, 0.7465903121600882, 0.7505931971903375, 0.0, 1.0534905360560334, 0.8463275852126704, 0.9919226223620876, 1.0086690594455785, 1.0658140608315665, 0.9121804267602138, 1.0200381851081997, 0.760171212283642, 1.0360226021634655]"
gpt_4zero20.txt,152965,0.8947368264198303,76.16,39.13,0.7199113501713866,"[0.9865243474739213, 0.0, 0.7122519609909485, 0.830223675962856, 0.0, 0.0, 0.7846630593956488, 1.0348843459273749, 0.8003695777229672, 0.7064549747661852, 0.7621100574562302, 0.7126118763353648, 0.9783200551986622, 0.0, 0.8352213718617665, 0.9842666673601531, 0.8391261832524284, 0.866288002463715, 0.7715568682655755, 0.8933832579423215, 0.7627059667909938, 0.0, 0.7712457263476811, 0.7074607436072646, 0.8517965011393752, 0.9236113087554026, 0.7269314687479527, 0.7134356477234768, 0.0, 0.7459558156877102, 0.7090061277487686, 0.7411299950613955, 0.9680845531451047, 1.0592570587298162, 0.9214598177315956, 0.7803577631132209, 1.0151026101272527, 0.9081919718234638, 0.8351429672762992, 0.9152668722316534, 0.96196615886231]"
gpt_4zero21.txt,151417,0.9141414165496826,90.42,32.36,0.7641554788360149,"[0.0, 0.7729611910552097, 0.7681546869083332, 0.7574038858812311, 0.7782323948102563, 0.7474007010524812, 0.7447964568999319, 0.7502802074645387, 0.8265959643125859, 0.9976499756929529, 0.7550253754523222, 1.05250113634981, 0.9666874060649714, 0.7414189463359396, 0.7577706654082194, 0.7484689773044924, 0.73718184043099, 0.7913620798453846, 0.7483777468512782, 1.0100797103932324, 0.0, 0.7412130355782167, 0.0, 1.0915605323214634, 0.7690916054646868, 0.7641518539026614, 0.7338544269207665, 1.0839290488801334, 0.7168061954830484, 0.745202357408978, 0.7609640480340133, 0.0, 1.0530051440756827, 0.947321743596791, 1.0447503414084989, 0.8818652983191156, 0.7447591926088845, 0.9828454000731318, 1.053493750176447, 1.0379441605463147, 0.7252671489636121]"
gpt_4zero22.txt,150012,0.9038461446762085,100,27.25,0.604888011258497,"[0.6906057591267866, 0.696623266479915, 0.7364290811828659, 0.731084137981803, 0.7362568742346338, 0.7006149563195415, 0.0, 0.0, 0.6856087702900331, 0.7167624054018592, 0.9772274811615049, 0.0, 0.0, 0.0, 0.7175228858790257, 0.9427089521236522, 0.9760424992267466, 0.7264224789779798, 0.7595511153880269, 0.0, 0.8562041518880447, 0.0, 0.0, 0.7123743681455069, 0.7060373682364429, 0.0, 0.737714507346866, 0.860936921462674, 0.7472092523648665, 0.720918441291117, 0.0, 0.9551635864072686, 0.7087618292915189, 0.9868748348793381, 0.9630347804923697, 0.9713802009945024, 0.8581042765831575, 0.8937101663243632, 0.6688525489401035, 0.7300739909887851, 0.9295965721870729]"
gpt_4zero23.txt,111272,0.9217877388000488,84.19,49.6,0.8476462105591915,"[0.7388233975783044, 1.1077311985917815, 0.7327020312936295, 0.8101482355344071, 0.7625785303870459, 0.7696536456805466, 1.1172135332754225, 0.7830769560935358, 0.8475223158879388, 0.9859849343653564, 0.7696745359656183, 0.7587845212994919, 0.0, 0.7275330064872304, 0.7720467106813845, 0.7813537053993305, 0.7813537053993305, 0.809695474366292, 0.877715601581866, 0.7327641498264428, 0.7810856299416805, 0.7759028178288832, 0.753454559786439, 1.0429139526655473, 0.9568649902772809, 1.1759638191496529, 0.7471473507656966, 0.7767734012818321, 0.6921355689139871, 0.8359732315950487, 0.8171268096858764, 0.7879512016105227, 1.086167239032902, 1.144658639481143, 1.0397273707021166, 0.9389267360074811, 0.8609282467461147, 1.0123026707079252, 1.1482323927307356, 0.9147789585764975, 0.7981228557445325]"
gpt_4zero24.txt,153160,0.9108911156654358,73.16,35.4,0.8469069632952487,"[0.7859379258940488, 0.9577046534312569, 0.7671938960537061, 1.0831046416244117, 0.7826977875213125, 1.034958307646401, 0.7862166587574684, 0.7546036038182793, 0.780534265441923, 0.8014656889866821, 0.7650387947482525, 0.793476964534855, 0.7461721697132728, 1.0598276895153382, 0.7573235506653948, 0.7703448586507949, 0.7593352617339716, 0.7824172085567006, 0.7591050514390759, 0.7420085779272851, 0.7828068838736123, 0.762394259460693, 0.7539661602868885, 0.7458812490273938, 0.8610242173990178, 0.7504928177985891, 0.7480283820036674, 0.7653214197209732, 0.755427684403737, 0.986282149032276, 0.9578296323216635, 0.7574489212033434, 1.0252739060378868, 1.0340203203386713, 0.9792129471810997, 0.9156080999956523, 0.7447906007346633, 1.0633596033833457, 0.8234485410528847, 1.0330032471515391, 1.0080968960371623]"
gpt_4zero25.txt,152088,0.934272289276123,79.43,8.88,0.6240667770648951,"[0.6137271175770008, 0.0, 0.647046925731106, 0.6277282759861768, 0.6845575789155341, 0.7380948154533907, 0.6253147649243105, 0.7860127440935584, 1.01798087531377, 0.6590102264999232, 0.0, 0.9809705709582023, 0.0, 0.0, 0.8956342190188081, 0.8559901779590755, 0.0, 0.9590209209340114, 0.6721301266827819, 0.6594903235900771, 0.7059328760806837, 0.0, 0.7052959961095353, 0.6656689394135311, 0.5967919359330854, 0.9469816517162749, 0.6052944619241009, 0.0, 0.6872314092083175, 0.7084110651414477, 0.0, 0.7136944715050009, 0.9863712775978178, 0.9378152166380173, 0.9760319434648467, 0.67584423723516, 0.9671186366455121, 0.8431097210765982, 0.7784003340678255, 0.9128297936703024, 0.75120422859491]"
gpt_4zero26.txt,151496,0.8743718862533569,81.39,44.94,0.7535728731772458,"[0.6883867920670362, 0.6958545159093764, 0.682791372695153, 0.6785760064684894, 0.6803964424254322, 0.7551539773078023, 0.7867961836078191, 0.7787159815515899, 0.6584212390545959, 0.6977035341480691, 0.6834134692027911, 0.754806293767672, 0.8766786727540485, 0.7113227731248174, 0.7312062249350721, 0.9637432414794602, 0.7539041914923518, 0.6435714719515954, 0.6633507162053551, 0.671289279721737, 0.0, 0.9652900790232233, 0.6803174076589277, 0.9785936949233415, 0.6728998680042866, 0.7399475045502927, 0.9630544158142471, 0.7928029672996321, 0.8747129566904673, 0.9145498246253169, 0.0, 0.6581802263168047, 0.8439053816897579, 0.9176217101329114, 0.8902035107326831, 0.9715113920332736, 0.9924566913511017, 0.9486637735948769, 0.7400174145517816, 0.8379926035308185, 0.9576839978730579]"
gpt_4zero27.txt,153628,0.8865979313850403,82.67,39.75,0.7697645002088539,"[0.7020894009297406, 0.9721601990831191, 0.9810541456949466, 0.6672464109656541, 0.0, 0.6775799129578225, 0.6803195770234705, 0.7659197690558198, 0.6690980776651342, 0.6787178043037148, 0.7896977089173339, 0.959840691253501, 0.7712273246380067, 0.8074046046935811, 0.9428054140501602, 0.9688123882545631, 0.7736205517088252, 0.670994106713405, 0.6665673639463241, 0.6804413782354869, 0.664804898481369, 0.6741573786299678, 0.6813000516862304, 0.6489159790186152, 0.6479896622477397, 0.8777531261414963, 0.9769061876471788, 0.7293706983730234, 0.6961998198985733, 0.6692140107899899, 0.7031185516750976, 1.0564258261850505, 0.6809549306084244, 0.840255093837102, 0.788767534915565, 0.9237641175154024, 0.9540467448792728, 0.9388677844055711, 0.7832729600841518, 0.7885882205108073, 1.01007410094178]"
gpt_4zero28.txt,153490,0.9234693646430969,93.57,41.73,0.8274977560880609,"[0.8962680999596935, 0.7961248671159868, 0.9142967363298574, 0.7687883267796525, 0.7939540107466034, 0.8049657653043799, 0.8193738297993387, 0.8181018132783857, 0.811519666802474, 0.8915703227196446, 0.9685072493347815, 0.7680656936686178, 0.7826019902245983, 0.7756383443613915, 0.7972846833757647, 0.8132829285980574, 0.8055529461037215, 0.8802275117118172, 0.8079100448633364, 0.8243872135859134, 0.6859228446607962, 0.7811377632219425, 0.6708833978834643, 0.8186798448855057, 0.6935982187796638, 0.7331524124670963, 0.9897734152134743, 0.8160146950514168, 0.8282126977344975, 0.74537319565872, 0.9077336611562862, 0.8063631143750198, 0.8082678278690598, 0.8905784362636442, 0.8798368507172355, 0.9403547203873857, 0.7516551413825158, 0.8848920154471638, 0.8932738264826903, 0.8836725981648522, 0.97960927714405]"
gpt_4zero29.txt,153269,0.9162303805351257,73.16,42.91,0.7344107824092567,"[0.7674624191077147, 0.765460246603085, 0.0, 0.8002221104623864, 0.7733081844445766, 0.792246955453263, 1.0023310416688154, 0.931273311241588, 0.7761360454293695, 0.7980579478861304, 0.8170703375508884, 0.7714283865163946, 0.7727054083855088, 0.0, 0.0, 0.9665739159113261, 0.8152018818237209, 0.7869963676701776, 0.7819611800463672, 0.7767700067604971, 0.0, 0.0, 0.8778292248704169, 0.7802315615587678, 0.7710891897671003, 0.7745778731923952, 0.8524036685706786, 0.7633949745508147, 0.7812467903693112, 0.7847438363677773, 0.8028651457716766, 0.7965847859010864, 1.013231512673427, 0.8939363196321836, 0.9937721963999885, 0.9554572270940531, 0.9210923389385659, 0.7710063098921341, 0.7770387720347036, 0.8923792409027285, 1.01275536332991]"
gpt_4zero3.txt,150528,0.9739583134651184,75.52,39.39,0.8724571653932984,"[0.7824601548033542, 0.8105924292737182, 0.7690073059722674, 1.0887257006720323, 1.1133133990813169, 0.7313259713518937, 0.6039392197719932, 1.0168762215689389, 0.8313685477128661, 0.7743619242011721, 0.7793596914683946, 0.6209534814461425, 0.7730026716868837, 1.0926977289587154, 0.8044158687542644, 0.7961940944395252, 0.799290238164227, 1.0320679321004624, 0.7749500437477116, 0.795981647517775, 0.8532076549659328, 0.7975827881472509, 0.8195566126136236, 1.0575162756173038, 0.785634376711998, 0.8006070811976173, 0.9328891431949747, 0.8187521767042475, 0.7609087328522153, 0.8306623769326903, 0.7906046611412124, 0.7638804694700866, 1.027990441006819, 1.1364065385860096, 0.9900311621267545, 0.9642603890047295, 1.1157907557805693, 1.0392148554976308, 1.040597417736943, 0.8351132304875948, 0.8186523686553876]"
gpt_4zero30.txt,153767,0.9054054021835327,75.65,43.45,0.7509514565256179,"[1.0929157461016303, 0.743525049389263, 0.7410035524262358, 0.0, 0.0, 0.7386437514260948, 0.7374288651953047, 0.8527010814251776, 0.7391743995241563, 0.7608197578438136, 0.9514958746739969, 0.7562827536893334, 1.0164721998850819, 0.7151512688233395, 0.7674722634028157, 1.0135798043192292, 0.7732775852324587, 0.0, 1.031093721638074, 0.7284160946133276, 0.7647929074293751, 0.7318689046892107, 0.7415513871012064, 0.7575002551092392, 1.1426534433885296, 0.0, 0.7287726420111671, 0.7716724726634518, 1.0723788065488757, 0.7320106643054933, 0.7174510641403928, 0.0, 0.8606265851395957, 0.9812692055192878, 0.9034103687233691, 0.978933458848622, 1.068956787579163, 1.048494792332762, 1.0927681147979864, 0.7386906311848821, 0.7957534564283968]"
gpt_4zero31.txt,120849,0.9241706132888794,73.98,66.51,0.6811399383936727,"[0.6241295843164273, 0.7011248691237939, 0.6376071153782685, 0.6051774577793, 0.6402956309171918, 0.7110730699662725, 0.0, 0.633665204567285, 0.6353193358056652, 0.6490651211388487, 0.6822596772380021, 0.6372268367355667, 0.7540087788344801, 0.6050940307679042, 0.6320124071296124, 0.9140091070859581, 0.6445750754875538, 0.6083157467970091, 0.8655827518715621, 0.7631723428189512, 0.6639002988914025, 0.6148654758510226, 0.6065302215664055, 0.6889188311615125, 0.8662556972748985, 0.7079471494608, 0.9099900298109687, 0.6100432517637155, 0.6257204067359821, 0.9064953795821654, 0.0, 0.6259267192190849, 0.7107590870059304, 0.6991001809805402, 0.831064575153499, 0.8672996765354031, 0.7736688102565478, 0.7087084569268421, 0.8959504962320906, 0.7982946946095707, 0.8715838913625477]"
gpt_4zero32.txt,150701,0.9082125425338745,89.45,48.38,0.8193046729784862,"[0.7280112833932245, 0.7247410179213951, 0.7241906576420153, 0.9099927200701755, 0.7458355320839495, 0.828091978723652, 0.7057405154947524, 1.0160834045129061, 0.9828228454552151, 0.741943555930271, 0.7201400084803624, 0.7749507570519519, 0.9645726318672102, 0.718916541935358, 0.8898540049023277, 0.7133689341247365, 0.7326318150580612, 0.751689367177534, 0.7343169587533358, 0.7121544391267032, 1.0282047835907855, 0.7390399377351468, 0.7309728966177941, 0.7147045755662979, 0.7417978549465594, 0.7089127667166678, 0.7517810243152553, 1.0149615599458357, 0.6996587016516851, 0.7314316240312689, 0.7240000636546242, 0.7037757878554856, 0.9201973848959711, 1.0514342660846006, 0.9455809378489198, 0.7323372299907924, 1.0290340841655388, 0.9736125337388285, 0.8274440268744947, 0.9932522243066424, 1.009308357879594]"
gpt_4zero33.txt,152126,0.9417475461959839,90.72,34.65,0.7269803189513779,"[0.7266718430765176, 0.9570695213274829, 0.7474427648432008, 0.7404351795948145, 0.0, 0.7092742023472974, 0.7662110502119244, 0.9324852565405379, 0.72073673695917, 0.8891896890191104, 0.9162896161092174, 0.767284904267272, 0.7430813487476916, 0.7804440767946702, 0.7605046008287923, 0.8654335357726659, 0.9702118840413795, 0.6394045143015394, 0.0, 0.9389724865513712, 0.6944969284651856, 0.7231609126069753, 0.7032489746029483, 0.8083724297335733, 0.7077917416184496, 0.0, 0.7059970687679101, 0.6971707894642843, 0.738922583742497, 0.715342538254096, 0.0, 0.7540514680280612, 0.9173390121877019, 0.9266777764735472, 0.8343650683895292, 0.9071313055731037, 0.8909797994549841, 0.96471029924102, 0.8433563391166766, 0.7751798727034855, 0.9267549572478061]"
gpt_4zero34.txt,152004,0.9545454382896423,78.9,8.94,0.6532468077811389,"[0.7253178771188221, 0.7546897011385256, 0.0, 0.0, 0.6534941877117969, 0.637778069903186, 0.7239939939324298, 0.8105720834482001, 0.0, 0.7398021460022765, 0.7871663509231387, 0.9652693631438214, 0.9990131637270921, 0.7119005688228172, 0.0, 0.8989303403140264, 0.6408596232074673, 0.7671965601821741, 0.0, 0.9678816878606912, 0.6611001556460233, 0.706309192696663, 0.6725593705409753, 0.6670692144462117, 0.0, 0.7395366998567063, 0.9401873143663824, 0.0, 0.6854540954530751, 0.7254229132745335, 0.6115004158021156, 0.6500845020637956, 0.7838562268799348, 0.8921535921367503, 0.9723405239806137, 0.8579411068321001, 0.7611384139107, 0.9594818334114863, 0.9703027635104351, 0.7673293581349245, 0.9754857086468014]"
gpt_4zero35.txt,150574,0.8594594597816467,82.59,29.79,0.7656158487255003,"[0.7455423829826161, 0.6910339529803717, 0.8153558880168885, 0.657682463455612, 0.6375710533761677, 0.8054013438792081, 0.7198508955379783, 0.6557743582057741, 0.6397976696434806, 0.7851825024530374, 0.7574539389276721, 0.8104574324115166, 0.7802467039422105, 0.9597526094342016, 0.6405049380766111, 0.7852536496069056, 0.652579730917695, 0.6754273157490501, 0.7736953929593071, 0.6529406769069369, 0.6375600768946686, 0.797904725311833, 0.8856330533213941, 0.7667343542321738, 0.9223881225019149, 0.6433443210138325, 0.733764353509345, 0.6439446071716785, 0.6374857232645517, 0.7857880120845819, 0.8747075818857711, 0.7843974393259567, 0.8087995394980323, 0.779324127280199, 0.8560156471069765, 0.8227799960338369, 0.7618926160416832, 0.9350008874838865, 0.8523924736813389, 0.9210693583878096, 0.8978178822508037]"
gpt_4zero36.txt,151540,0.9090909361839294,72.95,39.5,0.7432320938071661,"[0.8990145629380232, 0.0, 0.8483210595688427, 0.6901372674686523, 0.7066579953723767, 0.7221969419185718, 0.6444545766009666, 0.7324877364344556, 1.0593212695575371, 0.6821859447212878, 0.78715658756368, 0.9895081139327259, 0.6805221778757603, 0.6659379751160737, 0.714132374406609, 0.8386663714767058, 0.6995976169776649, 0.0, 0.7250828565417381, 0.6932054039959098, 0.6716182370068857, 1.0660955177200162, 0.6773538430346774, 1.0543078213892676, 0.7056143049040102, 0.7025258948291735, 0.689478152622085, 0.6927419732573266, 0.0, 0.7924591789518364, 0.6906017880437704, 0.6646926094593212, 0.8189898982619649, 0.7774716070760642, 0.9913582414406952, 1.1029110913309255, 0.9568745639118845, 1.0562523333787797, 0.9928295755553066, 0.8774151767813194, 0.7123372046709228]"
gpt_4zero37.txt,151045,0.9095744490623474,96.22,38.84,0.7590278028558697,"[1.0065006186780616, 0.7486532324952571, 0.7800194345427053, 0.761697510985746, 0.7463296460259128, 0.7364754979693547, 0.7551718590446002, 0.8277245299209677, 0.7496042899720038, 0.0, 0.7769283397241017, 0.7291948462034714, 0.9973505743534793, 0.7515744354688839, 0.0, 0.0, 1.0792366520576586, 0.0, 0.7603615185864367, 0.7491644418158698, 0.7337289804671653, 1.0135834819018033, 1.0647018274838056, 0.8503812439243746, 0.7397293611769656, 0.7336798404767668, 0.7569519115887351, 0.7602145574011498, 0.7511332647561791, 0.7580094964217208, 0.8953782730523921, 0.7582825006033166, 1.009983463857859, 0.7911753658878119, 0.9623373687256201, 1.0397134332665756, 1.0277640583619385, 0.7545031040764042, 1.0671610595918568, 0.876137235585167, 0.8196026606385319]"
gpt_4zero38.txt,152657,0.8631578683853149,90.43,31.04,0.615930307482857,"[0.8358962721408353, 0.7058100814266539, 0.6924626928975706, 0.7002218275406394, 0.9421362478140928, 0.6910780375066724, 0.6903821338514409, 0.7082861878456633, 0.0, 0.6908590421610024, 0.7279324657943487, 0.698034807575182, 0.0, 0.6946778733395932, 0.9229882015845615, 0.7179728378251886, 0.886005853973076, 0.7123536911591064, 1.0052444185476115, 0.0, 0.0, 0.0, 0.7080849025537259, 0.0, 0.7195477317768217, 0.715479897580345, 0.6912646282938687, 0.0, 0.0, 0.0, 0.7262102423636893, 0.9913174872732533, 0.7538537155484055, 0.9578801936881001, 0.9088650522058528, 0.9072954991195495, 0.6685118894777244, 0.8532095636743194, 0.9325927619491928, 0.6905213537088873, 1.0061650146001666]"
gpt_4zero39.txt,151579,0.905940592288971,91.76,33.18,0.8836169969815633,"[0.7903346223151215, 0.9763301546423708, 0.8067844287395779, 1.0514629629128311, 0.8089796791252885, 0.803833693947987, 0.7931435344257234, 1.0133910488110873, 0.7826338953556193, 0.7879107249489729, 0.8462730217213038, 0.7734077163643015, 0.8186177013132009, 0.7978170507172674, 0.9856153172874073, 0.7868184662099599, 1.0354724184219795, 1.047397653946346, 1.0540429137494296, 0.8019388879889872, 0.8047827102974818, 0.8132845204911462, 0.8435708041440733, 0.8105493858006785, 0.8141439975611261, 0.8101844733820056, 0.7867718513644824, 1.092349455822317, 0.7541189583713225, 0.8160513349591237, 0.7893609970618556, 0.7596906456959575, 0.8064985202464258, 1.070026756745555, 1.05852143055256, 0.9320856346372511, 0.9500975302343208, 1.0013732032324545, 0.8420844678251931, 1.0576874885645986, 1.052856816309406]"
gpt_4zero4.txt,151048,0.9193548560142517,99.84,30.26,0.7081561980096962,"[0.8424155544252062, 0.7720469925205904, 0.7674204272314583, 0.9347727982936428, 0.8718073474274592, 0.7461681003679979, 0.7444156519269073, 0.0, 0.7823102497689269, 0.8246796739180051, 0.752237663865269, 0.8391194422101326, 0.0, 0.8676250841376004, 0.8937736772409136, 0.7508398700949054, 0.7381199611579049, 0.0, 0.7965207690434378, 0.7745926042085594, 0.9597244612490564, 0.8899617299610534, 0.7933306444868942, 0.7394977808526034, 0.0, 0.8021066402553353, 0.0, 0.8809662815677634, 0.7601630736697121, 0.0, 0.8735836020525147, 0.7460982143238125, 0.9518182842054138, 0.8689427841985251, 0.8817283308860183, 0.7685878868014897, 0.9279618355815604, 0.9403705433483456, 0.9264355747562374, 0.7707389352957794, 0.8535216470665177]"
gpt_4zero40.txt,151094,0.9073171019554138,81.02,64.25,0.7873400065801334,"[0.9170626354784477, 0.7830730935865169, 0.7507598128103932, 0.750689671262633, 0.7440231550321774, 0.9775175969277927, 0.750924423910897, 0.7865422704474557, 0.7784279594054556, 0.7502271672101726, 0.9146523275077512, 0.0, 0.7840714496236185, 0.7470440651329222, 0.7549493156402182, 0.7542144865658603, 0.7722647188273245, 0.0, 0.7618509488955558, 0.7392674769578435, 0.7783003615781564, 0.7809974513430864, 0.7598475877959131, 0.958069809329525, 0.9077104711330459, 0.7374226604569516, 0.9659859311583178, 0.7626068154914679, 0.7864763233301975, 0.8430258855858928, 0.7639143812540397, 0.9855322503472598, 0.7604998441055327, 0.9923556849506739, 0.9416185983110407, 0.7507066535679813, 0.9389124321085103, 0.9027374813705239, 0.9847989704256108, 0.9772467081958969, 0.7846113927228119]"
gpt_4zero41.txt,150542,0.939393937587738,87.99,58.32,0.6560554139183419,"[0.8889895001593635, 0.7267737676801839, 0.9418347608785186, 0.7225594693297881, 0.7169729594072485, 0.0, 0.7249105537198866, 0.7609640480340133, 0.7922487010366134, 0.0, 0.0, 0.7203573943263872, 0.7490834523196587, 0.7737914949532583, 0.8931653959458892, 0.7271968823408786, 0.0, 0.0, 0.7362822346969667, 0.7124928023405795, 0.7268923570218447, 0.7034429185286363, 0.709334353384353, 0.7372339345464533, 0.0, 1.0109549794304926, 0.6962974335053478, 0.7056521017717456, 0.9649968589611625, 0.8343547515137383, 0.0, 1.0149334808480615, 0.7139438814654256, 0.7237312871780889, 0.7503957309716855, 0.9027767821130045, 0.7362132983849954, 0.7801837230555356, 0.9570880507941121, 0.916298560391247, 0.7259240696168432]"
gpt_4zero42.txt,151294,0.9212962985038757,88.18,31.63,0.7665035871864277,"[0.7545850645087937, 0.7296813632514042, 0.0, 0.6976929794380196, 0.819908941900004, 0.7466212752186789, 0.0, 0.724867873669328, 0.7474265773238549, 0.7783726966729777, 0.8796932991615344, 0.0, 0.9590474606370721, 0.7393662783955369, 0.7309841597120854, 0.9433068483980105, 1.0199950264763902, 0.7795311155658734, 0.7343284014586434, 0.93373725107072, 0.712080386099639, 0.7957892206795831, 0.8665145959388258, 0.7335097567518, 0.9848546305986513, 0.7295069717233564, 0.7707198973572582, 0.6952844684535243, 0.7145400606398364, 0.7507732126408477, 0.7005378613000575, 0.9450053056359573, 0.9146809696622412, 0.8664111615137295, 0.9255127782221494, 0.8871402187499585, 1.0020903766547795, 0.9465350363665289, 0.8241090311687088, 0.9751932010028183, 0.9667113206243567]"
gpt_4zero43.txt,152702,0.8947368264198303,93.7,40.58,0.7358399616604828,"[0.7465931291118526, 0.0, 0.9233833641778784, 0.8092539934498856, 0.0, 0.7903639229338821, 0.793617766986096, 0.7588220651082105, 0.7861541686328041, 0.0, 0.7728050323087564, 0.9054999544722951, 0.0, 0.0, 0.7868995941477493, 0.7697381981945891, 0.783202142057383, 0.8207826431988675, 0.9803639788908999, 0.7681767948918367, 0.9591095839395987, 0.8206495408935099, 0.8144066361632971, 0.8689096867624126, 0.8219342523426555, 0.7634901186955952, 0.9185330970794244, 0.8691206083606742, 0.7788780860947178, 0.7688487081651004, 0.8676283935627113, 0.9246451836732242, 0.8358754767890129, 0.7772271325104192, 0.7594282135271023, 0.9025182515290275, 0.871780736033498, 0.9163907649205247, 0.9541540717755983, 0.8077639097677359, 0.9724892269309691]"
gpt_4zero44.txt,152742,0.9179487228393555,82.76,40.99,0.8421707259354793,"[1.0627000423473143, 0.7188368200806174, 1.0225859735147536, 0.7258051338774865, 0.726988829698888, 0.7140955547116813, 0.758189193177666, 0.8467923265285118, 0.7406268803592385, 0.7204414934660345, 0.7178418892323785, 0.7212354484242539, 0.71680806066649, 0.7460906942186731, 0.7448158543021584, 1.0859261531870146, 0.8910722862067896, 0.7544239608676427, 0.7250798853366613, 0.9850809938788648, 0.7298727869253702, 1.0732017571768158, 1.0592645194397288, 0.7892073057759386, 0.7175933014373127, 0.7310082444905859, 0.7107455741233215, 0.7098361740175465, 0.7574401110689026, 1.0609190526979977, 0.7579324732815403, 0.7276628965440702, 0.8207501476988217, 0.98129424893777, 0.9256312064832282, 0.8370836738503618, 1.0839431700265814, 1.060040766201093, 1.0418524376081717, 1.0609385459461156, 0.7673438955402608]"
gpt_4zero45.txt,107164,0.8900523781776428,98.22,21.72,0.7638969394174949,"[0.6766401047099937, 0.9791555666900241, 0.6906104817362706, 0.6539084928752766, 0.6558081802487825, 0.6909622432075575, 0.0, 0.673467478990263, 0.8259886836320729, 0.6730402342443366, 0.6678694791924655, 0.6592858832002743, 1.019007041926753, 0.6859946741936779, 0.6521780245914284, 0.7122866389102219, 0.8551144144594249, 0.6672681084302181, 0.9408602887308783, 0.9574565470529287, 0.6771202649505853, 0.8951976085159675, 0.0, 0.6636008142066229, 0.687336173582198, 0.6696348209756183, 0.6514039367647564, 0.6742657351299972, 0.7646491705768124, 1.0099194034821442, 1.0193377088324083, 0.9856579805749737, 0.6646893143695507, 0.9415389310119985, 0.8483854281566673, 0.9350249156857963, 1.0078552091068598, 0.8519797448591149, 1.0429751963137495, 0.9846590312453182, 1.0076405607533059]"
gpt_4zero46.txt,84512,0.8638497591018677,88.3,9.54,0.5405035278398362,"[0.7200492846865743, 0.0, 0.0, 0.0, 0.7321856622335728, 0.0, 0.0, 0.0, 0.0, 1.0466677968105536, 0.8142999582362711, 0.7423856207198396, 0.0, 0.0, 0.7393348241668285, 0.8217405713583229, 0.8996220344601126, 0.7262763754762649, 1.1087376513146414, 0.8933212887377718, 0.7344571092488139, 0.0, 0.0, 0.0, 1.0905924719780784, 0.7252809066272806, 0.7257346371603945, 0.7311268011226869, 0.0, 0.7239872824163545, 0.0, 0.0, 0.793079269604351, 1.0058697961020613, 0.7273388982099739, 0.9906230623433124, 0.7247229592901031, 0.9024671343912918, 0.8436833275672478, 1.117763870841348, 1.0792960463292378]"
gpt_4zero47.txt,65074,0.918367326259613,89.96,49.67,0.5966880294660383,"[0.7397204201658856, 0.8905347109920038, 0.9478494376082867, 0.847038278925984, 0.7137565122967396, 0.7306751732250885, 0.0, 0.6506280999283782, 0.9598063714883603, 0.0, 0.7096180809363135, 0.7369361473068726, 0.7451907851825031, 0.9783167240445078, 0.0, 0.7178252825496831, 0.0, 0.0, 0.0, 0.7607162298891897, 0.7085440643565932, 0.736406443829925, 0.7374375351682002, 0.0, 0.0, 0.0, 0.9859100482067407, 0.7297678245980099, 0.7257504947916704, 0.76505771248583, 0.7238685405108295, 0.7111633044888818, 0.0, 0.8881524395944776, 0.8018190640997499, 0.710124097420165, 0.9089614955934252, 0.7227157375196674, 0.9551319880772442, 0.8146664151483345, 0.7101197476780305]"
gpt_4zero48.txt,48257,0.8659793734550476,86.74,29.34,0.4489272689580046,"[0.6922157417930493, 0.7963843514557131, 0.6177277881784582, 0.0, 0.7797595884643725, 0.9428454548779089, 0.6530238715658978, 0.0, 0.7602602040403718, 0.0, 0.0, 0.0, 0.6327128065902244, 0.0, 0.0, 0.9180943097822728, 0.6232672536678012, 0.0, 0.0, 0.6243085823244743, 0.7445224247930736, 0.0, 0.0, 0.0, 0.7781074872436193, 0.0, 0.7780258676187509, 0.0, 0.8634584249871521, 0.0, 0.0, 0.6121062735708909, 0.9595728554219345, 0.0, 0.7914661892787983, 0.9151549326897949, 0.6174662690320695, 0.9161904908758934, 0.7110479347608276, 0.7874614593052256, 0.8908374649596114]"
gpt_4zero49.txt,32302,0.8697916865348816,87.93,31.92,0.6812856837353988,"[0.0, 0.7944768801517487, 0.7944768801517487, 0.0, 0.7944768801517487, 0.7944768801517487, 0.0, 0.0, 0.7944768801517487, 1.0975326801958298, 0.0, 1.067401647379593, 0.8569367604369625, 0.7944768801517487, 0.7944768801517487, 0.7944768801517487, 0.0, 0.0, 0.7944768801517487, 0.0, 0.7944768801517487, 0.9115305629527829, 1.0975326801958298, 0.7944768801517487, 0.0, 0.7944768801517487, 0.0, 0.7944768801517487, 0.7944768801517487, 0.7944768801517487, 0.9986449447110786, 1.1183363770523096, 0.7944768801517487, 1.0975326801958298, 0.9555769630771885, 1.067401647379593, 0.7944768801517487, 0.9115305629527829, 1.067401647379593, 1.0817142364664216, 1.0975326801958298]"
gpt_4zero5.txt,152661,0.9019607901573181,91.6,42.76,0.7520780743088388,"[0.7504770616914263, 0.7581674017468103, 0.669582745193993, 0.7570390597346904, 0.5769367878495355, 1.0001100702158292, 0.7582180426825205, 0.6488106048033138, 0.7853822617289574, 0.7411634021273328, 0.6557625063424367, 0.6079374844734019, 0.7519873834987704, 0.8622550249766738, 0.684348427821737, 0.691822266276121, 0.7270161362178388, 0.7489497229573133, 0.6204199269887603, 0.9426507821780715, 0.8052597216686375, 0.7561598637671549, 0.0, 0.6582233345559836, 0.8097914772516533, 0.7350342809558811, 0.7219097958204252, 0.9678202817522915, 0.7554497726530428, 0.6232309856774259, 0.7778770689258866, 0.6249724561990293, 1.0097024334032751, 0.9133799933158709, 0.8668120333995434, 0.9705475657249539, 0.7966901621305397, 0.7607160537892023, 0.7946749951383475, 0.9663402718273749, 0.7815713992003352]"
gpt_4zero6.txt,150304,0.8529411554336548,80.84,55.52,0.7947306346783332,"[0.766267197289254, 0.6793885169259589, 0.9645314718499597, 0.7103247890649108, 0.8999048953501375, 0.8459475315267134, 0.7904184452649777, 0.6896522357292922, 0.8207304534233391, 0.8334455279966128, 0.9632440515424413, 0.6731044987291349, 0.6226907093765395, 0.8073465384087661, 0.6729715395786809, 0.7458456238268212, 0.700828609698807, 0.7273086335333411, 0.7025624803232529, 0.7261702373263758, 0.6373105364125655, 0.7089821661407548, 0.9186475804514698, 0.6673317362982965, 0.8517581457225037, 0.7202402788210703, 0.97109642156088, 0.7556501023326956, 0.6908245901269867, 0.8986050803425457, 0.6607143576218176, 0.7907762011537128, 0.9409985505141807, 0.8331316752159652, 0.9134547121579278, 0.8347609612040409, 0.9487642795106874, 0.8395839167059236, 0.813039401872424, 0.9764763239726757, 0.8691250169072254]"
gpt_4zero7.txt,151003,0.9186602830886841,84.15,39.17,0.7413421663201638,"[0.7555671211785082, 0.9210022710378589, 0.7854298460145384, 0.9212607074499123, 0.836171971429262, 0.0, 0.7587271700098205, 0.741964311460959, 0.7657108029509936, 0.9797520795611512, 0.0, 0.7637764313438455, 0.7853600606758407, 0.7874874298005108, 0.7382194279437001, 0.7561947251798999, 0.7800151661036022, 0.7785744830796831, 0.754889086275899, 0.7556645528355834, 0.7479096560140014, 0.9388798482674939, 1.0510685590933442, 0.7919771417825017, 0.7881119454227612, 0.0, 0.731935436112194, 0.9833604170583049, 0.0, 0.7394583558399438, 0.7470171973312596, 0.7209068155352621, 0.9298814395571839, 0.753240107005055, 0.8151363414542314, 0.8995437683357742, 0.7598314910353763, 0.7245179471708373, 0.9164011156401132, 0.9533436043428326, 1.0367399877966696]"
gpt_4zero8.txt,151741,0.9396985173225403,93.46,40.67,0.7724647861756008,"[0.8188090797312998, 0.7973613795115828, 0.7922727598261009, 0.0, 1.0282551484723077, 0.7625838193767651, 0.716780515477861, 0.8185491483605872, 0.7100778683094024, 0.9340053979426418, 0.7351255904535792, 0.7345804658601562, 0.7288432465278197, 1.063433088687447, 0.7454320515228473, 1.0060829878662216, 0.7536286001413126, 0.7775327676087734, 0.7347371829528941, 0.739900095781726, 0.7994825557795395, 0.8662349474024345, 0.7547171760637744, 0.726846776738049, 0.7677828623033104, 0.7664377026631419, 0.7758646225334936, 0.0, 0.7172458991714032, 0.7426589294552395, 0.0, 1.0332585511941883, 1.0353817263941563, 0.7451797995107141, 0.7414882511692108, 0.9575736265126975, 0.9319772329536886, 1.0765511360829807, 0.8220117844256788, 0.9454034617538788, 1.0669679966807188]"
gpt_4zero9.txt,150365,0.9292929172515869,82.62,35.7,0.7988733334100542,"[0.8433106660132375, 0.7608248004522166, 0.7619874261116585, 0.7485534848072889, 0.7942251134791505, 0.9370606866006225, 0.9663158583112853, 0.7721889911053389, 0.736506222131092, 0.7623120706534435, 0.7383522814586135, 0.8585208722329558, 0.749025386499065, 0.7894009381598133, 0.7500418209806097, 0.7634124922582619, 0.9835519087081485, 0.9721649476723163, 0.7270143221787008, 0.7362419790329948, 0.8761472502808612, 0.7365757658921757, 0.7499952855066395, 0.8008560252828545, 0.9706816651351508, 0.7743623436622169, 0.7630815240478397, 0.6826006504603394, 0.7458772259895179, 0.7509282379280371, 0.944763060080971, 0.7805095913722787, 0.7491437865369596, 0.0, 0.8955093635161243, 0.8643929895794001, 0.9356323132230179, 0.9518810366134677, 0.8890956233543554, 0.7913613917704198, 0.9493992707327872]"
