threshold,fpr,tpr,L,U
0.0,1.0,1.0,1.0,1.0
0.0008366481777067,0.9989,0.9998017660839792,0.9974780425059488,1.0021254896620095
0.0015972374301675,0.9979,0.999621553433051,0.9964111572862828,1.0028319495798197
0.0023578266826282,0.9969,0.9994413407821228,0.9955411066915756,1.0033415748726704
0.0031184159350891,0.9959,0.9992611281311948,0.9947761265823948,1.0037461296799948
0.0038790051875499,0.9949,0.9990809154802668,0.9940792275437595,1.0040826034167738
0.0046395944400106,0.9939,0.9989007028293386,0.9934310816426888,1.0043703240159887
0.0054001836924714,0.9929,0.9987204901784106,0.9928200783261336,1.0046209020306875
0.0061607729449321,0.9919,0.9985402775274824,0.9922385956474348,1.0048419594075302
0.0069213621973929,0.9909,0.9983600648765544,0.9916813105467452,1.0050388192063633
0.0076819514498536,0.9899,0.9981798522256262,0.9911443313018884,1.005215373149364
0.0084425407023144,0.9889,0.9979996395746982,0.9906247104002212,1.005374568749175
0.0092031299547752,0.9879,0.99781942692377,0.9901201518683806,1.0055187019791594
0.0099637192072359,0.9869,0.997639214272842,0.989628825841666,1.005649602704018
0.0107243084596967,0.9859,0.9974590016219138,0.9891492459306864,1.0057687573131413
0.0114848977121574,0.9849,0.9972787889709858,0.9886801851966952,1.0058773927452764
0.0122454869646182,0.9839,0.9970985763200576,0.9882206168429936,1.0059765357971218
0.0130060762170789,0.9829,0.9969183636691296,0.9877696712775726,1.0060670560606866
0.0137666654695397,0.9819,0.9967381510182014,0.9873266043406324,1.0061496976957705
0.0145272547220005,0.9809,0.9965579383672734,0.9868907733411358,1.0062251033934109
0.0152878439744612,0.9799,0.9963777257163452,0.9864616186772456,1.006293832755445
0.016048433226922,0.9789,0.9961975130654172,0.986038649528142,1.0063563766026924
0.0168090224793827,0.9779,0.9960173004144892,0.9856214325663072,1.0064131682626711
0.0175696117318435,0.9769,0.995837087763561,0.9852095829456584,1.0064645925814637
0.0183302009843042,0.9759,0.9956568751126328,0.9848027570286056,1.00651099319666
0.019090790236765,0.9749,0.9954766624617049,0.98440064645868,1.0065526784647296
0.0198513794892258,0.9739,0.9952964498107768,0.9840029732864152,1.0065899263351383
0.0206119687416865,0.9729,0.9951162371598486,0.9836094859283696,1.0066229883913276
0.0213725579941473,0.9719,0.9949360245089204,0.9832199557915662,1.0066520932262748
0.022133147246608,0.9709,0.9947558118579924,0.982834174434124,1.0066774492818609
0.0228937364990688,0.9699,0.9945755992070644,0.9824519511615136,1.006699247252615
0.0236543257515295,0.9689,0.9943953865561362,0.9820731109794264,1.006717662132846
0.0244149150039904,0.9679,0.994215173905208,0.9816974928406432,1.006732854969773
0.0251755042564512,0.9669,0.99403496125428,0.9813249481358864,1.0067449743726735
0.0259360935089119,0.9659,0.993854748603352,0.980955339388388,1.006754157818316
0.0266966827613727,0.9649,0.9936745359524238,0.9805885391195398,1.006760532785308
0.0274572720138334,0.9639,0.9934943233014958,0.980224428858992,1.0067642177439995
0.0282178612662942,0.9629,0.9933141106505676,0.9798628982773304,1.0067653230238047
0.0289784505187549,0.9619,0.9931338979996396,0.9795038444232794,1.0067639515759996
0.0297390397712157,0.9609,0.9929536853487116,0.979147171050426,1.0067601996469968
0.0304996290236765,0.9599,0.9927734726977834,0.9787927880209566,1.0067541573746102
0.0312602182761372,0.9589,0.9925932600468552,0.9784406107758972,1.0067459093178135
0.032020807528598,0.9579,0.9924130473959272,0.9780905598630149,1.0067355349288396
0.0327813967810587,0.9569,0.9922328347449992,0.9777425605148852,1.006723108975113
0.0335419860335195,0.9559,0.992052622094071,0.9773965422707634,1.0067087019173786
0.0343025752859802,0.9549,0.9918724094431428,0.9770524386368218,1.006692380249464
0.035063164538441,0.9539,0.9916921967922148,0.9767101867801018,1.0066742068043275
0.0358237537909018,0.9529,0.9915119841412868,0.9763697272521806,1.006654241030393
0.0365843430433625,0.9519,0.9913317714903588,0.9760310037390952,1.006632539241622
0.0373449322958233,0.9509,0.9911515588394304,0.9756939628345432,1.006609154844318
0.038105521548284,0.9499,0.9909713461885024,0.9753585538337598,1.006584138543245
0.0388661108007448,0.9489,0.9907911335375744,0.9750247285458176,1.0065575385293313
0.0396267000532055,0.9479,0.9906109208866464,0.97469244112237,1.0065294006509224
0.0403872893056663,0.9469,0.990430708235718,0.9743616479011172,1.006499768570319
0.0411478785581271,0.9459,0.99025049558479,0.9740323072624713,1.0064686839071089
0.0419084678105878,0.9449,0.990070282933862,0.973704379498086,1.0064361863696378
0.0426690570630486,0.9439,0.989890070282934,0.9733778266900758,1.0064023138757918
0.0434296463155093,0.9429,0.9897098576320058,0.9730526125998762,1.0063671026641354
0.0441902355679701,0.9419,0.9895296449810776,0.9727287025658224,1.0063305873963329
0.0449508248204308,0.9409,0.9893494323301496,0.9724060634086268,1.0062928012516723
0.0457114140728917,0.9399,0.9891692196792214,0.9720846633440184,1.0062537760144246
0.0464720033253525,0.9389,0.9889890070282934,0.9717644719018984,1.0062135421546885
0.0472325925778132,0.9379,0.9888087943773652,0.9714454598514198,1.0061721289033103
0.047993181830274,0.9369,0.9886285817264372,0.9711275991314756,1.0061295643213988
0.0487537710827347,0.9359,0.988448369075509,0.9708108627861208,1.0060858753648971
0.0495143603351955,0.9349,0.988268156424581,0.9704952249045125,1.0060410879446495
0.0502749495876562,0.9339,0.9880879437736528,0.9701806605649784,1.0059952269823276
0.051035538840117,0.9329,0.9879077311227248,0.9698671457828832,1.0059483164625664
0.0517961280925778,0.9319,0.9877275184717969,0.9695546574619744,1.005900379481619
0.0525567173450385,0.9309,0.9875473058208686,0.9692431733489288,1.0058514382928083
0.0533173065974993,0.9299,0.9873670931699404,0.9689326719908496,1.0058015143490315
0.05407789584996,0.9289,0.9871868805190124,0.9686231326954804,1.0057506283425446
0.0548384851024208,0.9279,0.9870066678680844,0.9683145354939257,1.005698800242243
0.0555990743548816,0.9269,0.9868264552171564,0.9680068611056928,1.0056460493286197
0.0563596636073423,0.9259,0.986646242566228,0.9677000909058728,1.0055923942265834
0.0571202528598031,0.9249,0.9864660299153,0.9673942068943112,1.005537852936289
0.0578808421122638,0.9239,0.986285817264372,0.967089191666615,1.005482442862129
0.0586414313647246,0.9229,0.986105604613444,0.966785028386872,1.0054261808400158
0.0594020206171853,0.9219,0.9859253919625156,0.9664817007619516,1.0053690831630795
0.0601626098696461,0.9209,0.9857451793115876,0.9661791930172864,1.005311165605889
0.0609231991221069,0.9199,0.9855649666606596,0.96587748987402,1.0052524434472994
0.0616837883745676,0.9189,0.9853847540097316,0.96557657652744,1.005192931492023
0.0624443776270284,0.9179,0.9852045413588034,0.9652764386266008,1.0051326440910062
0.0632049668794891,0.9169,0.9850243287078752,0.9649770622550572,1.0050715951606934
0.0639655561319499,0.9159,0.9848441160569472,0.9646784339126424,1.005009798201252
0.0647261453844106,0.9149,0.9846639034060192,0.9643805404982128,1.0049472663138257
0.0654867346368714,0.9139,0.984483690755091,0.9640833692933052,1.004884012216877
0.0662473238893323,0.9129,0.9843034781041629,0.9637869079466432,1.0048200482616825
0.067007913141793,0.9119,0.9841232654532348,0.963491144459444,1.0047553864470258
0.0677685023942538,0.9109,0.9839430528023068,0.9631960671714682,1.0046900384331454
0.0685290916467145,0.9099,0.9837628401513786,0.9629016647477776,1.0046240155549797
0.0692896808991753,0.9089,0.9835826275004506,0.9626079261661482,1.004557328834753
0.070050270151636,0.9079,0.9834024148495224,0.9623148407051038,1.0044899889939412
0.0708108594040968,0.9069,0.9832222021985944,0.9620223979325332,1.0044220064646556
0.0715714486565576,0.9059,0.9830419895476662,0.9617305876948538,1.0043533914004787
0.0723320379090183,0.9049,0.982861776896738,0.9614394001066948,1.0042841536867817
0.073092627161479,0.9039,0.98268156424581,0.9611488255410628,1.0042143029505572
0.0738532164139398,0.9029,0.982501351594882,0.9608588546199708,1.0041438485697929
0.0746138056664006,0.9019,0.982321138943954,0.9605694782054968,1.004072799682411
0.0753743949188613,0.9009,0.9821409262930256,0.9602806873912516,1.0040011651947998
0.0761349841713221,0.8999,0.9819607136420976,0.959992473494236,1.0039289537899592
0.0768955734237828,0.8989,0.9817805009911696,0.9597048280470576,1.0038561739352814
0.0776561626762436,0.8979,0.9816002883402416,0.959417742790498,1.0037828338899852
0.0784167519287044,0.8969,0.9814200756893134,0.9591312096664018,1.0037089417122251
0.0791773411811652,0.8959,0.9812398630383852,0.9588452208108804,1.0036345052658904
0.0799379304336259,0.8949,0.9810596503874572,0.9585597685478034,1.003559532227111
0.0806985196860867,0.8939,0.9808794377365292,0.9582748453825712,1.0034840300904868
0.0814591089385474,0.8929,0.980699225085601,0.95799044399615,1.0034080061750523
0.0822196981910082,0.8919,0.9805190124346728,0.9577065572393544,1.0033314676299916
0.0829802874434689,0.8909,0.9803387997837448,0.9574231781273724,1.0032544214401171
0.0837408766959297,0.8899,0.9801585871328168,0.95714029983451,1.0031768744311236
0.0845014659483905,0.8889,0.9799783744818886,0.9568579156891536,1.0030988332746238
0.0852620552008512,0.8879,0.9797981618309606,0.956576019168934,1.0030203044929873
0.086022644453312,0.8869,0.9796179491800324,0.956294603896084,1.0029412944639808
0.0867832337057727,0.8859,0.9794377365291044,0.9560136636329828,1.002861809425226
0.0875438229582335,0.8849,0.9792575238781762,0.9557331922778703,1.002781855478482
0.0883044122106943,0.8839,0.9790773112272482,0.9554531838607344,1.002701438593762
0.089065001463155,0.8829,0.97889709857632,0.955173632539352,1.002620564613288
0.0898255907156158,0.8819,0.978716885925392,0.9548945325954862,1.002539239255298
0.0905861799680766,0.8809,0.9785366732744638,0.954615878431224,1.0024574681177036
0.0913467692205373,0.8799,0.9783564606235358,0.9543376645654555,1.0023752566816158
0.0921073584729981,0.8789,0.9781762479726076,0.9540598856304818,1.0022926103147336
0.0928679477254588,0.8779,0.9779960353216796,0.953782536368749,1.00220953427461
0.0936285369779196,0.8769,0.9778158226707516,0.953505611629705,1.002126033711798
0.0943891262303803,0.8759,0.9776356100198234,0.9532291063667668,1.0020421136728797
0.0951497154828411,0.8749,0.9774553973688952,0.952953015634401,1.0019577791033896
0.0959103047353019,0.8739,0.9772751847179671,0.9526773345853052,1.001873034850629
0.0966708939877626,0.8729,0.9770949720670392,0.9524020584676944,1.0017878856663838
0.0974314832402234,0.8719,0.976914759416111,0.9521271826226788,1.0017023362095432
0.0981920724926841,0.8709,0.9767345467651828,0.9518527024817364,1.0016163910486295
0.0989526617451449,0.8699,0.9765543341142549,0.9515786135642716,1.0015300546642385
0.0997132509976057,0.8689,0.9763741214633268,0.9513049114752592,1.0014433314513944
0.1004738402500665,0.8679,0.9761939088123986,0.9510315919029688,1.0013562257218285
0.1012344295025272,0.8669,0.9760136961614704,0.9507586506167652,1.0012687417061756
0.101995018754988,0.8659,0.9758334835105424,0.9504860834649862,1.001180883556099
0.1027556080074487,0.8649,0.9756532708596144,0.9502138863728862,1.0010926553463426
0.1035161972599095,0.8639,0.9754730582086862,0.9499420553406532,1.001004061076719
0.1042767865123702,0.8629,0.9752928455577582,0.9496705864414896,1.0009151046740268
0.105037375764831,0.8619,0.97511263290683,0.949399475819753,1.000825789993907
0.1057979650172918,0.8609,0.974932420255902,0.949128719689162,1.000736120822642
0.1065585542697525,0.8599,0.9747522076049738,0.9488583143310558,1.0006461008788918
0.1073191435222133,0.8589,0.9745719949540458,0.9485882560927134,1.0005557338153783
0.108079732774674,0.8579,0.9743917823031176,0.9483185413857216,1.0004650232205137
0.1088403220271348,0.8569,0.9742115696521896,0.9480491666844,1.0003739726199794
0.1096009112795955,0.8559,0.9740313570012616,0.9477801285242694,1.0002825854782538
0.1103615005320564,0.8549,0.9738511443503334,0.9475114235005736,1.000190865200093
0.1111220897845171,0.8539,0.9736709316994052,0.9472430482668436,1.0000988151319672
0.1118826790369779,0.8529,0.9734907190484772,0.946974999533505,1.0000064385634493
0.1126432682894386,0.8519,0.9733105063975492,0.946707274066532,0.999913738728566
0.1134038575418994,0.8509,0.973130293746621,0.9464398686861382,0.9998207188071038
0.1141644467943601,0.8499,0.9729500810956928,0.946172780265508,0.9997273819258776
0.1149250360468209,0.8489,0.9727698684447648,0.9459060057295672,0.9996337311599623
0.1156856252992817,0.8479,0.9725896557938368,0.9456395420537886,0.9995397695338848
0.1164462145517424,0.8469,0.9724094431429088,0.9453733862630332,0.9994455000227842
0.1172068038042032,0.8459,0.9722292304919804,0.9451075354304252,0.999350925553536
0.1179673930566639,0.8449,0.9720490178410524,0.9448419866762614,0.9992560490058436
0.1187279823091247,0.8439,0.9718688051901244,0.944576737166949,0.9991608732132996
0.1194885715615854,0.8429,0.9716885925391964,0.9443117841139776,0.9990654009644148
0.1202491608140462,0.8419,0.971508379888268,0.9440471247729167,0.9989696350036196
0.121009750066507,0.8409,0.97132816723734,0.9437827564424456,0.9988735780322344
0.1217703393189678,0.8399,0.971147954586412,0.943518676463407,0.9987772327094168
0.1225309285714285,0.8389,0.970967741935484,0.9432548822178904,0.9986806016530771
0.1232915178238893,0.8379,0.9707875292845558,0.9429913711283384,0.9985836874407732
0.12405210707635,0.8369,0.9706073166336276,0.9427281406566784,0.9984864926105768
0.1248126963288108,0.8359,0.9704271039826996,0.9424651883034812,0.998389019661918
0.1255732855812715,0.8349,0.9702468913317714,0.942202511607136,0.9982912710564068
0.1263338748337323,0.8339,0.9700666786808434,0.9419401081430556,0.9981932492186312
0.1270944640861931,0.8329,0.9698864660299154,0.9416779755228972,0.9980949565369336
0.1278550533386538,0.8319,0.9697062533789872,0.9414161113938058,0.9979963953641686
0.1286156425911146,0.8309,0.9695260407280591,0.9411545134376804,0.9978975680184378
0.1293762318435753,0.8299,0.969345828077131,0.9408931793704558,0.9977984767838062
0.1301368210960361,0.8289,0.9691656154262028,0.9406321069414052,0.9976991239110006
0.1308974103484969,0.8279,0.9689854027752748,0.9403712939324615,0.997599511618088
0.1316579996009577,0.8269,0.9688051901243468,0.9401107381575554,0.997499642091138
0.1324185888534184,0.8259,0.9686249774734186,0.9398504374619706,0.9973995174848664
0.1331791781058792,0.8249,0.9684447648224904,0.9395903897217172,0.997299139923264
0.1339397673583399,0.8239,0.9682645521715624,0.9393305928429184,0.9971985115002068
0.1347003566108007,0.8229,0.9680843395206344,0.9390710447612154,0.9970976342800532
0.1354609458632614,0.8219,0.9679041268697064,0.9388117434411866,0.996996510298226
0.1362215351157222,0.8209,0.967723914218778,0.93855268687578,0.9968951415617764
0.136982124368183,0.8199,0.96754370156785,0.9382938730857624,0.9967935300499376
0.1377427136206437,0.8189,0.967363488916922,0.93803530011918,0.9966916777146638
0.1385033028731045,0.8179,0.967183276265994,0.9377769660508336,0.996589586481154
0.1392638921255652,0.8169,0.9670030636150656,0.9375188689817664,0.9964872582483648
0.140024481378026,0.8159,0.9668228509641376,0.9372610070387652,0.9963846948895102
0.1407850706304867,0.8149,0.9666426383132096,0.9370033783738708,0.9962818982525484
0.1415456598829476,0.8139,0.9664624256622816,0.9367459811639048,0.996178870160658
0.1423062491354083,0.8129,0.9662822130113534,0.9364888136100048,0.996075612412702
0.1430668383878691,0.8119,0.9661020003604252,0.9362318739371698,0.9959721267836807
0.1438274276403298,0.8109,0.9659217877094972,0.9359751603938204,0.995868415025174
0.1445880168927906,0.8099,0.9657415750585692,0.9357186712513657,0.9957644788657726
0.1453486061452513,0.8089,0.965561362407641,0.9354624048037812,0.9956603200115008
0.1461091953977121,0.8079,0.9653811497567129,0.9352063593671992,0.9955559401462264
0.1468697846501729,0.8069,0.9652009371057848,0.934950533279505,0.9954513409320648
0.1476303739026336,0.8059,0.9650207244548568,0.9346949248999444,0.9953465240097692
0.1483909631550944,0.8049,0.9648405118039286,0.9344395326087408,0.9952414909991164
0.1491515524075551,0.8039,0.9646602991530006,0.934184354806721,0.99513624349928
0.1499121416600159,0.8029,0.9644800865020724,0.9339293899149466,0.9950307830891982
0.1506727309124766,0.8019,0.9642998738511444,0.9336746363743592,0.9949251113279296
0.1514333201649374,0.8009,0.9641196612002164,0.9334200926454278,0.9948192297550048
0.1521939094173982,0.7999,0.963939448549288,0.9331657572078093,0.9947131398907672
0.152954498669859,0.7989,0.96375923589836,0.9329116285600128,0.9946068432367074
0.1537150879223197,0.7979,0.963579023247432,0.9326577052190732,0.9945003412757906
0.1544756771747805,0.7969,0.963398810596504,0.9324039857202326,0.9943936354727752
0.1552362664272412,0.7959,0.9632185979455756,0.932150468616626,0.9942867272745254
0.155996855679702,0.7949,0.9630383852946476,0.931897152478978,0.9941796181103174
0.1567574449321627,0.7939,0.9628581726437196,0.9316440358953016,0.9940723093921376
0.1575180341846235,0.7929,0.9626779599927916,0.9313911174706078,0.9939648025149752
0.1582786234370843,0.7919,0.9624977473418634,0.9311383958266184,0.9938570988571084
0.159039212689545,0.7909,0.9623175346909352,0.9308858696014868,0.9937491997803838
0.1597998019420058,0.7899,0.9621373220400072,0.9306335374495234,0.9936411066304912
0.1605603911944665,0.7889,0.9619571093890792,0.930381398040928,0.99353282073723
0.1613209804469273,0.7879,0.961776896738151,0.930129450061528,0.993424343414774
0.162081569699388,0.7869,0.9615966840872228,0.9298776922125208,0.9933156759619248
0.1628421589518489,0.7859,0.9614164714362948,0.9296261232102228,0.9932068196623668
0.1636027482043096,0.7849,0.9612362587853668,0.9293747417858228,0.9930977757849104
0.1643633374567704,0.7839,0.9610560461344386,0.9291235466851422,0.9929885455837352
0.1651239267092311,0.7829,0.9608758334835106,0.928872536668398,0.9928791302986232
0.1658845159616919,0.7819,0.9606956208325824,0.9286217105099718,0.9927695311551932
0.1666451052141526,0.7809,0.9605154081816544,0.9283710669981844,0.9926597493651244
0.1674056944666134,0.7799,0.9603351955307262,0.9281206049350724,0.99254978612638
0.1681662837190742,0.7789,0.9601549828797982,0.9278703231361736,0.9924396426234228
0.1689268729715349,0.7779,0.95997477022887,0.9276202204303108,0.9923293200274292
0.1696874622239957,0.7769,0.959794557577942,0.9273702956593868,0.9922188194964972
0.1704480514764564,0.7759,0.9596143449270138,0.9271205476781776,0.99210814217585
0.1712086407289172,0.7749,0.9594341322760858,0.9268709753541337,0.991997289198038
0.1719692299813779,0.7739,0.9592539196251576,0.926621577567183,0.9918862616831324
0.1727298192338387,0.7729,0.9590737069742296,0.9263723532095388,0.9917750607389202
0.1734904084862995,0.7719,0.9588934943233016,0.9261233011855122,0.9916636874610908
0.1742509977387603,0.7709,0.9587132816723734,0.9258744204113252,0.9915521429334216
0.175011586991221,0.7699,0.9585330690214452,0.9256257098149316,0.991440428227959
0.1757721762436818,0.7689,0.9583528563705171,0.9253771683358386,0.991328544405196
0.1765327654961425,0.7679,0.9581726437195892,0.9251287949249316,0.9912164925142464
0.1772933547486033,0.7669,0.957992431068661,0.924880588544306,0.9911042735930162
0.1780539440010641,0.7659,0.9578122184177328,0.924632548167096,0.9909918886683698
0.1788145332535248,0.7649,0.9576320057668049,0.9243846727773138,0.990879338756296
0.1795751225059856,0.7639,0.9574517931158768,0.924136961369686,0.9907666248620672
0.1803357117584463,0.7629,0.9572715804649486,0.9238894129494972,0.9906537479804
0.1810963010109071,0.7619,0.9570913678140204,0.9236420265324328,0.9905407090956082
0.1818568902633678,0.7609,0.9569111551630924,0.923394801144429,0.990427509181756
0.1826174795158286,0.7599,0.9567309425121644,0.9231477358215218,0.990314149202807
0.1833780687682894,0.7589,0.9565507298612362,0.9229008296097012,0.9902006301127712
0.1841386580207502,0.7579,0.9563705172103082,0.9226540815647676,0.9900869528558488
0.1848992472732109,0.7569,0.95619030455938,0.9224074907521896,0.9899731183665704
0.1856598365256717,0.7559,0.956010091908452,0.9221610562469668,0.9898591275699372
0.1864204257781324,0.7549,0.9558298792575238,0.921914777133492,0.9897449813815556
0.1871810150305932,0.7539,0.9556496666065958,0.9216686525054204,0.9896306807077712
0.1879416042830539,0.7529,0.9554694539556676,0.921422681465535,0.9895162264458004
0.1887021935355147,0.7519,0.9552892413047396,0.9211768631256207,0.9894016194838584
0.1894627827879755,0.7509,0.9551090286538116,0.9209311966063372,0.989286860701286
0.1902233720404362,0.7499,0.9549288160028834,0.9206856810370934,0.9891719509686734
0.190983961292897,0.7489,0.9547486033519552,0.920440315555928,0.9890568911479828
0.1917445505453577,0.7479,0.9545683907010272,0.9201950993093876,0.9889416820926668
0.1925051397978185,0.7469,0.9543881780500992,0.9199500314524108,0.9888263246477874
0.1932657290502792,0.7459,0.954207965399171,0.9197051111482112,0.9887108196501307
0.1940263183027401,0.7449,0.9540277527482428,0.9194603375681653,0.9885951679283206
0.1947869075552008,0.7439,0.9538475400973148,0.9192157098916998,0.9884793703029298
0.1955474968076616,0.7429,0.9536673274463868,0.9189712273061834,0.98836342758659
0.1963080860601223,0.7419,0.9534871147954588,0.918726889006818,0.9882473405840992
0.1970686753125831,0.7409,0.9533069021445304,0.9184826941965336,0.9881311100925272
0.1978292645650438,0.7399,0.9531266894936024,0.9182386420858848,0.9880147369013202
0.1985898538175046,0.7389,0.9529464768426744,0.917994731892947,0.9878982217924016
0.1993504430699654,0.7379,0.9527662641917464,0.9177509628432186,0.987781565540274
0.2001110323224261,0.7369,0.9525860515408182,0.91750733416952,0.9876647689121164
0.2008716215748869,0.7359,0.95240583888989,0.9172638451118984,0.9875478326678818
0.2016322108273476,0.7349,0.952225626238962,0.917020494917531,0.987430757560393
0.2023928000798084,0.7339,0.952045413588034,0.9167772828406328,0.987313544335435
0.2031533893322691,0.7329,0.9518652009371058,0.9165342081423632,0.9871961937318484
0.2039139785847299,0.7319,0.9516849882861776,0.9162912700907364,0.9870787064816188
0.2046745678371907,0.7309,0.9515047756352496,0.916048467960532,0.9869610833099672
0.2054351570896515,0.7299,0.9513245629843214,0.9158058010332064,0.9868433249354366
0.2061957463421122,0.7289,0.9511443503333934,0.9155632685968088,0.986725432069978
0.206956335594573,0.7279,0.9509641376824652,0.9153208699458952,0.9866074054190356
0.2077169248470337,0.7269,0.9507839250315372,0.9150786043814444,0.98648924568163
0.2084775140994945,0.7259,0.9506037123806091,0.9148364712107784,0.9863709535504398
0.2092381033519553,0.7249,0.950423499729681,0.9145944697474792,0.9862525297118828
0.209998692604416,0.7239,0.9502432870787528,0.9143525993113112,0.9861339748461946
0.2107592818568768,0.7229,0.9500630744278248,0.9141108592281426,0.986015289627507
0.2115198711093375,0.7219,0.9498828617768968,0.9138692488298692,0.9858964747239244
0.2122804603617983,0.7209,0.9497026491259686,0.913627767454338,0.9857775307975992
0.213041049614259,0.7199,0.9495224364750404,0.9133864144452738,0.9856584585048072
0.2138016388667198,0.7189,0.9493422238241124,0.913145189152206,0.9855392584960192
0.2145622281191806,0.7179,0.9491620111731844,0.9129040909303956,0.985419931415973
0.2153228173716413,0.7169,0.9489817985222564,0.9126631191407668,0.9853004779037456
0.2160834066241021,0.7159,0.948801585871328,0.9124222731498348,0.9851808985928217
0.2168439958765629,0.7149,0.9486213732204,0.9121815523296384,0.9850611941111618
0.2176045851290236,0.7139,0.948441160569472,0.9119409560576728,0.9849413650812712
0.2183651743814844,0.7129,0.948260947918544,0.9117004837168228,0.984821412120265
0.2191257636339451,0.7119,0.9480807352676156,0.9114601346952974,0.984701335839934
0.2198863528864059,0.7109,0.9479005226166876,0.9112199083865656,0.9845811368468096
0.2206469421388667,0.7099,0.9477203099657596,0.9109798041892934,0.984460815742226
0.2214075313913274,0.7089,0.9475400973148316,0.9107398215072796,0.9843403731223832
0.2221681206437882,0.7079,0.9473598846639034,0.910499959749398,0.9842198095784088
0.2229287098962489,0.7069,0.9471796720129751,0.9102602183295324,0.984099125696418
0.2236892991487097,0.7059,0.9469994593620472,0.9100205966665212,0.9839783220575732
0.2244498884011704,0.7049,0.9468192467111192,0.9097810941840958,0.9838573992381424
0.2252104776536312,0.7039,0.946639034060191,0.9095417103108244,0.9837363578095576
0.225971066906092,0.7029,0.946458821409263,0.909302444480055,0.9836151983384708
0.2267316561585527,0.7019,0.9462786087583348,0.9090632961298584,0.9834939213868112
0.2274922454110135,0.7009,0.9460983961074068,0.9088242647029748,0.9833725275118388
0.2282528346634743,0.6999,0.9459181834564786,0.908585349646757,0.9832510172662002
0.229013423915935,0.6989,0.9457379708055506,0.9083465504131196,0.9831293911979816
0.2297740131683958,0.6979,0.9455577581546224,0.9081078664584836,0.9830076498507612
0.2305346024208566,0.6969,0.9453775455036943,0.9078692972437272,0.9828857937636614
0.2312951916733173,0.6959,0.9451973328527664,0.9076308422341324,0.9827638234714
0.2320557809257781,0.6949,0.945017120201838,0.9073925008993352,0.9826417395043412
0.2328163701782388,0.6939,0.94483690755091,0.9071542727132764,0.9825195423885438
0.2335769594306996,0.6929,0.944656694899982,0.9069161571541522,0.9823972326458116
0.2343375486831603,0.6919,0.944476482249054,0.9066781537043664,0.9822748107937416
0.2350981379356211,0.6909,0.9442962695981256,0.9064402618504818,0.9821522773457696
0.2358587271880819,0.6899,0.9441160569471976,0.906202481083175,0.9820296328112204
0.2366193164405426,0.6889,0.9439358442962696,0.9059648108971886,0.9819068776953505
0.2373799056930034,0.6879,0.9437556316453416,0.9057272507912868,0.981784012499396
0.2381404949454642,0.6869,0.9435754189944134,0.9054898002682102,0.9816610377206166
0.2389010841979249,0.6859,0.9433952063434852,0.9052524588346312,0.9815379538523394
0.2396616734503857,0.6849,0.9432149936925572,0.9050152260011108,0.9814147613840036
0.2404222627028464,0.6839,0.9430347810416292,0.9047781012820558,0.9812914608012024
0.2411828519553072,0.6829,0.942854568390701,0.9045410841956764,0.9811680525857256
0.241943441207768,0.6819,0.942674355739773,0.9043041742639442,0.9810445372156018
0.2427040304602287,0.6809,0.9424941430888448,0.9040673710125504,0.9809209151651392
0.2434646197126895,0.6799,0.9423139304379168,0.9038306739708676,0.980797186904966
0.2442252089651502,0.6789,0.9421337177869886,0.903594082671906,0.9806733529020712
0.244985798217611,0.6779,0.9419535051360606,0.9033575966522782,0.9805494136198428
0.2457463874700718,0.6769,0.9417732924851324,0.9031212154521566,0.9804253695181082
0.2465069767225325,0.6759,0.9415930798342044,0.9028849386152376,0.9803012210531712
0.2472675659749933,0.6749,0.9414128671832762,0.902648765688702,0.9801769686778504
0.248028155227454,0.6739,0.9412326545323482,0.9024126962231792,0.980052612841517
0.2487887444799148,0.6729,0.94105244188142,0.9021767297727096,0.9799281539901308
0.2495493337323756,0.6719,0.940872229230492,0.901940865894707,0.9798035925662768
0.2503099229848363,0.6709,0.940692016579564,0.9017051041499264,0.9796789290092014
0.2510705122372971,0.6699,0.9405118039286358,0.9014694441024246,0.9795541637548468
0.2518311014897579,0.6689,0.9403315912777076,0.9012338853195284,0.9794292972358872
0.2525916907422186,0.6679,0.9401513786267796,0.900998427371798,0.979304329881761
0.2533522799946794,0.6669,0.9399711659758516,0.9007630698329956,0.9791792621187076
0.2541128692471401,0.6659,0.9397909533249234,0.9005278122800486,0.979054094369798
0.2548734584996009,0.6649,0.9396107406739952,0.9002926542930206,0.97892882705497
0.2556340477520616,0.6639,0.9394305280230671,0.9000575954550752,0.9788034605910592
0.2563946370045225,0.6629,0.9392503153721392,0.8998226353524461,0.978677995391832
0.2571552262569832,0.6619,0.939070102721211,0.899587773574405,0.9785524318680172
0.257915815509444,0.6609,0.9388898900702828,0.8993530097132294,0.9784267704273364
0.2586764047619047,0.6599,0.9387096774193548,0.8991183433641734,0.9783010114745364
0.2594369940143655,0.6589,0.9385294647684268,0.8988837741254352,0.9781751554114182
0.2601975832668262,0.6579,0.9383492521174986,0.8986493015981293,0.978049202636868
0.260958172519287,0.6569,0.9381690394665704,0.8984149253862547,0.9779231535468864
0.2617187617717478,0.6559,0.9379888268156424,0.8981806450966674,0.9777970085346176
0.2624793510242085,0.6549,0.9378086141647144,0.8979464603390503,0.9776707679903784
0.2632399402766693,0.6539,0.9376284015137862,0.8977123707258853,0.9775444323016872
0.26400052952913,0.6529,0.9374481888628582,0.897478375872425,0.9774180018532914
0.2647611187815908,0.6519,0.93726797621193,0.8972444753966649,0.9772914770271952
0.2655217080340515,0.6509,0.937087763561002,0.8970106689193159,0.977164858202688
0.2662822972865123,0.6499,0.936907550910074,0.8967769560637778,0.97703814575637
0.2670428865389731,0.6489,0.9367273382591458,0.8965433364561113,0.9769113400621804
0.2678034757914339,0.6479,0.9365471256082176,0.8963098097250134,0.976784441491422
0.2685640650438946,0.6469,0.9363669129572896,0.8960763755017895,0.9766574504127896
0.2693246542963554,0.6459,0.9361867003063616,0.8958430334203294,0.9765303671923936
0.2700852435488161,0.6449,0.9360064876554334,0.8956097831170804,0.9764031921937864
0.2708458328012769,0.6439,0.9358262750045052,0.8953766242310235,0.9762759257779872
0.2716064220537376,0.6429,0.9356460623535772,0.8951435564036476,0.9761485683035068
0.2723670113061984,0.6419,0.9354658497026492,0.894910579278926,0.9760211201263722
0.2731276005586592,0.6409,0.9352856370517212,0.8946776925032915,0.9758935816001506
0.2738881898111199,0.6399,0.9351054244007928,0.8944448957256128,0.975765953075973
0.2746487790635807,0.6389,0.9349252117498648,0.8942121885971716,0.9756382349025582
0.2754093683160414,0.6379,0.9347449990989368,0.8939795707716379,0.9755104274262356
0.2761699575685022,0.6369,0.9345647864480088,0.893747041905049,0.9753825309909684
0.2769305468209629,0.6359,0.9343845737970804,0.8935146016557848,0.9752545459383762
0.2776911360734237,0.6349,0.9342043611461524,0.8932822496845472,0.9751264726077578
0.2784517253258845,0.6339,0.9340241484952244,0.8930499856543365,0.974998311336112
0.2792123145783453,0.6329,0.9338439358442964,0.8928178092304306,0.974870062458162
0.279972903830806,0.6319,0.9336637231933682,0.8925857200803631,0.9747417263063732
0.2807334930832668,0.6309,0.93348351054244,0.8923537178739014,0.9746133032109788
0.2814940823357275,0.6299,0.933303297891512,0.8921218022830268,0.9744847934999972
0.2822546715881883,0.6289,0.9331230852405838,0.8918899729819126,0.9743561974992552
0.2830152608406491,0.6279,0.9329428725896558,0.8916582296469044,0.9742275155324072
0.2837758500931098,0.6269,0.9327626599387276,0.891426571956499,0.9740987479209564
0.2845364393455706,0.6259,0.9325824472877996,0.8911949995913251,0.973969894984274
0.2852970285980313,0.6249,0.9324022346368714,0.8909635122341226,0.9738409570396204
0.2860576178504921,0.6239,0.9322220219859434,0.8907321095697245,0.9737119344021624
0.2868182071029528,0.6229,0.9320418093350152,0.8905007912850355,0.9735828273849952
0.2875787963554136,0.6219,0.9318615966840872,0.8902695570690144,0.97345363629916
0.2883393856078744,0.6209,0.9316813840331593,0.8900384066126552,0.9733243614536632
0.2890999748603352,0.6199,0.931501171382231,0.8898073396089674,0.9731950031554946
0.2898605641127959,0.6189,0.9313209587313028,0.8895763557529586,0.9730655617096472
0.2906211533652567,0.6179,0.9311407460803748,0.8893454547416154,0.9729360374191344
0.2913817426177174,0.6169,0.9309605334294468,0.8891146362738861,0.9728064305850074
0.2921423318701782,0.6159,0.9307803207785188,0.8888839000506628,0.9726767415063746
0.292902921122639,0.6149,0.9306001081275904,0.8886532457747628,0.9725469704804184
0.2936635103750997,0.6139,0.9304198954766624,0.8884226731509132,0.9724171178024118
0.2944240996275605,0.6129,0.9302396828257344,0.8881921818857313,0.9722871837657372
0.2951846888800212,0.6119,0.9300594701748064,0.88796177168771,0.9721571686619026
0.295945278132482,0.6109,0.929879257523878,0.8877314422671986,0.9720270727805576
0.2967058673849427,0.6099,0.92969904487295,0.8875011933363885,0.9718968964095116
0.2974664566374035,0.6089,0.929518832222022,0.8872710246092952,0.9717666398347488
0.2982270458898643,0.6079,0.929338619571094,0.8870409358017424,0.9716363033404454
0.298987635142325,0.6069,0.9291584069201658,0.8868109266313466,0.971505887208985
0.2997482243947858,0.6059,0.9289781942692376,0.8865809968175005,0.9713753917209748
0.3005088136472466,0.6049,0.9287979816183096,0.8863511460813577,0.9712448171552616
0.3012694028997073,0.6039,0.9286177689673816,0.886121374145817,0.971114163788946
0.3020299921521681,0.6029,0.9284375563164534,0.8858916807355076,0.9709834318973992
0.3027905814046288,0.6019,0.9282573436655251,0.885662065576773,0.9708526217542776
0.3035511706570896,0.6009,0.9280771310145972,0.885432528397657,0.9707217336315376
0.3043117599095504,0.5999,0.9278969183636692,0.885203068927888,0.9705907677994504
0.3050723491620111,0.5989,0.927716705712741,0.8849736868988652,0.9704597245266168
0.3058329384144719,0.5979,0.927536493061813,0.8847443820436438,0.970328604079982
0.3065935276669326,0.5969,0.9273562804108848,0.88451515409692,0.9701974067248496
0.3073541169193934,0.5959,0.9271760677599568,0.8842860027950183,0.9700661327248952
0.3081147061718541,0.5949,0.9269958551090286,0.8840569278758758,0.9699347823421814
0.3088752954243149,0.5939,0.9268156424581006,0.88382792907903,0.9698033558371713
0.3096358846767757,0.5929,0.9266354298071724,0.8835990061456034,0.9696718534687414
0.3103964739292364,0.5919,0.9264552171562443,0.8833701588182918,0.9695402754941967
0.3111570631816972,0.5909,0.9262750045053164,0.8831413868413494,0.9694086221692833
0.311917652434158,0.5899,0.926094791854388,0.8829126899605759,0.9692768937482004
0.3126782416866187,0.5889,0.92591457920346,0.8826840679233044,0.9691450904836156
0.3134388309390795,0.5879,0.925734366552532,0.8824555204783869,0.969013212626677
0.3141994201915403,0.5869,0.925554153901604,0.8822270473761826,0.9688812604270252
0.314960009444001,0.5859,0.9253739412506756,0.8819986483685445,0.968749234132807
0.3157205986964618,0.5849,0.9251937285997476,0.8817703232088078,0.9686171339906876
0.3164811879489225,0.5839,0.9250135159488196,0.8815420716517763,0.968484960245863
0.3172417772013833,0.5829,0.9248333032978916,0.8813138934537108,0.9683527131420722
0.318002366453844,0.5819,0.9246530906469634,0.8810857883723173,0.9682203929216096
0.3187629557063048,0.5809,0.9244728779960352,0.8808577561667341,0.9680879998253364
0.3195235449587656,0.5799,0.9242926653451072,0.8806297965975206,0.967955534092694
0.3202841342112263,0.5789,0.9241124526941792,0.8804019094266451,0.9678229959617132
0.3210447234636871,0.5779,0.923932240043251,0.8801740944174737,0.9676903856690284
0.3218053127161479,0.5769,0.923752027392323,0.8799463513347583,0.9675577034498876
0.3225659019686087,0.5759,0.9235718147413948,0.8797186799446252,0.9674249495381644
0.3233264912210694,0.5749,0.9233916020904668,0.8794910800145644,0.9672921241663692
0.3240870804735302,0.5739,0.9232113894395386,0.8792635513134177,0.9671592275656596
0.3248476697259909,0.5729,0.9230311767886106,0.8790360936113685,0.9670262599658528
0.3256082589784517,0.5719,0.9228509641376824,0.8788087066799298,0.966893221595435
0.3263688482309124,0.5709,0.9226707514867544,0.8785813902919348,0.966760112681574
0.3271294374833732,0.5699,0.9224905388358262,0.8783541442215246,0.9666269334501278
0.327890026735834,0.5689,0.9223103261848982,0.8781269682441392,0.9664936841256572
0.3286506159882947,0.5679,0.92213011353397,0.8778998621365057,0.9663603649314344
0.3294112052407555,0.5669,0.921949900883042,0.8776728256766289,0.9662269760894552
0.3301717944932162,0.5659,0.921769688232114,0.8774458586437806,0.9660935178204472
0.330932383745677,0.5649,0.9215894755811858,0.8772189608184894,0.965959990343882
0.3316929729981377,0.5639,0.9214092629302576,0.8769921319825312,0.9658263938779842
0.3324535622505985,0.5629,0.9212290502793296,0.8767653719189183,0.9656927286397408
0.3332141515030593,0.5619,0.9210488376284016,0.8765386804118906,0.9655589948449124
0.33397474075552,0.5609,0.9208686249774732,0.8763120572469052,0.9654251927080416
0.3347353300079808,0.5599,0.9206884123265452,0.8760855022106269,0.9652913224424636
0.3354959192604415,0.5589,0.9205081996756171,0.8758590150909188,0.9651573842603156
0.3362565085129023,0.5579,0.9203279870246892,0.8756325956768326,0.9650233783725456
0.3370170977653631,0.5569,0.920147774373761,0.8754062437585999,0.9648893049889222
0.3377776870178238,0.5559,0.9199675617228328,0.8751799591276219,0.964755164318044
0.3385382762702846,0.5549,0.9197873490719048,0.8749537415764613,0.9646209565673484
0.3392988655227453,0.5539,0.9196071364209768,0.8747275908988327,0.9644866819431208
0.3400594547752061,0.5529,0.9194269237700486,0.874501506889593,0.9643523406505042
0.3408200440276669,0.5519,0.9192467111191206,0.8742754893447343,0.9642179328935068
0.3415806332801276,0.5509,0.9190664984681924,0.8740495380613732,0.9640834588750116
0.3423412225325884,0.5499,0.9188862858172644,0.8738236528377434,0.9639489187967852
0.3431018117850491,0.5489,0.9187060731663362,0.873597833473186,0.9638143128594864
0.34386240103751,0.5479,0.9185258605154082,0.8733720797681424,0.963679641262674
0.3446229902899707,0.5469,0.91834564786448,0.873146391524144,0.963544904204816
0.3453835795424315,0.5459,0.918165435213552,0.8729207685438056,0.9634101018832985
0.3461441687948922,0.5449,0.917985222562624,0.8726952106308162,0.9632752344944316
0.346904758047353,0.5439,0.9178050099116958,0.8724697175899305,0.963140302233461
0.3476653472998137,0.5429,0.9176247972607676,0.8722442892269618,0.9630053052945736
0.3484259365522745,0.5419,0.9174445846098396,0.8720189253487729,0.9628702438709064
0.3491865258047353,0.5409,0.9172643719589116,0.8717936257632692,0.9627351181545538
0.349947115057196,0.5399,0.9170841593079834,0.8715683902793895,0.9625999283365771
0.3507077043096568,0.5389,0.9169039466570552,0.8713432187070996,0.962464674607011
0.3514682935621175,0.5379,0.9167237340061272,0.8711181108573833,0.962329357154871
0.3522288828145783,0.5369,0.9165435213551992,0.870893066542236,0.9621939761681624
0.352989472067039,0.5359,0.9163633087042712,0.8706680855746558,0.9620585318338865
0.3537500613194998,0.5349,0.9161830960533428,0.8704431677686367,0.9619230243380492
0.3545106505719606,0.5339,0.9160028834024148,0.8702183129391619,0.961787453865668
0.3552712398244213,0.5329,0.9158226707514868,0.8699935209021943,0.9616518206007793
0.3560318290768821,0.5319,0.9156424581005588,0.8697687914746719,0.9615161247264454
0.3567924183293429,0.5309,0.9154622454496304,0.8695441244744982,0.9613803664247628
0.3575530075818036,0.5299,0.9152820327987023,0.8693195197205367,0.9612445458768684
0.3583135968342644,0.5289,0.9151018201477744,0.8690949770326026,0.9611086632629462
0.3590741860867251,0.5279,0.9149216074968464,0.8688704962314566,0.960972718762236
0.3598347753391859,0.5269,0.9147413948459182,0.868646077138798,0.9608367125530384
0.3605953645916466,0.5259,0.91456118219499,0.868421719577257,0.9607006448127232
0.3613559538441074,0.5249,0.914380969544062,0.8681974233703887,0.9605645157177352
0.3621165430965682,0.5239,0.9142007568931338,0.8679731883426658,0.960428325443602
0.3628771323490289,0.5229,0.9140205442422058,0.8677490143194722,0.9602920741649394
0.3636377216014897,0.5219,0.9138403315912778,0.8675249011270962,0.9601557620554592
0.3643983108539504,0.5209,0.9136601189403496,0.8673008485927242,0.960019389287975
0.3651589001064113,0.5199,0.9134799062894216,0.8670768565444339,0.9598829560344092
0.365919489358872,0.5189,0.9132996936384934,0.8668529248111878,0.959746462465799
0.3666800786113328,0.5179,0.9131194809875652,0.8666290532228274,0.9596099087523032
0.3674406678637935,0.5169,0.9129392683366372,0.8664052416100657,0.9594732950632088
0.3682012571162543,0.5159,0.9127590556857093,0.8661814898044826,0.9593366215669356
0.368961846368715,0.5149,0.912578843034781,0.8659577976385168,0.9591998884310452
0.3697224356211758,0.5139,0.9123986303838528,0.8657341649454614,0.9590630958222444
0.3704830248736366,0.5129,0.9122184177329248,0.8655105915594564,0.9589262439063934
0.3712436141260973,0.5119,0.9120382050819968,0.8652870773154835,0.95878933284851
0.3720042033785581,0.5109,0.9118579924310688,0.86506362204936,0.9586523628127772
0.3727647926310188,0.5099,0.9116777797801404,0.8648402255977325,0.9585153339625484
0.3735253818834796,0.5089,0.9114975671292124,0.8646168877980716,0.9583782464603534
0.3742859711359403,0.5079,0.9113173544782844,0.864393608488665,0.9582411004679036
0.3750465603884011,0.5069,0.9111371418273564,0.8641703875086133,0.9581038961460993
0.3758071496408619,0.5059,0.910956929176428,0.8639472246978229,0.9579666336550332
0.3765677388933226,0.5049,0.9107767165255,0.8637241198970013,0.9578293131539988
0.3773283281457834,0.5039,0.910596503874572,0.8635010729476505,0.9576919348014936
0.3780889173982442,0.5029,0.910416291223644,0.8632780836920625,0.9575544987552252
0.3788495066507049,0.5019,0.9102360785727158,0.8630551519733132,0.9574170051721184
0.3796100959031657,0.5009,0.9100558659217876,0.8628322776352565,0.9572794542083188
0.3803706851556264,0.4999,0.9098756532708596,0.8626094605225202,0.957141846019199
0.3811312744080872,0.4989,0.9096954406199316,0.8623867004804991,0.9570041807593638
0.3818918636605479,0.4979,0.9095152279690034,0.8621639973553511,0.9568664585826556
0.3826524529130087,0.4969,0.9093350153180754,0.8619413509939906,0.95672867964216
0.3834130421654695,0.4959,0.9091548026671472,0.8617187612440841,0.9565908440902104
0.3841736314179302,0.4949,0.9089745900162192,0.8614962279540452,0.9564529520783932
0.384934220670391,0.4939,0.908794377365291,0.8612737509730286,0.9563150037575534
0.3856948099228517,0.4929,0.908614164714363,0.8610513301509258,0.9561769992778
0.3864553991753126,0.4919,0.9084339520634348,0.8608289653383597,0.95603893878851
0.3872159884277732,0.4909,0.9082537394125068,0.8606066563866797,0.955900822438334
0.3879765776802341,0.4899,0.9080735267615788,0.8603844031479567,0.9557626503752008
0.3887371669326948,0.4889,0.9078933141106506,0.8601622054749779,0.9556244227463232
0.3894977561851556,0.4879,0.9077131014597224,0.859940063221243,0.955486139698202
0.3902583454376164,0.4869,0.9075328888087943,0.8597179762409577,0.955347801376631
0.3910189346900771,0.4859,0.9073526761578664,0.8594959443890305,0.955209407926702
0.3917795239425379,0.4849,0.907172463506938,0.859273967521067,0.9550709594928092
0.3925401131949986,0.4839,0.90699225085601,0.8590520454933657,0.9549324562186544
0.3933007024474594,0.4829,0.906812038205082,0.8588301781629127,0.9547938982472512
0.3940612916999201,0.4819,0.906631825554154,0.8586083653873781,0.9546552857209296
0.3948218809523809,0.4809,0.9064516129032258,0.8583866070251104,0.9545166187813412
0.3955824702048417,0.4799,0.9062714002522976,0.8581649029351323,0.9543778975694632
0.3963430594573024,0.4789,0.9060911876013696,0.8579432529771368,0.9542391222256024
0.3971036487097632,0.4779,0.9059109749504416,0.8577216570114817,0.9541002928894012
0.3978642379622239,0.4769,0.9057307622995134,0.8575001148991863,0.9539614096998406
0.3986248272146847,0.4759,0.9055505496485852,0.8572786265019258,0.9538224727952448
0.3993854164671455,0.4749,0.9053703369976572,0.8570571916820279,0.9536834823132866
0.4001460057196062,0.4739,0.9051901243467292,0.856835810302468,0.95354443839099
0.400906594972067,0.4729,0.905009911695801,0.8566144822268654,0.9534053411647366
0.4016671842245277,0.4719,0.904829699044873,0.8563932073194787,0.9532661907702672
0.4024277734769885,0.4709,0.9046494863939448,0.8561719854452009,0.9531269873426887
0.4031883627294492,0.4699,0.9044692737430168,0.8559508164695571,0.9529877310164764
0.40394895198191,0.4689,0.9042890610920886,0.8557297002586984,0.9528484219254788
0.4047095412343708,0.4679,0.9041088484411606,0.8555086366793994,0.9527090602029218
0.4054701304868315,0.4669,0.9039286357902324,0.8552876255990526,0.9525696459814122
0.4062307197392923,0.4659,0.9037484231393044,0.8550666668856657,0.952430179392943
0.406991308991753,0.4649,0.9035682104883764,0.854845760407857,0.9522906605688956
0.4077518982442139,0.4639,0.9033879978374482,0.8546249060348512,0.9521510896400452
0.4085124874966746,0.4629,0.90320778518652,0.8544041036364763,0.952011466736564
0.4092730767491354,0.4619,0.903027572535592,0.8541833530831586,0.9518717919880252
0.4100336660015961,0.4609,0.902847359884664,0.85396265424592,0.9517320655234078
0.4107942552540569,0.4599,0.9026671472337358,0.8537420069963731,0.9515922874710984
0.4115548445065177,0.4589,0.9024869345828076,0.8535214112067184,0.951452457958897
0.4123154337589784,0.4579,0.9023067219318796,0.8533008667497396,0.9513125771140196
0.4130760230114392,0.4569,0.9021265092809516,0.8530803734988003,0.9511726450631028
0.4138366122638999,0.4559,0.9019462966300236,0.8528599313278407,0.9510326619322064
0.4145972015163607,0.4549,0.9017660839790952,0.852639540111373,0.9508926278468176
0.4153577907688214,0.4539,0.9015858713281673,0.8524191997244788,0.9507525429318556
0.4161183800212822,0.4529,0.9014056586772392,0.8521989100428045,0.9506124073116736
0.416878969273743,0.4519,0.901225446026311,0.8519786709425585,0.9504722211100636
0.4176395585262037,0.4509,0.9010452333753828,0.851758482300507,0.9503319844502588
0.4184001477786645,0.4499,0.9008650207244548,0.8515383439939712,0.9501916974549384
0.4191607370311253,0.4489,0.9006848080735268,0.8513182559008231,0.9500513602462304
0.419921326283586,0.4479,0.9005045954225986,0.851098217899482,0.9499109729457152
0.4206819155360468,0.4469,0.9003243827716706,0.8508782298689124,0.9497705356744288
0.4214425047885075,0.4459,0.9001441701207424,0.8506582916886184,0.9496300485528664
0.4222030940409683,0.4449,0.8999639574698144,0.8504384032386423,0.9494895117009864
0.422963683293429,0.4439,0.8997837448188862,0.85021856439956,0.9493489252382123
0.4237242725458898,0.4429,0.8996035321679582,0.8499987750524783,0.949208289283438
0.4244848617983506,0.4419,0.89942331951703,0.8497790350790313,0.9490676039550288
0.4252454510508113,0.4409,0.899243106866102,0.8495593443613773,0.9489268693708268
0.4260060403032721,0.4399,0.8990628942151739,0.8493397027821953,0.9487860856481526
0.4267666295557328,0.4389,0.8988826815642458,0.8491201102246819,0.9486452529038096
0.4275272188081936,0.4379,0.8987024689133177,0.8489005665725485,0.9485043712540868
0.4282878080606543,0.4369,0.8985222562623896,0.8486810717100172,0.948363440814762
0.4290483973131151,0.4359,0.8983420436114615,0.8484616255218188,0.9482224617011042
0.4298089865655759,0.4349,0.8981618309605334,0.8482422278931886,0.948081434027878
0.4305695758180367,0.4339,0.8979816183096053,0.8480228787098641,0.9479403579093464
0.4313301650704974,0.4329,0.8978014056586773,0.8478035778580815,0.9477992334592732
0.4320907543229582,0.4319,0.8976211930077491,0.8475843252245724,0.9476580607909258
0.432851343575419,0.4309,0.8974409803568211,0.847365120696562,0.94751684001708
0.4336119328278797,0.4299,0.8972607677058929,0.8471459641617641,0.9473755712500216
0.4343725220803405,0.4289,0.8970805550549649,0.8469268555083804,0.9472342546015492
0.4351331113328012,0.4279,0.8969003424040367,0.8467077946250956,0.9470928901829778
0.435893700585262,0.4269,0.8967201297531087,0.8464887814010754,0.946951478105142
0.4366542898377227,0.4259,0.8965399171021806,0.8462698157259637,0.9468100184783976
0.4374148790901835,0.4249,0.8963597044512525,0.8460508974898792,0.9466685114126258
0.4381754683426443,0.4239,0.8961794918003244,0.8458320265834129,0.946526957017236
0.438936057595105,0.4229,0.8959992791493963,0.8456132028976252,0.9463853554011672
0.4396966468475658,0.4219,0.8958190664984682,0.8453944263240429,0.9462437066728936
0.4404572361000266,0.4209,0.89563885384754,0.8451756967546568,0.9461020109404232
0.4412178253524873,0.4199,0.895458641196612,0.8449570140819183,0.9459602683113058
0.4419784146049481,0.4189,0.8952784285456838,0.8447383781987371,0.9458184788926306
0.4427390038574088,0.4179,0.8950982158947558,0.8445197889984788,0.9456766427910328
0.4434995931098696,0.4169,0.8949180032438278,0.8443012463749612,0.9455347601126944
0.4442601823623303,0.4159,0.8947377905928996,0.8440827502224522,0.945392830963347
0.4450207716147911,0.4149,0.8945575779419715,0.8438643004356674,0.9452508554482756
0.4457813608672519,0.4139,0.8943773652910434,0.843645896909767,0.9451088336723198
0.4465419501197126,0.4129,0.8941971526401153,0.8434275395403534,0.9449667657398771
0.4473025393721734,0.4119,0.8940169399891872,0.8432092282234681,0.9448246517549064
0.4480631286246341,0.4109,0.8938367273382591,0.8429909628555902,0.944682491820928
0.4488237178770949,0.4099,0.893656514687331,0.8427727433336323,0.9445402860410296
0.4495843071295557,0.4089,0.8934763020364029,0.8425545695549396,0.9443980345178664
0.4503448963820164,0.4079,0.8932960893854749,0.8423364414172859,0.944255737353664
0.4511054856344772,0.4069,0.8931158767345467,0.842118358818872,0.9441133946502216
0.451866074886938,0.4059,0.8929356640836187,0.8419003216583232,0.9439710065089142
0.4526266641393987,0.4049,0.8927554514326905,0.8416823298346859,0.9438285730306952
0.4533872533918595,0.4039,0.8925752387817625,0.8414643832474267,0.9436860943160984
0.4541478426443203,0.4029,0.8923950261308343,0.841246481796428,0.9435435704652406
0.454908431896781,0.4019,0.8922148134799063,0.8410286253819879,0.9434010015778248
0.4556690211492418,0.4009,0.8920346008289782,0.8408108139048154,0.9432583877531412
0.4564296104017025,0.3999,0.8918543881780501,0.8405930472660296,0.9431157290900706
0.4571901996541633,0.3989,0.891674175527122,0.8403753253671573,0.9429730256870869
0.457950788906624,0.3979,0.8914939628761939,0.8401576481101295,0.9428302776422582
0.4587113781590848,0.3969,0.8913137502252658,0.8399400153972805,0.9426874850532512
0.4594719674115456,0.3959,0.8911335375743377,0.8397224271313444,0.942544648017331
0.4602325566640063,0.3949,0.8909533249234096,0.8395048832154537,0.9424017666313655
0.4609931459164671,0.3939,0.8907731122724816,0.8392873835531361,0.942258840991827
0.4617537351689278,0.3929,0.8905928996215534,0.8390699280483134,0.9421158711947936
0.4625143244213886,0.3919,0.8904126869706254,0.8388525166052982,0.9419728573359524
0.4632749136738494,0.3909,0.8902324743196972,0.8386351491287921,0.9418297995106024
0.4640355029263101,0.3899,0.8900522616687692,0.8384178255238838,0.9416866978136544
0.4647960921787709,0.3889,0.889872049017841,0.838200545696046,0.941543552339636
0.4655566814312317,0.3879,0.889691836366913,0.8379833095511343,0.9414003631826916
0.4663172706836924,0.3869,0.8895116237159848,0.8377661169953843,0.9412571304365852
0.4670778599361532,0.3859,0.8893314110650568,0.8375489679354099,0.9411138541947036
0.4678384491886139,0.3849,0.8891511984141287,0.8373318622782007,0.9409705345500567
0.4685990384410747,0.3839,0.8889709857632005,0.8371147999311199,0.9408271715952812
0.4693596276935354,0.3829,0.8887907731122725,0.8368977808019032,0.9406837654226418
0.4701202169459962,0.3819,0.8886105604613443,0.8366808047986551,0.9405403161240335
0.470880806198457,0.3809,0.8884303478104163,0.8364638718298483,0.9403968237909844
0.4716413954509177,0.3799,0.8882501351594881,0.8362469818043204,0.9402532885146558
0.4724019847033785,0.3789,0.8880699225085601,0.8360301346312732,0.940109710385847
0.4731625739558392,0.3779,0.8878897098576319,0.8358133302202692,0.9399660894949948
0.4739231632083,0.3769,0.8877094972067039,0.8355965684812308,0.939822425932177
0.4746837524607608,0.3759,0.8875292845557758,0.8353798493244377,0.939678719787114
0.4754443417132216,0.3749,0.8873490719048477,0.8351631726605249,0.9395349711491704
0.4762049309656823,0.3739,0.8871688592539196,0.8349465384004809,0.9393911801073584
0.4769655202181431,0.3729,0.8869886466029915,0.834729946455646,0.9392473467503368
0.4777261094706038,0.3719,0.8868084339520634,0.83451339673771,0.9391034711664168
0.4784866987230646,0.3709,0.8866282213011353,0.8342968891587097,0.9389595534435607
0.4792472879755253,0.3699,0.8864480086502072,0.8340804236310286,0.9388155936693858
0.4800078772279861,0.3689,0.8862677959992792,0.8338640000673935,0.9386715919311648
0.4807684664804469,0.3679,0.886087583348351,0.8336476183808729,0.9385275483158292
0.4815290557329076,0.3669,0.885907370697423,0.833431278484876,0.93838346290997
0.4822896449853684,0.3659,0.8857271580464948,0.8332149802931496,0.93823933579984
0.4830502342378291,0.3649,0.8855469453955668,0.8329987237197772,0.9380951670713564
0.4838108234902899,0.3639,0.8853667327446386,0.8327825086791769,0.9379509568101004
0.4845714127427507,0.3629,0.8851865200937106,0.8325663350860992,0.937806705101322
0.4853320019952114,0.3619,0.8850063074427825,0.8323502028556257,0.9376624120299394
0.4860925912476722,0.3609,0.8848260947918544,0.8321341119031668,0.937518077680542
0.486853180500133,0.3599,0.8846458821409263,0.8319180621444607,0.937373702137392
0.4876137697525937,0.3589,0.8844656694899982,0.8317020534955707,0.9372292854844256
0.4883743590050545,0.3579,0.8842854568390701,0.8314860858728843,0.937084827805256
0.4891349482575152,0.3569,0.884105244188142,0.8312701591931104,0.9369403291831736
0.489895537509976,0.3559,0.8839250315372139,0.8310542733732789,0.936795789701149
0.4906561267624367,0.3549,0.8837448188862858,0.8308384283307377,0.9366512094418338
0.4914167160148975,0.3539,0.8835646062353577,0.8306226239831521,0.9365065884875632
0.4921773052673583,0.3529,0.8833843935844297,0.8304068602485022,0.9363619269203572
0.492937894519819,0.3519,0.8832041809335015,0.8301911370450814,0.9362172248219216
0.4936984837722798,0.3509,0.8830239682825735,0.8299754542914954,0.9360724822736516
0.4944590730247405,0.3499,0.8828437556316453,0.8297598119066598,0.9359276993566308
0.4952196622772014,0.3489,0.8826635429807173,0.8295442098097987,0.9357828761516358
0.4959802515296621,0.3479,0.8824833303297891,0.8293286479204429,0.9356380127391352
0.4967408407821229,0.3469,0.882303117678861,0.8291131261584288,0.9354931091992932
0.4975014300345836,0.3459,0.882122905027933,0.828897644443896,0.93534816561197
0.4982620192870444,0.3449,0.8819426923770048,0.8286822026972862,0.9352031820567236
0.4990226085395051,0.3439,0.8817624797260768,0.8284668008393417,0.935058158612812
0.4997831977919659,0.3429,0.8815822670751486,0.8282514387911032,0.934913095359194
0.5005437870444267,0.3419,0.8814020544242206,0.8280361164739092,0.934767992374532
0.5013043762968874,0.3409,0.8812218417732924,0.8278208338093932,0.9346228497371916
0.5020649655493482,0.3399,0.8810416291223644,0.8276055907194836,0.9344776675252452
0.5028255548018089,0.3389,0.8808614164714362,0.8273903871264006,0.934332445816472
0.5035861440542697,0.3379,0.8806812038205082,0.8271752229526559,0.9341871846883604
0.5043467333067305,0.3369,0.8805009911695801,0.8269600981210508,0.9340418842181096
0.5051073225591912,0.3359,0.880320778518652,0.8267450125546739,0.93389654448263
0.505867911811652,0.3349,0.8801405658677239,0.8265299661769013,0.9337511655585464
0.5066285010641127,0.3339,0.8799603532167958,0.8263149589113934,0.9336057475221982
0.5073890903165735,0.3329,0.8797801405658677,0.8260999906820946,0.9334602904496409
0.5081496795690343,0.3319,0.8795999279149396,0.8258850614132308,0.9333147944166484
0.508910268821495,0.3309,0.8794197152640115,0.8256701710293092,0.933169259498714
0.5096708580739558,0.3299,0.8792395026130835,0.8254553194551155,0.9330236857710514
0.5104314473264165,0.3289,0.8790592899621553,0.8252405066157134,0.9328780733085972
0.5111920365788774,0.3279,0.8788790773112273,0.825025732436443,0.9327324221860116
0.511952625831338,0.3269,0.8786988646602991,0.8248109968429188,0.9325867324776794
0.5127132150837989,0.3259,0.8785186520093711,0.8245962997610294,0.9324410042577128
0.5134738043362596,0.3249,0.8783384393584429,0.8243816411169348,0.932295237599951
0.5142343935887204,0.3239,0.8781582267075149,0.8241670208370662,0.9321494325779636
0.5149949828411812,0.3229,0.8779780140565867,0.8239524388481234,0.93200358926505
0.5157555720936419,0.3219,0.8777978014056587,0.8237378950770747,0.9318577077342426
0.5165161613461027,0.3209,0.8776175887547306,0.8235233894511547,0.9317117880583066
0.5172767505985634,0.3199,0.8774373761038025,0.8233089218978628,0.9315658303097422
0.5180373398510242,0.3189,0.8772571634528744,0.8230944923449626,0.9314198345607864
0.5187979291034849,0.3179,0.8770769508019463,0.82288010072048,0.9312738008834124
0.5195585183559457,0.3169,0.8768967381510182,0.8226657469527023,0.931127729349334
0.5203191076084065,0.3159,0.87671652550009,0.8224514309701761,0.930981620030004
0.5210796968608672,0.3149,0.876536312849162,0.822237152701707,0.930835472996617
0.521840286113328,0.3139,0.876356100198234,0.8220229120763575,0.9306892883201104
0.5226008753657887,0.3129,0.8761758875473058,0.8218087090234457,0.930543066071166
0.5233614646182495,0.3119,0.8759956748963778,0.8215945434725451,0.9303968063202104
0.5241220538707103,0.3109,0.8758154622454496,0.8213804153534817,0.9302505091374176
0.524882643123171,0.3099,0.8756352495945215,0.8211663245963342,0.9301041745927088
0.5256432323756318,0.3089,0.8754550369435934,0.8209522711314315,0.9299578027557552
0.5264038216280925,0.3079,0.8752748242926653,0.8207382548893525,0.9298113936959782
0.5271644108805533,0.3069,0.8750946116417372,0.8205242758009239,0.9296649474825504
0.527925000133014,0.3059,0.8749143989908091,0.8203103337972201,0.9295184641843982
0.5286855893854748,0.3049,0.8747341863398811,0.8200964288095607,0.9293719438702016
0.5294461786379356,0.3039,0.8745539736889529,0.8198825607695098,0.929225386608396
0.5302067678903963,0.3029,0.8743737610380249,0.8196687296088758,0.929078792467174
0.5309673571428571,0.3019,0.8741935483870967,0.819454935259708,0.9289321615144854
0.5317279463953178,0.3009,0.8740133357361687,0.8192411776542978,0.9287854938180397
0.5324885356477786,0.2999,0.8738331230852405,0.8190274567251754,0.9286387894453056
0.5332491249002393,0.2989,0.8736529104343125,0.8188137724051104,0.9284920484635144
0.5340097141527002,0.2979,0.8734726977833844,0.8186001246271093,0.9283452709396596
0.534770303405161,0.2969,0.8732924851324563,0.8183865133244148,0.9281984569404976
0.5355308926576217,0.2959,0.8731122724815282,0.818172938430505,0.9280516065325516
0.5362914819100825,0.2949,0.8729320598306001,0.8179593998790916,0.9279047197821084
0.5370520711625432,0.2939,0.872751847179672,0.8177458976041194,0.9277577967552246
0.537812660415004,0.2929,0.8725716345287439,0.8175324315397644,0.9276108375177232
0.5385732496674647,0.2919,0.8723914218778158,0.8173190016204337,0.927463842135198
0.5393338389199255,0.2909,0.8722112092268877,0.817105607780763,0.9273168106730124
0.5400944281723863,0.2899,0.8720309965759596,0.8168922499556169,0.9271697431963024
0.540855017424847,0.2889,0.8718507839250316,0.8166789280800869,0.9270226397699762
0.5416156066773078,0.2879,0.8716705712741034,0.8164656420894904,0.9268755004587164
0.5423761959297685,0.2869,0.8714903586231754,0.8162523919193698,0.9267283253269808
0.5431367851822293,0.2859,0.8713101459722472,0.8160391775054916,0.9265811144390028
0.54389737443469,0.2849,0.8711299333213192,0.8158259987838448,0.9264338678587936
0.5446579636871508,0.2839,0.870949720670391,0.8156128556906399,0.926286585650142
0.5454185529396116,0.2829,0.870769508019463,0.8153997481623085,0.9261392678766174
0.5461791421920723,0.2819,0.8705892953685349,0.8151866761355016,0.9259919146015684
0.5469397314445331,0.2809,0.8704090827176068,0.8149736395470881,0.9258445258881254
0.5477003206969938,0.2799,0.8702288700666787,0.8147606383341555,0.925697101799202
0.5484609099494546,0.2789,0.8700486574157505,0.8145476724340063,0.9255496423974948
0.5492214992019153,0.2779,0.8698684447648225,0.8143347417841595,0.9254021477454856
0.5499820884543761,0.2769,0.8696882321138943,0.814121846322348,0.9252546179054408
0.5507426777068369,0.2759,0.8695080194629663,0.8139089859865178,0.9251070529394148
0.5515032669592976,0.2749,0.8693278068120381,0.8136961607148274,0.9249594529092487
0.5522638562117584,0.2739,0.8691475941611101,0.8134833704456468,0.9248118178765734
0.5530244454642191,0.2729,0.868967381510182,0.8132706151175558,0.9246641479028084
0.55378503471668,0.2719,0.8687871688592539,0.8130578946693435,0.9245164430491642
0.5545456239691406,0.2709,0.8686069562083258,0.8128452090400078,0.924368703376644
0.5553062132216015,0.2699,0.8684267435573977,0.8126325581687532,0.924220928946042
0.5560668024740623,0.2689,0.8682465309064696,0.812419941994991,0.9240731198179484
0.556827391726523,0.2679,0.8680663182555415,0.8122073604583375,0.9239252760527454
0.5575879809789838,0.2669,0.8678861056046134,0.8119948134986137,0.9237773977106132
0.5583485702314445,0.2659,0.8677058929536854,0.8117823010558436,0.9236294848515272
0.5591091594839053,0.2649,0.8675256803027572,0.8115698230702538,0.9234815375352606
0.559869748736366,0.2639,0.8673454676518292,0.8113573794822725,0.923333555821386
0.5606303379888268,0.2629,0.867165255000901,0.8111449702325282,0.923185539769274
0.5613909272412876,0.2619,0.866985042349973,0.8109325952618492,0.9230374894380968
0.5621515164937483,0.2609,0.8668048296990448,0.8107202545112624,0.9228894048868272
0.5629121057462091,0.2599,0.8666246170481168,0.8105079479219923,0.9227412861742412
0.5636726949986698,0.2589,0.8664444043971886,0.8102956754354603,0.9225931333589168
0.5644332842511306,0.2579,0.8662641917462606,0.810083436993284,0.9224449464992373
0.5651938735035913,0.2569,0.8660839790953325,0.8098712325372752,0.9222967256533898
0.5659544627560521,0.2559,0.8659037664444044,0.8096590620094405,0.9221484708793682
0.5667150520085129,0.2549,0.8657235537934763,0.8094469253519795,0.9220001822349732
0.5674756412609736,0.2539,0.8655433411425482,0.8092348225072836,0.9218518597778128
0.5682362305134344,0.2529,0.8653631284916201,0.8090227534179364,0.9217035035653038
0.5689968197658951,0.2519,0.865182915840692,0.8088107180267111,0.9215551136546728
0.5697574090183559,0.2509,0.8650027031897639,0.8085987162765713,0.9214066901029564
0.5705179982708166,0.2499,0.8648224905388359,0.808386748110669,0.9212582329670028
0.5712785875232774,0.2489,0.8646422778879077,0.8081748134723437,0.9211097423034718
0.5720196651053864,0.2479,0.8644355468258165,0.8079317337293854,0.9209393599222476
0.5725413278688524,0.2469,0.8642340913097126,0.8076948994039298,0.9207732832154956
0.5730629906323185,0.2459,0.8640326357936088,0.8074581067465967,0.9206071648406208
0.5735846533957845,0.2449,0.8638311802775049,0.8072213556793556,0.9204410048756544
0.5741063161592506,0.2439,0.8636297247614011,0.8069846461244622,0.92027480339834
0.5746279789227166,0.2429,0.8634282692452973,0.8067479780044569,0.9201085604861376
0.5751496416861827,0.2419,0.8632268137291934,0.8065113512421632,0.9199422762162236
0.5756713044496486,0.2409,0.8630253582130896,0.8062747657606868,0.9197759506654924
0.5761929672131147,0.2399,0.8628239026969857,0.8060382214834135,0.919609583910558
0.5767146299765807,0.2389,0.8626224471808819,0.8058017183340084,0.9194431760277554
0.5772362927400468,0.2379,0.862420991664778,0.805565256236414,0.919276727093142
0.5777579555035128,0.2369,0.8622195361486742,0.8053288351148489,0.9191102371824996
0.5782796182669789,0.2359,0.8620180806325703,0.8050924548938067,0.918943706371334
0.5788012810304449,0.2349,0.8618166251164665,0.8048561154980542,0.9187771347348788
0.579322943793911,0.2339,0.8616151696003627,0.8046198168526305,0.9186105223480948
0.579844606557377,0.2329,0.8614137140842588,0.804383558882845,0.9184438692856728
0.5803662693208431,0.2319,0.861212258568155,0.8041473415142766,0.9182771756220334
0.5808879320843091,0.2309,0.8610108030520511,0.8039111646727721,0.91811044143133
0.5814095948477751,0.2299,0.8608093475359472,0.8036750282844448,0.9179436667874497
0.5819312576112412,0.2289,0.8606078920198433,0.8034389322756736,0.917776851764013
0.5824529203747072,0.2279,0.8604064365037395,0.8032028765731011,0.917609996434378
0.5829745831381733,0.2269,0.8602049809876356,0.8029668611036325,0.9174431008716388
0.5834962459016393,0.2259,0.8600035254715318,0.8027308857944342,0.9172761651486294
0.5840179086651054,0.2249,0.859802069955428,0.8024949505729331,0.9171091893379228
0.5845395714285714,0.2239,0.8596006144393241,0.8022590553668143,0.916942173511834
0.5850612341920375,0.2229,0.8593991589232203,0.8020232001040206,0.91677511774242
0.5855828969555035,0.2219,0.8591977034071164,0.8017873847127511,0.9166080221014816
0.5861045597189696,0.2209,0.8589962478910126,0.8015516091214595,0.9164408866605656
0.5866262224824356,0.2199,0.8587947923749087,0.8013158732588535,0.916273711490964
0.5871478852459017,0.2189,0.8585933368588049,0.8010801770538929,0.9161064966637168
0.5876695480093677,0.2179,0.8583918813427011,0.8008445204357887,0.9159392422496134
0.5881912107728338,0.2169,0.8581904258265972,0.8006089033340021,0.9157719483191924
0.5887128735362998,0.2159,0.8579889703104934,0.8003733256782427,0.915604614942744
0.5892345362997659,0.2149,0.8577875147943895,0.8001377873984677,0.9154372421903112
0.5897561990632318,0.2139,0.8575860592782857,0.7999022884248808,0.9152698301316906
0.5902778618266978,0.2129,0.8573846037621818,0.79966682868793,0.9151023788364336
0.5907995245901639,0.2119,0.857183148246078,0.7994314081183083,0.9149348883738476
0.5913211873536299,0.2109,0.856981692729974,0.7991960266469503,0.9147673588129978
0.591842850117096,0.2099,0.8567802372138702,0.7989606842050331,0.9145997902227072
0.592364512880562,0.2089,0.8565787816977664,0.7987253807239733,0.9144321826715596
0.5928861756440281,0.2079,0.8563773261816625,0.7984901161354271,0.914264536227898
0.5934078384074941,0.2069,0.8561758706655587,0.7982548903712886,0.9140968509598288
0.5939295011709602,0.2059,0.8559744151494548,0.7980197033636888,0.9139291269352208
0.5948188676056338,0.2049,0.855671664394972,0.7976663330922393,0.9136769956977048
0.595734952112676,0.2039,0.8553687717704074,0.7973128844402458,0.9134246591005688
0.5966510366197183,0.2029,0.8550658791458429,0.7969595227910535,0.9131722355006322
0.5975671211267606,0.2019,0.8547629865212782,0.796606247918156,0.9129197251244004
0.5984832056338029,0.2009,0.8544600938967136,0.7962530595962207,0.9126671281972064
0.599399290140845,0.1999,0.8541572012721491,0.7958999576010797,0.9124144449432184
0.6003153746478873,0.1989,0.8538543086475845,0.7955469417097205,0.9121616755854484
0.6012314591549296,0.1979,0.8535514160230199,0.7951940117002793,0.9119088203457604
0.6021475436619719,0.1969,0.8532485233984552,0.7948411673520318,0.9116558794448788
0.603063628169014,0.1959,0.8529456307738907,0.7944884084453856,0.911402853102396
0.6039797126760563,0.1949,0.8526427381493261,0.7941357347618715,0.9111497415367809
0.6048957971830986,0.1939,0.8523398455247615,0.7937831460841362,0.9108965449653867
0.6058118816901409,0.1929,0.8520369529001969,0.7934306421959343,0.9106432636044596
0.6067279661971832,0.1919,0.8517340602756324,0.79307822288212,0.9103898976691448
0.6076440507042253,0.1909,0.8514311676510677,0.79272588792864,0.9101364473734956
0.6085601352112676,0.1899,0.8511282750265031,0.792373637122525,0.9098829129304812
0.6094762197183099,0.1889,0.8508253824019385,0.7920214702518833,0.9096292945519936
0.6103923042253522,0.1879,0.850522489777374,0.7916693871058921,0.909375592448856
0.6113083887323943,0.1869,0.8502195971528094,0.7913173874747903,0.9091218068308284
0.6122244732394366,0.1859,0.8499167045282447,0.7909654711498717,0.9088679379066178
0.6131405577464789,0.1849,0.8496138119036802,0.7906136379234773,0.9086139858838832
0.6140566422535212,0.1839,0.8493109192791156,0.7902618875889872,0.908359950969244
0.6149727267605634,0.1829,0.849008026654551,0.7899102199408149,0.9081058333682872
0.6158888112676056,0.1819,0.8487051340299864,0.7895586347743991,0.9078516332855736
0.6168048957746479,0.1809,0.8484022414054219,0.7892071318861973,0.9075973509246464
0.6177209802816902,0.1799,0.8480993487808572,0.7888557110736777,0.9073429864880368
0.6186370647887324,0.1789,0.8477964561562926,0.7885043721353134,0.9070885401772718
0.6195531492957747,0.1779,0.847493563531728,0.7881531148705752,0.9068340121928808
0.6204692338028169,0.1769,0.8471906709071635,0.7878019390799245,0.9065794027344024
0.6213853183098592,0.1759,0.8468877782825989,0.7874508445648063,0.9063247120003914
0.6223014028169014,0.1749,0.8465848856580342,0.7870998311276435,0.906069940188425
0.6232174873239437,0.1739,0.8462819930334697,0.7867488985718293,0.9058150874951102
0.624133571830986,0.1729,0.8459791004089051,0.7863980467017206,0.9055601541160896
0.6250496563380282,0.1719,0.8456762077843405,0.7860472753226324,0.9053051402460486
0.6259657408450704,0.1709,0.8453733151597759,0.7856965842408303,0.9050500460787214
0.6267896293706294,0.1699,0.8449206707271224,0.7851726587682216,0.9046686826860232
0.6272462027972028,0.1689,0.8443191217384767,0.7844766554628452,0.9041615880141082
0.6277027762237762,0.1679,0.8437175727498308,0.7837809654927832,0.9036541800068784
0.6281593496503497,0.1669,0.8431160237611851,0.7830855873838991,0.9031464601384712
0.6286159230769232,0.1659,0.8425144747725393,0.782390519676126,0.9026384298689524
0.6290724965034965,0.1649,0.8419129257838935,0.7816957609232827,0.9021300906445044
0.62952906993007,0.1639,0.8413113767952478,0.781001309692891,0.9016214438976046
0.6299856433566434,0.1629,0.840709827806602,0.7803071645659972,0.9011124910472068
0.6304422167832168,0.1619,0.8401082788179562,0.7796133241369967,0.9006032334989158
0.6308987902097902,0.1609,0.8395067298293105,0.7789197870134601,0.9000936726451609
0.6313553636363637,0.1599,0.8389051808406647,0.7782265518159641,0.8995838098653652
0.6318119370629371,0.1589,0.838303631852019,0.7775336171779245,0.8990736465261134
0.6322685104895105,0.1579,0.8377020828633732,0.7768409817454307,0.8985631839813157
0.632725083916084,0.1569,0.8371005338747274,0.7761486441770853,0.8980524235723695
0.6333103271028038,0.1559,0.836338056476736,0.7752715161055906,0.8974045968478813
0.6341819626168225,0.1549,0.8352326399356849,0.7740007230679365,0.8964645568034332
0.6350535981308412,0.1539,0.8341272233946337,0.7727309177128756,0.8955235290763919
0.6359252336448599,0.1529,0.8330218068535825,0.7714620921278964,0.8945815215792686
0.6367968691588786,0.1519,0.8319163903125314,0.7701942385311917,0.8936385420938711
0.6376685046728973,0.1509,0.8308109737714803,0.7689273492687045,0.892694598274256
0.6385401401869158,0.1499,0.829705557230429,0.7676614168112623,0.8917496976495958
0.6394117757009345,0.1489,0.8286001406893779,0.7663964337517932,0.8908038476269626
0.6402834112149532,0.1479,0.8274947241483268,0.7651323928026218,0.8898570554940318
0.641155046728972,0.1469,0.8263893076072756,0.7638692867928436,0.8889093284217076
0.6420266822429906,0.1459,0.8252838910662245,0.762607108665774,0.887960673466675
0.6428983177570093,0.1449,0.8241784745251733,0.7613458514764675,0.8870110975738792
0.643769953271028,0.1439,0.8230730579841222,0.7600855083893092,0.8860606075789352
0.6446415887850467,0.1429,0.821967641443071,0.7588260726756717,0.8851092102104703
0.6455132242990654,0.1419,0.8208622249020199,0.7575675377116378,0.884156912092402
0.6463848598130841,0.1409,0.8197568083609688,0.756309896975785,0.8832037197461525
0.6472564953271027,0.1399,0.8186513918199175,0.7550531440470322,0.8822496395928029
0.6481281308411214,0.1389,0.8175459752788664,0.7537972726025437,0.8812946779551891
0.6489997663551401,0.1379,0.8164405587378153,0.7525422764156903,0.8803388410599403
0.6498714018691588,0.1369,0.8153351421967641,0.7512881493540652,0.8793821350394629
0.6507430373831775,0.1359,0.8142297256557129,0.7500348853775538,0.8784245659338721
0.6516146728971962,0.1349,0.8131243091146618,0.748782478536453,0.8774661396928707
0.653082375,0.1339,0.8118279569892473,0.747314830982966,0.8763410829955285
0.6545194583333332,0.1329,0.8106332138590203,0.745963247359356,0.8753031803586846
0.6559565416666666,0.1319,0.8094384707287933,0.7446126430893059,0.8742642983682807
0.657393625,0.1309,0.8082437275985663,0.7432630111256554,0.8732244440714773
0.6588307083333332,0.1299,0.8070489844683393,0.7419143445320305,0.872183624404648
0.6602677916666666,0.1289,0.8058542413381123,0.7405666364804995,0.8711418461957252
0.661704875,0.1279,0.8046594982078853,0.7392198802492933,0.8700991161664773
0.6630019929824561,0.1269,0.8025504621769478,0.7368448039950368,0.8682561203588588
0.6640844842105262,0.1259,0.800362195812111,0.7343835784297592,0.8663408131944628
0.6651669754385965,0.1249,0.7981739294472742,0.7319254467007519,0.8644224121937965
0.6662494666666666,0.1239,0.7959856630824373,0.7294703711511336,0.8625009550137411
0.6673319578947368,0.1229,0.7937973967176004,0.7270183151489108,0.86057647828629
0.668414449122807,0.1219,0.7916091303527637,0.724569243049982,0.8586490176555454
0.6694969403508771,0.1209,0.7894208639879268,0.7221231201628737,0.8567186078129798
0.6705794315789473,0.1199,0.78723259762309,0.7196799127151154,0.8547852825310644
0.6716619228070175,0.1189,0.7850443312582531,0.7172395878211562,0.8528490746953501
0.6727444140350877,0.1179,0.7828560648934163,0.7148021134517416,0.850910016335091
0.6738269052631579,0.1169,0.7806677985285795,0.7123674584046684,0.8489681386524905
0.674909396491228,0.1159,0.7784795321637427,0.7099355922768433,0.847023472050642
0.6759918877192982,0.1149,0.7762912657989058,0.7075064854375742,0.8450760461602375
0.6770743789473684,0.1139,0.774102999434069,0.7050801090030299,0.8431258898651082
0.6781568701754386,0.1129,0.7719147330692322,0.7026564348118056,0.8411730313266588
0.6792393614035087,0.1119,0.7697264667043954,0.7002354354015365,0.8392174980072542
0.680321852631579,0.1109,0.7675382003395586,0.6978170839865053,0.8372593166926118
0.6814043438596491,0.1099,0.7653499339747217,0.6954013544361929,0.8352985135132506
0.6824868350877193,0.1089,0.7631616676098849,0.692988221254724,0.8333351139650458
0.6835693263157895,0.1079,0.7609734012450481,0.6905776595611635,0.8313691429289327
0.6846518175438596,0.1069,0.7587851348802113,0.6881696450706192,0.8294006246898034
0.6857343087719299,0.1059,0.7565968685153744,0.6857641540761139,0.827429582954635
0.6868168,0.1049,0.7544086021505376,0.6833611634311869,0.8254560408698883
0.6878992912280701,0.1039,0.7522203357857008,0.6809606505331909,0.8234800210382107
0.6889817824561404,0.1029,0.750032069420864,0.6785625933072497,0.8215015455344783
0.6900642736842105,0.1019,0.7478438030560272,0.6761669701908466,0.8195206359212077
0.6911467649122807,0.1009,0.7456555366911903,0.6737737601190131,0.8175373132633675
0.6922292561403509,0.0999,0.7434672703263535,0.6713829425100897,0.8155515981426174
0.6935796197183098,0.0989,0.7408450704225352,0.6685211483529727,0.8131689924920977
0.6950611690140845,0.0979,0.7381190368014539,0.6655496083469824,0.8106884652559253
0.6965427183098591,0.0969,0.7353930031803726,0.6625816766668576,0.8082043296938876
0.6980242676056339,0.0959,0.7326669695592912,0.6596173174665448,0.8057166216520376
0.6995058169014085,0.0949,0.7299409359382099,0.6566564958922532,0.8032253759841665
0.700987366197183,0.0939,0.7272149023171286,0.6536991780495128,0.8007306265847444
0.7024689154929578,0.0929,0.7244888686960472,0.6507453309717195,0.798232406420375
0.7039504647887324,0.0919,0.7217628350749659,0.6477949225900841,0.7957307475598476
0.7054320140845071,0.0909,0.7190368014538846,0.6448479217049125,0.7932256812028567
0.7069135633802817,0.0899,0.7163107678328032,0.6419042979581456,0.7907172377074608
0.7083951126760564,0.0889,0.713584734211722,0.638964021807097,0.788205446616347
0.709876661971831,0.0879,0.7108587005906406,0.6360270644993208,0.7856903366819604
0.7113582112676056,0.0869,0.7081326669695592,0.6330933980485587,0.7831719358905598
0.7128397605633803,0.0859,0.705406633348478,0.6301629952117073,0.7806502714852487
0.7143213098591549,0.0849,0.7026805997273966,0.6272358294667555,0.7781253699880377
0.7158028591549296,0.0839,0.6999545661063153,0.6243118749916473,0.7755972572209834
0.7172844084507042,0.0829,0.697228532485234,0.621391106644019,0.773065958326449
0.7187659577464789,0.0819,0.6945024988641526,0.618473499941774,0.7705314977865312
0.7202475070422535,0.0809,0.6917764652430713,0.6155590310444522,0.7679938994416905
0.7217290563380281,0.0799,0.68905043162199,0.6126476767353551,0.7654531865086248
0.7232106056338028,0.0789,0.6863243980009086,0.609739414404396,0.7629093815974212
0.724805101754386,0.0779,0.6829805697038295,0.6061762495051366,0.7597848899025224
0.7261106105263158,0.0769,0.6785285795132994,0.6014393346140225,0.7556178244125762
0.7274161192982456,0.0759,0.6740765893227693,0.5967104482937592,0.7514427303517793
0.7287216280701754,0.0749,0.6696245991322392,0.5919895046393275,0.7472596936251508
0.7300271368421052,0.0739,0.665172608941709,0.5872764213793604,0.7430687965040577
0.7313326456140351,0.0729,0.660720618751179,0.5825711197304143,0.7388701177719438
0.7326381543859649,0.0719,0.6562686285606489,0.5778735242602713,0.7346637328610266
0.7339436631578947,0.0709,0.6518166383701188,0.573183562759659,0.7304497139805787
0.7352491719298245,0.0699,0.6473646481795887,0.568501166121819,0.7262281302373584
0.7365546807017543,0.0689,0.6429126579890586,0.5638262682294124,0.7219990477487048
0.7378601894736841,0.0679,0.6384606677985285,0.5591588058482828,0.7177625297487742
0.739165698245614,0.0669,0.6340086776079985,0.5544987185276442,0.7135186366883528
0.7404712070175439,0.0659,0.6295566874174684,0.5498459485062899,0.7092674263286469
0.7417767157894737,0.0649,0.6251046972269383,0.545200440624457,0.7050089538294195
0.7430822245614035,0.0639,0.6206527070364082,0.5405621422410036,0.7007432718318127
0.7443877333333333,0.0629,0.6162007168458781,0.5359310031555872,0.696470430536169
0.7456932421052631,0.0619,0.6117487266553481,0.5313069755355576,0.6921904777751385
0.7469987508771929,0.0609,0.607296736464818,0.5266900138472969,0.6879034590823391
0.7483042596491227,0.0599,0.6028447462742879,0.5220800747917621,0.6836094177568136
0.7496097684210525,0.0589,0.5983927560837577,0.5174771172440052,0.6793083949235103
0.7509152771929825,0.0579,0.5939407658932276,0.5128811021964612,0.6750004295899941
0.7522207859649123,0.0569,0.5894887757026976,0.5082919927058132,0.6706855586995821
0.7535262947368421,0.0559,0.5850367855121675,0.5037097538432566,0.6663638171810785
0.7548318035087719,0.0549,0.5805847953216374,0.4991343526479994,0.6620352379952754
0.7561373122807017,0.0539,0.5761328051311073,0.4945657580838482,0.6576998521783665
0.7574428210526315,0.0529,0.5716808149405772,0.4900039409987408,0.6533576888824135
0.7587483298245613,0.0519,0.5672288247500472,0.4854488740870998,0.6490087754129946
0.7600538385964912,0.0509,0.5627768345595171,0.4809005318548868,0.6446531372641474
0.761359347368421,0.0499,0.558324844368987,0.476358890587255,0.640290798150719
0.7624595607476635,0.0489,0.5501557632398755,0.4680426631925692,0.6322688632871817
0.7633452616822429,0.0479,0.5416139081499347,0.4593708682073517,0.6238569480925177
0.7642309626168224,0.0469,0.5330720530599939,0.4507234139806356,0.6154206921393522
0.7651166635514018,0.0459,0.5245301979700533,0.4421002069652359,0.6069601889748707
0.7660023644859812,0.0449,0.5159883428801126,0.4335011754206048,0.5984755103396204
0.7668880654205608,0.0439,0.5074464877901719,0.4249262690947623,0.5899667064855815
0.7677737663551402,0.0429,0.4989046327002311,0.4163754590027422,0.5814338063977201
0.7686594672897196,0.0419,0.4903627776102904,0.4078487372992674,0.5728768179213135
0.7695451682242991,0.0409,0.4818209225203497,0.3993461172443462,0.5642957277963532
0.7704308691588785,0.0399,0.473279067430409,0.3908676332614358,0.5556905015993822
0.7713165700934579,0.0389,0.4647372123404683,0.3824133410887709,0.5470610835921657
0.7722022710280374,0.0379,0.4561953572505276,0.3739833180254127,0.5384073964756425
0.7730879719626168,0.0369,0.4476535021605868,0.3655776632745641,0.5297293410466095
0.7739736728971962,0.0359,0.4391116470706462,0.3571964983877339,0.5210267957535585
0.7748593738317757,0.0349,0.4305697919807054,0.3488399678144341,0.5122996161469768
0.7757450747663551,0.0339,0.4220279368907648,0.3405082395632944,0.5035476342182352
0.7766307757009345,0.0329,0.413486081800824,0.3322015059817803,0.4947706576198677
0.777516476635514,0.0319,0.4049442267108833,0.3239199846631597,0.485968468758607
0.7784021775700934,0.0309,0.3964023716209426,0.3156639194909874,0.4771408237508978
0.7792878785046728,0.0299,0.3878605165310019,0.307433581833223,0.4682874512287808
0.7801735794392524,0.0289,0.3793186614410612,0.2992292719002035,0.4594080509819188
0.784185625,0.0279,0.3689665471923536,0.2893216011756768,0.4486114932090305
0.791146875,0.0269,0.3585125448028674,0.2793563703478588,0.4376687192578759
0.798108125,0.0259,0.3480585424133811,0.2694320353492073,0.426685049477555
0.805069375,0.0249,0.3376045400238949,0.2595494287096327,0.415659651338157
0.812030625,0.0239,0.3271505376344086,0.2497094740966473,0.4045916011721698
0.8189918749999999,0.0229,0.3166965352449223,0.239913194787205,0.3934798757026397
0.825953125,0.0219,0.3062425328554361,0.2301617234995916,0.3823233422112806
0.8353327692307692,0.0209,0.2942928039702234,0.2190715395949312,0.3695140683455155
0.8465996923076923,0.0199,0.2827129859387924,0.2083840530896603,0.3570419187879245
0.8578666153846153,0.0189,0.2711331679073614,0.1977571814848069,0.3445091543299159
0.8691335384615384,0.0179,0.2595533498759305,0.1871933195470679,0.3319133802047931
0.8804004615384615,0.0169,0.2479735318444996,0.1766951615234559,0.3192519021655433
0.8916673846153846,0.0159,0.2363937138130686,0.166265747617173,0.3065216800089643
0.9029343076923076,0.0149,0.2248138957816377,0.1559085208777856,0.2937192706854898
0.9142012307692308,0.0139,0.2132340777502067,0.1456273974646975,0.280840758035716
0.925468153846154,0.0129,0.2016542597187758,0.1354268542997756,0.2678816651377761
0.9367350769230768,0.0119,0.1900744416873449,0.1253120396429712,0.2548368437317185
0.948002,0.0109,0.1784946236559139,0.1152889143465449,0.241700332965283
0.9592689230769232,0.0099,0.166914805624483,0.1053644348639202,0.2284651763850458
0.970535846153846,0.0089,0.1553349875930521,0.0955467941687318,0.2151231810173723
0.9818027692307691,0.0079,0.1437551695616211,0.0858457447169205,0.2016645944063217
0.982,0.0,0.0,0.0,0.0
