perplexity,percentage,entropy_rate,rates_0,rates_1,rates_2,rates_3,rates_4,rates_5,rates_6,rates_7,rates_8,rates_9,rates_10,rates_11,rates_12,rates_13,rates_14,rates_15,rates_16,rates_17,rates_18,rates_19,rates_20,rates_21,rates_22,rates_23,rates_24,rates_25,rates_26,rates_27,rates_28,rates_29,rates_30,rates_31,rates_32,rates_33,rates_34,rates_35,rates_36,rates_37,rates_38,rates_39,rates_40,label,lens
48.02,0,0.18708992118504,0.0,0.409258342438541,0.0,0.0,0.0,0.0,0.5548323630716514,0.0,0.0,0.0,0.5951982202200163,0.0,0.4570007376593177,0.0,0.0,0.5286016057892949,0.0,0.0,0.0,0.0,0.5997436837167971,0.0,0.0,0.555129782013162,0.0,0.0,0.0,0.0,0.4478488543629545,0.583699085639789,0.0,0.0,0.6738423647326321,0.5501424999502995,0.6922157417930493,0.0,0.514781358497495,0.0,0.5083921287016477,0.0,0.0,1,158903
65.64,0,0.31667811802085,0.4300012594821966,0.44634389673240693,0.0,0.5965851964038003,0.40537639631219646,0.5312025541071079,0.4278732472881157,0.29909570719496614,0.4093628991651549,0.0,0.0,0.0,0.0,0.0,0.0,0.5267889369224871,0.0,0.0,0.2738122300563266,0.4061214998868747,0.0,0.4314528626538588,0.6245324822286776,0.40067539403116076,0.0,0.0,0.28939732079037095,0.3908101025223058,0.44841600727906583,0.509108142031698,0.49567573933160425,0.4334113497869607,0.3792769098190882,0.5666412236401661,0.578331444175907,0.4605955145431734,0.5392212375600863,0.4022679294281331,0.3663017849416849,0.4491612228694045,0.46596234766990263,1,139393
60.2,0,0.322771773339516,0.0,0.5947837371042864,0.5507365760175512,0.0,0.6456702303957551,0.0,0.6315111684164012,0.0,0.6225656636085953,0.0,0.0,0.0,0.0,0.6854312386928751,0.0,0.0,0.6233523466048351,0.0,0.0,0.6523559928431022,0.5989432842274659,0.0,0.0,0.6613977154468652,0.0,0.0,0.0,0.6050944327106558,0.6645393986821847,0.6801541836475827,0.6328145756875599,0.0,0.5897042624298809,0.6393486155250275,0.6477971306974492,0.6509314024695636,0.0,0.6094208576852094,0.0,0.6588411726156124,0.5882487214117107,1,115716
62.33,0,0.132799917032608,0.0,0.25837597240408494,0.0,0.4386979748518447,0.44758993877311676,0.4239622718457664,0.0,0.0,0.0,0.0,0.0,0.0,0.0,0.0,0.0,0.0,0.0,0.0,0.0,0.0,0.0,0.0,0.0,0.0,0.4958334370829136,0.0,0.5561080482365357,0.0,0.33529148441390916,0.46366477509076465,0.49823596260940006,0.0,0.0,0.0,0.0,0.0,0.5042130524630026,0.0,0.0,0.5328893172388947,0.48993436332670637,1,164747
65.25,0,0.348530375619118,0.0,0.0,0.0,0.0,0.5427649030966643,0.0,0.0,0.6710694722522841,0.0,0.0,0.6078928575221041,0.6527359897328395,0.0,0.0,0.0,0.0,0.5696198532471741,0.6570496254628861,0.0,0.0,0.0,0.6604317642956722,0.7062775003147819,0.6211794208226563,0.6489060597193551,0.6668539338793449,0.0,0.0,0.0,0.5787097411889998,0.6122535974722719,0.7803765073715394,0.0,0.6649893591943752,0.665400943450075,0.6474722422896061,0.7550711144739686,0.6746881135927011,0.6219045252262961,0.6225601114595685,0.6615377643187099,1,135184
83.98,0,0.187114855804683,0.35690712534687685,0.0,0.38398959119132337,0.3854036112292454,0.0,0.0,0.42096989972449694,0.4521818978052149,0.39158213842467543,0.0,0.0,0.44623918112452654,0.0,0.0,0.0,0.0,0.41289280791174515,0.0,0.0,0.0,0.0,0.48717675541169814,0.0,0.0,0.0,0.0,0.0,0.0,0.4276428125542426,0.380099804814934,0.49351148977384485,0.0,0.0,0.0,0.3992715399378328,0.0,0.43263152687933176,0.4713301186306058,0.41573720099473327,0.46286091218648734,0.45128067405019967,1,136107
64.67,0,0.352555713922724,0.3404186728393235,0.2609443750152058,0.35588159750615284,0.43057408108068035,0.2626868638936313,0.3840357082605889,0.5200255626613569,0.38915078128783015,0.3187907095380017,0.280829414117621,0.25895010447609146,0.21843713181292718,0.3386101175472375,0.35394281875647504,0.2735330820971741,0.31863624888910075,0.3597796144883697,0.35203588473049097,0.34830883698560555,0.46744502040711283,0.4466099837546519,0.29056735734244354,0.36600851881850804,0.34975633294313263,0.40381910278453853,0.30194505310015385,0.34112276496543453,0.3159837496414885,0.2990594954701919,0.44207693109410084,0.33523849662350663,0.40145076573107075,0.3965598417091871,0.36595459464298513,0.26967983751141117,0.40398267019205114,0.43333932794134483,0.31756865831442704,0.4366816252710542,0.43365263361213263,0.2707099029769142,1,184963
86.35,0,0.391583973690955,0.35346631758464203,0.591129966260807,0.4547728694219111,0.6358653281967694,0.5541072733390747,0.632125307230511,0.5575176151604906,0.5380440087936332,0.6086410426876966,0.6317498280991017,0.0,0.0,0.0,0.6054808041206522,0.0,0.0,0.0,0.3430440953175314,0.0,0.0,0.0,0.3405323231433817,0.36096401522288496,0.5293022279323236,0.40766030827893207,0.0,0.5467317319712498,0.0,0.5669070719394883,0.7033867555387523,0.4782274213898372,0.466009265946793,0.6536532231872808,0.5886248732813585,0.6241076690891417,0.6193642029136422,0.6581831238383636,0.578908338410423,0.536779793137079,0.363323489224819,0.5263326306706062,1,125591
109.44,0,0.594468831521441,0.4825364339729396,0.4921990243776114,0.7674477758512779,0.400414161989042,0.5125002863717386,0.5370493792658604,0.6926787013069218,0.5093013444265387,0.6327647768510167,0.6412039139036032,0.5249455049290316,0.7542656791928404,0.6392725737252063,0.7578607891598819,0.6538022853743408,0.5246995799226867,0.7527706362978335,0.6787332139018276,0.6789448896783907,0.4799968703935266,0.7641552745455074,0.7587544803006135,0.770030801841155,0.46745397660567184,0.5050199482505584,0.620802537050582,0.7619508080686419,0.7610112037028789,0.5357256205018243,0.45974576989753585,0.445508832295192,0.4535016757424241,0.509941090188488,0.5117136430068269,0.5608917017510072,0.5140850273753476,0.6155114226453282,0.6662701443322931,0.438200722072791,0.6451200337751897,0.4944395575371308,1,199908
64.75,0,0.137547909214273,0.12117750406025997,0.1688385465516812,0.13969244558639257,0.12182443916809478,0.12931315523706452,0.18297266597327344,0.12528903122401808,0.10110875783563933,0.14824759768626805,0.1255037104164964,0.11929301684699882,0.13421297198383506,0.11906206947714924,0.14561495839330105,0.13136257019424594,0.12703952270098373,0.14860692616200932,0.17372946631685446,0.13515879602832417,0.12442120854500821,0.13947880313103178,0.20694919003502846,0.139832228487894,0.12577889127365782,0.1564693071583802,0.11464355982050728,0.14953249045407302,0.12657566619504607,0.14734931241489488,0.13836503191221963,0.13344576759478055,0.15801859339159333,0.13694594368216684,0.129015286105239,0.1272443434522111,0.13848019306405052,0.14576327031181974,0.13704093577618834,0.13056499581158623,0.10728475680232734,0.12821635052263597,1,152967
94.22,0,0.272128925477513,0.0,0.0,0.0,0.0,0.0,0.0,0.0,0.5062849174577393,0.4840286291796607,0.0,0.6339552299576051,0.5881727486398153,0.0,0.5190288269924427,0.6318265967424619,0.5330763844407849,0.0,0.0,0.0,0.0,0.0,0.5209997309101552,0.0,0.5386681615381845,0.0,0.0,0.6342762446800844,0.0,0.0,0.0,0.4987957403122208,0.499181828797726,0.677359602714784,0.5523720853185385,0.511676698620396,0.6440572866592676,0.0,0.546438476733164,0.5122661799501679,0.5428351541958191,0.5819854207370491,1,190939
75.48,0,0.202462503544754,0.0,0.4154693478372188,0.0,0.0,0.0,0.0,0.0,0.0,0.42096989972449694,0.4560622109656978,0.41226055915318893,0.0,0.3896881444139804,0.0,0.0,0.0,0.0,0.0,0.5318328107140384,0.0,0.0,0.0,0.0,0.43213970611740765,0.44772288553190176,0.0,0.3985038416029407,0.0,0.5250427650564525,0.0,0.0,0.4663913230233513,0.44374875407486114,0.46997909157506873,0.0,0.49481070691032986,0.5429530079837415,0.0,0.5625550909823848,0.43097365295012735,0.45985884671774296,1,203261
48.27,0,0.445430246866797,0.582352301242302,0.35569653814666835,0.5665348799162706,0.517996000918734,0.0,0.4249552594140548,0.35394332048594607,0.2023027841279843,0.570171055298327,0.47135027672002744,0.3732324787658626,0.0,0.5109688601851106,0.5923795563861736,0.5725300160020703,0.35701889826125816,0.41782319022501563,0.3622100483251147,0.5108833247867375,0.3412779401368743,0.3894479670054758,0.6628747224033332,0.0,0.0,0.6219558938000215,0.47789811665458354,0.4173781579115004,0.5364775931433275,0.6115758299007518,0.4248920659684516,0.5038126861883543,0.5377014966055894,0.4857750921194704,0.6560624206731526,0.6348194207431583,0.4369310765700318,0.6242838218652355,0.5696191947270887,0.5343248801676331,0.47025255738696253,0.5829303983600503,1,173083
70.29,0,0.446128183646836,0.3087637128624667,0.47057279453889383,0.5282061634970064,0.4674423429513806,0.5804769209356799,0.2569486091166164,0.40288287876041257,0.5613039721558291,0.4141294648498914,0.5355783557320922,0.25665379523410126,0.3160094187247565,0.37682548687828044,0.4093532290291503,0.36331576124179277,0.27369380532015103,0.4502736753723409,0.5327982105137805,0.32070889723554474,0.4206710732989784,0.6125429866758947,0.39073854382147155,0.5350084287532103,0.5634018609771367,0.5794493016326576,0.25077587142351615,0.4991825333912362,0.3714552272348901,0.46972266536435625,0.5521307897708306,0.4599897409582533,0.4464564302315152,0.4474556177214468,0.432630780884956,0.5009050599493204,0.44577312759029947,0.4949141175141674,0.556341911202802,0.4155869475763481,0.5446487238113378,0.47553629478550835,1,185968
86.62,0,0.599664675310305,0.6481614300353058,0.35980699597394833,0.5825905670252847,0.2786935300751543,0.6768225581853126,0.6920811620312847,0.5723882869886893,0.6338088243571065,0.5628997694746065,0.698882969434857,0.7304217994582177,0.6386046750945636,0.5635866439662786,0.6560688679592048,0.3916148417658092,0.7177635071735977,0.7139824160770022,0.7112401416564444,0.5976603948289956,0.27456279600341194,0.6121562103928115,0.6131446328580424,0.6599055154487311,0.5488189107192535,0.5424161786913403,0.5733550477873616,0.6727318044640299,0.5423176405999732,0.6505197842657157,0.6520734759832021,0.6335525402999292,0.6078249219316497,0.6358173378935373,0.626962931070112,0.5095039937362645,0.6801303552760257,0.7022596919829371,0.6699871427489295,0.6374529668693577,0.5569039237635521,0.5567745033747122,1,128172
72.31,0,0.331684201888119,0.2876752666490758,0.0,0.1725586938917692,0.4214848765605928,0.5496261382332546,0.0,0.0,0.5215113077993918,0.5188298812338971,0.0,0.0,0.3440375010748632,0.0,0.0,0.5914074203253097,0.31405926389905336,0.5379665271785578,0.5809484362870567,0.0,0.5878519832781539,0.3451765992990735,0.0,0.16864503330850694,0.431210927222612,0.0,0.558159603848745,0.0,0.5138643018062027,0.3821022467029569,0.4804624049670914,0.5235826394406949,0.5241908651022248,0.533317559136811,0.4108060372953372,0.5178653931256322,0.36847971606797414,0.34420656600831606,0.47700865762237227,0.5426012702539111,0.5236110731170119,0.5258040866764633,1,152941
65.27,0,0.213762048122619,0.0,0.6742939466039052,0.6709077111382729,0.0,0.6556796762279049,0.0,0.0,0.3967585325478439,0.0,0.0,0.0,0.0,0.0,0.0,0.0,0.0,0.0,0.0,0.0,0.7045706840377458,0.0,0.0,0.6110621552712879,0.0,0.0,0.0,0.0,0.6433463275525603,0.0,0.6445771940080687,0.6761830139973254,0.0,0.6742939466039052,0.5285893475589422,0.6642001097156095,0.0,0.0,0.5838902169641372,0.0,0.0,0.6358911107998991,1,214647
42.74,0,0.272511043432054,0.0,0.0,0.0,0.0,0.0,0.5323591950723147,0.6556188617266663,0.4958933456105329,0.7023414102439856,0.6419191514830341,0.0,0.0,0.0,0.0,0.0,0.0,0.0,0.0,0.44987187235043385,0.5390517881920862,0.5780062739648653,0.0,0.0,0.0,0.471832954235237,0.0,0.0,0.6970703739613586,0.0,0.6298439868748434,0.6760773066316325,0.6510265938378391,0.557192432082707,0.0,0.6003184629528853,0.0,0.49203718355844506,0.5945482564832709,0.0,0.48650488935803415,0.7214384420940707,1,165713
94.64,0,0.362553201354125,0.5616723373440781,0.0,0.6581374321370869,0.5903758649112406,0.0,0.0,0.0,0.7003128982266247,0.6891692909287223,0.5958018245091481,0.0,0.0,0.0,0.5987526652760602,0.0,0.6399571619555153,0.0,0.6324045927764634,0.0,0.0,0.0,0.6845175446500478,0.6463114758534885,0.0,0.0,0.0,0.6249180860383527,0.0,0.6533426084011531,0.704957432039532,0.6001929783912646,0.6276468665773106,0.77601605377967,0.6441292532187475,0.6948420012041905,0.6207084810627324,0.0,0.5909495199786313,0.732391045370982,0.597173840888103,0.0,1,143443
64.61,0,0.327242273124637,0.0,0.0,0.4205243814287351,0.0,0.0,0.5120383166788168,0.0,0.0,0.5161356727701893,0.0,0.0,0.0,0.0,0.5010258743791292,0.6596537163765924,0.0,0.0,0.0,0.7973316613031218,0.3348445332301127,0.0,0.5299387077831798,0.5328751345644517,0.0,0.7769032255704288,0.42703170978355326,0.0,0.49931076109410355,0.465776571376004,0.7947399981527701,0.2717822215997982,0.5767168168824723,0.4768193001193889,0.7963479928076345,0.5839652695480003,0.3774684543280875,0.4845332529305155,0.6034831904095346,0.30814579695572425,0.5108812614895405,0.6586593765482541,1,153194
71.41,0,0.534980043888999,0.45316350024444785,0.0,0.0,0.0,0.629008955357484,0.6460944879851365,0.0,0.6104604141450799,0.6018143348804036,0.6502602958419172,0.6275371578306702,0.5590222509632273,0.5289737092673952,0.5526185107557667,0.6224203315317244,0.6274695989232282,0.5372353975145029,0.0,0.6223477511202653,0.6660283240381373,0.6055841344481068,0.6261385723158771,0.6408865652270732,0.6350268556971028,0.6033357197273103,0.632558681889558,0.7010186031392225,0.6457257213414249,0.5204444661406664,0.5655907483596344,0.5604803745202942,0.6278079314579625,0.5395811187619314,0.6159690508829485,0.6476160302670586,0.6252342676985592,0.6382433987131647,0.6225029155660214,0.652021294396639,0.6713362044787393,0.6226241240203048,1,142317
43.6,0,0.36107159535267,0.47630829090363985,0.3044681709431361,0.385242540254839,0.2945313793788123,0.38846273802241094,0.3790377401340524,0.3260450389508859,0.39512236188997085,0.32584277849699994,0.3727216118985428,0.3119810171898609,0.39189030209984427,0.3753183197486215,0.4395509919075699,0.3518007399232233,0.3186528885646567,0.4297861645106063,0.45040092334280957,0.316541833278626,0.4151836230167091,0.38590449436050095,0.3993169032793902,0.45337352937072395,0.48072967222499574,0.2928534818400585,0.3717537984195774,0.3131285143643311,0.3498072526567109,0.3677206423732441,0.34950424824286125,0.2526234916771333,0.31375343849923365,0.3402497477412644,0.2930179481929477,0.3228231178046665,0.3358272738743903,0.28942324724600327,0.388357702593971,0.3551738574160754,0.3424651481540613,0.3572384446715144,1,188865
51.16,0,0.171559670626756,0.0,0.0,0.0,0.0,0.0,0.5294362604151448,0.45489279141272704,0.0,0.0,0.5172938973956497,0.0,0.0,0.0,0.0,0.0,0.0,0.4805795127820126,0.0,0.0,0.0,0.6497648738663494,0.0,0.49791364393922627,0.0,0.0,0.6319045827841735,0.0,0.0,0.5135055534168921,0.0,0.47604198550606325,0.0,0.0,0.6361203188486775,0.515567782667718,0.0,0.0,0.5544318762277005,0.0,0.5764934164346794,0.0,1,150932
58.38,0,0.274358703870415,0.6756137406415057,0.4355433099298894,0.0,0.0,0.0,0.6317203194225692,0.0,0.0,0.0,0.0,0.6261933440090206,0.0,0.5514861001039746,0.5639866336672447,0.0,0.5390267215942351,0.5012080508236296,0.0,0.0,0.0,0.0,0.0,0.6730811532877438,0.0,0.0,0.0,0.0,0.6498113669764819,0.0,0.5900039296131179,0.0,0.6354751961822626,0.5190232585663703,0.5769391146218178,0.0,0.620965104428542,0.6288587962859344,0.5139284804912502,0.0,0.6730811532877438,0.6427610847537144,1,141166
78.32,0,0.497437696386417,0.543146970060214,0.6389339552943482,0.5422368037483254,0.6338225425228382,0.711185660077683,0.0,0.6513716933406761,0.543146970060214,0.7133392666669607,0.6175039024234983,0.6642777965420021,0.0,0.6102967714442387,0.0,0.7194780841637749,0.6645838767869824,0.0,0.7314171370787752,0.0,0.0,0.615966009601474,0.0,0.0,0.0,0.6213736823131844,0.0,0.6309709459945909,0.7934917773960546,0.6449773535581218,0.6277178178127006,0.5609820961968893,0.7019052157212721,0.698624082507346,0.6728923870223107,0.6923894855312288,0.7370748336567013,0.7682123613873649,0.7038454575149802,0.746117712033652,0.6058448629430211,0.587818040441706,1,140288
81.44,0,0.168804625635039,0.5438843699214206,0.0,0.3858232316446823,0.0,0.0,0.35960321561280184,0.0,0.38770481695086517,0.0,0.0,0.0,0.47572256086487535,0.0,0.0,0.0,0.0,0.0,0.0,0.0,0.45457637041277577,0.0,0.0,0.0,0.4016726428604372,0.0,0.5294739310746908,0.0,0.0,0.4163196211834813,0.4142864186867586,0.2737462590840823,0.3958700675304375,0.0,0.0,0.5316088547178439,0.0,0.0,0.4688572317884154,0.0,0.40918895752860074,0.472651101174458,1,121600
75.97,0,0.214746535472408,0.44308632829356276,0.0,0.0,0.0,0.5211131617216489,0.4199675895123036,0.0,0.0,0.0,0.0,0.0,0.0,0.0,0.0,0.0,0.7754102853682387,0.0,0.0,0.6291868218411445,0.0,0.0,0.0,0.0,0.0,0.5835984013537844,0.0,0.5466205770567415,0.5411110142429799,0.0,0.4741497078291805,0.5107955137963492,0.4262025984542607,0.0,0.0,0.4480191162672787,0.0,0.6443653963954266,0.6423401508945839,0.0,0.6738655584990867,0.5247757328421966,1,173430
63.26,0,0.281115553754775,0.0,0.6168996163136378,0.0,0.0,0.5301930304230622,0.46293469282165506,0.5238811341450166,0.0,0.0,0.0,0.5591035554507819,0.0,0.4694429655562237,0.0,0.5085620123106063,0.0,0.0,0.0,0.6722676526252261,0.0,0.0,0.4166671974217479,0.4660557744373909,0.0,0.4226754594100972,0.0,0.0,0.5049799507004101,0.40875391003390293,0.5479860791858361,0.0,0.6061885217936369,0.634358221354865,0.5740369242394525,0.0,0.6413590694356258,0.4465248851572074,0.4511966384185151,0.0,0.4840324164061717,0.5776379963047125,1,169892
53.5,0,0.421453780844073,0.0,0.5757029659849091,0.4077215620260155,0.5895280516026826,0.47953451984101914,0.5267251654460132,0.4078539937590036,0.6469537311469703,0.409534207223259,0.5059604595856434,0.3851359968534172,0.613116190248286,0.5109335901268451,0.5968763312830386,0.5135417366842717,0.3576909398488708,0.5705509989498845,0.5774483834466715,0.6041981740635906,0.552281296050052,0.0,0.0,0.0,0.0,0.0,0.0,0.0,0.44603654955407335,0.5107031065914938,0.5795853788001268,0.5044564195484413,0.5261779409780019,0.36732742629745885,0.5439820840721052,0.5694042950928307,0.5712714998557172,0.6094588841447741,0.46868191066838866,0.537312934669873,0.6560342017814337,0.557884088381843,1,154657
72.08,0,0.220759975926798,0.5240328575901937,0.0,0.3933525792938628,0.0,0.0,0.0,0.0,0.0,0.7042148473869342,0.6012456284349754,0.0,0.0,0.0,0.0,0.639080399584217,0.5419330450713568,0.0,0.5769859932091526,0.0,0.0,0.0,0.0,0.4978741931842277,0.0,0.6319667144098474,0.0,0.0,0.0,0.49222355611372987,0.0,0.4266811791481093,0.7129174848847488,0.6413616581544288,0.0,0.6587002683411907,0.49923647420012046,0.5093521339916613,0.0,0.0,0.0,0.0,1,176136
49.71,0,0.199367976511059,0.0,0.3837206229941168,0.0,0.0,0.0,0.5529454273881605,0.0,0.46063772616201404,0.0,0.0,0.0,0.0,0.0,0.4683336826318751,0.6101681351608318,0.5763301676518731,0.0,0.4820393845633812,0.5263616903974111,0.0,0.0,0.0,0.558841363730549,0.0,0.0,0.0,0.0,0.0,0.48647145404086667,0.0,0.5172916915086215,0.5963761370598564,0.45850023603741374,0.0,0.0,0.0,0.44524581322229195,0.0,0.0,0.48370287722013955,0.5671206271840347,1,149195
62.46,0,0.457317147549978,0.44552566976171115,0.4025433176960021,0.4812003124514764,0.36837674536962217,0.4044750496030831,0.43726718285265154,0.6498841543868671,0.3738271782855787,0.4802734112833588,0.39048072609493883,0.6498841543868671,0.45599327597454115,0.36730522988199216,0.42281462243153667,0.6346870400666323,0.5537223000445796,0.4431834760048284,0.6388265744104591,0.6498841543868671,0.4658786787922976,0.3801446402128653,0.4006489214408677,0.3772138113556869,0.48606919798778536,0.4453209746096855,0.483342673376051,0.45677119906487623,0.5542242591796032,0.4849397413195393,0.4193335911909052,0.3975158013424665,0.41500752193123114,0.4161751299161943,0.40148741298825225,0.3734575501430762,0.487961026825531,0.4551948223197467,0.39899292338800163,0.4269423115914494,0.37841390876528735,0.3948123764341004,1,155900
67.73,0,0.353303633496182,0.11503912926117947,0.6413407367579523,0.12291336427310558,0.0,0.3702806160791078,0.0,0.11778641939783319,0.5267035965931178,0.0,0.0,0.7128212896440608,0.6320559876384173,0.11641277432950634,0.0,0.4461750743775743,0.7361930812727262,0.0,0.0,0.1264959165942358,0.0,0.0,0.12130718932081182,0.0,0.5058139845484517,0.6727551048449972,0.6399334631634883,0.7421398180771156,0.3539025455998663,0.6546830079145161,0.6730534437357477,0.11603277581037293,0.6474916864672274,0.22964052378949576,0.34856439252875027,0.5128730739438977,0.7268784480527296,0.5908563272321298,0.6267071989493062,0.5916283373144849,0.44395693316627965,0.6230127326649887,1,150696
73.43,0,0.402442683746806,0.0,0.509449133336406,0.373381840775692,0.3452700097747575,0.3921785150062631,0.36096404207354893,0.4571438416458815,0.3780586865698653,0.37797480587694765,0.4074016629845983,0.3615474831780389,0.48079049452466766,0.3759598075972551,0.37591802313380335,0.35885108909791885,0.4256830991952433,0.37087225153160414,0.37721745579860694,0.3991282427669808,0.3747976061548101,0.46402575322196626,0.36477462462132904,0.457253256525681,0.3636704190909346,0.4726178266300141,0.35459307067211654,0.4425006952134186,0.4637227557252604,0.43351145555104037,0.402263649788231,0.36134684133682177,0.43800846035982527,0.4123915185244007,0.42557774000055687,0.4316872028984265,0.4470150445887757,0.45074158616993676,0.46562685118653113,0.4342946300892607,0.4631189241242425,0.44881963627739424,1,139258
47.32,0,0.337823127816602,0.5702452796983356,0.0,0.4661319619194973,0.0,0.5686834655134263,0.0,0.0,0.0,0.4938462573906471,0.47134160009945,0.0,0.0,0.635008692099119,0.0,0.0,0.0,0.0,0.618376215050194,0.5771747641733532,0.4484880591371245,0.0,0.6033891919709129,0.614038271745895,0.0,0.5625797113437535,0.0,0.6306250477701625,0.5862322743497714,0.400077982495948,0.5344106601832131,0.0,0.6450845422321834,0.674337247695229,0.3866133191904282,0.6756837866471264,0.0,0.562718451505551,0.6077367477490568,0.5816449343742633,0.5984566483294477,,1,148001
55.09,0,0.180833165370733,0.0,0.0,0.0,0.0,0.0,0.0,0.0,0.7075908598127133,0.0,0.0,0.5797370673959332,0.0,0.6826635604447316,0.5882893593043952,0.0,0.0,0.6517739822276621,0.503047243475198,0.0,0.0,0.0,0.0,0.0,0.0,0.0,0.0,0.0,0.0,0.0,0.0,0.0,0.0,0.0,0.5428348629147031,0.6895502980813268,0.0,0.6131924876710289,0.7390484160152049,0.4591479092130874,0.6572837336440872,0.0,1,140725
48.84,0,0.309586946552756,0.0,0.0,0.5640243538789568,0.47468761495736594,0.0,0.6190318418923316,0.0,0.5605887243699793,0.6152433526838698,0.0,0.5903060346152816,0.0,0.0,0.5900051927543287,0.5192100987088751,0.0,0.0,0.615865959525596,0.0,0.0,0.0,0.5549507235071997,0.0,0.0,0.0,0.5780476445581019,0.605554162517514,0.0,0.5026001755765853,0.0,0.6055598570821438,0.0,0.6240259714529292,0.5586086358941218,0.5761373121185771,0.0,0.611035959474256,0.5809550005842199,0.5774320554834532,0.5916135911866535,0.5775805458406751,1,191604
69.71,0,0.295154981522089,0.0,0.4673785967319535,0.0,0.0,0.0,0.0,0.0,0.5428854804179646,0.661255486274001,0.4285986721107125,0.0,0.0,0.4845360426088571,0.0,0.5015817706279017,0.6382549692657902,0.0,0.0,0.0,0.6549593633045402,0.0,0.4549968159391951,0.0,0.538862297627477,0.0,0.0,0.0,0.6556179862176804,0.4315602784610202,0.5752670648092921,0.6357832932135766,0.48172985777044425,0.6181602121995547,0.4226754594100972,0.5159465039720019,0.6408418635294603,0.0,0.5659982111989784,0.6867592766592676,0.49770474005588816,0.0,1,143994
89.03,0,0.335770107620894,0.7992972738018759,0.5737964679295158,0.0,0.5262416223445495,0.0,0.0,0.0,0.0,0.0,0.0,0.0,0.6966779760681039,0.5361010957963855,0.7368702831371078,0.6891966671650298,0.0,0.7464309673828069,0.0,0.0,0.0,0.7577816630411389,0.0,0.0,0.0,0.0,0.0,0.6558991348089377,0.4228885494091735,0.6918058678473862,0.5173918206005214,0.5362782844622928,0.49056757025171643,0.6313208828964975,0.7365058867329327,0.6636563856853004,0.0,0.8535877155734125,0.0,0.676777349556952,0.6239186399835169,0.20358230798151322,1,168615
54.93,0,0.180292621679563,0.0,0.0,0.3853819992852602,0.4425067438836411,0.0,0.0,0.557353592994809,0.0,0.0,0.6201543849508325,0.0,0.0,0.0,0.4761229405662947,0.0,0.34992138675563145,0.0,0.0,0.0,0.0,0.0,0.0,0.0,0.0,0.46982672783695306,0.4481781246932215,0.0,0.0,0.4631412199078978,0.4688593529257557,0.5908389570874232,0.5686958029399033,0.0,0.0,0.0,0.0,0.4399497295256465,0.5938422039919649,0.0,0.0,0.5172243215168544,1,190312
86.23,0,0.354648856907994,0.4579590698644059,0.3511945982689694,0.36598738608940645,0.3720897924237857,0.39876357567256404,0.3825818205633026,0.229479165528755,0.2749101978016626,0.3702816464829655,0.30080278456517134,0.294713735909546,0.3691875738596758,0.383415776551646,0.45574920637623606,0.3899152053746213,0.3879263413956945,0.3520909949944518,0.30913857620067814,0.19843801933678934,0.2516663275857515,0.4700828885711491,0.31869635904738947,0.35777090825380997,0.31963284887815946,0.3680904138731759,0.3165065049168848,0.29612896485942547,0.3273780093027585,0.41341773838853935,0.3293576110692412,0.4253858669110629,0.391075412018686,0.484153400385055,0.37594104671159456,0.2866553649745508,0.3272314094654916,0.3322728857921807,0.49801735566822014,0.40654677462812056,0.357458753381912,0.24251082128428011,1,241738
54.65,0,0.232493103710683,0.0,0.0,0.49218786026109146,0.40562787098177727,0.0,0.49411975088212845,0.0,0.0,0.34548671969102274,0.0,0.41767768796776716,0.45677759266666873,0.0,0.0,0.0,0.0,0.0,0.0,0.0,0.0,0.40125697885813877,0.551525914448787,0.24770920895841897,0.0,0.0,0.0,0.36538529019857513,0.46011418702625845,0.4563091533662073,0.34755869385853244,0.0,0.374153667581645,0.4124648573507085,0.0,0.39319277803352254,0.5424834358526177,0.32807670634143915,0.48434249339457414,0.7128881705655775,0.45626491466214364,0.3866133191904282,1,190042
75.66,0,0.234501417273258,0.3394613672804186,0.0,0.3608523632695577,0.0,0.0,0.49931844392253255,0.3431295653096004,0.0,0.4992090595191009,0.0,0.0,0.0,0.3824797106118264,0.0,0.0,0.0,0.0,0.49965301218286595,0.0,0.0,0.4879345049655944,0.0,0.49939408795633095,0.49951973629218427,0.0,0.3977299792993546,0.0,0.0,0.35945308473689175,0.32141600314923063,0.0,0.49951527036506466,0.49935091466614057,0.44715614116909075,0.4994545525318173,0.3258216676296426,0.0,0.4996485456888958,0.5,0.4993402590286383,0.3547198386288249,1,139806
77.27,0,0.465518238833471,0.7292754700313249,0.34775882648695244,0.7483978465252162,0.709693545320401,0.5191226459358218,0.7321423265000794,0.37794097700828866,0.0,0.7447292001756276,0.4117567670580054,0.7396606204747309,0.0,0.7120374875504071,0.4109527598659375,0.37455370461736204,0.7475874023789657,0.37321772319523966,0.6765200161887751,0.4053291361734811,0.4006777898078596,0.38057549877574226,0.4077004606268538,0.4418487332740921,0.36687482068035615,0.47787455085231034,0.4989743429177607,0.47620834567917497,0.5943119566484857,0.3483961286909911,0.3177787164464746,0.3757689709465676,0.37060848151526954,0.41471287179126576,0.5752324309389488,0.337304459415092,0.3663956670805911,0.4400892653406353,0.44052864137283687,0.41099813933316925,0.45326161799492065,0.42944944655629985,1,222816
71.76,0,0.243539572018469,0.4508277853101692,0.5795597193178129,0.0,0.5979439457453625,0.615320482238608,0.0,0.0,0.0,0.0,0.0,0.4908779731307438,0.0,0.0,0.4510960687980724,0.0,0.0,0.0,0.0,0.0,0.0,0.0,0.0,0.6758995894229026,0.0,0.0,0.5878989228751017,0.0,0.0,0.6319529547095907,0.52810049333031,0.6100352457543873,0.0,0.4892453938039659,0.0,0.49514028379677283,0.599741829544202,0.6236096640588539,0.4820393845633812,0.5828920193980767,0.0,0.49294069695892495,1,137763
77.18,0,0.223434493078959,0.47063057291153904,0.0,0.0,0.5293974656870535,0.0,0.0,0.599096205521549,0.0,0.0,0.6534264650478077,0.0,0.0,0.0,0.0,0.0,0.0,0.0,0.0,0.0,0.0,0.0,0.0,0.0,0.599096205521549,0.5603536397561267,0.0,0.6786627568368525,0.649040709048192,0.6311083888732288,0.5775368191404601,0.0,0.0,0.6105238848319445,0.0,0.6552693190815794,0.0,0.0,0.7307982888371228,0.0,0.5949187821245202,0.620954713017812,1,163290
73.79,0,0.336239572102684,0.44132544609360724,0.0,0.6821785981739362,0.5758510756611989,0.0,0.6699533177927093,0.0,0.43577630429274633,0.4957330241384302,0.0,0.0,0.0,0.4835733578057354,0.6077644125268219,0.0,0.0,0.5422696261675449,0.0,0.48413511791365976,0.5254757746116309,0.0,0.0,0.0,0.0,0.0,0.0,0.0,0.5507030271015279,0.5458995472087258,0.6954873300238001,0.47985123516419365,0.5763524863497184,0.6788636162801002,0.495632129787945,0.6255609847835985,0.6969636373013891,0.4676364429567164,0.4226708182156966,0.53370419006491,0.5201098743834934,0.5523510814102386,1,176523
55.8,0,0.200120266942932,0.600817958465836,0.0,0.4479925383138922,0.0,0.0,0.0,0.0,0.0,0.39534091473980276,0.0,0.0,0.0,0.0,0.0,0.4663393439493422,0.0,0.0,0.0,0.5236353151973622,0.5075717404500144,0.0,0.0,0.0,0.5675526481161773,0.0,0.607561324062462,0.0,0.0,0.5488452580870322,0.5433790931406975,0.0,0.0,0.25146362745415257,0.0,0.0,0.5077662675559127,0.5499340918096984,0.5188120198142018,0.5917449864084838,0.5761738170951468,0.0,1,199975
69.77,0,0.697698972708558,0.7476103965940939,0.749874713686503,0.7558030394613853,0.7491243390728427,0.5866678210384443,0.667872091290744,0.7026959512176955,0.7577292321346853,0.7505753724616353,0.6964863369367726,0.7601739062437702,0.7103418035512222,0.7428177013442805,0.7674219938539286,0.7479906410530398,0.7613818226639779,0.6782689276367195,0.7553771201666064,0.751355295502622,0.6727629913768225,0.7636861485698582,0.7490850146492568,0.6518550496777376,0.7396992846863101,0.5971860184123006,0.6364104165487381,0.6226503642539307,0.6288276957194002,0.6601051091467479,0.6699845743438224,0.7291846945454425,0.6584871745036099,0.5815452657029455,0.6688867911134132,0.6760643875619617,0.7534483607928402,0.7511790045292448,0.6657464780694046,0.6310780070649608,0.5941268791932711,0.6640896646779095,1,168561
47.4,0,0.17711310301647,0.5428206024363385,0.33966873576829343,0.0,0.0,0.0,0.0,0.0,0.4620174251305436,0.0,0.5184555763487159,0.484229980367094,0.0,0.0,0.0,0.0,0.5336813570131219,0.0,0.0,0.5685637798224377,0.0,0.0,0.0,0.0,0.0,0.0,0.0,0.0,0.0,0.5023249894440452,0.44936522379484894,0.0,0.5395395836766155,0.5885622749631036,0.6401973230235545,0.0,0.5348818006072745,0.0,0.0,0.557328571279293,0.0,0.0,1,178022
45.49,0,0.479721474565621,0.43420314195686327,0.3958453517863047,0.4732242294436679,0.5934106213502149,0.46860259763364626,0.5075705212664501,0.4835105315539826,0.5141712097623297,0.48835311879523463,0.4224260763325172,0.41152880279126763,0.46762394085763065,0.5264704759002392,0.478850750185748,0.4852932401092756,0.40009263197719686,0.45928859860817334,0.4848061043811033,0.49292185167654023,0.4791244100459032,0.5246371509408054,0.4777792041480126,0.48593994443697075,0.4611393189402612,0.4531598961831209,0.4935631384205045,0.5092309308136485,0.5078509062889313,0.5025371457330577,0.5467923727856954,0.4827978393154681,0.4715586284004811,0.4891801633465323,0.4992656598600052,0.4459659655872942,0.45785477547733694,0.5025107993330471,0.4793752887361951,0.512353113168153,0.4416438416135911,0.4561261672470631,1,159291
63.55,0,0.104547377425436,0.0,0.34875231718103533,0.22801279288720566,0.0,0.0,0.0,0.0,0.0,0.0,0.0,0.0,0.0,0.0,0.0,0.0,0.39352249074810924,0.0,0.0,0.0,0.43197852351234106,0.0,0.3459459641178003,0.0,0.4244293984667724,0.0,0.0,0.0,0.0,0.0,0.0,0.42789121045231393,0.0,0.0,0.0,0.39550824155986297,0.0,0.38216913413397136,0.0,0.45682144568626903,0.451410955697212,0.0,1,169447
53.38,0,0.466241160178247,0.0,0.0,0.6477309238610252,0.5476455429751098,0.5319305407461926,0.0,0.631116855683362,0.7384307528104088,0.6487315081179617,0.0,0.0,0.6432912602339483,0.7879106792311094,0.0,0.0,0.690489427381053,0.5386193384011001,0.6817087449368892,0.5621296280619825,0.6513383075115992,0.5389587387800535,0.783049149935234,0.0,0.0,0.6833868305850744,0.5510961444363441,0.0,0.0,0.5049492635807414,0.7061653313288987,0.6318348562904161,0.5688113898257562,0.5920405274391737,0.7364556836694085,0.7195337795118905,0.6552391651334438,0.6320205228533103,0.6520822876088314,0.670798664364043,0.6512150345857197,0.5371766874280589,1,147579
91.33,0,0.250543491720128,0.0,0.37779451859432767,0.0,0.0,0.4700003484288603,0.0,0.0,0.0,0.0,0.0,0.0,0.48322581932308417,0.0,0.0,0.22685816763773578,0.46157010609808086,0.4656465142576889,0.4637345316426404,0.0,0.0,0.44500745862810537,0.0,0.2690461808067742,0.5664232662471358,0.5345253647546283,0.0,0.6218687323604959,0.0,0.5712934638659631,0.5504396320924609,0.4374558348561994,0.5003821127841007,0.3879197423947775,0.0,0.2802855983350201,0.5015414509730882,0.5098853451053695,0.0,0.6266274423254136,0.0,0.5207515290133059,1,151947
92.41,0,0.285542758661787,0.6692546787294523,0.0,0.7108132651577178,0.0,0.0,0.0,0.39837978118503664,0.73567733843335,0.0,0.0,0.0,0.0,0.46356711699367925,0.7152623584391442,0.0,0.0,0.7036429040377222,0.0,0.0,0.0,0.0,0.6663102476090483,0.0,0.7045724860192812,0.0,0.0,0.0,0.0,0.69986976974922,0.7295739620571242,0.0,0.58027436137899,0.6983952537753831,0.5151546673936213,0.67341730673688,0.0,0.0,0.65913097051617,0.6926618858493943,0.6912947510720658,0.0,1,130114
70.85,0,0.163026610140649,0.0,0.30413023406626577,0.0,0.0,0.0,0.0,0.0,0.0,0.8199404876862324,0.0,0.0,0.0,0.0,0.6577358712945376,0.0,0.0,0.0,0.0,0.0,0.0,0.0,0.0,0.7443115760836005,0.0,0.0,0.0,0.0,0.7609640480340133,0.41029593260631014,0.0,0.7528078243097279,0.0,0.0,0.7320259816097184,0.0,0.0,0.0,0.0,0.7500282102202946,0.0,0.7518508498559144,1,128882
58.84,0,0.362284689624197,0.6539998686459411,0.0,0.0,0.0,0.0,0.625142032381874,0.0,0.0,0.0,0.469912005886007,0.7298657566490723,0.0,0.0,0.0,0.6217514671544264,0.553994072532387,0.0,0.0,0.5802640398265595,0.5347280070846209,0.0,0.0,0.7937198610463253,0.0,0.0,0.7569688813884157,0.5678758138325474,0.5055482832142877,0.0,0.6802507153209948,0.644999819705253,0.7338335724355444,0.5593661191577587,0.46083158291712917,0.6257983711749178,0.5358599148759167,0.5696822538547196,0.7651796443342093,0.675827836012408,0.6554281534263594,0.5528442017344071,1,177919
60.6,0,0.400603191368533,0.5939923115221606,0.5556017156847978,0.4230536604462956,0.2773893157550136,0.2743131578700845,0.4420495482909906,0.2970311886550555,0.5665653093081027,0.5015347776206344,0.32097811152752614,0.2509773851328022,0.3858525948484441,0.3109684673091491,0.31207706089219195,0.2476796239264668,0.636701009353521,0.26973771948082115,0.3599448310390758,0.23615936933872383,0.37582035552824455,0.47769835785904446,0.2829969380407596,0.2395592591332212,0.26561510495086466,0.4015025921483759,0.2740813584384787,0.4420682117639131,0.3982895454977805,0.5570907991443652,0.5158995458400619,0.42881768673442167,0.40710098074846324,0.5050078594534714,0.4972542249680331,0.46225878263994674,0.486550915583423,0.3888310598895854,0.44291689189306566,0.3693078814988433,0.4564197610714604,0.4870355752821854,1,129509
77.73,0,0.232274195772686,0.0,0.48975706392245183,0.0,0.0,0.0,0.0,0.0,0.0,0.0,0.5047932687420095,0.5903106398538147,0.36996835007737455,0.0,0.0,0.0,0.6109217899401976,0.4884841004180277,0.6562154077617184,0.0,0.6165862075174955,0.0,0.0,0.0,0.46811818360672286,0.0,0.0,0.5023737483437428,0.0,0.5469145603662104,0.0,0.0,0.5970148485968185,0.0,0.42563842357228393,0.38539012928557603,0.5488244282000839,0.5679966475044337,0.6219710069484748,0.0,0.5319632220227078,0.0,1,161806
58.75,0,0.28849218972687,0.5622036715019681,0.0,0.46405565740401183,0.5383092536886772,0.4627036149294769,0.0,0.4230193852871166,0.4855188092207384,0.68055104659265,0.512173554747655,0.0,0.0,0.0,0.5799915391913271,0.0,0.0,0.0,0.5748176649487265,0.0,0.0,0.0,0.5794940272695867,0.0,0.0,0.4561581586088024,0.0,0.0,0.0,0.48985419305487254,0.4712854941845613,0.6219820152736977,0.45990678296958554,0.612285246132357,0.5114816031223878,0.5818554903542683,0.6293992942918415,0.5627551094565438,0.0,0.5683781665708164,0.0,0.0,1,166957
51.64,0,0.156795850084099,0.0,0.0,0.0,0.33196465969778727,0.0,0.0,0.0,0.0,0.0,0.0,0.0,0.0,0.0,0.4916602238018443,0.4183203662891156,0.0,0.0,0.0,0.0,0.0,0.3799524341627017,0.48425647156791773,0.0,0.0,0.0,0.5620103734863785,0.46184135133380994,0.0,0.33855589411547804,0.0,0.0,0.4315602784610202,0.434929948320279,0.0,0.0,0.5534342394907324,0.5388544525214825,0.47761024867495444,0.0,0.5236789115245746,0.0,1,197256
56.02,0,0.22634122460953,0.34500750262634483,0.0,0.0,0.0,0.48024899326074816,0.0,0.4697275918734168,0.0,0.45608624690682126,0.0,0.4718219469858037,0.0,0.0,0.0,0.5182491465166191,0.0,0.0,0.47546039556579534,0.528699217411485,0.0,0.0,0.0,0.0,0.0,0.0,0.0,0.5304680942861614,0.4778676970552785,0.0,0.5704057615314333,0.4067208681717075,0.5385574277480865,0.0,0.3821022467029569,0.0,0.5182446712156298,0.5614983663804135,0.5163135805691523,0.4915911711738382,0.5409192830090588,0.0,1,149252
63.8,0,0.303938787893937,0.0,0.0,0.0,0.3354716647471306,0.43407699434034264,0.0,0.48866888343988607,0.0,0.0,0.5593445800638757,0.0,0.48942779791965674,0.48862961334519317,0.49708342110592046,0.37751756835483263,0.28939732079037095,0.0,0.0,0.0,0.5468088384757746,0.0,0.49725829231486385,0.0,0.0,0.5007500879863759,0.0,0.0,0.5080907209736426,0.5201161452593255,0.5047901608544967,0.5201161452593255,0.4385725646836095,0.5914407569956088,0.29583635208540576,0.5086783887131452,0.6560143885095877,0.46855526267886743,0.4345731316457681,0.4992499092786248,0.5030056713603012,0.508015642469489,1,180027
106.73,0,0.311083315294538,0.44434822376346206,0.6986850229018331,0.0,0.0,0.4210802015490544,0.0,0.0,0.522584786784395,0.0,0.0,0.37220951786304834,0.5616049259219571,0.0,0.6054811455030612,0.22027635515201122,0.0,0.6327777479313568,0.0,0.3856455803024463,0.7198137700649176,0.0,0.0,0.6068059699743553,0.0,0.0,0.3611997931356745,0.0,0.0,0.4282248167627831,0.5687203349034063,0.45996528324781066,0.4001591198667596,0.6912186655639999,0.4804629702905531,0.4924421437751206,0.6111633094703652,0.0,0.6425092614024303,0.5705449788328537,0.3607053009034664,0.4957867012089376,1,201918
39.58,0,0.347524804458609,0.6129021209103133,0.359622659952858,0.3417687431332382,0.5939115718458283,0.0,0.0,0.0,0.0,0.0,0.0,0.647186611064736,0.7583119061805055,0.0,0.0,0.0,0.7081681822896365,0.6659799377600106,0.0,0.0,0.6371918108867093,0.0,0.7011818353526698,0.0,0.0,0.714011273616864,0.0,0.49335171696034597,0.0,0.7145065622732515,0.5481406859707912,0.3588200825627116,0.6418976348726216,0.5273844132234908,0.7055764452413142,0.6972470852247007,0.0,0.0,0.7530200693209723,0.6637529942007023,0.7055727629448281,0.6990098770138945,1,154221
69.76,0,0.217379722746146,0.4347852726684431,0.7001322974459023,0.6145336570432279,0.7739136630588154,0.0,0.6007389685324193,0.0,0.0,0.0,0.0,0.0,0.0,0.0,0.0,0.0,0.0,0.5808513429182689,0.0,0.0,0.0,0.0,0.0,0.0,0.0,0.0,0.0,0.6700896131570665,0.0,0.681303769244958,0.5712429900752641,0.6305430226968576,0.8051942387261946,0.0,0.0,0.0,0.6661677181216559,0.614048869601232,0.5690232093016898,0.0,0.0,0.0,1,135694
50.91,0,0.252164686477861,0.46508611982321996,0.43062892873316166,0.0,0.0,0.0,0.0,0.0,0.4216697683550776,0.0,0.0,0.0,0.6025569852528783,0.553788431990808,0.0,0.0,0.45310267437219137,0.5411725092893676,0.5828920193980767,0.5971613707302996,0.0,0.0,0.5290342453383036,0.0,0.0,0.0,0.5280328580557041,0.0,0.0,0.540489530137331,0.4728804458938181,0.49280914855308955,0.0,0.43225460055664716,0.0,0.5447817660701242,0.0,0.604571360398017,0.44240335022275745,0.552270997141783,0.551165035279654,0.0,1,168813
71.45,0,0.22685690720171,0.38488647390520137,0.32100425179534026,0.0,0.0,0.0,0.0,0.4197970029038896,0.0,0.0,0.5187428833909372,0.0,0.0,0.5335820974024825,0.5162455281855206,0.0,0.3759845445953058,0.0,0.5609568441754166,0.0,0.0,0.47833329525242274,0.0,0.0,0.0,0.0,0.0,0.0,0.5751507318267388,0.3601920861834633,0.40466919522965594,0.0,0.0,0.6312521553793379,0.49332907271981186,0.36096404207354893,0.0,0.47316223106926586,0.4698643886595458,0.3692169163369432,0.5162923622739042,0.5375070919113969,1,156493
50.72,0,0.536026664450805,0.5772011606999622,0.5002775629681143,0.472782952378789,0.41350131306444854,0.5984282178238112,0.42327082757511697,0.6318258915405482,0.4122423263042452,0.573297951046116,0.6065537166002269,0.5858093208044386,0.6083710893769321,0.59605819305183,0.6300785403491463,0.5972719100245779,0.6032603985265684,0.5426822887475049,0.6056606780018555,0.5976028161520447,0.5816022985351437,0.5829459317402094,0.5129675190213268,0.583120357885301,0.593416104831004,0.4349128485224879,0.6056606780018555,0.5153432756837706,0.4691408524160282,0.47876921770921393,0.5790238936640261,0.43040791391362315,0.48677397578698484,0.4164893054425164,0.501591164682972,0.5539900388703686,0.5687257236829294,0.5695828609836034,0.5744203566071583,0.4789171938786634,0.42435668698681367,0.4587578886007442,1,149937
71.58,0,0.237113310457481,0.6983015190619427,0.3983113354852954,0.6160523351598045,0.0,0.5602538226577575,0.0,0.0,0.0,0.0,0.0,0.0,0.0,0.0,0.0,0.0,0.0,0.0,0.0,0.0,0.7282823847025551,0.0,0.0,0.0,0.7338966837270675,0.0,0.6925775960096557,0.0,0.6956021698134729,0.6763207210444323,0.6984913665971907,0.6044601812974332,0.0,0.48038847501267234,0.0,0.0,0.0,0.0,0.0,0.7148486092342291,0.6775514859767877,0.7463070429764411,1,153575
88.59,0,0.169904944746398,0.38024766141377975,0.5444082545627557,0.0,0.0,0.0,0.3787396140765705,0.0,0.0,0.0,0.0,0.0,0.0,0.0,0.0,0.0,0.0,0.47618364593777057,0.0,0.5343690284132059,0.0,0.5553355423569412,0.0,0.0,0.0,0.0,0.6033383025457952,0.0,0.0,0.5776558967785705,0.40621912823394474,0.0,0.0,0.4424203212387025,0.0,0.0,0.47014295894686864,0.0,0.0,0.5308039272281773,0.5634731710977082,0.5027652817715298,1,142668
84.8,0,0.157936896701544,0.47242772574488867,0.0,0.0,0.5237733167006665,0.31983278357913203,0.0,0.0,0.0,0.0,0.3801559510406893,0.516063941383022,0.0,0.0,0.0,0.0,0.0,0.4760638584137651,0.0,0.0,0.0,0.0,0.0,0.0,0.0,0.5264907918005914,0.0,0.48952387511747486,0.0,0.0,0.0,0.4854507921940731,0.4537827778422346,0.30470403796572565,0.4504794908331593,0.0,0.0,0.5143928485338846,0.0,0.0,0.5622705736140243,0.0,1,192143
51.52,0,0.553485806834483,0.6815019628567366,0.0,0.0,0.7039605497685679,0.6861347685975926,0.0,0.5319868853585119,0.0,0.5972232402763222,0.6660884386877831,0.6883249274065069,0.7021556345127994,0.5861332929880997,0.0,0.6768312586350513,0.6268639205218923,0.716067981571536,0.687064660919682,0.0,0.6053831425323594,0.6837587284998552,0.6966183879129686,0.696588814723412,0.7226041849385195,0.6989363250149548,0.0,0.6705127188851709,0.7347647783480394,0.6031787305352788,0.680065330086056,0.5813032966031579,0.6963228050620042,0.6473771682415711,0.7043263463677399,0.6370977677028844,0.7043848020626949,0.6631992564668648,0.6836901040317938,0.6903433659400272,0.6498316356580701,0.6922928684993307,1,150375
93.54,0,0.22727870397204,0.43391318911817633,0.3505014389906505,0.47164693084526405,0.0,0.0,0.44465202970003337,0.0,0.0,0.0,0.0,0.0,0.4091918781235882,0.0,0.0,0.0,0.0,0.42351825986368197,0.0,0.4146605590582675,0.0,0.0,0.4455937073140381,0.440865669513949,0.4203288408975621,0.0,0.0,0.4511966384185151,0.0,0.4573937430742023,0.37678216278184923,0.44160746968343895,0.0,0.0,0.404578080760494,0.40669228866979995,0.4676908722144144,0.42576091569311203,0.36395572761129086,0.4065196444079465,0.43870135670326926,0.4226754594100972,1,151235
66.94,0,0.335083431246738,0.0,0.0,0.0,0.0,0.5077907940102263,0.0,0.0,0.6192542432144149,0.0,0.6098742467065508,0.594822119773976,0.6357320289331331,0.0,0.0,0.0,0.0,0.0,0.6102240670395153,0.5706330670206972,0.0,0.5797253333279123,0.0,0.6088333109870344,0.0,0.6664575211384781,0.6264716094275681,0.0,0.5193150662822905,0.5684105429619611,0.5849148927572726,0.0,0.5953746140786826,0.5745038476069199,0.6576478779681147,0.5623844394675567,0.6085722249447918,0.0,0.6216126114421952,0.6208217676145731,0.6331204447955758,0.5619240096168168,1,172028
74.14,0,0.264075840033859,0.0,0.3329345054620852,0.4917268947648197,0.3530946511531278,0.0,0.0,0.0,0.49749365729312933,0.438584833958117,0.4890333843387551,0.4850976498236643,0.3940587082872094,0.0,0.0,0.0,0.48726272482792976,0.0,0.0,0.360917884279182,0.49749240697267005,0.3692979366101217,0.37079770587194727,0.5089447555790265,0.0,0.4437197068837337,0.4206917839995366,0.0,0.48137904803468184,0.48958321864417864,0.5379290024973702,0.4848427656662927,0.45090395794625704,0.0,0.0,0.0,0.4651162746919469,0.0,0.0,0.0,0.49163827181423586,0.48456771198821796,1,172349
40.19,0,0.515149273633537,0.7105143368513077,0.7002445627252227,0.4968408378589395,0.7023417462386038,0.5997771874259706,0.0,0.6215683158534647,0.5110925502830493,0.7003770586606914,0.502217071279811,0.5503703965004363,0.5384164979223325,0.6882876201287381,0.0,0.5648853625558353,0.48677963772023713,0.7261621217370567,0.5337449798880596,0.7307414153559616,0.0,0.5632804544239695,0.5309275994671818,0.556908106227525,0.0,0.0,0.0,0.6385716639134744,0.5920887934078677,0.5051753503143649,0.6893917453145527,0.5793643169972561,0.691443895520283,0.7099056522750788,0.5077039159127339,0.5829693965294858,0.6570027206166889,0.6032933245450334,0.695773689913676,0.5485496341383875,0.4768683974250365,0.6275398630467212,1,152620
47.3,0,0.284320325893307,0.6906608563444384,0.0,0.5949567222038484,0.0,0.6335590267023488,0.5521595197806387,0.0,0.0,0.0,0.5045423436328932,0.0,0.605405014634166,0.0,0.0,0.6372485975046032,0.0,0.7016869375494063,0.0,0.5608858141554148,0.0,0.0,0.0,0.0,0.0,0.0,0.0,0.0,0.6221074018104826,0.6151846537994813,0.6260429329497114,0.5402578742588006,0.7374355584125939,0.5966194746157583,0.0,0.0,0.0,0.5369348070360866,0.6910440672395929,0.0,0.6049967443611727,0.605405014634166,1,147742
54.15,0,0.796666929533062,0.858482934224729,0.7750032949284822,0.7216615766818409,0.7769045508129981,0.7600897848662361,0.6821486882885942,0.7297308718911906,0.7318304520645286,0.7501262814228552,0.7970398098557726,0.8494245764303747,0.7454470886540273,0.7586145890386278,0.7449408824094393,0.8616348056227252,0.7540218654684294,0.7479137735379406,0.7718717483322103,0.8170474714852394,0.9048555356316478,0.7477230252396758,0.9005796767435634,0.7018463976354086,0.7757192565587432,0.7603868615875055,0.7484047835468748,0.7467312033948681,0.8568277077713133,0.7901242559197289,0.9129197431133413,0.7763051296705423,0.753630768679545,0.7260246599261837,0.8261910911178155,0.9204935479772414,0.897422442724101,0.887791212635115,0.8928372674353895,0.8123899008571274,0.7861377314784821,0.9040668651950815,1,229005
48.27,0,0.433728720665219,0.60848661777777,0.5525605886411034,0.3394299261702432,0.0,0.34843742148951745,0.5272957331323053,0.0,0.0,0.595481197107062,0.5310181000272693,0.46377763298820934,0.28234783031968913,0.585323354797874,0.6141742749175689,0.5048889318469919,0.5669892719314154,0.32501122537990434,0.36940209255725165,0.6007569450008816,0.5968488976857846,0.38218150272486806,0.48743879433925763,0.0,0.32501122537990434,0.3197285487659007,0.6206533079191366,0.0,0.5092491208532978,0.3670355363287873,0.5701506023821103,0.5991305968573506,0.6215483118752679,0.5364091402348621,0.4668323854268678,0.5315390385431912,0.49259342015409024,0.5329296866523892,0.6347222809971422,0.36403320202859185,0.415299976113834,0.5941608279262947,1,153396
63.08,0,0.195183895519813,0.44797516988570496,0.4183203662891156,0.0,0.0,0.0,0.0,0.0,0.0,0.0,0.0,0.0,0.0,0.5169818931568735,0.0,0.5290723513805121,0.0,0.0,0.5513374568493307,0.0,0.0,0.0,0.6334134332282121,0.0,0.5733245613638573,0.6133104600216994,0.0,0.0,0.0,0.5279276914048304,0.0,0.0,0.0,0.48607933033888706,0.5729217972112314,0.0,0.516779347858072,0.4315602784610202,0.0,0.6005530368550455,0.0,0.5829825420079409,1,180724
46.69,0,0.167182640369985,0.0,0.3804163468809711,0.0,0.0,0.0,0.0,0.0,0.0,0.4591479092130874,0.0,0.0,0.4302832349991574,0.0,0.0,0.0,0.0,0.5083058428171885,0.5852100509573916,0.0,0.0,0.5141832919268664,0.0,0.0,0.0,0.0,0.0,0.0,0.5994207512359265,0.47548316659977036,0.0,0.0,0.0,0.5887175684913767,0.0,0.0,0.4399433803664353,0.0,0.531264664383038,0.28162681188169963,0.47014295894686864,0.5903422764696199,1,166671
49.32,0,0.493998400129491,0.0,0.0,0.0,0.7751536098174187,0.7786592840730817,0.0,0.0,0.0,0.0,0.0,0.6576115250507039,0.7479986048753595,0.7689028912957876,0.7992304266473558,0.0,0.8532845362130665,0.9277003074815962,0.7090453388131112,0.0,0.0,0.0,0.7270941357500516,0.0,0.7069676192954699,0.0,0.7710116555515523,0.0,0.8421385141677634,0.709717884304273,0.8097253215659056,0.8819956368067595,0.7581966907661223,0.9009647123147766,0.7089039042437381,0.7935466399110235,0.7972976344467789,0.7274181574443144,0.7133649983866162,0.7385118160607923,0.7228977331234577,0.9265948269022722,1,139207
61.57,0,0.441264892564829,0.4242740787308287,0.0,0.3771400236477721,0.40808495183602267,0.4487280441226783,0.4291153907014699,0.43999131234088423,0.3891870886744023,0.6078738796871422,0.44615618454400885,0.4209260781258499,0.36254146678626364,0.3316667233227516,0.5167951633840083,0.5787653018667576,0.4159415614012594,0.6486125983165751,0.4590489864332988,0.0,0.5026239597323289,0.4006934266391518,0.7351347544315713,0.4160164838615801,0.39694566834709627,0.42406794376908136,0.39973973658423756,0.4082653740357271,0.40085080953545393,0.49899723450244254,0.42580234415770485,0.5827370233165629,0.3089872777600518,0.6845628024768878,0.5918017688997864,0.6090072836247341,0.3662149100068386,0.3087020217608557,0.5682982935469812,0.2967821941243472,0.5563502173692358,0.5044302327533603,1,157097
58.26,0,0.527506891692552,0.5978448815776193,0.5637350968308698,0.3901864703928593,0.5814722293865965,0.5893071339815996,0.6242722125432173,0.5187984760542262,0.49466682403792256,0.3877835599741236,0.3772529461264578,0.586303103556526,0.0,0.58483669166547,0.0,0.5680219181136195,0.7347084016664337,0.5730079818470589,0.6739753893083762,0.6229698001719808,0.0,0.5203853789880293,0.653870111937532,0.7783103492913213,0.3748557298540585,0.6307831091892891,0.0,0.5832953166062099,0.6035547788322398,0.6407157963694206,0.5358057555127961,0.6121816939722144,0.5693739524163811,0.5733570899099617,0.6589274198246989,0.6188563290903678,0.7273605283217811,0.7439950711835859,0.47283015667505657,0.6744033789035278,0.6127695134341805,0.5730079818470589,1,195731
69.01,0,0.197034058839818,0.0,0.571669135235417,0.0,0.0,0.0,0.47926993478415586,0.0,0.0,0.3283434318960656,0.0,0.47092778221821296,0.4539804668978926,0.0,0.0,0.0,0.5661782976200394,0.0,0.37086453279466713,0.0,0.4086166472415199,0.33458907430163,0.0,0.0,0.0,0.0,0.0,0.0,0.0,0.6367106802815204,0.5123975139324422,0.0,0.47609036301256935,0.5465868401309486,0.30526531786245686,0.36026490371494463,0.4423658153858648,0.0,0.44303190527161246,0.3712437698505964,0.0,0.0,1,186004
69.92,0,0.199437122318461,0.48351253226999646,0.0,0.0,0.373017391966324,0.0,0.0,0.0,0.0,0.45012994792643296,0.4343638843257329,0.0,0.0,0.442070604265545,0.0,0.43876229974336095,0.36096404207354893,0.4204174477713049,0.0,0.0,0.0,0.0,0.47716924568516167,0.0,0.0,0.0,0.0,0.0,0.35611840555668284,0.5581513894536038,0.0,0.0,0.4185544532090525,0.5335450026261036,0.43704185783062993,0.3877875824767976,0.36096404207354893,0.4023442217255039,0.41348041363602756,0.0,0.0,0.4285272504415425,1,139752
50.14,0,0.491255284257784,0.578704281290105,0.0,0.6232024912524153,0.7059256349501937,0.781059910584679,0.8054361537903565,0.0,0.0,0.8080890292065079,0.5937754593344039,0.6059688551420083,0.4090457320921061,0.0,0.3433511357692142,0.4012740291654055,0.6187438620824672,0.0,0.5005848535513233,0.0,0.6603323885695269,0.9151510902940659,0.0,0.0,0.636903290980396,0.40921769837900607,0.6393334418658952,0.0,0.0,0.8133482919547735,0.8375561664839112,0.8202931802378334,0.6549820077904261,0.7161796981791831,0.6194704584924512,0.6592673502478918,0.6239943429615826,0.6252296766966536,0.6781646769622031,0.6130894091929513,0.8261572130164087,0.617634844052822,1,153037
76.91,0,0.406512209104964,0.0,0.0,0.7007104541011385,0.0,0.0,0.7091288811263918,0.45339569093337256,0.6702179160955198,0.0,0.0,0.0,0.0,0.0,0.6972602554562115,0.5129519168873538,0.0,0.5349257780829729,0.7770384367306618,0.8060638559189172,0.4593768894632326,0.7550811415134566,0.0,0.8346749961756785,0.4328814842066306,0.0,0.0,0.0,0.0,0.6803690327625129,0.4794810750429458,0.7306897210235983,0.6586472149150154,0.5041129911713284,0.7871189054099552,0.7456842602469756,0.7467295724017021,0.5597575605164422,0.4806182936326773,0.73709882356249,0.44902045989912487,0.7639649660272271,1,126015
72.31,0,0.415146144130788,0.0,0.4749330227117956,0.5571415901879996,0.44133745146921344,0.0,0.5455782413554979,0.4605408083679393,0.4547066139377096,0.486423788097587,0.4556196253972778,0.0,0.5346410380836921,0.5013319890829687,0.6557617890491213,0.0,0.585107053658804,0.38804485526824073,0.3967203229115064,0.0,0.0,0.4556196253972778,0.5474585376372637,0.46679848482791475,0.0,0.43307896481983316,0.4993831831549296,0.5451722373893338,0.46804672506666584,0.5210935253517405,0.5730415831871826,0.4415334769246373,0.6307355494937892,0.6634502718194065,0.5672493005206533,0.3835161649942457,0.4403748167483821,0.5892243748865061,0.4928577180890711,0.3881981928664493,0.436708325985182,0.5395626606225067,1,152415
52.05,0,0.331837365829311,0.521851659537167,0.6502414945395281,0.4370935731329395,0.0,0.45658701846764155,0.0,0.0,0.5324472810179827,0.5325158579810141,0.0,0.4130275368842716,0.4686627751052795,0.4471229206731032,0.0,0.45558480642430654,0.4183126693597095,0.5738368377025187,0.0,0.4498546576482547,0.48730047053711045,0.5059437072253562,0.0,0.4161155083858225,0.4912773546501739,0.0,0.4660272094370792,0.5596148596912871,0.6055396313670772,0.3612772254584552,0.0,0.4493014800988941,0.40421173382254955,0.0,0.6239862330457013,0.0,0.0,0.0,0.5437284014649166,0.5148625208931564,0.3772324902103241,0.4417740842401505,1,162602
42.9,0,0.22868433219406,0.3782660180745431,0.5195295782167644,0.0,0.0,0.0,0.0,0.5472079621179599,0.0,0.0,0.0,0.49896654715288846,0.51664667067815,0.0,0.0,0.496061036389238,0.4556925516096856,0.0,0.0,0.0,0.0,0.0,0.5747793244379331,0.4968683400600139,0.0,0.0,0.0,0.0,0.5523053360877028,0.4823025258943291,0.0,0.4796255510799063,0.45127240631721427,0.5094274748687568,0.4673920584504332,0.0,0.0,0.5215621334085281,0.48686322627727835,0.41664613529131866,0.5246427435438275,0.0,1,171709
88.18,0,0.186748999571274,0.4105981576998491,0.0,0.0,0.0,0.0,0.0,0.5,0.0,0.5,0.0,0.0,0.0,0.0,0.5995963484751491,0.5430452080194278,0.0,0.0,0.0,0.0,0.0,0.6178637672327962,0.0,0.0,0.0,0.0,0.5280476092345087,0.0,0.5192676795306514,0.0,0.5385226813444158,0.0,0.0,0.0,0.0,0.5800605288640616,0.6019222592897184,0.0,0.5837110292479996,0.0,0.5657142288095002,0.5683594846741753,1,134799
71.36,0,0.232773111129283,0.6248302412092043,0.0,0.0,0.5264703878930915,0.4191665376843553,0.0,0.528332483283369,0.0,0.0,0.0,0.0,0.0,0.48188594751556685,0.4381363253782731,0.0,0.0,0.4250602894981794,0.0,0.0,0.6352854106820957,0.0,0.0,0.0,0.5153570720271594,0.0,0.0,0.0,0.0,0.640019155826111,0.5418004917192465,0.6199548793677749,0.5708180480514503,0.0,0.5107277387029877,0.0,0.0,0.49779153888695093,0.5342275363926167,0.5587311466043581,0.0,0.4751023255778352,1,172000
70.06,0,0.679155392273051,0.0,0.6680469306636465,0.0,0.8320654845371125,0.0,0.8029465259819081,0.626712785164112,0.7987135495627357,0.0,0.8260361445745644,0.7704050611474,0.8065969305477325,0.6425974014824187,0.4446886881051995,0.7239245501163122,0.8001267746317373,0.47682822942978365,0.8077896302231119,0.787553164220168,0.7126990198447409,0.7923864190165046,0.3817522991655563,0.8369380652247549,0.7868155466022362,0.7937740026576076,0.7987135495627357,0.8638404221659168,0.7972474578934243,0.8029858605206769,0.9102346226899244,0.8129532267061028,0.8265653294287697,0.7016960599045811,0.8911363256683968,0.7479748953216045,0.5789394306542671,0.7291998462966159,0.8205146089885189,0.8097048502855807,0.8370199363152044,0.7972474578934243,1,134002
59.98,0,0.16500405652469,0.0,0.0,0.3823113783070364,0.0,0.6777488483614802,0.0,0.0,0.0,0.0,0.0,0.0,0.0,0.0,0.0,0.0,0.633422460145056,0.0,0.0,0.5132331182917786,0.0,0.6073481032594457,0.0,0.0,0.5186429269355772,0.0,0.0,0.0,0.0,0.0,0.0,0.48035833029815256,0.5817742343423097,0.0,0.0,0.0,0.5995558004496676,0.5943609319098155,0.6132929918038326,0.563117193408156,0.0,0.0,1,147224
45.15,0,0.237033105909182,0.3259845905911305,0.0,0.3392202054747403,0.0,0.3537959768927039,0.0,0.0,0.3303331065926654,0.0,0.3855607967085659,0.3328705732835945,0.0,0.0,0.2292053177313942,0.32847440641970116,0.3858051505602249,0.3334456156512965,0.276577235065494,0.0,0.0,0.0,0.0,0.37545760601871064,0.0,0.3287060255728139,0.34223973518112877,0.2278471223371539,0.29657688571863183,0.38251566009334703,0.3319761118989436,0.31358058025921864,0.34250904655238273,0.34488577645969676,0.35385165626541437,0.30544349694089373,0.36256466071654264,0.3689960689333173,0.3646616187413527,0.3791497696709536,0.35978966222285425,0.3163328837216203,1,151486
68.57,0,0.384683211871693,0.3512708166276666,0.4613370716898397,0.42819994882446305,0.0,0.5767774888973041,0.0,0.0,0.48232637028501774,0.5722434012424016,0.0,0.0,0.5356004291748168,0.5532920494350242,0.5000941097398416,0.3713889588175245,0.35838383046478123,0.0,0.0,0.5476584277239812,0.4875342168680426,0.5887286734107289,0.38065490993823137,0.3481061300625729,0.0,0.35944638270267043,0.0,0.5345125955238226,0.5480714609101274,0.49547173290884317,0.48896552340321897,0.48825615486126495,0.5239731018792002,0.4296844694177186,0.4962552553452778,0.5714688786864772,0.5536146242115044,0.5748113216160791,0.5258001963944554,0.5680696610838282,0.4970655775191949,0.572947917073518,1,197028
61.78,0,0.416449319451767,0.434077494070071,0.5139460216033828,0.3978709632250734,0.3926200489665508,0.513220611782442,0.5094916388398004,0.6283532575754603,0.41781508715933,0.2385103167205583,0.1088016651153537,0.44500451456505097,0.3491065431183943,0.40895882292776403,0.4347736088603159,0.23657212144595421,0.3905095578217413,0.39599291104113576,0.49280139577479465,0.40197133618246406,0.3630722067274837,0.25329129900141795,0.6108005572018285,0.37699165136549917,0.15233065458152537,0.4579113523397484,0.28253961919505205,0.15742520510223157,0.44197725786032166,0.5183048105174035,0.5255408479516005,0.4438643671663721,0.40557531277386094,0.4913816418914958,0.5346626605343253,0.5058559697644701,0.4931287480378133,0.5422600347976023,0.4021212132468978,0.5537388148018891,0.4512647001652745,0.39998525570271776,1,216212
55.71,0,0.442016937806714,0.0,0.6662089999728099,0.6841323192381896,0.4758033995387444,0.0,0.0,0.0,0.4790382824691088,0.0,0.4564974856148966,0.0,0.0,0.5135417366842717,0.6603240448696607,0.5135417366842717,0.6524445293936055,0.5876308983345201,0.0,0.0,0.6633047078603426,0.5373138455365045,0.0,0.606142743156237,0.7541902835927953,0.46099254476262974,0.6128390909419057,0.5344051433004333,0.4591479092130874,0.6161192546557119,0.5563952118908926,0.6438312820586628,0.529227353216267,0.6875675386328114,0.6719929786474012,0.6318169377192534,0.6280256716509629,0.6342998699346911,0.6139065097816614,0.48794631383578074,0.6320098905742791,0.4720559363129248,1,148152
