fpr,tpr_lower,ppv_lower,acc_lower,npv_lower,LR+_lower,LR-_lower,threshold_lower,tpr_upper,ppv_upper,acc_upper,npv_upper,LR+_upper,LR-_upper,threshold_upper,tpr,ppv,acc,npv,LR+,LR-,threshold
0.0,0.0,0.9634664715037617,0.5,0.5,19.363751019975904,1.0,0.7288829528095327,0.0,0.9767587775085224,0.5,0.5,36.1177282658484,1.0,0.7288829528095327,0.0,0.9504365072404628,0.5,0.5,65.19051793782624,1.0,inf
0.01,0.25849145313470295,0.9627548665581434,0.6242457265673514,0.571755768570871,25.849145313470295,0.7489985321871688,0.8180979650902789,0.38882997543672554,0.9749266589376843,0.6894149877183627,0.6182978601975929,38.88299754367255,0.6173434591548228,0.8180979650902789,0.32366071428571425,0.946580557788635,0.6580424783549784,0.5956762246760411,44.74888392857167,0.6813348991246244,0.8180979650902789
0.02,0.3705956323685761,0.9487961504363995,0.6752978161842881,0.6089209273380285,18.529781618428807,0.6422493547259427,0.7573970254350004,0.5088686533457096,0.9621834270693171,0.7444343266728548,0.6661539788603905,25.44343266728548,0.5011544353615208,0.7573970254350004,0.43973214285714285,0.942724608336807,0.7122903138528138,0.6380637185182712,31.434709821428573,0.5686466113507258,0.7573970254350004
0.03,0.45611719732488,0.9382864869519303,0.71305859866244,0.6407365208759573,15.203906577496,0.5607039202836289,0.6986412568049949,0.5952220883894056,0.9520170503296179,0.7826110441947027,0.7055685080535047,19.840736279646855,0.4172968160933963,0.6986412568049949,0.5256696428571428,0.9362980259170939,0.7489459325396826,0.672569047974193,20.05412946428573,0.4876170709350831,0.6986412568049949
0.04,0.5259956531395893,0.929328079150221,0.7429978265697946,0.6694540376406882,13.149891328489732,0.4937545279795945,0.6651640638909897,0.6627798570644923,0.9430831723506138,0.8113899285322461,0.7400440127514479,16.569496426612307,0.3512709822244872,0.6651640638909897,0.5943877551020408,0.928402510372875,0.7755488559059988,0.7053026976562956,14.872448979591859,0.42241692488513727,0.6651640638909897
0.05,0.5588888411709731,0.9178832052434341,0.7544444205854866,0.6829073248177134,11.177776823419462,0.46432753560950196,0.6511727355089284,0.6936621792371902,0.9327651702668442,0.8218310896185951,0.756166044116374,13.873243584743804,0.32246086396085244,0.6511727355089284,0.6262755102040817,0.9243629442804838,0.7875244794887652,0.7226270071991289,13.834183673469406,0.391299818356662,0.6511727355089284
0.06,0.5920951860601014,0.9079888929060886,0.7660475930300507,0.6973786207146178,9.86825310100169,0.4339412914254241,0.6371814071268671,0.7242313445521436,0.9234919639251801,0.8321156722760717,0.7731734123822507,12.070522409202393,0.29337091005091115,0.6371814071268671,0.6581632653061225,0.9203233781880927,0.7995001030715316,0.739951316741962,12.795918367346953,0.36018271182818673,0.6371814071268671
0.07,0.6256339154865292,0.8993723588778132,0.7778169577432645,0.7129900194751618,8.937627364093274,0.40254417689620514,0.6231900787448059,0.7544681253297972,0.9150967783357311,0.8422340626648985,0.7911312487897556,10.778116076139959,0.26401276846258365,0.6231900787448059,0.6900510204081632,0.9162838120957015,0.8114757266542981,0.7572756262847952,11.757653061224502,0.3290656052997115,0.6231900787448059
0.08,0.6595314033731194,0.8918233902778065,0.7897657016865598,0.7298872835562877,8.244142542163992,0.37007456155095714,0.6091987503627446,0.7843461476472886,0.9074444882785023,0.8521730738236444,0.8101060002517971,9.804326845591108,0.23440636125294717,0.6091987503627446,0.721938775510204,0.9122442460033104,0.8234513502370645,0.7745999358276283,10.719387755102048,0.29794849877123625,0.6091987503627446
0.09,0.6938236876214849,0.8851782595737758,0.8019118438107424,0.748246772065708,7.709152084683167,0.3364574861302363,0.5952074219806833,0.8138293736030049,0.9004236832431922,0.8619146868015024,0.8301627302230131,9.042548595588944,0.20458310593076384,0.5952074219806833,0.7538265306122449,0.9082046799109192,0.835426973819831,0.7919242453704616,9.681122448979597,0.266831392242761,0.5952074219806833
0.1,0.7489383304918424,0.882205813534107,0.8244691652459213,0.7818868648319817,7.489383304918424,0.2789574105646195,0.557580580043473,0.8594800368550963,0.8957768831462387,0.8797400184275481,0.8649521699514623,8.594800368550963,0.1561332923832263,0.557580580043473,0.8042091836734694,0.8971876814771254,0.8497957895279324,0.8212005993824292,7.88417977547556,0.21814450280831568,0.557580580043473
0.11,0.7595521783055136,0.8734981031105509,0.8247760891527568,0.7872986111521124,6.905019802777396,0.27016609179155776,0.5525682986516529,0.8679988421026495,0.8875254292085814,0.8789994210513248,0.8708405006419684,7.890898564569541,0.14831590774983197,0.5525682986516529,0.8137755102040816,0.8927808821036078,0.8502499484642342,0.8275081006427544,7.48734451335713,0.20913417720481964,0.5525682986516529
0.12,0.770220078225768,0.865201872059364,0.825110039112884,0.792950009938117,6.4185006518814,0.2611135474707182,0.5475560172598327,0.8764635952436197,0.8795741253641465,0.8782317976218099,0.8768989304514866,7.303863293696831,0.14038227813225032,0.5475560172598327,0.8233418367346939,0.8883740827300902,0.850704107400536,0.8338156019030797,7.0905092512387,0.20012385160132362,0.5475560172598327
0.13,0.7809454677413044,0.8572911281700145,0.8254727338706522,0.7988580683793884,6.007272828779264,0.2517868186881559,0.5425437358680125,0.8848708587893079,0.871904884376044,0.877435429394654,0.8831329453220701,6.806698913763907,0.13233234621918627,0.5425437358680125,0.8329081632653061,0.8839672833565727,0.8511582663368378,0.840123103163405,6.69367398912027,0.1911135259978276,0.5425437358680125
0.14,0.7917322862637433,0.849742246711873,0.8258661431318717,0.8050416472778698,5.655230616169594,0.24217176015843808,0.5375314544761923,0.8932166933280936,0.8645008342354148,0.8766083466640469,0.8895478377264274,6.380119238057811,0.12416663566500742,0.5375314544761923,0.8424744897959184,0.8795604839830551,0.8516124252731396,0.8464306044237303,6.296838727001839,0.1821032003943316,0.5375314544761923
0.15,0.8025850815061647,0.8425337506201233,0.8262925407530823,0.8115217618079046,5.350567210041098,0.23225284528686507,0.5325191730843722,0.9014965511468965,0.8573461797507649,0.8757482755734483,0.896148560163687,6.009977007645977,0.11588641041541585,0.5325191730843722,0.8520408163265306,0.8751536846095376,0.8520665842094414,0.8527381056840555,5.90000346488341,0.17309287479083554,0.5325191730843722
0.16,0.8186331446685347,0.8365066614883635,0.8293165723342673,0.8224273145493779,5.116457154178342,0.21591292301364923,0.5207570772147974,0.9135097124743226,0.850956169151728,0.8767548562371612,0.9066473888715424,5.709435702964516,0.10296462800675887,0.5207570772147974,0.8660714285714286,0.8681762522681347,0.8522276334776335,0.862289418619022,5.3631912442396334,0.15971984602224118,0.5207570772147974
0.17,0.8283603777255745,0.82972080644137,0.8291801888627872,0.8286413411994594,4.872708104268085,0.206794725631838,0.5093106032648681,0.920647558782362,0.844129298570297,0.875323779391181,0.9127374188258804,5.415573875190365,0.09560535086462406,0.5093106032648681,0.8745039682539683,0.86103560513512,0.8494293129709797,0.8681651424981759,5.049744897959186,0.1519375199744327,0.5093106032648681
0.18,0.8329611265822809,0.8223031513486426,0.8264805632911405,0.8307676851274048,4.627561814346006,0.2037059431923403,0.5046139437926938,0.9239833178621635,0.8369540580118859,0.8719916589310818,0.9151615325325576,5.133240654789797,0.09270327089980063,0.5046139437926938,0.8784722222222222,0.8564655909699906,0.8469241021324355,0.8707970547026888,4.876275510204084,0.14851789709172258,0.5046139437926938
0.19,0.8375775997831323,0.8150991224019489,0.8237887998915662,0.8329713505358941,4.408303156753328,0.20052148174921938,0.4999172843205193,0.92730335259782,0.8299477043917977,0.86865167629891,0.9176425472826595,4.880543961041158,0.08974894741009871,0.4999172843205193,0.8824404761904762,0.8518955768048614,0.8444188912938914,0.8734289669072015,4.702806122448981,0.14509827420901245,0.4999172843205193
0.2,0.8422104891707648,0.8081001850603806,0.8211052445853824,0.8352565892138198,4.211052445853824,0.197236888536544,0.49522062484834484,0.9306069711466954,0.823103868007152,0.8653034855733477,0.920182211554156,4.653034855733477,0.0867412860666307,0.49522062484834484,0.8864087301587301,0.847325562639732,0.8419136804553472,0.8760608791117143,4.529336734693879,0.14167865132630234,0.49522062484834484
0.21,0.8468605469219826,0.8012982880176506,0.8184302734609914,0.837627985365013,4.032669271057061,0.19384740895951563,0.49052396537617043,0.9338934213319857,0.816416463209073,0.8619467106659928,0.9227823026767682,4.447111530152313,0.08367921350381555,0.49052396537617043,0.8903769841269842,0.8427555484746027,0.8394084696168029,0.8786927913162271,4.355867346938776,0.1382590284435922,0.49052396537617043
0.22,0.8515285931858066,0.7946858334914716,0.8157642965929033,0.8400904909676926,3.870584514480939,0.19034795745409402,0.485827305903996,0.9371618830046696,0.8098796691879003,0.8585809415023349,0.925444618927126,4.2598267409303165,0.08056168845555176,0.485827305903996,0.8943452380952381,0.8381855343094733,0.8369032587782588,0.8813247035207399,4.182397959183675,0.13483940556088206,0.485827305903996
0.23,0.8562155250189807,0.78825565028084,0.8131077625094904,0.8426494661293016,3.7226761957346985,0.18673308439093417,0.4811306464318216,0.9404114591080035,0.8034879116996273,0.8552057295540018,0.928170969155474,4.088745474382624,0.0773877154441513,0.4811306464318216,0.8983134920634921,0.833615520144344,0.8343980479397146,0.8839566157252526,4.008928571428572,0.13141978267817195,0.4811306464318216
0.24,0.8609223268994839,0.7820009694272352,0.810461163449742,0.84531072535602,3.587176362081183,0.18299693829015276,0.4764339869596471,0.9436411651640082,0.7972358455725514,0.8518205825820041,0.9309631592983073,3.9318381881833675,0.074156361626305,0.4764339869596471,0.902281746031746,0.8290455059792147,0.8318928371011705,0.8865885279297655,3.8354591836734695,0.1280001597954618,0.4764339869596471
0.25,0.8692103682073462,0.7766282308477644,0.8096051841036731,0.8515086610108475,3.476841472829385,0.1743861757235384,0.46916256844126497,0.9492420127450347,0.7915349884818025,0.8496210063725174,0.9366125745071042,3.796968050980139,0.0676773163399537,0.46916256844126497,0.9092261904761905,0.8206195423622574,0.8270878427128427,0.8915286577805042,3.5774432617874736,0.12170614470620465,0.46916256844126497
0.26,0.8727836656628695,0.7704769163952799,0.8063918328314348,0.8533049605962851,3.356860252549498,0.17191396532044667,0.46658780939505723,0.9516210962418924,0.7854114617131983,0.8458105481209461,0.9386349589930791,3.6600811393918935,0.06537689697041568,0.46658780939505723,0.9122023809523809,0.8167635929104295,0.8247880591630592,0.8938368754267302,3.49289672765658,0.1188317524996576,0.46658780939505723
0.27,0.8763705761698115,0.7644740665779223,0.8031852880849057,0.8551720215131877,3.2458169487770796,0.16935537510984724,0.46401305034884954,0.9539865666873313,0.7794093437391689,0.8419932833436656,0.9407053649622464,3.533283580323449,0.06303210042831331,0.46401305034884954,0.9151785714285714,0.8129076434586018,0.8224882756132756,0.8961450930729561,3.4083501935256866,0.11595736029311057,0.46401305034884954
0.28,0.8799717529264636,0.7586148117024444,0.7999858764632317,0.8571140345676624,3.1427562604516552,0.16670589871324504,0.4614382913026418,0.9563377708830602,0.7735246737628919,0.8381688854415301,0.9428252079883163,3.415492038868072,0.06064198488463867,0.4614382913026418,0.9181547619047619,0.8090516940067739,0.8201884920634921,0.898453310719182,3.323803659394793,0.11308296808656354,0.4614382913026418
0.29,0.8835879084050811,0.7528945229214971,0.7967939542025405,0.859135541724406,3.046854856569245,0.16396069238720978,0.45886353225643406,0.9586739963568236,0.7677536323763332,0.8343369981784118,0.9449959093086266,3.3057724012304264,0.05820563893405127,0.45886353225643406,0.9211309523809523,0.805195744554946,0.8178887085137085,0.900761528365408,3.239257125263899,0.1102085758800165,0.45886353225643406
0.3,0.8899546106997118,0.7478895435989821,0.7949773053498559,0.8641491072551568,2.9665153689990396,0.1572076990004117,0.45085951003851166,0.9627239607288596,0.7624183833283433,0.8313619803644298,0.9494408643633787,3.2090798690961986,0.05325148467305776,0.45085951003851166,0.9263392857142857,0.7974838456512903,0.8129171176046177,0.9047484835918282,3.084381056690625,0.1052833587814688,0.45085951003851166
0.31,0.8952914910956628,0.7428008060372214,0.7926457455478313,0.8682428742977741,2.888037068050525,0.15175146218019891,0.441280375253147,0.9660530467194633,0.7570633910581049,0.8280265233597317,0.9531085072922714,3.1163001507079464,0.049198483015270515,0.441280375253147,0.930672268907563,0.7887890576716783,0.8065423138952551,0.9082198837889423,2.9575188086868813,0.10112161652982353,0.441280375253147
0.32,0.8978932264117836,0.7372511866719222,0.7889466132058918,0.8694465039347988,2.8059163325368237,0.1501570199826712,0.43713050363949707,0.9676529920756114,0.7514858413180238,0.8238264960378057,0.9545909401393567,3.0239156002362857,0.04756912930057148,0.43713050363949707,0.9327731092436975,0.7839502191438943,0.8028393175452,0.9100125464058619,2.900986095125518,0.09901069917017893,0.43713050363949707
0.33,0.9005047517763635,0.7318173704541895,0.7852523758881818,0.8707006333654181,2.728802278110192,0.14850037048303963,0.4329806320258471,0.9692431473833004,0.7460059722734532,0.8196215736916501,0.9561090947568329,2.937100446616062,0.045905750174178486,0.4329806320258471,0.9348739495798319,0.7791113806161102,0.7991363211951448,0.9118052090227815,2.8444533815641546,0.09689978181053434,0.4329806320258471
0.34,0.903126510307798,0.726496058783417,0.7815632551538989,0.8720083461615262,2.6562544420817584,0.14677801468515456,0.4288307604121971,0.9708230695241348,0.7406209824157051,0.8154115347620674,0.9576640929409534,2.8553619691886314,0.04420747041797762,0.4288307604121971,0.9369747899159664,0.7742725420883262,0.7954333248450897,0.9135978716397011,2.7879206680027915,0.09478886445088974,0.4288307604121971
0.35,0.9057589820007468,0.721284095900027,0.7778794910003735,0.8733729857397516,2.5878828057164194,0.14498618153731263,0.42468088879854715,0.9723922785034551,0.735328158149794,0.8111961392517275,0.9592570736420015,2.7782636528670146,0.042473417686992136,0.42468088879854715,0.939075630252101,0.7694337035605422,0.7917303284950344,0.9153905342566208,2.7313879544414283,0.09267794709124513,0.42468088879854715
0.36,0.9084026881933228,0.7161784633925887,0.7742013440966614,0.8747981842901009,2.523340800537008,0.1431207996979331,0.42053101718489716,0.973950252983148,0.7301248684537355,0.806975126491574,0.9608891871312535,2.7054173693976336,0.0407027297138313,0.42053101718489716,0.9411764705882354,0.7645948650327582,0.7880273321449792,0.9171831968735403,2.674855240880065,0.09056702973160054,0.42053101718489716
0.37,0.9110581967570527,0.7111762752569398,0.7705290983785263,0.8762878958467076,2.462319450694737,0.14117746546499574,0.41638114557124717,0.975496425091687,0.7250085595918349,0.8027482125458435,0.9625615873652859,2.636476824572127,0.038894563346528584,0.41638114557124717,0.9432773109243698,0.7597560265049742,0.7843243357949241,0.9189758594904599,2.6183225273187016,0.08845611237195594,0.41638114557124717
0.38,0.9137261281580695,0.7062747735171574,0.7668630640790348,0.8778464342494617,2.4045424425212354,0.13915140619666205,0.41223127395759723,0.977030174362939,0.7199767498328533,0.7985150871814695,0.9642754220786299,2.571132037797208,0.03704810586622735,0.41223127395759723,0.9453781512605043,0.7549171879771902,0.7806213394448689,0.9207685221073796,2.5617898137573385,0.08634519501231135,0.41223127395759723
0.39,0.9164071625754753,0.7014713244290954,0.7632035812877376,0.879478516913576,2.3497619553217315,0.13703743840086022,0.40808140234394724,0.9785508206178022,0.7150270241159601,0.7942754103089011,0.9660318200061905,2.509104668250775,0.03516258915114396,0.40808140234394724,0.9474789915966387,0.7500783494494061,0.7769183430948138,0.9225611847242992,2.5052571001959754,0.08423427765266675,0.40808140234394724
0.4,0.9191020483116389,0.6967634153006033,0.7595510241558194,0.8811893155387445,2.297755120779097,0.13482991948060186,0.4039315307302973,0.9800576155539075,0.7101570285966258,0.7900288077769537,0.9678318744669947,2.4501440388847686,0.033237307410154224,0.4039315307302973,0.9495798319327732,0.7452395109216221,0.7732153467447586,0.9243538473412188,2.4487243866346122,0.08212336029302215,0.4039315307302973
0.41,0.9218116117934615,0.692148651979479,0.7559058058967307,0.8829845151658483,2.2483210043742963,0.13252269187548898,0.3997816591166473,0.9815497327443538,0.7053644649901115,0.7857748663721769,0.9696766223164561,2.394023738400863,0.03127163941634956,0.3997816591166473,0.9516806722689076,0.7404006723938381,0.7695123503947034,0.9261465099581384,2.392191673073249,0.08001244293337756,0.3997816591166473
0.42,0.9245367695491022,0.6876247570820623,0.7522683847745512,0.8848703833486037,2.201278022735958,0.1301090180187892,0.3956317875029973,0.9830262556609819,0.7006470846105919,0.781513127830491,0.9715670169752411,2.340538703954719,0.029265076446582935,0.3956317875029973,0.9537815126050421,0.7355618338660541,0.7658093540446482,0.927939172575058,2.3356589595118855,0.07790152557373295,0.3956317875029973
0.43,0.9272785426596262,0.6831895690641343,0.7486392713298131,0.8868538516804771,2.15646172711541,0.12758150410591898,0.3914819158893474,0.9844861632227271,0.6960026819772492,0.7772430816113636,0.9735038938402163,2.2895027051691326,0.02721725750398757,0.3914819158893474,0.9558823529411766,0.7307229953382701,0.762106357694593,0.9297318351919777,2.2791262459505224,0.07579060821408837,0.3914819158893474
0.44,0.9300380743416036,0.6788410422743544,0.7450190371708019,0.8889426125471367,2.113722896230917,0.12493201010427933,0.3873320442756974,0.9859283122130186,0.691429087822005,0.7729641561065093,0.9754879258351389,2.240746164120497,0.02512801390532397,0.3873320442756974,0.9579831932773111,0.7258841568104861,0.7584033613445379,0.9315244978088972,2.2225935323891592,0.07367969085444376,0.3873320442756974
0.45,0.9328166515328047,0.6745772481831265,0.7414083257664024,0.8911452348251967,2.0729258922951215,0.12215154266762783,0.3831821726620474,0.9873514156940864,0.6869241612826475,0.7686757078470432,0.9775195661044503,2.1941142570979695,0.02299742601075208,0.3831821726620474,0.9600840336134455,0.721045318282702,0.7547003649944827,0.9333171604258168,2.1660608188277957,0.07156877349479916,0.3831821726620474
0.46,0.935615731655833,0.6703963780529821,0.7378078658279166,0.8934713034133719,2.0339472427300715,0.1192301265632722,0.37903230104839747,0.9887540162433269,0.6824857809935208,0.7643770081216634,0.9795989738010732,2.1494652527028846,0.020825895845690872,0.37903230104839747,0.96218487394958,0.716206479754918,0.7509973686444276,0.9351098230427365,2.1095281052664325,0.06945785613515457,0.37903230104839747
0.47,0.9398080007903749,0.666621270601028,0.7349040003951874,0.8980128512581782,1.9995914910433508,0.11356980982948141,0.37165771845561973,0.9907926485602747,0.6782568693351368,0.7603963242801374,0.9829242842940829,2.1080694650218614,0.01737236120702884,0.37165771845561973,0.9653003246753248,0.7066937631037062,0.7432103092614457,0.9379888466933872,2.026440308721112,0.06614010989010968,0.37165771845561973
0.48,0.9411848744410837,0.6622536528269962,0.7305924372205419,0.8983870272876453,1.9608018217522578,0.1131060106902237,0.368433007476492,0.9914449956887866,0.67379004896115,0.7557224978443933,0.9838143537731483,2.065510407684972,0.016451931367718012,0.368433007476492,0.9663149350649352,0.7020198849802786,0.739126246228519,0.9390752077271184,1.9998852257371542,0.06493328100470938,0.368433007476492
0.49,0.9425678538297434,0.6579568648772465,0.7262839269148718,0.8987858785268323,1.92360786495866,0.11261205131422863,0.36520829649736425,0.9920912370793477,0.6693860757414581,0.7510456185396739,0.9847294282567217,2.024675994039485,0.015507378275788913,0.36520829649736425,0.9673295454545455,0.6973460068568509,0.7350421831955923,0.9401615687608496,1.9733301427531966,0.0637264521193091,0.36520829649736425
0.5,0.943957215639505,0.6537293525150895,0.7219786078197525,0.8992113809642367,1.88791443127901,0.11208556872099007,0.3619835855182365,0.9927310960488068,0.6650434888618064,0.7463655480244034,0.9856705114495002,1.9854621920976137,0.014537807902386346,0.3619835855182365,0.9683441558441559,0.6926721287334231,0.7309581201626657,0.9412479297945807,1.946775059769239,0.06251962323390879,0.3619835855182365
0.51,0.9453532587775861,0.6495696169132359,0.7176766293887931,0.8996657152491837,1.853633840740365,0.11152396167839564,0.3587588745391087,0.9933642736899464,0.6607608622039249,0.7416821368449732,0.9866386448688331,1.9477730856665616,0.013542298591946127,0.3587588745391087,0.9693587662337663,0.6879982506099953,0.726874057129739,0.9423342908283119,1.9202199767852814,0.0613127943485085,0.3587588745391087
0.52,0.9467563069666156,0.6454762133762991,0.7133781534833078,0.900151293434893,1.82068520570503,0.11092436048621748,0.35553416355998096,0.9939904462801379,0.6565368022779564,0.7369952231400689,0.9876349061991361,1.911520089000265,0.012519903583046074,0.35553416355998096,0.9703733766233767,0.6833243724865676,0.7227899940968123,0.943420651862043,1.8936648938013239,0.0601059654631082,0.35553416355998096
0.53,0.9481667117384469,0.6414477502495806,0.7090833558692234,0.9006707900252365,1.7889937957329185,0.11028359204585765,0.3523094525808532,0.9946092622875273,0.6523699461166943,0.7323046311437637,0.9886604065144131,1.8766212495991081,0.011469654707388663,0.3523094525808532,0.9713879870129871,0.67865049436314,0.7187059310638856,0.9445070128957742,1.867109810817366,0.05889913657770791,0.3523094525808532
0.54,0.9495848559096337,0.6374828880290662,0.7047924279548168,0.9012271781625654,1.758490473906729,0.10959813932688325,0.3490847416017255,0.9952203388955613,0.6482589591091032,0.7276101694477806,0.9897162860072641,1.8430006275843727,0.010390567618345057,0.3490847416017255,0.9724025974025975,0.6739766162397122,0.714621868030959,0.9455933739295054,1.8405547278334085,0.05769230769230761,0.3490847416017255
0.55,0.9510111576368692,0.6335803386925534,0.7005055788184346,0.9018237719883123,1.7291111957033984,0.10886409414029076,0.34586003062259774,0.9958232579475466,0.6442025327460412,0.7229116289737733,0.9908037077513514,1.8105877417228118,0.009281649005452093,0.34586003062259774,0.9734172077922079,0.6693027381162844,0.7105378049980323,0.9466797349632365,1.8139996448494509,0.05648547880690732,0.34586003062259774
0.56,0.9524460751753273,0.6297388652781666,0.6962230375876637,0.9024642764556282,1.7007965628130843,0.10807710187425612,0.34263531964347,0.9964175611883092,0.6401993822451825,0.7182087805941546,0.9919238488762364,1.779317073550552,0.00814190639020647,0.34263531964347,0.9744318181818182,0.6646288599928567,0.7064537419651056,0.9477660959969677,1.7874445618654933,0.05527864992150702,0.34263531964347
0.57,0.9538901124948942,0.6259572817446772,0.6919450562474472,0.9031528461911824,1.6734914254296391,0.10723229652350186,0.33941060866434225,0.997002744647963,0.6362482440143689,0.7135013723239816,0.9930778883353425,1.749127622189409,0.006970361283806946,0.33941060866434225,0.9754464285714286,0.659954981869429,0.7023696789321789,0.9488524570306989,1.7608894788815357,0.05407182103610673,0.33941060866434225
0.58,0.9553438259513748,0.6222344531586576,0.6876719129756874,0.9038941554148981,1.6471445275023704,0.1063242239252981,0.3361858976852145,0.9975782519707032,0.6323478729023636,0.7087891259853516,0.9942669901807971,1.7199625033977641,0.005766066736421057,0.3361858976852145,0.976461038961039,0.6552811037460012,0.6982856158992523,0.9499388180644301,1.734334395897578,0.05286499215070643,0.3361858976852145
0.59,0.9568078322656333,0.6185692962675151,0.6834039161328167,0.9046934814643944,1.6217081902807344,0.10534675057162618,0.33296118670608676,0.9981434664356654,0.6284970391723106,0.7040717332178328,0.9954922808962928,1.691768587179094,0.00452813064471847,0.33296118670608676,0.9774756493506493,0.6506072256225734,0.6942015528663256,0.9510251790981613,1.7077793129136205,0.051658163265306145,0.33296118670608676
0.6,0.9582828181386142,0.6149607805361632,0.6791414090693071,0.9055568051811103,1.5971380302310236,0.10429295465346461,0.329736475726959,0.9986977013419053,0.624694525114801,0.6993488506709526,0.9967548188424302,1.6644961689031754,0.0032557466452368122,0.329736475726959,0.9784902597402597,0.6459333474991458,0.6901174898333989,0.9521115401318925,1.681224229929663,0.05045133437990584,0.329736475726959
0.61,0.9597695519320747,0.6114079297504459,0.6748847759660374,0.9064909323628958,1.5733927080853685,0.10315499504596232,0.3265117647478313,0.9992401883276655,0.6209391211923954,0.6946200941638327,0.9980555531821895,1.6380986693896156,0.0019482350572680013,0.3265117647478313,0.9795048701298701,0.6412594693757181,0.6860334268004722,0.9531979011656236,1.654669146945705,0.049244505494505555,0.3265117647478313
0.62,0.9612688979851094,0.6079098243252499,0.6706344489925546,0.9075036417679018,1.5504337064275957,0.10192395267076475,0.3232870537687035,0.9997700630538515,0.6172296215729064,0.6898850315269258,0.9993952686945294,1.6125323597642767,0.0006050972267065237,0.3232870537687035,0.9805194805194805,0.6365855912522903,0.6819493637675456,0.9542842621993548,1.6281140639617475,0.048037676609105254,0.3232870537687035
0.63,0.962781834332425,0.6044656045038027,0.6663909171662126,0.90860386690618,1.528225133860992,0.1005896369393918,0.32006234278957574,1.0002863474857568,0.6135648188604462,0.6851431737428784,1.0007745115275282,1.5877561071202488,0.0,0.32006234278957574,0.9815340909090909,0.6319117131288625,0.6778653007346189,0.955370623233086,1.60155898097779,0.046830847723704966,0.32006234278957574
0.64,0.9643094748682391,0.6010744747034779,0.6621547374341196,0.9098019212871566,1.5067335544816236,0.0991403475882246,0.316837631810448,1.0007879277291634,0.6099434977646656,0.6803939638645817,1.0021934889999167,1.5637311370768177,0.0,0.316837631810448,0.9825487012987013,0.6272378350054348,0.6737812377016922,0.9564569842668171,1.5750038979938323,0.045624018838304664,0.316837631810448
0.65,0.9658530974008924,0.5977357093627335,0.6579265487004462,0.911109780221909,1.4859278421552191,0.09756257885459307,0.31361292083132025,1.001273525975731,0.6063644273495407,0.6756367629878655,1.0036519337377363,1.5404208091934324,0.0,0.31361292083132025,0.9835633116883117,0.6225639568820072,0.6696971746687655,0.9575433453005483,1.5484488150098747,0.044417189952904376,0.31361292083132025
0.66,0.9674141796337162,0.5944486607898752,0.6537070898168581,0.9125414372070062,1.4657790600510852,0.09584064813612873,0.3103882098521925,1.001741664522128,0.602826351357208,0.6708708322610639,1.0051489182658793,1.517790400791103,0.0,0.3103882098521925,0.984577922077922,0.6178900787585794,0.6656131116358389,0.9586297063342795,1.5218937320259172,0.043210361067504074,0.3103882098521925
0.67,0.9689944459954165,0.5912127697338923,0.6494972229977083,0.9141133601390802,1.446260367157338,0.09395622425631361,0.30716349887306477,1.0021906189396483,0.5993279758830048,0.6660953094698241,1.0066825999077953,1.4958068939397735,0.0,0.30716349887306477,0.9855925324675324,0.6132162006351516,0.6615290486029122,0.9597160673680106,1.4953386490419596,0.04200353218210379,0.30716349887306477
0.68,0.9719348308482928,0.5883614853917633,0.6459674154241464,0.9193680619634919,1.4293159277180776,0.08770365359908502,0.2989559194114273,1.0029535620088499,0.5959484472118641,0.6614767810044249,1.0093158656112462,1.474931708836544,0.0,0.2989559194114273,0.9874441964285714,0.603722385696939,0.6531286638708513,0.9624730216071995,1.451295508090327,0.039011847527472714,0.2989559194114273
0.69,0.9732914299751921,0.5851598898635032,0.641645714987596,0.9206774866976506,1.410567289819119,0.08615667749938019,0.2939730509289175,1.003271070024808,0.5925047015715619,0.656635535012404,1.010664367476105,1.4540160435142147,0.0,0.2939730509289175,0.98828125,0.5989024488821542,0.6488123421717171,0.9641436148126571,1.433807450122652,0.037226991758241935,0.2939730509289175
0.7,0.9746676357439221,0.5820066113064606,0.6373338178719611,0.922133894320646,1.3923823367770316,0.08444121418692624,0.28899018244640773,1.0035689713989349,0.5890979398238424,0.6517844856994675,1.0120398037134566,1.4336699591413355,0.0,0.28899018244640773,0.9891183035714285,0.5940825120673693,0.6444960204725829,0.9658142080181147,1.416319392154977,0.03544213598901116,0.28899018244640773
0.71,0.9760657311739148,0.5789013519030092,0.6330328655869575,0.9237602542864016,1.3747404664421337,0.08253196146925923,0.284007313963898,1.0038449831117993,0.5857268265237938,0.6469224915558996,1.0134367139657785,1.4138661733969005,0.0,0.284007313963898,0.9899553571428571,0.5892625752525844,0.6401796987734487,0.9674848012235724,1.3988313341873022,0.033657280219780386,0.284007313963898
0.72,0.977488485313687,0.5758439563924654,0.6287442426568435,0.9255846022599963,1.3576228962690098,0.080398266736832,0.2790244454813883,1.0040963361148845,0.5823899251346573,0.6420481680574422,1.0148469797653363,1.3945782446040063,0.0,0.2790244454813883,0.9907924107142857,0.5844426384377996,0.6358633770743145,0.9691553944290301,1.3813432762196272,0.03187242445054961,0.2790244454813883
0.73,0.9789393119941272,0.5728344506580649,0.6244696559970636,0.9276415920330408,1.3410127561563387,0.07800254816989924,0.2740415769988785,1.0043196165773012,0.5790856581322288,0.6371598082886506,1.016258695962617,1.3757802966812345,0.0,0.2740415769988785,0.9916294642857142,0.5796227016230148,0.6315470553751803,0.9708259876344877,1.363855218251952,0.03008756868131883,0.2740415769988785
0.74,0.9804225022512896,0.5698730985954557,0.6202112511256448,0.929974701446441,1.3248952733125534,0.07529806826427086,0.2690587085163687,1.004510533462996,0.5758122488770305,0.632255266731498,1.0176544791616398,1.3574466668418865,0.0,0.2690587085163687,0.9924665178571428,0.5748027648082299,0.6272307336760461,0.9724965808399453,1.3463671602842773,0.02830271291208805,0.2690587085163687
0.75,0.9824602177133173,0.5670896264562262,0.6162301088566586,0.9344404703600755,1.3099469569510898,0.07015912914673095,0.26010063450121235,1.0047049608581113,0.5725777172059604,0.6273524804290557,1.0191808235281505,1.3396066144774819,0.0,0.26010063450121235,0.9935825892857143,0.5654842202996458,0.6186347289862915,0.9744006345882026,1.3148649486540112,0.026272321428571457,0.26010063450121235
0.76,0.9829821858939036,0.5639657099477311,0.6114910929469518,0.9337874140542202,1.2933976130182943,0.07090755877540156,0.2561254289685657,1.0047410283918108,0.5693419103580429,0.6223705141959054,1.0201523808397273,1.322027668936593,0.0,0.2561254289685657,0.9938616071428572,0.5609856126058467,0.6143550459956709,0.9746340951310023,1.3008507949914199,0.02602678571428564,0.2561254289685657
0.77,0.9835098468907107,0.5608807094152628,0.6067549234453553,0.9331001547068786,1.2772855154424814,0.07169631786647501,0.2521502234359191,1.0047714031092894,0.5661413077475738,0.6173857015546447,1.0211847126659703,1.3048979261159601,0.0,0.2521502234359191,0.994140625,0.5564870049120475,0.6100753630050504,0.974867555673802,1.2868366413288288,0.02578124999999982,0.2521502234359191
0.78,0.9840436099502585,0.5578340605638462,0.6020218049751292,0.9323756815978675,1.2615943717311007,0.07252904568064308,0.24817501790327248,1.0047956757640273,0.5629751850076053,0.6123978378820136,1.02228429089914,1.2881995843128555,0.0,0.24817501790327248,0.9944196428571429,0.5519883972182482,0.60579568001443,0.9751010162166016,1.2728224876662377,0.025535714285714006,0.24817501790327248
0.79,0.9845839361140016,0.5548252275235014,0.5972919680570008,0.931610624281884,1.2463087798911412,0.07340982802856366,0.24419981237062585,1.00481338531457,0.5598428190563446,0.607406692657285,1.0234585736596384,1.2719156776133798,0.0,0.24419981237062585,0.9946986607142858,0.547489789524449,0.6015159970238095,0.9753344767594012,1.2588083340036464,0.02529017857142819,0.24419981237062585
0.8,0.9851313478958171,0.5518537048027409,0.5925656739479086,0.9308012036256756,1.2314141848697713,0.07434326052091435,0.24022460683797925,1.00482400924704,0.5567434852920897,0.60241200462352,1.024716202174405,1.2560300115588,0.0,0.24022460683797925,0.9949776785714286,0.5429911818306499,0.597236314033189,0.9755679373022009,1.2447941803410554,0.02504464285714237,0.24022460683797925
0.81,0.9856864414170046,0.5489190198702975,0.5878432207085023,0.9299431781117892,1.2168968412555612,0.07533451885787072,0.23624940130533262,1.0048269514401384,0.5536764541890716,0.5974134757200692,1.0260672461661073,1.2405271005433807,0.0,0.23624940130533262,0.9952566964285715,0.5384925741368507,0.5929566310425685,0.9758013978450006,1.230780026678464,0.024799107142856554,0.23624940130533262
0.82,0.9867314640015732,0.5461417391913611,0.5833657320007866,0.9313466316186366,1.2033310536604551,0.07371408888014894,0.22555173164914652,1.0048098893818858,0.5506381213893153,0.592404944690943,1.027455256263697,1.2253779138803484,0.0,0.22555173164914652,0.9957706766917295,0.529123293451269,0.5840097402597403,0.99368437149284,1.2053571428571428,0.023261278195488067,0.22555173164914652
0.83,0.9872200670305112,0.5432584005324743,0.5786100335152556,0.9300802185345911,1.18942176750664,0.07517607629111034,0.21882926752560705,1.0047912111649775,0.547632452701252,0.5873956055824887,1.0290009460075515,1.2105918206806958,0.0,0.21882926752560705,0.9960056390977444,0.5242526204594864,0.5793425324675324,1.0113338845978797,1.1939484126984128,0.021968984962405395,0.21882926752560705
0.84,0.9877163393743792,0.5404100833898935,0.5738581696871896,0.928700954106648,1.175852784969499,0.07677287891013003,0.21210680340206756,1.0047648636331397,0.5446574159344748,0.5823824318165698,1.030694491882811,1.196148647182309,0.0,0.21210680340206756,0.9962406015037595,0.5193819474677037,0.5746753246753247,1.0289833977029192,1.1825396825396826,0.020676691729322724,0.21210680340206756
0.85,0.9882210093510232,0.5375964067018856,0.5691105046755116,0.9271908509150332,1.1626129521776745,0.07852660432651203,0.2053843392785281,1.004730118468526,0.5417123000612857,0.577365059234263,1.0325609026362508,1.1820354334923835,0.0,0.2053843392785281,0.9964755639097745,0.5145112744759212,0.5700081168831169,1.046632910807959,1.1711309523809523,0.019384398496240057,0.2053843392785281
0.86,0.9887349288530538,0.5348170326756687,0.5643674644265269,0.9255276114867077,1.149691777736109,0.08046479390675851,0.19866187515498862,1.0046861237785254,0.538796374878722,0.5723430618892626,1.0346315094163394,1.168239678812239,0.0,0.19866187515498862,0.9967105263157896,0.5096406014841386,0.5653409090909091,1.0642824239129987,1.1597222222222223,0.018092105263157385,0.19866187515498862
0.87,0.9892591048761348,0.5320716742930997,0.5596295524380674,0.9236831973079878,1.1370794308921088,0.08262227018357864,0.19193941103144915,1.0046318725674743,0.5359088828419107,0.5673159362837372,1.0369461733403273,1.1547492788131888,0.0,0.19193941103144915,0.9969454887218046,0.504769928492356,0.5606737012987013,1.0819319370180382,1.148313492063492,0.016799812030074714,0.19193941103144915
0.88,0.9897947422133332,0.5293601056133481,0.5548973711066666,0.9216217688890299,1.1247667525151512,0.0850438148888901,0.18521694690790969,1.004566160042306,0.5330490281220771,0.5622830800211529,1.0395565117125047,1.1415524545935294,0.0,0.18521694690790969,0.9971804511278196,0.4998992555005734,0.5560064935064934,1.099581450123078,1.1369047619047619,0.015507518796992045,0.18521694690790969
0.89,0.990343302566998,0.5266821761829373,0.550171651283499,0.9192966408051754,1.1127452837831437,0.0877881584818365,0.17849448278437022,1.0044875245006715,0.5302159615780122,0.5572437622503357,1.0425307479464836,1.1286376679782826,0.0,0.17849448278437022,0.9974154135338347,0.49502858250879084,0.5513392857142857,1.1172309632281177,1.1254960317460316,0.014215225563909374,0.17849448278437022
0.9,0.9909065885250391,0.5240378316614648,0.5454532942625195,0.9166456401718813,1.1010073205833768,0.09093411474960901,0.17177201866083075,1.0043941633546603,0.5274087595318938,0.5521970816773301,1.0459612457653698,1.1159935148385114,0.0,0.17177201866083075,0.9976503759398497,0.4901579095170082,0.546672077922078,1.1348804763331573,1.1140873015873016,0.012922932330826703,0.17177201866083075
0.91,0.9914868665223553,0.5214271441883234,0.5407434332611776,0.9135837712483629,1.0895460071674234,0.09459037197383012,0.16504955453729125,1.004283810169374,0.5246263928233902,0.5471419050846871,1.049976675092988,1.1036085826037076,0.0,0.16504955453729125,0.9978853383458647,0.48528723652522565,0.5420048701298701,1.152529989438197,1.1026785714285714,0.011630639097744033,0.16504955453729125
0.92,0.9920870534945974,0.5188503586598865,0.5360435267472987,0.90999111257275,1.07835549292891,0.09891183131753306,0.15832709041375181,1.0041535480091621,0.5218676799718588,0.5420767740045811,1.054762588099228,1.0914712478360458,0.0,0.15832709041375181,0.9981203007518797,0.48041656353344303,0.5373376623376623,1.1701795025432367,1.0912698412698414,0.010338345864661362,0.15832709041375181
0.93,0.9927110128914782,0.5163079663222946,0.5313555064457391,0.9056917760057163,1.0674311966575034,0.1041283872645968,0.15160462629021232,1.0039995134243114,0.5191312130408164,0.5369997567121556,1.060598241495156,1.079569369273453,0.0,0.15160462629021232,0.9983552631578948,0.47554589054166047,0.5326704545454546,1.1878290156482763,1.0798611111111112,0.009046052631578691,0.15160462629021232
0.94,0.9933640503387992,0.5138008282323879,0.5266820251693995,0.9004148707275846,1.0567702663178715,0.110599161020014,0.14488216216667285,1.0038164007890207,0.5164152336514696,0.5319082003945104,1.0679273105072784,1.0678897880734264,0.0,0.14488216216667285,0.9985902255639099,0.47067521754987784,0.5280032467532467,1.205478528753316,1.068452380952381,0.00775375939849602,0.14488216216667285
0.95,0.994053803295812,0.5113303971374471,0.522026901647906,0.8937158009930847,1.0463724245219075,0.11892393408375879,0.13815969804313338,1.0035965726440375,0.5137174105940151,0.5267982863220187,1.077506616406758,1.0564174448884605,0.0,0.13815969804313338,0.9988251879699248,0.4658045445580953,0.523336038961039,1.2231280418583557,1.0570436507936507,0.006461466165413352,0.13815969804313338
0.96,0.9947919922551188,0.5088991545885609,0.5173959961275594,0.8847989990120531,1.0362416585990821,0.13020019362202917,0.1314372339195939,1.0033283084967608,0.5110344022212809,0.5216641542483804,1.090759612123886,1.045133654684126,0.0,0.1314372339195939,0.9990601503759399,0.4609338715663127,0.5186688311688312,1.2407775549633953,1.0456349206349207,0.005169172932330681,0.1314372339195939
0.97,0.9955983447893051,0.506511590950706,0.5127991723946526,0.8720510631323778,1.0263900461745414,0.14672184035649688,0.12471476979605443,1.0029918807746048,0.5083608759610435,0.5164959403873024,1.110777087054309,1.0340122482212422,0.0,0.12471476979605443,0.9992951127819549,0.4560631985745301,0.5140016233766234,1.258427068068435,1.0342261904761905,0.00387687969924801,0.12471476979605443
0.98,0.9965113219271339,0.5041768852381364,0.5082556609635669,0.8514740564776098,1.016848287680749,0.17443390364330608,0.11799230567251497,1.002548828448806,0.5056868280178625,0.511274414224403,1.1460548617798443,1.0230090086212307,0.0,0.11799230567251497,0.99953007518797,0.45119252558274753,0.5093344155844156,1.2760765811734749,1.0228174603174602,0.002584586466165339,0.11799230567251497
0.99,0.9976302058162291,0.5019194228870897,0.5038151029081146,0.8084208881276235,1.0077072786022516,0.23697941837709213,0.11126984154897548,1.001899869371741,0.502987065151898,0.5059499346858705,1.2345479917463058,1.0120200700724655,0.0,0.11126984154897548,0.9997650375939849,0.4463218525909649,0.5046672077922078,1.2937260942785145,1.0114087301587302,0.0012922932330826677,0.11126984154897548
1.0,1.0,0.5,0.5,0.9016025378790501,1.0,0.07920854373574313,0.104547377425436,1.0,0.5,0.5,1.1580486778967034,1.0,0.0,0.104547377425436,1.0,0.44145117959918234,0.5,1.311375607383554,1.0,0.0,0.104547377425436
