metric,x_center,x_jitter,x,auc
Nero,0,0.006286511054669665,0.006286511054669665,72.13934104643336
Nero,0,-0.006605243164565094,-0.006605243164565094,87.91106548026465
Nero,0,0.032021132522164104,0.032021132522164104,87.86298548721493
Nero,0,0.0052450058576519855,0.0052450058576519855,70.61194721925676
Nero,0,-0.02678346865805555,-0.02678346865805555,65.86878090308223
Nero,0,0.01807975274547424,0.01807975274547424,65.34868177358112
Nero,0,0.06520000225650686,0.06520000225650686,65.12662869413248
Nero,0,0.04735404815646211,0.04735404815646211,79.96332420716405
Nero,0,-0.03518676179034963,-0.03518676179034963,79.84641787606542
Nero,0,-0.06327107355230263,-0.06327107355230263,79.0156103125713
Nero,0,-0.03116372312686761,-0.03116372312686761,78.88242340474544
Nero,0,0.00206629896736218,0.00206629896736218,63.658430777683506
Nero,0,-0.11625153873194172,-0.11625153873194172,85.77457449235682
Nero,0,-0.010939583196627287,-0.010939583196627287,83.04686858316222
Nero,0,-0.06229554736265326,-0.06229554736265326,85.71185671504263
Nero,0,-0.03661336773517258,-0.03661336773517258,82.96255355908777
Nero,0,-0.027212949142865497,-0.027212949142865497,62.10139582679756
Nero,0,-0.015815007818457728,-0.015815007818457728,67.4554106939647
Nero,0,0.020581526818706643,0.020581526818706643,78.19691535477983
Nero,0,0.05212566847213388,0.05212566847213388,78.068468094909
Nero,0,-0.006426733147201713,-0.006426733147201713,60.85122986480462
Nero,0,0.0683231735274843,0.0683231735274843,61.43760062753692
Nero,0,-0.03325973367433068,-0.03325973367433068,79.3079165716024
Nero,0,0.017575503504650987,0.017575503504650987,79.19572064808416
Nero,0,0.045173509082590435,0.045173509082590435,65.59620353886928
Nero,0,0.0047006148880437285,0.0047006148880437285,83.07107004334931
Nero,0,-0.03717496246769042,-0.03717496246769042,70.71033006312277
Nero,0,-0.04608626881292097,-0.04608626881292097,82.99173577516702
Nero,0,-0.022886291283366958,-0.022886291283366958,70.53049297396923
Nero,0,0.011009756173502472,0.011009756173502472,70.41480150581798
Nero,0,-0.050480909176936796,-0.050480909176936796,68.1788729180927
Nero,0,-0.010458778743585653,-0.010458778743585653,68.10406646893297
Nero,0,-0.007961250495723887,-0.007961250495723887,76.70751996349533
Nero,0,0.027042279234290385,0.027042279234290385,67.13351281466274
Nero,0,0.010732956125317045,0.010732956125317045,70.22259348844356
Nero,0,0.01776863545199607,0.01776863545199607,76.55669200645012
Nero,0,-0.03269143047091697,-0.03269143047091697,67.96798164785385
Nero,0,-0.006480681684638473,-0.006480681684638473,67.89198648544877
Nero,0,0.03919877350306648,0.03919877350306648,85.53929728496463
Nero,0,0.07467155726103804,0.07467155726103804,66.91530215772099
Nero,0,-0.06295327660520601,-0.06295327660520601,78.66448399117803
Nero,0,0.07569618873695313,0.07569618873695313,69.09281314168389
Nero,0,0.06729377118911523,0.06729377118911523,85.47759041695461
Nero,0,0.039065570035021376,0.039065570035021376,78.54198111034323
Nero,0,0.013222781516465177,0.013222781516465177,68.27369571830553
Nero,0,-0.01569614072682139,-0.01569614072682139,68.8944252476389
Nero,0,0.07290103417684794,0.07290103417684794,78.20075290896644
Nero,0,0.09801291582249824,0.09801291582249824,69.36977374705295
Nero,0,0.09008174349330626,0.09008174349330626,68.06851455117867
Nero,0,0.0657551882367185,0.0657551882367185,59.73429544010504
Nero,0,0.0178690205329478,0.0178690205329478,78.07863165169316
Nero,0,-0.060415931614108576,-0.060415931614108576,63.037797411913154
Nero,0,-0.00022270665600416145,-0.00022270665600416145,67.93274697695641
Nero,0,0.032823746753816795,0.032823746753816795,69.16908316056201
Nero,0,-0.06441807318747772,-0.06441807318747772,69.39080994752467
Nero,0,0.019756103009100412,0.019756103009100412,57.940680432269744
Nero,0,0.021493184741111504,0.021493184741111504,67.719663671965
Nero,0,0.03480213619814342,0.03480213619814342,68.072454179025
Nero,0,-0.059205898337859456,-0.059205898337859456,69.18930661138005
Nero,0,-0.03308512860195175,-0.03308512860195175,69.00615065784467
Nero,0,-0.021821762357161063,-0.021821762357161063,69.07213780515632
Nero,0,-0.05849009538864321,-0.05849009538864321,67.86223604392228
Nero,0,0.0869683938565067,0.0869683938565067,72.50058635637686
Nero,0,-0.024795536422107595,-0.024795536422107595,57.73079184789789
Nero,0,0.016448481473010104,0.016448481473010104,66.8015248307856
Nero,0,-0.012928627273696201,-0.012928627273696201,68.80953889272821
Nero,0,0.07917364394010612,0.07917364394010612,62.16938826738342
Nero,0,0.06601804935409196,0.06601804935409196,66.45513803331046
Nero,0,0.03166763114124576,0.03166763114124576,68.8759801888966
Nero,0,-0.11017549403233254,-0.11017549403233254,72.38316138109367
Nero,0,0.0026014487129943256,0.0026014487129943256,72.32352683713424
Nero,0,0.03418430953882672,0.03418430953882672,66.57831797588881
Nero,0,0.05019807879210848,0.05019807879210848,66.22910619672881
Nero,0,-0.030895352235380043,-0.030895352235380043,72.20872379636035
Nero,0,0.09110056816641617,0.09110056816641617,77.32764944102209
Nero,0,-0.06602154850066468,-0.06602154850066468,57.970800764212505
Nero,0,-0.03307640109076095,-0.03307640109076095,68.63499429614413
Nero,0,0.04675249940570111,0.04675249940570111,77.5496003498365
Nero,0,0.002452730691265583,0.002452730691265583,71.41040596243064
Nero,0,0.10011962918226276,0.10011962918226276,56.78930826328451
Nero,0,0.00942595962562328,0.00942595962562328,77.19146836366426
Nero,0,-0.031659704509611336,-0.031659704509611336,75.87043881664002
Nero,0,-0.018878175261640415,-0.018878175261640415,56.68806630993281
Nero,0,-0.05455730588095978,-0.05455730588095978,76.86296128983192
Nero,0,-0.0638840083193304,-0.0638840083193304,56.80232788532902
Nero,0,0.031520574538411596,0.031520574538411596,68.42510788604771
Nero,0,0.02905829062064029,0.02905829062064029,77.41444137295555
Nero,0,0.06472794097205585,0.06472794097205585,71.23016839437922
Nero,0,-0.03773028956299656,-0.03773028956299656,75.7195792060201
Nero,0,0.08445537262218367,0.08445537262218367,76.97607802874744
Nero,0,-0.014369385390433316,-0.014369385390433316,76.72126990708746
Nero,0,0.07872041394222934,0.07872041394222934,71.45933534869557
Nero,0,-0.02163929235912984,-0.02163929235912984,76.84482146970744
Nero,0,-0.036774164617113754,-0.036774164617113754,76.10283481633584
Nero,0,0.012489268577933343,0.012489268577933343,70.70933150809947
Nero,0,0.05157265424347362,0.05157265424347362,57.18271662636346
Nero,0,0.008050478835767233,0.008050478835767233,72.45573655791317
Nero,0,-0.029276441206166834,-0.029276441206166834,75.55644801886075
Nero,0,-0.06706098570383345,-0.06706098570383345,71.07966704692377
Nero,0,-0.0700760107458714,-0.0700760107458714,76.17999657768651
Nero,0,0.025134142493743284,0.025134142493743284,70.26980169594658
Nero,0,0.04948565166429025,0.04948565166429025,60.58900741582015
Nero,0,-0.008214729631264536,-0.008214729631264536,76.35928739828123
Nero,0,-0.053718242911421736,-0.053718242911421736,71.17360084417072
Nero,0,0.04365210763108533,0.04365210763108533,71.27282839975415
Nero,0,-0.06401969723572866,-0.06401969723572866,75.95426744989635
Nero,0,-0.03565340475296361,-0.03565340475296361,72.28270598172466
Nero,0,0.031050892677004928,0.031050892677004928,70.04129743706743
Nero,0,-0.1125070586787296,-0.1125070586787296,70.52215311372188
Nero,0,0.019318479878315295,0.019318479878315295,70.37160415240706
Nero,0,-0.02908204182047516,-0.02908204182047516,75.40261498886586
Nero,0,0.005463984873890694,0.005463984873890694,75.2517560270743
Nero,0,-0.003785076311041156,-0.003785076311041156,76.87229310213702
Nero,0,0.010105719752197994,0.010105719752197994,75.67313690340384
Nero,0,0.03470859683535041,0.03470859683535041,76.03244644091221
Nero,0,-0.037918487544920464,-0.037918487544920464,70.89219857175773
Nero,0,0.07104910111559581,0.07104910111559581,76.65249486652975
Nero,0,0.03630468944738825,0.03630468944738825,70.74191573503687
Nero,0,0.04218663311516341,0.04218663311516341,70.07814827612698
Nero,0,0.05824319905555141,0.05824319905555141,76.21474852184593
Nero,0,0.03937941108529347,0.03937941108529347,70.95779222754587
Nero,0,0.04220393402892961,0.04220393402892961,57.24553513310572
Nero,0,0.0037796805371442563,0.0037796805371442563,56.73663587755973
Nero,0,-0.07133869254948662,-0.07133869254948662,56.00919129756389
Nero,0,-0.006752255001850696,-0.006752255001850696,76.26802646589097
Nero,0,-0.038475732008835285,-0.038475732008835285,70.9901013591339
Nero,0,-0.07113708842577068,-0.07113708842577068,56.022128784737134
Nero,0,0.01292263954564938,0.01292263954564938,57.22456901948064
Nero,0,-0.02842747270738213,-0.02842747270738213,75.73090577230207
Nero,0,-0.05149022190057319,-0.05149022190057319,70.95646322914293
Nero,0,-0.05215005400357828,-0.05215005400357828,69.81987618830331
Nero,0,0.013420853985445734,0.013420853985445734,60.72191302853083
Nero,0,0.017933597458517223,0.017933597458517223,70.17803716501577
Nero,0,0.06612287348834166,0.06612287348834166,69.85239576134528
Nero,0,-0.0006957334262046867,-0.0006957334262046867,75.09742609229822
Nero,0,0.05209198796064111,0.05209198796064111,56.41626681210714
Nero,0,0.07011324133862612,0.07011324133862612,75.520903566218
Nero,0,0.05750828180748461,0.05750828180748461,71.67229523157648
Nero,0,-0.11826519531384871,-0.11826519531384871,76.73231574905934
Nero,0,0.061434185960171056,0.061434185960171056,76.5066355678415
Nero,0,0.016981000412432133,0.016981000412432133,70.78433340938473
Nero,0,0.021188567642667366,0.021188567642667366,56.45186641478654
Nero,0,0.018561370886812943,0.018561370886812943,70.55063157490594
Nero,0,0.019137858013538046,0.019137858013538046,82.15134268765686
Nero,0,0.015970711012619047,0.015970711012619047,70.7718666973816
Nero,0,-0.017945665426931025,-0.017945665426931025,76.12354756968443
Nero,0,-0.09508176491879973,-0.09508176491879973,71.33412540877639
Nero,0,-0.0054457363953711625,-0.0054457363953711625,70.77985755970211
Nero,0,-0.04018659242603383,-0.04018659242603383,70.63505019393115
Nero,0,0.05400817062689426,0.05400817062689426,75.57799124625662
Nero,0,-0.014438325299768877,-0.014438325299768877,71.2843324587421
Nero,0,0.004173767805350493,0.004173767805350493,69.61975950241882
Nero,0,-0.04248029778050716,-0.04248029778050716,71.48842662980873
Nero,0,-0.025531123394906336,-0.025531123394906336,70.60284112723639
Nero,0,-0.0005766530843293389,-0.0005766530843293389,69.64869876036197
Nero,0,-0.07426875921317726,-0.07426875921317726,82.06215733701913
Nero,0,0.015034255714730292,0.015034255714730292,76.38215225492435
Nero,0,-0.005303612672387547,-0.005303612672387547,71.15401098057288
Nero,0,-0.05928599025026169,-0.05928599025026169,72.44929758917033
Nero,0,-0.11991164326988857,-0.11991164326988857,70.44338862013367
Nero,0,0.025652606694015253,0.025652606694015253,71.0969198725332
Nero,0,-0.014879201947166519,-0.014879201947166519,60.20437413863233
Nero,0,-0.026500420660907922,-0.026500420660907922,70.17894744847516
Nero,0,-0.011807731492647102,-0.011807731492647102,69.73290288234854
Nero,0,0.0908237970440572,0.0908237970440572,55.40552805182455
Nero,0,-0.00249004845298216,-0.00249004845298216,56.31046798582901
Nero,0,0.004330963149427106,0.004330963149427106,69.4491468939568
Nero,0,-0.07435364348376991,-0.07435364348376991,56.119548042496916
Nero,0,0.082366953317805,0.082366953317805,72.28530838847068
Nero,0,0.04587439917221472,0.04587439917221472,76.23655532519392
Nero,0,0.053346743350258956,0.053346743350258956,72.27359932427248
Nero,0,0.00238363656058398,0.00238363656058398,69.98463871611762
Nero,0,0.045832739441229786,0.045832739441229786,68.95576652216909
Nero,0,0.018547341754720514,0.018547341754720514,69.53413806342633
Nero,0,0.030659453892950314,0.030659453892950314,70.91134991254093
Nero,0,-0.007609647920414516,-0.007609647920414516,69.51762377367096
Nero,0,-0.07369439740209796,-0.07369439740209796,72.10977079014062
Nero,0,0.051442717390159154,0.051442717390159154,55.77987635030816
Nero,0,-0.09674798183048536,-0.09674798183048536,74.12781770476845
Nero,0,-0.011996833562901803,-0.011996833562901803,68.74838946479316
Nero,0,-0.010226124419983043,-0.010226124419983043,70.72059817246414
Nero,0,-0.05214300704922523,-0.05214300704922523,69.13978895733518
Nero,0,0.03065615681682899,0.03065615681682899,55.449654144769276
Nero,0,-0.010016485070478419,-0.010016485070478419,69.32435729094676
Nero,0,-0.02184341627986408,-0.02184341627986408,72.13339626587572
Nero,0,0.025992086548882062,0.025992086548882062,70.63832877024865
Nero,0,-0.02382895202792069,-0.02382895202792069,73.9606887813868
Nero,0,0.06944899874191543,0.06944899874191543,69.34176713058042
Nero,0,0.017572753809365693,0.017572753809365693,71.32835652901359
Nero,0,-0.023716649341721963,-0.023716649341721963,71.92153368534272
Nero,0,-0.09721324879927722,-0.09721324879927722,71.43869579435713
Nero,0,-0.06538765984505739,-0.06538765984505739,68.9367553559088
Nero,0,0.05434153923841817,0.05434153923841817,71.95530234968898
Nero,0,-0.0025302031555671203,-0.0025302031555671203,70.4486926975351
Nero,0,-0.014156253283976737,-0.014156253283976737,55.04211477921553
Nero,0,0.08216258071213485,0.08216258071213485,71.93846398965685
Nero,0,-0.06413246220369492,-0.06413246220369492,69.14339061660154
Nero,0,-0.02928288999206797,-0.02928288999206797,71.14634339245947
Nero,0,-0.023629383837924206,-0.023629383837924206,70.97253175146395
Nero,0,0.02931686407656502,0.02931686407656502,71.73922763023663
Nero,0,-0.03317675991520235,-0.03317675991520235,71.25299362666067
Nero,0,-0.03067089243070141,-0.03067089243070141,54.831120723317014
Nero,0,-0.08025746984425569,-0.08025746984425569,56.632557135172945
Nero,0,0.03646747020089283,0.03646747020089283,71.09747566354847
Nero,0,0.0403069679257511,0.0403069679257511,71.75812431851327
Nero,0,-0.0238188373700581,-0.0238188373700581,68.40070993991942
Nero,0,0.008166997277064932,0.008166997277064932,71.25267016503147
Nero,0,-0.06463230613796708,-0.06463230613796708,70.78526568379019
Nero,0,-0.023590657737045106,-0.023590657737045106,77.07455068826529
Nero,0,0.06889754763612606,0.06889754763612606,69.56255989048597
Nero,0,0.006786536703356719,0.006786536703356719,70.91483202795045
Nero,0,0.11551817433979442,0.11551817433979442,77.11303555403447
Nero,0,-0.03935963710785789,-0.03935963710785789,71.51386873526499
Nero,0,0.02901422083621538,0.02901422083621538,77.19703566811165
Nero,0,-0.009775291391655118,-0.009775291391655118,58.2379939149017
Nero,0,0.028290892341404656,0.028290892341404656,78.43634953228383
Nero,0,-0.000360567982937825,-0.000360567982937825,68.19366697381558
Nero,0,-0.028059905520457958,-0.028059905520457958,56.45310548313317
Nero,0,-0.043380838216085134,-0.043380838216085134,71.06797435306757
Nero,0,0.15330183695244484,0.15330183695244484,54.86980219954278
Nero,0,-0.0038672529862108017,-0.0038672529862108017,76.9344181064271
Nero,0,-0.10083303451166226,-0.10083303451166226,69.36959993857022
Nero,0,-0.03243003039516673,-0.03243003039516673,56.08986138071364
Nero,0,0.033901986356199856,0.033901986356199856,76.97258016586035
Nero,0,-0.02500042165923741,-0.02500042165923741,70.74803034451305
Nero,0,0.06802231012426288,0.06802231012426288,77.05694325424253
Nero,0,0.050119913642197894,0.050119913642197894,71.33692390386236
Nero,0,-0.00761693179121179,-0.00761693179121179,78.30669507793905
Nero,0,-0.023610797138802167,-0.023610797138802167,56.19447057086094
Nero,0,-0.050240050351384825,-0.050240050351384825,70.57968027986912
Nero,0,-0.034998327115666236,-0.034998327115666236,77.97962962962964
Nero,0,-0.07365715373328126,-0.07365715373328126,55.76038125659423
Nero,0,0.06021981457665422,0.06021981457665422,70.55553106043172
Nero,0,0.0795350393563031,0.0795350393563031,70.65734010190884
Nero,0,-0.06280690348638665,-0.06280690348638665,55.69388282144369
Nero,0,-0.059084148784323165,-0.059084148784323165,70.66773686211883
Nero,0,-0.08842559285434586,-0.08842559285434586,77.84722798126393
Nero,0,-0.0481927115366087,-0.0481927115366087,70.38689794978109
Nero,0,-0.15531684006416457,-0.15531684006416457,69.12571108069051
Nero,0,-0.057113947831595985,-0.057113947831595985,78.57897026389846
Nero,0,0.0648457699900262,0.0648457699900262,55.81250672747606
Nero,0,-0.01728362647322325,-0.01728362647322325,76.96337744315157
Nero,0,0.042729211742670414,0.042729211742670414,69.9984356224807
Nero,0,-0.024448453192102246,-0.024448453192102246,70.46427551255466
Nero,0,0.08803336484965615,0.08803336484965615,58.265085946898544
Nero,0,0.009960899150692851,0.009960899150692851,70.47799562312834
Nero,0,-0.019100114607174028,-0.019100114607174028,77.49480074530378
Nero,0,0.12762120126855406,0.12762120126855406,68.92823082239113
Nero,0,-0.01622359281427196,-0.01622359281427196,78.26845615636174
Nero,0,-0.061061167486306814,-0.061061167486306814,78.45261614067425
Nero,0,0.010095500098005496,0.010095500098005496,76.82156569146895
Nero,0,-0.0019417519279039865,-0.0019417519279039865,76.57428321545363
Nero,0,0.053316227658312856,0.053316227658312856,76.08510427191632
Nero,0,-0.04608169622489056,-0.04608169622489056,69.80012900253385
Nero,0,0.04023584657397489,0.04023584657397489,77.97968826526734
Nero,0,0.042637423528714566,0.042637423528714566,77.35744029793436
Nero,0,-0.03338436459675353,-0.03338436459675353,78.13798740689553
Nero,0,0.008162200286133884,0.008162200286133884,76.42973009291252
Nero,0,-0.04153759784271688,-0.04153759784271688,75.93830544311709
Nero,0,0.11729040369203339,0.11729040369203339,55.78901133826434
Nero,0,-0.03520697811400835,-0.03520697811400835,77.84769569223683
Nero,0,-0.022653722183435712,-0.022653722183435712,55.4160601456387
Nero,0,-0.05329190109816874,-0.05329190109816874,54.943055580521495
Nero,0,-0.01730606375865867,-0.01730606375865867,77.51580500418281
Nero,0,-0.00029380133484521124,-0.00029380133484521124,55.52825074024162
Nero,0,0.03838945676723433,0.03838945676723433,76.77892584987454
Nero,0,-0.030524332303284968,-0.030524332303284968,55.1828173721801
Nero,0,-0.009288697933579285,-0.009288697933579285,75.98964522016882
Nero,0,-0.0708244683207021,-0.0708244683207021,75.68066773138644
Nero,0,-0.04137011133830776,-0.04137011133830776,54.96735184404534
Nero,0,0.13779037791379756,0.13779037791379756,77.37826806419409
Nero,0,0.05206215958473979,0.05206215958473979,76.63958005067958
Nero,0,-0.03907120208386575,-0.03907120208386575,75.84487353144435
Nero,0,-0.06686986207641457,-0.06686986207641457,75.52828073408587
Nero,0,-0.04877914152998291,-0.04877914152998291,81.73187086470455
Nero,0,-0.0010845429756867555,-0.0010845429756867555,54.79824539041582
Nero,0,0.0017363894179595165,0.0017363894179595165,81.63691929662905
Nero,0,-0.037218030046542804,-0.037218030046542804,56.46095972114157
Nero,0,-0.06432872333688221,-0.06432872333688221,54.625832234937874
Nero,0,0.07111892526242232,0.07111892526242232,52.3313844555256
Nero,0,0.022584272564754797,0.022584272564754797,80.92485968514715
Nero,0,-0.018728400978396766,-0.018728400978396766,80.81828610919143
Nero,0,-0.01103306039080433,-0.01103306039080433,55.92653673155794
Nero,0,-0.026476522956283458,-0.026476522956283458,56.56946261271896
Nero,0,-0.14680227230085563,-0.14680227230085563,82.23387519963494
Nero,0,0.0057830913546312954,0.0057830913546312954,82.14115411195576
Nero,0,-0.0535272204847883,-0.0535272204847883,51.41687666383438
Nero,0,-0.05013421495164098,-0.05013421495164098,51.20237247910768
Nero,0,-0.03201312026951869,-0.03201312026951869,53.73037035605752
Nero,0,0.036615085735564865,0.036615085735564865,81.32547570157426
Nero,0,-0.05852654042038416,-0.05852654042038416,81.22133149043998
Nero,0,-0.0717140729837061,-0.0717140729837061,50.33452776973999
Nero,0,0.03199260375861892,0.03199260375861892,55.344405662295316
Nero,0,0.037718445231977545,0.037718445231977545,54.95801792097189
Nero,0,-0.047946685389711106,-0.047946685389711106,54.34278959255692
Nero,0,0.028119883864647963,0.028119883864647963,54.401043485617095
Nero,0,-0.014581621520737607,-0.014581621520737607,81.48256445357059
Nero,0,0.015064608827678006,0.015064608827678006,81.38239115411197
Nero,0,-0.06304801400327671,-0.06304801400327671,48.50287017678088
Nero,0,0.04164472246804177,0.04164472246804177,85.78542094455854
Nero,0,0.0601629477058249,0.0601629477058249,86.96662103582022
Nero,0,0.03185366178130917,0.03185366178130917,85.71835406588345
Nero,0,0.02791699808475717,0.02791699808475717,86.91680488366738
Nero,0,-0.1886137578061367,-0.1886137578061367,80.18165107612745
Nero,0,0.013031487453346991,0.013031487453346991,80.067578130999
Nero,0,-0.001272265834627177,-0.001272265834627177,47.796083345212985
Nero,0,-0.007352275342316656,-0.007352275342316656,73.76547113848962
Nero,0,-0.031528899498551,-0.031528899498551,47.72712337575201
Nero,0,0.002768248745677695,0.002768248745677695,73.61034093526837
Nero,0,0.020605870256416685,0.020605870256416685,47.380721817372404
Nero,0,-0.01318940802703125,-0.01318940802703125,82.67438854665754
Nero,0,-0.023166206985493543,-0.023166206985493543,82.57526376410965
Nero,0,0.06148769054696356,0.06148769054696356,80.4849418206708
Nero,0,-0.05526835536345627,-0.05526835536345627,80.37723105275282
Nero,0,0.05150775989119384,0.05150775989119384,46.873890668167846
Nero,0,0.008840623186526234,0.008840623186526234,46.627934193910264
Nero,0,-0.04021528226412137,-0.04021528226412137,46.43575482311881
Nero,0,-0.014499094803465694,-0.014499094803465694,49.13524289670977
Nero,0,-0.045999680140609844,-0.045999680140609844,48.82321790792124
Nero,0,0.03375322592047197,0.03375322592047197,49.230598852577565
Nero,0,0.017395088098523578,0.017395088098523578,48.43870628092339
Nero,0,-0.027839808757659065,-0.027839808757659065,44.52662008948664
Nero,0,-0.05511091495271116,-0.05511091495271116,86.59807551905087
Nero,0,0.015085804675053528,0.015085804675053528,44.29380239971842
Nero,0,0.04786928034209659,0.04786928034209659,86.53997466021653
Nero,0,-0.0056918174690940735,-0.0056918174690940735,46.91324261705675
Nero,0,0.02091762504446116,0.02091762504446116,89.72827287246177
Nero,0,-0.01880135752748714,-0.01880135752748714,89.69222068647775
Nero,0,0.0033784603004713616,0.0033784603004713616,43.62652671959424
Nero,0,-0.014564145569684425,-0.014564145569684425,47.067997437580686
Nero,0,0.014702107148749012,0.014702107148749012,46.51131792433641
Nero,0,-0.07548862565178635,-0.07548862565178635,46.42069999279638
Nero,0,0.03220952615948446,0.03220952615948446,86.02578256901666
Nero,0,-0.01149662408016574,-0.01149662408016574,42.622583620564995
Nero,0,0.01793040338246926,0.01793040338246926,85.96241073485373
Nero,0,-0.017015506373310448,-0.017015506373310448,42.02052851945834
Nero,0,0.016018059468705177,0.016018059468705177,88.38974218571754
Nero,0,-0.05362814020644607,-0.05362814020644607,88.34547339322737
Nero,0,0.05945772062442311,0.05945772062442311,45.13524744897959
Nero,0,-0.0851772293818649,-0.0851772293818649,44.17482804244017
Nero,0,-0.051961940738959315,-0.051961940738959315,44.08106271307381
Nero,0,0.011783303476981713,0.011783303476981713,44.74272877050511
Nero,0,0.07314211425922885,0.07314211425922885,43.978003827776874
Nero,0,0.01390631509040154,0.01390631509040154,43.88789199321821
Nero,0,-0.012395422763954307,-0.012395422763954307,39.42283068783068
Nero,0,-0.07125450716216322,-0.07125450716216322,38.42657616986188
Nero,0,-0.009563833221506612,-0.009563833221506612,41.76744253185454
Nero,0,-0.0009938505521046878,-0.0009938505521046878,41.828976418946
Nero,0,0.08452843226696986,0.08452843226696986,40.99311002886004
Nero,0,0.031106261080289105,0.031106261080289105,41.461085032787544
Nero,0,-0.07645464374642233,-0.07645464374642233,36.945952380952384
Nero,0,0.10133895476215965,0.10133895476215965,37.96314838435374
Nero,0,-0.01975049377493966,-0.01975049377493966,46.57476190476191
Nero,0,-0.04397298573521584,-0.04397298573521584,32.37567982546554
Nero,0,0.07374113260434549,0.07374113260434549,31.493285508142645
Nero,0,-0.0024877880148484054,-0.0024877880148484054,29.861648448853206
Nero,0,-0.01837012996890494,-0.01837012996890494,30.534280235220102
Nero,0,0.010939299446761565,0.010939299446761565,87.51405658224961
Nero,0,0.04224443901878581,0.04224443901878581,87.45518889656762
Nero,0,0.04966681022248252,0.04966681022248252,30.21435144827162
Nero,0,-0.06876012000263702,-0.06876012000263702,32.84785997732427
Nero,0,0.09992407351358648,0.09992407351358648,29.843814931100642
Nero,0,0.04734307939978128,0.04734307939978128,27.075015873015886
Nero,0,-0.018960053100657563,-0.018960053100657563,30.543831700632584
Nero,0,-0.0409329925760708,-0.0409329925760708,33.82531282249742
Nero,0,-0.04845062153791032,-0.04845062153791032,34.09742787233471
Nero,0,0.006168921878809129,0.006168921878809129,43.382711309523806
Nero,0,-0.03240081470948135,-0.03240081470948135,92.6383755418663
Nero,0,-0.038243698264326026,-0.038243698264326026,38.79449036281179
Nero,0,0.04056272024708178,0.04056272024708178,92.63337940566689
Nero,0,0.018228367191316174,0.018228367191316174,28.57269925176619
Nero,0,-0.019728562921185563,-0.019728562921185563,31.368137974886928
Nero,0,0.03671237980926865,0.03671237980926865,31.07159766027623
Nero,0,0.06836893131528354,0.06836893131528354,32.31038475491204
Nero,0,-0.05472481563148229,-0.05472481563148229,30.37418736611905
Nero,0,-0.030164594207112386,-0.030164594207112386,36.413326617826606
Nero,0,0.047131092010993844,0.047131092010993844,28.946062136975993
Nero,0,0.03594702829075271,0.03594702829075271,26.728832302618024
Nero,0,0.011334942821899615,0.011334942821899615,31.12432788671024
Nero,0,0.05812105937792287,0.05812105937792287,38.44780328798186
Nero,0,-0.05441058645595487,-0.05441058645595487,32.011904761904766
Perplexity,1,-0.07395689168855521,0.9260431083114448,97.00884039548023
Perplexity,1,-0.04332536786384491,0.9566746321361551,80.97484912536443
Perplexity,1,0.0061272047768020045,1.006127204776802,80.83445918367347
Perplexity,1,-0.0398043387547552,0.9601956612452448,97.04554856175973
Perplexity,1,-0.02436090782123458,0.9756390921787654,96.84745233525271
Perplexity,1,-0.04875000595501507,0.9512499940449849,96.25099074074075
Perplexity,1,-0.03102145722974514,0.9689785427702549,96.8869485995691
Perplexity,1,-0.05023936094964972,0.9497606390503502,90.21489435028249
Perplexity,1,0.018373310287280648,1.0183733102872807,90.15399943502824
Perplexity,1,0.03974455339916096,1.039744553399161,94.82356331077271
Perplexity,1,-0.024022296975910563,0.9759777030240895,94.80117131979696
Perplexity,1,-0.01036328977353391,0.989636710226466,96.31096342551292
Perplexity,1,-0.029051628625595766,0.9709483713744043,73.63575770988272
Perplexity,1,0.02656256078180946,1.0265625607818094,83.907154676259
Perplexity,1,0.004452801936960998,1.004452801936961,73.45703393828394
Perplexity,1,0.07970784501691071,1.0797078450169106,83.78280815347722
Perplexity,1,-0.054773601831876684,0.9452263981681233,96.17128183361629
Perplexity,1,0.018125124959552385,1.0181251249595524,97.14646104725415
Perplexity,1,0.022199569982333456,1.0221995699823334,90.30175545634921
Perplexity,1,-0.018022008549544905,0.9819779914504551,90.23781299603175
Perplexity,1,0.029176706369137176,1.0291767063691373,96.22911402789171
Perplexity,1,-0.07192613244952192,0.928073867550478,97.28918959976629
Perplexity,1,0.10594015153646606,1.105940151536466,83.31200549663022
Perplexity,1,-0.06710222266432207,0.9328977773356779,83.20493691304829
Perplexity,1,0.04599036302824941,1.0459903630282494,97.17458556067588
Perplexity,1,-0.056056133946961156,0.9439438660530388,76.21223891774892
Perplexity,1,0.05754415156158763,1.0575441515615875,85.05384443972835
Perplexity,1,-0.019238701330450116,0.9807612986695499,76.0471987012987
Perplexity,1,0.007921145358110565,1.0079211453581105,84.95504244482173
Perplexity,1,0.002667187785336731,1.0026671877853368,85.62800133809098
Perplexity,1,0.05503670475123976,1.0550367047512397,88.01381387478851
Perplexity,1,-0.016077372507146317,0.9839226274928536,87.23420985284709
Perplexity,1,-0.1483591854991972,0.8516408145008028,94.15226038748834
Perplexity,1,-0.03800293950322169,0.9619970604967784,87.88676553672316
Perplexity,1,0.009185616154447414,1.0091856161544475,85.53179304192685
Perplexity,1,-0.022023410243513095,0.9779765897564869,94.1189331232493
Perplexity,1,0.0384910425660399,1.0384910425660399,87.93343316412859
Perplexity,1,0.05076634979872344,1.0507663497987234,87.1500303902751
Perplexity,1,-0.007388590494990483,0.9926114095050095,68.35499786610447
Perplexity,1,-0.0744822697191256,0.9255177302808744,87.80751235875705
Perplexity,1,0.06920825550029484,1.0692082555002949,83.97363213781274
Perplexity,1,0.05415267500534089,1.054152675005341,85.42637916666666
Perplexity,1,-0.01495955671335119,0.9850404432866489,68.14589863567802
Perplexity,1,0.10541442056963762,1.1054144205696377,83.86834987893462
Perplexity,1,-0.01744377300463322,0.9825562269953668,88.43800511164919
Perplexity,1,-0.05685598602091877,0.9431440139790812,85.33055555555556
Perplexity,1,-0.007793671687550276,0.9922063283124497,84.00766091091091
Perplexity,1,0.05389168577528852,1.0538916857752885,86.8732428869747
Perplexity,1,-0.04687267212712579,0.9531273278728742,88.36402071563087
Perplexity,1,0.09756125388717243,1.0975612538871724,97.31005527354766
Perplexity,1,-0.04482631072860283,0.9551736892713971,83.90928503503504
Perplexity,1,0.04772111381906202,1.047721113819062,96.98739521307647
Perplexity,1,0.027223118710158853,1.0272231187101588,89.14572617033276
Perplexity,1,-0.0077028529791411775,0.9922971470208588,86.78910728269382
Perplexity,1,0.05402664893588786,1.0540266489358878,85.25178732567679
Perplexity,1,-0.07498993944340974,0.9250100605565903,95.25297255308129
Perplexity,1,0.06787858934665945,1.0678785893466594,89.07539904117316
Perplexity,1,-0.0031842014485120706,0.9968157985514879,88.51811588541668
Perplexity,1,-0.027121762493175675,0.9728782375068243,85.15273174733389
Perplexity,1,0.037458702402004065,1.037458702402004,86.45096030303031
Perplexity,1,0.05299495067996218,1.0529949506799623,86.99972015680325
Perplexity,1,0.03848977153118083,1.038489771531181,88.44309505208332
Perplexity,1,0.09997519105224933,1.0999751910522493,87.81496205487448
Perplexity,1,0.05403630380250492,1.054036303802505,95.30781440162272
Perplexity,1,0.06417533162102029,1.0641753316210203,87.37446598953524
Perplexity,1,-0.026993196858825744,0.9730068031411743,86.36344
Perplexity,1,0.005326188853101478,1.0053261888531015,96.43697457627118
Perplexity,1,0.02814912911627614,1.028149129116276,89.0812868828513
Perplexity,1,-0.0008871118351646819,0.9991128881648353,86.91489377845222
Perplexity,1,0.01508176165866179,1.0150817616586618,81.45162503528084
Perplexity,1,0.021305238306728435,1.0213052383067285,87.73802685347344
Perplexity,1,0.042212195884076764,1.0422121958840767,87.28944752231456
Perplexity,1,-0.005080444538501197,0.9949195554614988,89.01225387087351
Perplexity,1,-0.017489960769594064,0.9825100392304059,81.32959144792548
Perplexity,1,-0.04141578251082753,0.9585842174891724,74.48803145797326
Perplexity,1,-0.04458661630711357,0.9554133836928864,97.13128759752489
Perplexity,1,0.05862256136731615,1.0586225613673161,86.58091131120528
Perplexity,1,-0.0042260744001226215,0.9957739255998774,74.32262937062937
Perplexity,1,0.039347219054527156,1.0393472190545272,82.40929311865902
Perplexity,1,-0.0648681923171376,0.9351318076828624,95.2548989650074
Perplexity,1,-0.09690840539195915,0.9030915946080409,74.32015573037725
Perplexity,1,-0.05245456154999817,0.9475454384500018,78.10269721788872
Perplexity,1,0.05733134837547526,1.0573313483754752,94.9742283502661
Perplexity,1,0.05340387199162298,1.053403871991623,75.64879655121375
Perplexity,1,0.016601930392604256,1.0166019303926042,94.98865127020785
Perplexity,1,-0.040108507507997986,0.959891492492002,86.49284604519775
Perplexity,1,-0.00654013207829272,0.9934598679217073,74.15266597366599
Perplexity,1,-0.014888023989946618,0.9851119760100534,82.29290030877813
Perplexity,1,-0.017248667304765833,0.9827513326952342,77.96032813312533
Perplexity,1,-0.1253034918657816,0.8746965081342184,84.76639327094475
Perplexity,1,-0.04289631929810985,0.9571036807018901,75.4863590142096
Perplexity,1,-0.009505443784111762,0.9904945562158882,81.61349909834928
Perplexity,1,0.07582138949060471,1.0758213894906048,84.66931885026739
Perplexity,1,0.008037152956587221,1.0080371529565872,75.071326846272
Perplexity,1,0.07004441431314039,1.0700444143131405,81.22957769726247
Perplexity,1,-0.019685345437972304,0.9803146545620277,95.55382300089848
Perplexity,1,-0.012634429062390396,0.9873655709376096,87.06148444371152
Perplexity,1,-0.19497108650271697,0.805028913497283,78.50049722852104
Perplexity,1,0.02316651696035095,1.023166516960351,81.47340915783273
Perplexity,1,0.02735478306696669,1.0273547830669667,77.55428284212931
Perplexity,1,0.0881879534779687,1.0881879534779686,81.03337892229341
Perplexity,1,-0.024338060539641458,0.9756619394603585,96.34924100156495
Perplexity,1,0.004707707809852325,1.0047077078098523,77.30999289737937
Perplexity,1,-0.03527639773605417,0.9647236022639458,81.6417780187997
Perplexity,1,-0.05881285324601407,0.941187146753986,81.49173325010403
Perplexity,1,-0.035655398336847915,0.9643446016631521,74.9060477608413
Perplexity,1,-0.017249926204289372,0.9827500737957107,86.97913258575198
Perplexity,1,0.06777190143349068,1.0677719014334908,81.03769333678578
Perplexity,1,0.00011058012866890534,1.000110580128669,81.10409903381642
Perplexity,1,-0.03952724048339379,0.9604727595166063,82.47530082987552
Perplexity,1,0.007093891412086652,1.0070938914120866,78.35985185185186
Perplexity,1,0.010878567778001719,1.0108785677780017,77.86727998310812
Perplexity,1,-0.03381160279874804,0.9661883972012519,73.74468793323207
Perplexity,1,0.057161681331479725,1.0571616813314797,77.16727691584391
Perplexity,1,-0.0944174445488325,0.9055825554511675,77.40742106465613
Perplexity,1,-0.010677231404149327,0.9893227685958507,81.35186616607774
Perplexity,1,0.033253303281462275,1.0332533032814624,74.86219156101427
Perplexity,1,-0.06692162597384274,0.9330783740261572,80.23653425712087
Perplexity,1,0.01806268743216884,1.0180626874321688,80.90751355347462
Perplexity,1,0.06464465250969026,1.0646446525096902,77.16229414646094
Perplexity,1,0.02268356321284841,1.0226835632128484,80.43544726503475
Perplexity,1,-0.08450799714884633,0.9154920028511537,97.15561354166667
Perplexity,1,-0.03640975137176244,0.9635902486282376,96.61839467501959
Perplexity,1,0.06161517012521316,1.0616151701252132,95.30710628019324
Perplexity,1,0.01491676225326471,1.0149167622532647,75.14361819066147
Perplexity,1,-0.0004929469244987684,0.9995070530755013,81.52050542299347
Perplexity,1,0.022060029735774506,1.0220600297357745,95.03095351043645
Perplexity,1,0.03605244750029381,1.036052447500294,96.6579742033384
Perplexity,1,-0.03542326182989966,0.9645767381701004,76.88666691919192
Perplexity,1,-0.01452000400364777,0.9854799959963523,87.92323471400394
Perplexity,1,0.007145682483340979,1.007145682483341,82.31223096804511
Perplexity,1,-0.027197886089366283,0.9728021139106338,96.48579033579033
Perplexity,1,-0.006672577926862728,0.9933274220731373,82.35979637313663
Perplexity,1,0.06489358805909966,1.0648935880590997,80.91234507163819
Perplexity,1,-0.04839099323460279,0.9516090067653972,77.72454307432433
Perplexity,1,0.09633313545675704,1.096333135456757,95.56584116541353
Perplexity,1,0.09396721886909931,1.0939672188690994,77.01867700987306
Perplexity,1,-0.08567197189821553,0.9143280281017845,85.74340277777777
Perplexity,1,-0.007051133255651123,0.9929488667443489,73.57177533916504
Perplexity,1,0.017134578482283967,1.017134578482284,74.69491567617538
Perplexity,1,-0.03804355437532145,0.9619564456246785,88.905672705314
Perplexity,1,-0.037054025184236436,0.9629459748157636,95.29255742049469
Perplexity,1,-0.011870784836727315,0.9881292151632727,80.10530023094687
Perplexity,1,0.03695890435557752,1.0369589043555776,73.58526540737982
Perplexity,1,-0.02556669194735472,0.9744333080526453,80.30467588395287
Perplexity,1,0.09133469058100584,1.0913346905810057,74.97868174448767
Perplexity,1,0.014498700116926604,1.0144987001169266,87.38109743403534
Perplexity,1,-0.005128764204166188,0.9948712357958338,87.84528036066497
Perplexity,1,0.07246298425657291,1.072462984256573,88.553222734255
Perplexity,1,0.03131405975301762,1.0313140597530177,76.737075
Perplexity,1,0.018464338784378694,1.0184643387843786,86.95370197740114
Perplexity,1,-0.01655701913847625,0.9834429808615237,82.19654996867168
Perplexity,1,0.0906992806946375,1.0906992806946374,85.65221830985914
Perplexity,1,0.04059107948699934,1.0405910794869992,88.83598309178744
Perplexity,1,-0.010170566797235617,0.9898294332027644,81.24355265382015
Perplexity,1,-0.07885995753413519,0.9211400424658648,73.40451923076924
Perplexity,1,0.01864757708809609,1.018647577088096,74.34985996563574
Perplexity,1,-0.05718700460507951,0.9428129953949205,87.30296659404502
Perplexity,1,-0.08579729758791604,0.914202702412084,82.89332805238698
Perplexity,1,-0.013957575273388208,0.9860424247266117,88.48011674347158
Perplexity,1,0.014073555129531116,1.014073555129531,86.87201694915254
Perplexity,1,0.06412406168415823,1.0641240616841583,97.01870273316426
Perplexity,1,0.014122591264262444,1.0141225912642624,89.51395345813833
Perplexity,1,0.040300976358537535,1.0403009763585376,88.45952745849297
Perplexity,1,-0.061294135261157734,0.9387058647388422,95.04258839528559
Perplexity,1,-0.0011266088733778584,0.9988733911266221,95.33689970869746
Perplexity,1,0.006210565965225254,1.0062105659652252,81.11859956051386
Perplexity,1,0.043112309230995544,1.0431123092309955,95.59608734009704
Perplexity,1,0.005803033671550866,1.0058030336715509,81.66933817495486
Perplexity,1,0.04020394790599365,1.0402039479059937,74.1797206471936
Perplexity,1,-0.0252099623888567,0.9747900376111434,82.78181875792143
Perplexity,1,0.017897745310657836,1.017897745310658,89.4489989599584
Perplexity,1,0.020743320062721157,1.0207433200627212,82.25218665768195
Perplexity,1,-0.06248878622933255,0.9375112137706675,88.38772669220944
Perplexity,1,0.008776931428382134,1.008776931428382,87.48397120357312
Perplexity,1,-0.016018126347570338,0.9839818736524296,80.20278503467183
Perplexity,1,-0.09520439743080172,0.9047956025691983,81.55012227145905
Perplexity,1,0.04792033400706991,1.04792033400707,95.33877223427332
Perplexity,1,-0.018092934015215053,0.9819070659847849,78.30478326530613
Perplexity,1,-0.042619502906293044,0.957380497093707,82.13560871518419
Perplexity,1,-0.01886583718469073,0.9811341628153093,87.40502468265163
Perplexity,1,0.0069100151574160665,1.006910015157416,89.46687214611873
Perplexity,1,0.075395474217357,1.075395474217357,95.60978792070078
Perplexity,1,-0.00829666015031013,0.9917033398496898,80.07165215287857
Perplexity,1,0.02362037484792552,1.0236203748479256,82.15007830907831
Perplexity,1,0.0686789688448881,1.068678968844888,85.90490428354815
Perplexity,1,0.026677526563689637,1.0266775265636896,78.16392027210884
Perplexity,1,0.05342820787093958,1.0534282078709396,80.41160183428211
Perplexity,1,-0.02382549294754778,0.9761745070524522,82.83082024236985
Perplexity,1,0.03855246632369888,1.038552466323699,82.10302770009321
Perplexity,1,-0.0028988000034846292,0.9971011999965154,81.63615116643182
Perplexity,1,0.053720561874458984,1.053720561874459,89.40328498522696
Perplexity,1,-0.05017797859960702,0.949822021400393,82.03381496881497
Perplexity,1,-0.03897788766213724,0.9610221123378627,85.8132486732373
Perplexity,1,0.06343657863526912,1.063436578635269,96.52391999999999
Perplexity,1,-0.009804198628468463,0.9901958013715315,81.01788233593523
Perplexity,1,-0.017948032335223477,0.9820519676647765,80.28095113851992
Perplexity,1,0.0038786209675119605,1.003878620967512,82.72029548174746
Perplexity,1,-0.03447487286764306,0.9655251271323569,82.75150795356836
Perplexity,1,0.06659706842652802,1.066597068426528,81.98609468637633
Perplexity,1,-0.06245813258379525,0.9375418674162047,81.51616016909348
Perplexity,1,-0.007529899918020247,0.9924701000819798,95.2925698560542
Perplexity,1,0.017347639285118118,1.0173476392851182,95.4101674052191
Perplexity,1,-0.00522235345332811,0.9947776465466719,82.97733252534157
Perplexity,1,-0.04011437726839407,0.9598856227316059,80.89274718126626
Perplexity,1,-0.043419459837626045,0.9565805401623739,88.84341175006223
Perplexity,1,0.021269721291041186,1.021269721291041,81.99764734912578
Perplexity,1,-0.05152402250833506,0.9484759774916649,82.63990756663802
Perplexity,1,0.032312135285752025,1.032312135285752,79.24358743367101
Perplexity,1,-0.0762074181822646,0.9237925818177354,86.14163516949152
Perplexity,1,-0.027749154835834212,0.9722508451641658,82.86688335536947
Perplexity,1,0.001815301118487302,1.0018153011184874,79.58056066994612
Perplexity,1,-0.06260759717223079,0.9373924028277693,81.0209676932367
Perplexity,1,0.03260054317632961,1.0326005431763297,78.26757487922706
Perplexity,1,-0.0009269406654751256,0.9990730593345248,96.39715693707353
Perplexity,1,-0.051803684079477136,0.9481963159205229,75.80217221801666
Perplexity,1,-0.07594441148751978,0.9240555885124803,88.77484441125218
Perplexity,1,-0.07827946856863204,0.921720531431368,95.18560235507248
Perplexity,1,0.0025516972565164343,1.0025516972565165,81.88121192893402
Perplexity,1,-0.057841505353326716,0.9421584946466732,96.56349576271185
Perplexity,1,-0.0682439800366226,0.9317560199633774,79.11134635793535
Perplexity,1,-0.011561296774610532,0.9884387032253895,86.0538093220339
Perplexity,1,0.1138750262426517,1.1138750262426518,95.40476749647722
Perplexity,1,0.013877018061672861,1.013877018061673,79.44963035839776
Perplexity,1,0.03814594167503005,1.03814594167503,81.95588072028161
Perplexity,1,0.010635917313431918,1.0106359173134318,78.12860606060606
Perplexity,1,0.03914910830542931,1.0391491083054294,80.89619791666665
Perplexity,1,-0.06715443252324765,0.9328455674767524,75.64483838001514
Perplexity,1,-0.021525598509629245,0.9784744014903708,95.45925193050194
Perplexity,1,0.013067542280501946,1.013067542280502,81.85276343307592
Perplexity,1,-0.0008958408027486379,0.9991041591972514,76.65749254571027
Perplexity,1,-0.00959966100560457,0.9904003389943954,95.14127593818984
Perplexity,1,-0.03329380398714685,0.9667061960128531,81.83877132412672
Perplexity,1,-0.012919155135210164,0.9870808448647899,80.83829433406919
Perplexity,1,-0.038709891194566574,0.9612901088054334,95.13442085832948
Perplexity,1,-0.12109165074298905,0.8789083492570109,80.83331641285956
Perplexity,1,-0.05972542208527934,0.9402745779147207,76.50589718706048
Perplexity,1,0.02378264694372199,1.023782646943722,81.73380228442728
Perplexity,1,0.07785389778358139,1.0778538977835814,86.30272686322687
Perplexity,1,0.09067900856618435,1.0906790085661844,75.89422132120252
Perplexity,1,0.004837587184435411,1.0048375871844355,95.45173732718895
Perplexity,1,0.04466918117220672,1.0446691811722066,78.08256244131455
Perplexity,1,0.04539889553553619,1.0453988955355362,81.81191973886328
Perplexity,1,-0.03461295919340374,0.9653870408065962,80.71281898454747
Perplexity,1,-0.08489699152303021,0.9151030084769698,97.38237335482138
Perplexity,1,0.0015443659677406487,1.0015443659677405,80.70819796954315
Perplexity,1,-0.08811004986202692,0.9118899501379731,77.13509679173464
Perplexity,1,-0.015996480647741347,0.9840035193522586,86.2142792792793
Perplexity,1,0.03040585433946842,1.0304058543394685,76.80381050531915
Perplexity,1,-0.07100347440500013,0.9289965255949999,75.73729713871309
Perplexity,1,0.0016147691965818411,1.0016147691965818,77.94320704225352
Perplexity,1,0.062000905765453265,1.0620009057654534,79.47939459119497
Perplexity,1,0.018075623701048184,1.0180756237010482,78.60082018387857
Perplexity,1,0.026116085037483944,1.026116085037484,81.69218663594471
Perplexity,1,0.045337020690837254,1.0453370206908372,76.27065156393743
Perplexity,1,0.086648153606559,1.086648153606559,76.98567006525285
Perplexity,1,0.00757115408615934,1.0075711540861594,76.65322126182032
Perplexity,1,0.06147504307165624,1.0614750430716562,79.34884327044026
Perplexity,1,-0.003208460816871202,0.9967915391831288,78.46322471669875
Perplexity,1,-0.02730844077167421,0.9726915592283258,95.73476862053768
Perplexity,1,0.015741048480878244,1.0157410484808782,76.11765432382704
Perplexity,1,-0.030290642399583553,0.9697093576004164,95.69509425493716
Perplexity,1,-0.028656460788328276,0.9713435392116717,95.1901604509974
Perplexity,1,-0.03038703152211234,0.9696129684778877,75.3898575224857
Perplexity,1,-0.11477120977665833,0.8852287902233417,95.71647232784115
Perplexity,1,0.005274973883029832,1.0052749738830298,76.25783370044053
Perplexity,1,-0.06319176792977341,0.9368082320702266,95.67814703353396
Perplexity,1,-0.005363456033413871,0.9946365439665862,78.4433529545973
Perplexity,1,0.0724984390242414,1.0724984390242414,79.11347183281411
Perplexity,1,-0.026050016155364522,0.9739499838446355,95.42593485617597
Perplexity,1,-0.027100457922373863,0.9728995420776262,75.23058074407197
Perplexity,1,0.06819546922508979,1.0681954692250897,76.10262469407732
Perplexity,1,0.02731528827321494,1.0273152882732148,78.30547387634039
Perplexity,1,0.04882635486763215,1.0488263548676322,78.98152180685358
Perplexity,1,-0.01776456169934967,0.9822354383006503,85.29917906465788
Perplexity,1,0.037404160643546375,1.0374041606435465,95.42063769293257
Perplexity,1,-0.03430842945784012,0.9656915705421599,85.2128951663528
Perplexity,1,-0.03380008628109495,0.966199913718905,97.22944386357979
Perplexity,1,0.02981221391025332,1.0298122139102532,95.46795426195428
Perplexity,1,-0.029918658563636215,0.9700813414363638,93.75153696498055
Perplexity,1,0.03835592716219769,1.0383559271621976,85.70264117132866
Perplexity,1,0.11958422677146492,1.1195842267714649,85.61616083916083
Perplexity,1,-0.08430762684736429,0.9156923731526357,96.75108932461873
Perplexity,1,-0.03761021880606226,0.9623897811939377,97.39863130525221
Perplexity,1,0.05600730909213371,1.0560073090921338,91.13578396624473
Perplexity,1,-0.0072539084746611835,0.9927460915253388,91.09041181434598
Perplexity,1,0.05805449248962862,1.0580544924896287,93.43357084357085
Perplexity,1,-0.050503213656645375,0.9494967863433547,93.27131789848619
Perplexity,1,0.016567208890398526,1.0165672088903985,95.4610986815821
Perplexity,1,-0.007527815891142234,0.9924721841088577,91.11624159021406
Perplexity,1,0.007018536143667123,1.0070185361436672,91.06676452599388
Perplexity,1,0.01655580095276816,1.0165558009527682,93.57959473150963
Perplexity,1,-0.06100031813279782,0.9389996818672022,97.24909082125603
Perplexity,1,-0.05370687426796472,0.9462931257320353,96.78404090267983
Perplexity,1,0.06996220034477114,1.069962200344771,96.65420338983051
Perplexity,1,0.014660685579047778,1.0146606855790479,96.68764511873351
Perplexity,1,0.0053173166476313686,1.0053173166476315,86.2838910700539
Perplexity,1,-0.0022037361306776657,0.9977962638693223,86.20738991531948
Perplexity,1,0.017827124935305857,1.017827124935306,93.73434101382489
Perplexity,1,-0.057796836970272325,0.9422031630297276,80.91981984126986
Perplexity,1,-0.04995136659476998,0.95004863340523,79.6912747718848
Perplexity,1,0.06522541236032166,1.0652254123603218,80.7990285714286
Perplexity,1,0.0075637610923581615,1.0075637610923582,79.56658397490733
Perplexity,1,0.0425150436827017,1.0425150436827018,86.68559388185655
Perplexity,1,-0.030283200346063667,0.9697167996539363,86.6080094936709
Perplexity,1,0.06883626901796526,1.0688362690179654,93.8856838365897
Perplexity,1,0.017263920265975948,1.017263920265976,90.94468205574913
Perplexity,1,0.024062290962504288,1.0240622909625043,93.434029209622
Perplexity,1,0.027436466885789025,1.027436466885789,90.85953861788619
Perplexity,1,-0.039850461968606504,0.9601495380313935,93.57837559429478
Perplexity,1,-0.09328604317000302,0.906713956829997,94.49651066217733
Perplexity,1,-0.05374013335425512,0.9462598666457449,94.4795
Perplexity,1,0.08152614286931807,1.0815261428693181,94.06364003944773
Perplexity,1,0.06503419851602432,1.0650341985160243,94.03789398422091
Perplexity,1,-0.017346068398898504,0.9826539316011015,94.48703588143526
Perplexity,1,-0.015083816351807253,0.9849161836481928,94.42033783783785
Perplexity,1,0.051830293861792644,1.0518302938617927,94.07144696969696
Perplexity,1,-0.008420493637679305,0.9915795063623207,94.13191561181435
Perplexity,1,-0.06496299350653893,0.9350370064934611,93.83051424050632
Perplexity,1,0.06327715462980806,1.063277154629808,94.16767730496454
Perplexity,1,0.023858928895696598,1.0238589288956965,94.0272493100276
Perplexity,1,-0.12581698575017755,0.8741830142498225,94.53648979591837
Perplexity,1,-0.015659505276493877,0.9843404947235062,88.07407122932855
Perplexity,1,0.00718351016421697,1.007183510164217,94.59251700680271
Perplexity,1,0.024062341352939415,1.0240623413529395,88.00125961346882
Perplexity,1,0.007607559465581758,1.0076075594655818,93.81298258894776
Perplexity,1,-0.03178708986218123,0.9682129101378187,87.4831129148629
Perplexity,1,-0.005787952201499358,0.9942120477985006,87.41365848965849
Perplexity,1,0.014740015897180018,1.01474001589718,94.1865025716385
Perplexity,1,-0.013400204280700836,0.9865997957192991,94.25761827079936
Perplexity,1,-0.018595035985310367,0.9814049640146897,93.69439901880622
Perplexity,1,0.06260419693324085,1.062604196933241,93.9357342143906
Perplexity,1,-0.047330384263462616,0.9526696157365374,80.91201491318549
Perplexity,1,-0.017473173555495606,0.9825268264445044,94.26081562714188
Perplexity,1,-0.10156345065245449,0.8984365493475455,80.79333999484268
Perplexity,1,0.02704849817257059,1.0270484981725705,94.15586036671368
Perplexity,1,0.04141322299234427,1.0414132229923443,79.17195535714286
Perplexity,1,0.027424341629829225,1.0274243416298292,79.04812928773207
Perplexity,1,0.04588362437306144,1.0458836243730614,96.09352517985612
Perplexity,1,0.02203533723817805,1.022035337238178,94.5292431045542
Perplexity,1,0.017125769547670613,1.0171257695476705,94.37948591549295
Perplexity,1,0.023697353349400672,1.0236973533494007,94.83151698113208
Perplexity,1,-0.013365421597663844,0.9866345784023361,94.86328882642306
Perplexity,1,0.059416393129820104,1.0594163931298202,94.73383177570093
Perplexity,1,-0.01742860325070784,0.9825713967492922,91.07805882352942
Perplexity,1,-0.07311759625775964,0.9268824037422404,92.83820512820513
Perplexity,1,0.04248918068092254,1.0424891806809224,94.43845191040843
Perplexity,1,0.0925351389975741,1.0925351389975742,94.47802190280629
Perplexity,1,-0.04800755596453156,0.9519924440354685,92.65613559322034
Perplexity,1,-0.00508155647964283,0.9949184435203572,94.77347322720695
Perplexity,1,-0.03427210053590136,0.9657278994640986,95.34163265306123
Perplexity,1,-0.019029162506375843,0.9809708374936241,93.59149090909091
Perplexity,1,0.0023046485889829014,1.0023046485889828,97.89073170731709
Perplexity,1,-0.062090422639058444,0.9379095773609416,95.48668213457077
Perplexity,1,-0.013882683563364365,0.9861173164366356,95.69550847457627
Perplexity,1,-0.07329836931911936,0.9267016306808806,95.54725525525525
Perplexity,1,-0.0284113818970739,0.9715886181029261,97.5393220338983
Perplexity,1,-0.059303482699324374,0.9406965173006756,93.02747847011146
Perplexity,1,-0.05295303497300722,0.9470469650269928,92.99475894967917
Perplexity,1,-0.08599553403290999,0.9140044659670901,95.80416042780749
Perplexity,1,0.060967729436631694,1.0609677294366318,98.53487394957983
Perplexity,1,0.025452954236977576,1.0254529542369775,97.58220238095238
Perplexity,1,-0.09587320217282472,0.9041267978271753,98.66893401015228
Perplexity,1,-0.02984137970239378,0.9701586202976062,96.04391713747647
Perplexity,1,-0.0335219299951537,0.9664780700048463,94.88591999999998
Perplexity,1,-0.03454720640842984,0.9654527935915702,94.51706586826347
Perplexity,1,-0.07234417562782419,0.9276558243721758,97.07765690376569
Perplexity,1,0.03771928606842276,1.0377192860684228,93.88827797619047
Perplexity,1,-0.019793189275399952,0.9802068107246,94.74619494584837
Perplexity,1,0.02340744547447568,1.0234074454744757,93.87864345238096
Perplexity,1,0.02633778825832136,1.0263377882583213,96.1762937062937
Perplexity,1,0.06877226558354435,1.0687722655835443,96.21661893764436
Perplexity,1,-0.09074361388715718,0.9092563861128429,96.36142616033756
Perplexity,1,0.08693010557124778,1.0869301055712477,97.76875949367088
Perplexity,1,0.06344076369456152,1.0634407636945615,97.78022935779816
Perplexity,1,0.028653299616775332,1.0286532996167754,94.19989830508474
Perplexity,1,0.11917961146170582,1.1191796114617059,98.50846153846153
Perplexity,1,0.010248929896361565,1.0102489298963615,98.59373737373737
Perplexity,1,0.04107394580351091,1.041073945803511,96.90929292929293
Perplexity,1,-0.03692069906339798,0.963079300936602,98.28425531914893
Perplexity,1,0.05671787039759141,1.0567178703975915,98.4456
Percentage,2,0.008391298486120724,2.0083912984861207,98.74649853324641
Percentage,2,-0.02256000724280233,1.9774399927571977,97.3369804697019
Percentage,2,0.1058469599157938,2.1058469599157936,97.36704901771283
Percentage,2,-0.01523998322704159,1.9847600167729584,97.88593049590004
Percentage,2,0.0004430663804258814,2.000443066380426,98.443932526207
Percentage,2,-0.009863997866306422,1.9901360021336936,98.90105056980057
Percentage,2,-0.03778354566182407,1.962216454338176,97.67269124227573
Percentage,2,0.026563620026521413,2.0265636200265216,88.74386975370861
Percentage,2,0.03692048018663655,2.0369204801866365,88.76207907997279
Percentage,2,0.017718626386936265,2.0177186263869364,84.47631456783029
Percentage,2,-0.11802891307224678,1.8819710869277533,84.48999616668976
Percentage,2,0.05039985017115426,2.0503998501711544,98.13923420023329
Percentage,2,-0.01751191749115469,1.9824880825088453,98.5941200257726
Percentage,2,-0.060816170594465306,1.9391838294055348,90.88251472641483
Percentage,2,0.030164047952548734,2.0301640479525487,98.60671283647804
Percentage,2,0.028142471018693146,2.0281424710186933,90.8942632476497
Percentage,2,-0.05215368511406683,1.947846314885933,98.62055831265508
Percentage,2,0.12362178394162826,2.123621783941628,92.25287577365164
Percentage,2,-0.06048132746878252,1.9395186725312175,87.12061831122213
Percentage,2,-0.0866501352192228,1.9133498647807772,87.13246633246426
Percentage,2,-0.05770857131491584,1.942291428685084,97.92942134157884
Percentage,2,0.07103999214450318,2.0710399921445033,96.20366008224903
Percentage,2,-0.008792836285175791,1.9912071637148243,92.13791549267759
Percentage,2,-0.018602834392409586,1.9813971656075904,92.15037895264958
Percentage,2,-0.0031078860566663698,1.9968921139433335,91.71700389932649
Percentage,2,-0.029830695395815256,1.9701693046041848,95.14425289807879
Percentage,2,-0.03451317066635353,1.9654868293336465,98.6192373781154
Percentage,2,-0.03206077469027193,1.967939225309728,95.15019124153929
Percentage,2,0.035397776173371115,2.035397776173371,98.622972427281
Percentage,2,0.051022794283582876,2.051022794283583,97.88509868454742
Percentage,2,-0.05275462809913886,1.947245371900861,97.66212753845447
Percentage,2,0.01196139858691956,2.0119613985869194,98.50428179598842
Percentage,2,0.03941036206245431,2.0394103620624544,82.91919899485474
Percentage,2,-0.05408759747530578,1.9459124025246943,98.62723458702445
Percentage,2,-0.02512832960085979,1.9748716703991402,97.88568296032713
Percentage,2,-0.05190320811553957,1.9480967918844605,82.92554837413786
Percentage,2,-0.06455142715086185,1.9354485728491382,97.66279248581391
Percentage,2,0.005093143439500077,2.0050931434395003,98.50850433717562
Percentage,2,-0.03680661856650626,1.9631933814334936,99.5
Percentage,2,0.03155645445722735,2.0315564544572275,98.62940173666385
Percentage,2,-0.0014710961307651735,1.9985289038692349,90.68755879781912
Percentage,2,0.02063136776024972,2.0206313677602497,98.73713837976949
Percentage,2,-0.014614145630993572,1.9853858543690064,99.5
Percentage,2,-0.03174986912945116,1.968250130870549,90.69599298243219
Percentage,2,-0.004533656755339065,1.9954663432446609,96.27294066475824
Percentage,2,-0.0002498065138297851,1.9997501934861701,98.73903262908397
Percentage,2,-0.035292774725831,1.964707225274169,90.6121140236113
Percentage,2,0.021329772755508253,2.021329772755508,96.53627353356818
Percentage,2,0.03732974279882344,2.0373297427988235,96.27848184551989
Percentage,2,0.007904135266546321,2.0079041352665463,95.57373356761683
Percentage,2,0.08567454442507802,2.085674544425078,90.6202079424561
Percentage,2,-0.03161695048253579,1.9683830495174641,92.53405024922539
Percentage,2,0.02602982091005516,2.0260298209100553,95.46354270523956
Percentage,2,-0.020436740026453043,1.9795632599735469,96.53985726442663
Percentage,2,0.011731475183762972,2.011731475183763,97.83966185943109
Percentage,2,-0.04149746697910423,1.9585025330208958,99.2324570768434
Percentage,2,0.05575616886823834,2.055756168868238,95.46623780523589
Percentage,2,0.008801045287862864,2.008801045287863,95.60567160848596
Percentage,2,0.05961222497865837,2.0596122249786584,97.84213033507221
Percentage,2,-0.06330477884118789,1.9366952211588122,96.59212616991668
Percentage,2,-0.024675760460038727,1.9753242395399613,95.8800511969599
Percentage,2,-0.04462829001390357,1.9553717099860963,95.60994872321498
Percentage,2,-0.02659709326457505,1.9734029067354248,91.53211887767789
Percentage,2,-0.03463048485929122,1.9653695151407087,98.79250585114683
Percentage,2,-0.006027046714364641,1.9939729532856354,97.63116140964591
Percentage,2,-0.0008623571863921359,1.9991376428136078,96.59711927752666
Percentage,2,-0.002049243234828127,1.997950756765172,93.14274771838333
Percentage,2,-0.027776193675591365,1.9722238063244086,96.18301604063679
Percentage,2,0.00937125889443342,2.0093712588944332,95.88246819862583
Percentage,2,0.04378077477654507,2.043780774776545,97.80127285505311
Percentage,2,-0.04511377829944615,1.9548862217005538,91.52582268999171
Percentage,2,4.44312500960888e-05,2.000044431250096,97.63393986930106
Percentage,2,-0.0037035444587940817,1.996296455541206,96.1870269295993
Percentage,2,0.023417731711188123,2.0234177317111883,97.80490220431804
Percentage,2,-0.0031929292386882373,1.9968070707613117,99.48702977791753
Percentage,2,-0.0007832401797502891,1.9992167598202497,96.14095983112931
Percentage,2,-0.04955478911140659,1.9504452108885935,95.97970314891387
Percentage,2,0.0010851919529820666,2.001085191952982,99.31520626366547
Percentage,2,-0.04609422446495547,1.9539057755350446,97.29496808948481
Percentage,2,0.025785212408203924,2.025785212408204,99.05360162262576
Percentage,2,-0.00516094671432608,1.994839053285674,99.48923965575469
Percentage,2,0.0019929208807332372,2.0019929208807334,97.01456112856297
Percentage,2,-0.04455951835451469,1.9554404816454853,99.28123590487886
Percentage,2,0.04018787899708445,2.0401878789970844,98.42373921536009
Percentage,2,0.03461569544660871,2.034615695446609,99.11140771007283
Percentage,2,0.04307619645249039,2.0430761964524904,95.98356946731296
Percentage,2,0.11136930404565877,2.1113693040456587,99.31945450171416
Percentage,2,-0.002625969114653683,1.9973740308853463,97.2981360236944
Percentage,2,0.06017014179039035,2.0601701417903904,97.02058666187348
Percentage,2,-0.0061913903211960886,1.993808609678804,88.94858117854395
Percentage,2,0.019704364792014897,2.0197043647920148,98.42723857819036
Percentage,2,0.01826687138064678,2.018266871380647,97.41976390298046
Percentage,2,0.013229588167923715,2.0132295881679236,88.95262169263319
Percentage,2,0.03291280892601905,2.032912808926019,99.29204317782077
Percentage,2,-0.015196819016962305,1.9848031809830378,98.51544966504665
Percentage,2,0.0020466140790738364,2.002046614079074,97.71780288893497
Percentage,2,0.02676548236709056,2.0267654823670904,90.89411463439987
Percentage,2,0.08739269500192454,2.0873926950019244,96.34599663041897
Percentage,2,-0.04211783344912059,1.9578821665508794,97.82210879079794
Percentage,2,-0.09030663101914566,1.9096933689808544,96.63999557371096
Percentage,2,-0.024204274557384928,1.975795725442615,98.98171248468208
Percentage,2,0.004496421649039312,2.0044964216490393,93.32576321174912
Percentage,2,0.008748854660184508,2.0087488546601846,96.59063043897288
Percentage,2,0.004610889289336711,2.004610889289337,97.42400888398835
Percentage,2,0.059139506133939146,2.0591395061339393,97.42275254503336
Percentage,2,0.048802489639194,2.048802489639194,99.2968239139106
Percentage,2,-0.0024633952475647983,1.9975366047524352,90.8900807113118
Percentage,2,-0.023477356137609345,1.9765226438623906,99.0660499482916
Percentage,2,-0.017300444069125294,1.9826995559308747,98.51772796060534
Percentage,2,-0.01781520764912991,1.9821847923508702,97.29384069967412
Percentage,2,-0.011279973691406911,1.9887200263085931,96.35078417206184
Percentage,2,-0.07863252807714975,1.9213674719228502,96.98881913193877
Percentage,2,-0.02305203718213114,1.9769479628178688,99.48860052609491
Percentage,2,-0.02124400106479831,1.9787559989352017,97.25293890466695
Percentage,2,-0.009444019284898022,1.9905559807151019,96.64433684690734
Percentage,2,-0.01271500062100617,1.9872849993789938,97.82479360718763
Percentage,2,0.03360035708137684,2.0336003570813768,98.53972294492509
Percentage,2,-0.026597167798149596,1.9734028322018504,99.01427003760736
Percentage,2,-0.021928885071544113,1.978071114928456,98.98472228651404
Percentage,2,0.02709693773340202,2.027096937733402,96.59328031818136
Percentage,2,-0.011765742337211603,1.9882342576627885,98.57614723782707
Percentage,2,0.01082273634228378,2.0108227363422837,95.5612704326923
Percentage,2,0.0334667849178053,2.033466784917805,96.60518101319198
Percentage,2,0.021098474738902747,2.0210984747389027,98.6380215533259
Percentage,2,0.0125081223992158,2.0125081223992156,98.52808382804143
Percentage,2,-0.009822077883790983,1.990177922116209,97.42604255348755
Percentage,2,0.03409470515466036,2.0340947051546605,98.86871989490584
Percentage,2,0.008777497063250022,2.00877749706325,96.0277640947823
Percentage,2,-0.025242637553087418,1.9747573624469126,97.24754685773902
Percentage,2,-0.00754045934995051,1.9924595406500496,90.97444288549006
Percentage,2,-0.06090646886612655,1.9390935311338735,97.71487514208954
Percentage,2,-0.04807779870734563,1.9519222012926543,92.63668241668242
Percentage,2,-0.0941454018389267,1.9058545981610733,97.29600188372008
Percentage,2,-0.03399656908034559,1.9660034309196543,99.06788722910962
Percentage,2,0.06677727108154419,2.066777271081544,96.99303982595337
Percentage,2,-0.027824441999662664,1.9721755580003373,97.82403954598034
Percentage,2,0.03937704085513507,2.0393770408551353,97.25838653069239
Percentage,2,-0.00017249271114008454,1.9998275072888598,92.3800311097873
Percentage,2,-0.0350274411545767,1.9649725588454232,99.49054277847719
Percentage,2,0.06691397575639543,2.0669139757563952,98.54284519733942
Percentage,2,0.029110292428657106,2.029110292428657,90.04599839547119
Percentage,2,-0.08759002826400554,1.9124099717359944,97.95317851318295
Percentage,2,0.052070109909334486,2.0520701099093346,99.01709077105635
Percentage,2,-0.053739574761162624,1.9462604252388374,93.93122284770502
Percentage,2,-0.008895697329131565,1.9911043026708684,98.57828507636128
Percentage,2,0.03340567108419475,2.0334056710841946,98.52892025854348
Percentage,2,-0.01499265802995899,1.985007341970041,90.89690590359825
Percentage,2,0.05594720278086038,2.0559472027808603,90.96718924014078
Percentage,2,0.03806318802565811,2.0380631880256583,90.40130299748007
Percentage,2,-0.07884378052434877,1.9211562194756513,97.2513326923703
Percentage,2,-0.02362170782168903,1.976378292178311,91.32365532916857
Percentage,2,0.014103686661068236,2.0141036866610684,97.7177315444891
Percentage,2,-0.028749934063252103,1.971250065936748,92.37440493894405
Percentage,2,-0.010813825309056908,1.9891861746909432,90.04156692633963
Percentage,2,0.0399892455694476,2.0399892455694477,98.57486238609413
Percentage,2,0.01583906533417277,2.015839065334173,93.92524654624809
Percentage,2,-0.04603095175774299,1.953969048242257,98.64164104400909
Percentage,2,0.008730318467681849,2.008730318467682,90.89181243232123
Percentage,2,-0.03061348175549361,1.9693865182445065,93.98221832942555
Percentage,2,-0.06075961796143934,1.9392403820385606,90.39122450798178
Percentage,2,-0.05650279250010329,1.9434972074998966,91.32045220286962
Percentage,2,0.014347776855045923,2.014347776855046,92.03282528122763
Percentage,2,-0.0014056852996781086,1.9985943147003218,89.48995756979826
Percentage,2,0.0002715904279212833,2.0002715904279214,90.98881951823685
Percentage,2,-0.05731045239362081,1.9426895476063792,98.72037380570472
Percentage,2,-0.00919647749937878,1.9908035225006213,97.50979864912448
Percentage,2,-0.051858380387454564,1.9481416196125454,98.57595618586544
Percentage,2,-0.046319691678331436,1.9536803083216685,97.36197889450648
Percentage,2,-0.0082563378395219,1.991743662160478,95.11805050568157
Percentage,2,-0.06916952256602484,1.930830477433975,98.64237974723599
Percentage,2,0.03346336331835558,2.0334633633183556,93.98035587593945
Percentage,2,0.12434414256364545,2.1243441425636456,89.48340177724052
Percentage,2,0.02294116245453689,2.022941162454537,97.69748718941395
Percentage,2,-0.0521451569497753,1.9478548430502247,90.97967742532968
Percentage,2,-0.013559275707574238,1.9864407242924258,90.45001805675696
Percentage,2,-0.0777718971791119,1.922228102820888,99.09460205619307
Percentage,2,-0.01888081906461107,1.981119180935389,95.11409071001685
Percentage,2,0.025365696778469216,2.025365696778469,97.59903387285165
Percentage,2,0.029469238309288628,2.0294692383092885,96.26763104280988
Percentage,2,-0.05158713769292163,1.9484128623070784,97.70133827789718
Percentage,2,0.014957282674331232,2.0149572826743314,90.44409102850659
Percentage,2,0.0578204012502723,2.057820401250272,89.95410107111587
Percentage,2,0.08775457925495485,2.087754579254955,97.45013051033797
Percentage,2,-0.03503974413493552,1.9649602558650645,99.0963184515775
Percentage,2,-0.043210000603964176,1.9567899993960358,94.15823642597978
Percentage,2,0.0027207934560197888,2.0027207934560196,91.85349957053428
Percentage,2,-0.14640450862841908,1.8535954913715809,96.27057511268966
Percentage,2,-0.026551700057544272,1.9734482999424556,98.63454868376547
Percentage,2,-0.013548748465605942,1.986451251534394,94.17660342426157
Percentage,2,-0.02296709937689437,1.9770329006231055,94.28202588324022
Percentage,2,-0.07919366140812611,1.9208063385918739,95.21940477139884
Percentage,2,-0.012277555386482626,1.9877224446135173,89.94844941120573
Percentage,2,-0.03883043100278409,1.961169568997216,94.15536635277437
Percentage,2,0.037874152922906135,2.0378741529229063,91.84699383706334
Percentage,2,-0.045923740871138145,1.9540762591288618,96.5200648951049
Percentage,2,-0.014117256488062058,1.985882743511938,95.12020769017118
Percentage,2,-0.011647396255920152,1.9883526037440797,98.63557191580963
Percentage,2,0.028378571066225985,2.028378571066226,94.17412958676223
Percentage,2,-0.12729523001830392,1.872704769981696,94.30903895551317
Percentage,2,-0.017031246789800027,1.9829687532102,94.28026462578852
Percentage,2,0.037980757463683824,2.037980757463684,95.2168292681872
Percentage,2,-0.018084411861328382,1.9819155881386716,97.84770077509282
Percentage,2,-0.07634684831939709,1.923653151680603,95.8705969018672
Percentage,2,0.01632990862919787,2.016329908629198,93.83806020470755
Percentage,2,0.016834345312175442,2.0168343453121755,95.11722674374961
Percentage,2,-0.01352446959786642,1.9864755304021335,90.49319761801617
Percentage,2,-0.057989785364586516,1.9420102146354135,94.4828563575528
Percentage,2,-0.03703375727635414,1.9629662427236458,94.30774161617913
Percentage,2,-0.015687825446821346,1.9843121745531787,91.36098805622717
Percentage,2,-0.04377664278791431,1.9562233572120857,91.96976913308413
Percentage,2,-0.09600891741764742,1.9039910825823525,93.8350181041967
Percentage,2,-0.03846433994655816,1.961535660053442,90.90229913487879
Percentage,2,-0.0030871967235887848,1.9969128032764112,95.02257552185954
Percentage,2,-0.02535300336457774,1.9746469966354223,92.09017489703947
Percentage,2,-0.003778641956920139,1.9962213580430799,92.85160902781828
Percentage,2,0.004182898948146191,2.0041828989481463,93.22640800516562
Percentage,2,0.04482877501821603,2.044828775018216,90.48966915551357
Percentage,2,0.11019120617257781,2.1101912061725776,95.79283026755851
Percentage,2,0.0365889420063203,2.03658894200632,94.48052483896207
Percentage,2,-0.07021642732744143,1.9297835726725585,95.98507496740547
Percentage,2,-0.1328472473651151,1.867152752634885,91.35819109490255
Percentage,2,-0.004723108433465663,1.9952768915665344,91.9616807051222
Percentage,2,0.0035694217628981723,2.003569421762898,95.85489214871555
Percentage,2,-0.058093665291728804,1.9419063347082712,90.89860537756242
Percentage,2,0.013601606860103725,2.013601606860104,94.59578578818996
Percentage,2,-0.03834697939343984,1.96165302060656,92.08762851986516
Percentage,2,0.020133486639081852,2.020133486639082,95.01830325686605
Percentage,2,-0.016275908648591433,1.9837240913514085,93.22156089267718
Percentage,2,0.019873129536231923,2.019873129536232,95.51840213840214
Percentage,2,-0.08715975970527162,1.9128402402947284,94.72869051750283
Percentage,2,-0.021923343754964977,1.978076656245035,92.50640082263608
Percentage,2,-0.00742980032362728,1.9925701996763727,96.10220988283238
Percentage,2,-0.07124373625499657,1.9287562637450035,94.594560113417
Percentage,2,0.09411691291133654,2.0941169129113364,95.4764294738667
Percentage,2,-0.027038670604776195,1.9729613293952237,96.12811366298676
Percentage,2,0.0694985864504188,2.0694985864504187,95.39305979558806
Percentage,2,-0.033217104556002235,1.9667828954439979,92.50099741706879
Percentage,2,-0.011498557774050164,1.98850144222595,94.72413783357153
Percentage,2,0.05919509558550099,2.059195095585501,91.41475327785902
Percentage,2,0.01519134225138965,2.0151913422513896,92.33155720104018
Percentage,2,0.009602717514493032,2.009602717514493,95.5188996809642
Percentage,2,0.01329717240881087,2.013297172408811,91.72885914021388
Percentage,2,-0.06830789381204334,1.9316921061879566,94.84571379425563
Percentage,2,-0.019477673681906556,1.9805223263180936,95.47400861455651
Percentage,2,-0.04782228269408484,1.9521777173059152,90.94575652389513
Percentage,2,0.009870682615715764,2.0098706826157158,95.38934851501809
Percentage,2,-0.027199906520175107,1.9728000934798249,91.93584705006825
Percentage,2,-0.0022029560749874263,1.9977970439250126,91.4057973719576
Percentage,2,-0.003864628163047109,1.996135371836953,91.46727686357696
Percentage,2,-0.0018185192452506605,1.9981814807547493,92.32306805254446
Percentage,2,-0.001737356095576495,1.9982626439044235,91.724216300396
Percentage,2,-0.032618905319179915,1.9673810946808201,90.42721973911722
Percentage,2,-0.05270013977782672,1.9472998602221734,91.65232307179765
Percentage,2,-0.03321781546768128,1.9667821845323188,94.84254602354217
Percentage,2,0.05357691703218242,2.0535769170321823,92.07168032906421
Percentage,2,0.01870809032324264,2.018708090323243,91.92960736678293
Percentage,2,0.02934776802960078,2.029347768029601,91.45776420072357
Percentage,2,0.06899839581521738,2.0689983958152176,90.42119434390817
Percentage,2,-0.05897154665865816,1.9410284533413418,91.64895154090529
Percentage,2,0.02549762107409107,2.025497621074091,94.51945384276367
Percentage,2,-0.053753705260137265,1.9462462947398627,92.06302440925796
Percentage,2,-0.016716629943344396,1.9832833700566557,94.82264984118216
Percentage,2,0.024211992138532784,2.024211992138533,95.78163586630197
Percentage,2,0.08071726335682121,2.080717263356821,92.8977240537145
Percentage,2,-0.039108247123759425,1.9608917528762406,94.55636410906372
Percentage,2,-0.004739812679692135,1.995260187320308,92.69115160307172
Percentage,2,0.05781184019774587,2.0578118401977457,94.84743633838215
Percentage,2,-0.07449040596826861,1.9255095940317313,91.27177697079418
Percentage,2,0.01810564573532806,2.018105645735328,90.90574764727705
Percentage,2,-0.015413907519894222,1.9845860924801058,95.11899485877912
Percentage,2,-0.04408474857350281,1.9559152514264972,92.89003068917695
Percentage,2,0.007331541153680433,2.0073315411536803,92.68553497186187
Percentage,2,0.029746293092341197,2.0297462930923413,91.26631246110769
Percentage,2,-0.0456049881163105,1.9543950118836895,90.900613042494
Percentage,2,0.018999489092337063,2.0189994890923373,78.34210867087054
Percentage,2,0.008668499481004866,2.0086684994810047,95.13061613447479
Percentage,2,-0.06209066530013572,1.9379093346998644,78.33039796840957
Percentage,2,0.07767064334700614,2.0776706433470062,91.27255931521802
Percentage,2,0.054495133491007264,2.0544951334910073,94.82789221173837
Percentage,2,-0.042996337394455894,1.957003662605544,98.83821490571685
Percentage,2,-0.0293315441365423,1.9706684558634577,78.13417111793504
Percentage,2,0.03853901168737841,2.0385390116873783,78.12086832227537
Percentage,2,-0.024772452369143605,1.9752275476308565,91.83741746271158
Percentage,2,-0.09198593026113094,1.908014069738869,90.53312072482898
Percentage,2,0.05244410562003635,2.052444105620036,71.05736633982849
Percentage,2,0.0004390711482886518,2.0004390711482887,71.04162359803921
Percentage,2,0.09535130954824587,2.0953513095482457,99.39449610449608
Percentage,2,0.01787335615844931,2.017873356158449,99.73073909171862
Percentage,2,0.009549624469150643,2.009549624469151,94.85072067365317
Percentage,2,0.14372502406970658,2.1437250240697066,71.46960064096065
Percentage,2,-0.008593367297571586,1.9914066327024285,71.45214834940712
Percentage,2,-0.04759078824384397,1.952409211756156,99.69724417426545
Percentage,2,0.011459898978462398,2.0114598989784622,90.87951727982161
Percentage,2,0.05678774515105331,2.0567877451510532,91.43857600086797
Percentage,2,-0.05825600720932144,1.9417439927906786,92.07484537157757
Percentage,2,-0.04541325546527282,1.9545867445347271,91.69536533387456
Percentage,2,0.022488854918821476,2.0224888549188216,74.04630969226508
Percentage,2,-0.1598672695841814,1.8401327304158186,74.02576729208175
Percentage,2,-0.05463393289911531,1.9453660671008848,99.32187994800898
Percentage,2,0.039774204122103474,2.0397742041221036,74.80770046362635
Percentage,2,-0.029336995807654805,1.9706630041923452,74.72827009855989
Percentage,2,-0.08132415663455274,1.9186758433654472,74.78114822415154
Percentage,2,0.09627833292146533,2.0962783329214654,74.70239160589634
Percentage,2,-0.07052675786366341,1.9294732421363365,74.16664026933258
Percentage,2,-0.026168277347995303,1.9738317226520048,74.14537659425807
Percentage,2,-0.01863657496453477,1.9813634250354653,98.54916814683247
Percentage,2,0.004157219698885069,2.004157219698885,75.45918156204367
Percentage,2,-0.018475260095197423,1.9815247399048026,98.9708977002379
Percentage,2,-0.004048253928355497,1.9959517460716445,75.43338143136378
Percentage,2,0.0028747289537954896,2.0028747289537954,98.70269677760167
Percentage,2,-0.004333821438321143,1.995666178561679,62.39074780050768
Percentage,2,0.004663692034662083,2.004663692034662,62.36079877936498
Percentage,2,-0.11894628439081799,1.881053715609182,63.973335762318484
Percentage,2,0.02205323488837818,2.022053234888378,63.94351628898916
Percentage,2,-0.07022283489905183,1.929777165100948,96.96756990279611
Percentage,2,-0.10833227556145307,1.891667724438547,97.09641177234928
Percentage,2,0.06906739532456034,2.06906739532456,97.39287237762238
Percentage,2,-0.0642757639599553,1.9357242360400446,93.55236070539867
Percentage,2,0.008993455297710453,2.0089934552977105,93.58974099318402
Percentage,2,-0.03862807435324394,1.961371925646756,92.82002891434806
Percentage,2,-0.03392331079352236,1.9660766892064776,93.37303375557285
Percentage,2,0.024182738429107925,2.024182738429108,96.45871711145998
Percentage,2,-0.05241124795957541,1.9475887520404247,60.756852191882324
Percentage,2,0.01863371377074911,2.018633713770749,96.38110471539044
Percentage,2,0.019034623812150462,2.0190346238121504,60.71519072827123
Percentage,2,0.05822239569680735,2.0582223956968075,94.21346512936977
Percentage,2,-0.016810661024852548,1.9831893389751474,57.71334450969194
Percentage,2,0.05232911266821053,2.0523291126682106,57.669690890754424
Percentage,2,0.08603473533710325,2.0860347353371034,96.80996947945518
Percentage,2,0.07933411397102327,2.079334113971023,93.03562073869577
Percentage,2,0.02930384783956974,2.0293038478395697,94.10705453173156
Percentage,2,0.022458303596450208,2.02245830359645,93.72842219210061
Percentage,2,0.14247274803629703,2.142472748036297,66.83770603224553
Percentage,2,0.11160879793987782,2.1116087979398777,96.71599831285917
Percentage,2,-0.0383308642054387,1.9616691357945613,66.79204560043117
Percentage,2,0.04618045181391447,2.0461804518139144,97.25589888249972
Percentage,2,0.030097961603178403,2.0300979616031785,65.33990731732295
Percentage,2,0.0036133730749160434,2.003613373074916,65.29079657895558
Percentage,2,0.007665614906107551,2.0076656149061076,90.39700239808154
Percentage,2,0.024389255623115686,2.024389255623116,92.49772240588149
Percentage,2,0.04686792386647997,2.04686792386648,92.71401354279524
Percentage,2,0.010938493082581727,2.0109384930825818,91.51489521044994
Percentage,2,0.01698968572798835,2.0169896857279883,91.78321098437753
Percentage,2,0.06960701570713206,2.069607015707132,91.94506170620656
Percentage,2,0.015886012171368438,2.0158860121713684,99.98235294117647
Percentage,2,0.02725112408565408,2.027251124085654,98.11752027175103
Percentage,2,0.04951150482897173,2.049511504828972,92.88812404986318
Percentage,2,0.0816631208029211,2.0816631208029213,92.3023108513663
Percentage,2,0.06135204646001986,2.0613520464600197,94.92059278574533
Percentage,2,0.018860747641344634,2.0188607476413445,92.19083379717243
Percentage,2,0.010390772698803199,2.0103907726988033,95.5414259549974
Percentage,2,-0.061180178892570686,1.9388198211074292,95.13317575757576
Percentage,2,0.014603127205177577,2.0146031272051776,78.15865666041276
Percentage,2,-0.05185848799729114,1.9481415120027088,91.66516152061395
Percentage,2,-0.05120197207578789,1.948798027924212,90.48191003911343
Percentage,2,0.03252544637345256,2.0325254463734526,90.56279741279741
Percentage,2,-0.005028859178787732,1.9949711408212123,87.83472750977836
Percentage,2,0.023610474801468422,2.0236104748014685,35.333649439234094
Percentage,2,-0.03134815586889995,1.9686518441311,35.24394773985412
Percentage,2,0.06006020037380815,2.060060200373808,89.19034348004938
Percentage,2,0.007188609002811729,2.007188609002812,83.0283548804137
Percentage,2,0.05938641635168092,2.059386416351681,86.63994505494506
Percentage,2,0.033672024509091285,2.0336720245090913,84.06584537290122
Percentage,2,0.008262451929933107,2.0082624519299332,80.23162393162393
Percentage,2,-0.023926370555536078,1.9760736294444639,78.01848273504274
Percentage,2,0.0015753788824432015,2.001575378882443,78.00840549669891
Percentage,2,0.04140052427433103,2.041400524274331,65.52506705289133
Percentage,2,0.034882886707697985,2.034882886707698,18.882181268882174
Percentage,2,-0.05977923262518711,1.9402207673748129,71.82762677034157
Percentage,2,0.05128410263729728,2.051284102637297,18.766279926335173
Percentage,2,-0.01069539707375541,1.9893046029262447,80.0747713824637
Percentage,2,0.04076318605019386,2.040763186050194,76.79611831586428
Percentage,2,-0.034874413070528076,1.965125586929472,76.90400032456995
Percentage,2,0.03189276438282875,2.0318927643828286,73.43430963972736
Percentage,2,-0.039829594141310105,1.96017040585869,73.86772759350742
Percentage,2,0.006467841582961757,2.0064678415829618,70.73265971316819
Percentage,2,-0.014901490335982476,1.9850985096640175,67.62146791078744
Percentage,2,-0.014278628342970426,1.9857213716570297,66.18275835275834
Percentage,2,-0.028329362179545327,1.9716706378204547,62.921047656047655
Percentage,2,-0.007678954812525448,1.9923210451874747,44.67952209492634
Percentage,2,-0.08703173450837459,1.9129682654916254,30.953076923076928
