threshold,fpr,tpr
0.0,1.0,1.0
0.000749064,0.5806356680400235,0.9819175777964676
0.15,0.5738669805768098,0.9819175777964676
0.18,0.5721012360211889,0.9819175777964676
0.19,0.5706297822248382,0.9819175777964676
0.2,0.5688640376692172,0.9819175777964676
0.21,0.5656268393172454,0.9819175777964676
0.22,0.5635668040023544,0.9819175777964676
0.23,0.5609181871689229,0.9819175777964676
0.24,0.5588581518540318,0.9819175777964676
0.26,0.5470865214832255,0.9819175777964676
0.27,0.5414949970570924,0.9819175777964676
0.29,0.5326662742789876,0.9819175777964676
0.3,0.5267804590935845,0.9819175777964676
0.31,0.5203060623896409,0.9819175777964676
0.32,0.5150088287227781,0.9819175777964676
0.33,0.512948793407887,0.9819175777964676
0.34,0.5079458505002943,0.9819175777964676
0.35,0.5026486168334314,0.9819175777964676
0.36,0.49882283696291935,0.9819175777964676
0.37,0.4958799293702178,0.9819175777964676
0.38,0.4923484402589759,0.9819175777964676
0.39,0.48822836962919364,0.9819175777964676
0.4,0.48322542672160096,0.9819175777964676
0.41,0.4799882283696292,0.9819175777964676
0.42,0.4764567392583873,0.9819175777964676
0.43,0.4735138316656857,0.9819175777964676
0.44,0.46968805179517364,0.9819175777964676
0.45,0.46645085344320186,0.9819175777964676
0.46,0.46380223660977044,0.9819175777964676
0.47,0.4605650382577987,0.9819175777964676
0.49,0.45585638610947615,0.9819175777964676
0.5,0.4532077692760447,0.9814970563498738
0.51,0.4508534432018835,0.9814970563498738
0.52,0.44791053560918187,0.9814970563498738
0.53,0.44585050029429074,0.9814970563498738
0.54,0.4420247204237787,0.9814970563498738
0.56,0.43790464979399646,0.9814970563498738
0.57,0.4340788699234844,0.9814970563498738
0.58,0.42789876397881105,0.9814970563498738
0.6,0.4214243672748676,0.9814970563498738
0.61,0.4187757504414361,0.9814970563498738
0.62,0.4149499705709241,0.9814970563498738
0.63,0.4117127722189523,0.9814970563498738
0.64,0.40876986462625076,0.9814970563498738
0.65,0.40523837551500885,0.9810765349032801
0.66,0.4040612124779282,0.9810765349032801
0.67,0.40229546792230725,0.9810765349032801
0.68,0.39846968805179517,0.9810765349032801
0.7,0.392583872866392,0.9810765349032801
0.71,0.38846380223660976,0.9810765349032801
0.72,0.3866980576809888,0.9810765349032801
0.73,0.3816951147733961,0.9810765349032801
0.74,0.3793407886992348,0.9810765349032801
0.75,0.3761035903472631,0.9806560134566863
0.76,0.37345497351383167,0.9806560134566863
0.77,0.3716892289582107,0.9806560134566863
0.78,0.3687463213655091,0.9806560134566863
0.79,0.3655091230135374,0.9806560134566863
0.8,0.36433195997645673,0.9798149705634988
0.81,0.36286050618010596,0.9798149705634988
0.82,0.36080047086521483,0.9798149705634988
0.83,0.3578575632725132,0.9798149705634988
0.84,0.35579752795762215,0.979394449116905
0.85,0.35344320188346084,0.979394449116905
0.86,0.3507945850500294,0.979394449116905
0.87,0.34991171277221894,0.979394449116905
0.88,0.3475573866980577,0.9789739276703112
0.89,0.34549735138316656,0.9789739276703112
0.9,0.3437316068275456,0.9785534062237174
0.91,0.3402001177163037,0.9785534062237174
0.92,0.3381400824014126,0.9785534062237174
0.93,0.33578575632725133,0.9781328847771237
0.933840817160894,0.33431430253090055,0.9781328847771237
0.94,0.33431430253090055,0.9777123633305299
0.95,0.3322542672160094,0.9777123633305299
0.96,0.3293113596233078,0.9777123633305299
0.97,0.3272513243084167,0.9777123633305299
0.98,0.32430841671571514,0.9777123633305299
0.99,0.32077692760447324,0.9777123633305299
1.0,0.3187168922895821,0.977291841883936
1.01,0.31753972925250146,0.9520605550883096
1.02,0.3157739846968805,0.9516400336417157
1.03,0.3131253678634491,0.9516400336417157
1.04,0.3113596233078281,0.9516400336417157
1.05,0.3090052972336669,0.9516400336417157
1.06,0.30694526191877575,0.9512195121951219
1.07,0.3057680988816951,0.9512195121951219
1.08,0.30341377280753384,0.9512195121951219
1.09,0.30253090052972337,0.9512195121951219
1.11,0.2978222483814008,0.9512195121951219
1.12,0.29693937610359034,0.9512195121951219
1.13,0.29576221306650974,0.9507989907485281
1.14,0.2937021777516186,0.9507989907485281
1.15,0.29311359623307826,0.9507989907485281
1.16,0.29193643319599766,0.9507989907485281
1.17,0.2910535609181872,0.9503784693019344
1.19,0.2886992348440259,0.9503784693019344
1.21,0.2857563272513243,0.9495374264087468
1.22,0.283402001177163,0.9491169049621531
1.23,0.2831077104178929,0.9491169049621531
1.24,0.28134196586227195,0.9491169049621531
1.25,0.2786933490288405,0.9491169049621531
1.26,0.27781047675103004,0.9491169049621531
1.27,0.2763390229546792,0.9486963835155593
1.28,0.2733961153619776,0.9486963835155593
1.29,0.2728075338434373,0.9482758620689655
1.3,0.27163037080635666,0.9478553406223718
1.31,0.2707474985285462,0.9478553406223718
1.32,0.2686874632136551,0.947434819175778
1.33,0.26839317245438493,0.947434819175778
1.34,0.26751030017657446,0.947434819175778
1.36,0.26397881106533255,0.947434819175778
1.37,0.2628016480282519,0.947434819175778
1.38,0.2616244849911713,0.9470142977291842
1.39,0.2586815773984697,0.9470142977291842
1.4,0.2583872866391995,0.9470142977291842
1.41,0.25721012360211887,0.9465937762825904
1.42,0.25662154208357857,0.9465937762825904
1.43,0.2551500882872278,0.9465937762825904
1.44,0.25397292525014714,0.9465937762825904
1.45,0.25250147145379637,0.9465937762825904
1.46,0.2507357268981754,0.9465937762825904
1.47,0.24955856386109476,0.9465937762825904
1.48,0.24896998234255444,0.9465937762825904
1.49,0.24838140082401414,0.9461732548359967
1.5,0.24690994702766333,0.9457527333894029
1.51,0.24367274867569158,0.9457527333894029
1.52,0.24190700412007063,0.945332211942809
1.53,0.24043555032371983,0.9449116904962153
1.54,0.2377869334902884,0.9449116904962153
1.55,0.23660977045320777,0.9444911690496215
1.56,0.23543260741612712,0.9444911690496215
1.57,0.23513831665685697,0.9444911690496215
1.58,0.23454973513831665,0.9444911690496215
1.59,0.23366686286050617,0.9444911690496215
1.61,0.23131253678634492,0.943650126156434
1.62,0.22984108298999412,0.943650126156434
1.63,0.22778104767510302,0.943650126156434
1.64,0.2263095938787522,0.943650126156434
1.65,0.22454384932313126,0.943650126156434
1.66,0.22366097704532079,0.943650126156434
1.67,0.22248381400824013,0.943650126156434
1.68,0.22160094173042966,0.943650126156434
1.69,0.22101236021188936,0.943650126156434
1.7,0.2198351971748087,0.9432296047098402
1.72,0.21865803413772808,0.9432296047098402
1.73,0.2177751618599176,0.9432296047098402
1.74,0.2163037080635668,0.9432296047098402
1.75,0.21453796350794585,0.9423885618166526
1.76,0.21306650971159505,0.9423885618166526
1.77,0.2127722189523249,0.9423885618166526
1.78,0.21247792819305475,0.9419680403700589
1.8,0.21012360211889347,0.9419680403700589
1.81,0.209240729841083,0.9419680403700589
1.82,0.20894643908181282,0.9419680403700589
1.83,0.20747498528546204,0.9419680403700589
1.84,0.20659211300765157,0.9419680403700589
1.85,0.20600353148911124,0.9415475189234651
1.86,0.20482636845203062,0.9415475189234651
1.87,0.2042377869334903,0.9415475189234651
1.88,0.2027663331371395,0.9415475189234651
1.89,0.201883460859329,0.9415475189234651
1.9,0.1998234255444379,0.9415475189234651
1.91,0.19923484402589758,0.9415475189234651
1.92,0.1983519717480871,0.9411269974768713
1.93,0.19717480871100648,0.9411269974768713
1.94,0.19570335491465568,0.9411269974768713
1.95,0.1948204826368452,0.9411269974768713
1.96,0.19423190111830488,0.9411269974768713
1.97,0.19246615656268393,0.9407064760302776
1.99,0.1912889935256033,0.9407064760302776
2.0,0.19011183048852265,0.9407064760302776
2.01,0.1898175397292525,0.9407064760302776
2.02,0.18893466745144202,0.9407064760302776
2.03,0.18864037669217187,0.9407064760302776
2.04,0.1877575044143614,0.93986543313709
2.05,0.18746321365509122,0.93986543313709
2.06,0.18599175985874045,0.9394449116904963
2.09,0.18510888758092997,0.9394449116904963
2.1,0.18452030606238964,0.9394449116904963
2.11,0.18393172454384932,0.9390243902439024
2.12,0.1827545615067687,0.9381833473507148
2.14,0.18157739846968804,0.9381833473507148
2.15,0.1812831077104179,0.9381833473507148
2.16,0.18098881695114774,0.9377628259041211
2.17,0.18069452619187756,0.9377628259041211
2.18,0.18010594467333726,0.9377628259041211
2.19,0.1792230723955268,0.9373423044575273
2.2,0.1783402001177163,0.9373423044575273
2.22,0.17657445556209536,0.9373423044575273
2.23,0.1753972925250147,0.9373423044575273
2.24,0.17510300176574456,0.9365012615643398
2.25,0.17422012948793408,0.9365012615643398
2.26,0.1739258387286639,0.9365012615643398
2.27,0.1733372572101236,0.9365012615643398
2.28,0.17274867569158328,0.936080740117746
2.29,0.17245438493231313,0.936080740117746
2.31,0.1718658034137728,0.936080740117746
2.32,0.17098293113596233,0.9352396972245585
2.33,0.17068864037669218,0.9352396972245585
2.34,0.17010005885815185,0.9352396972245585
2.35,0.16921718658034138,0.9352396972245585
2.36,0.16862860506180105,0.9352396972245585
2.37,0.16745144202472043,0.9352396972245585
2.38,0.16715715126545028,0.9352396972245585
2.39,0.1668628605061801,0.9348191757779647
2.4,0.1662742789876398,0.9348191757779647
2.41,0.16597998822836962,0.9348191757779647
2.42,0.16568569746909947,0.9343986543313709
2.43,0.164802825191289,0.9343986543313709
2.44,0.16450853443201882,0.9343986543313709
2.45,0.16391995291347852,0.9343986543313709
2.46,0.16303708063566805,0.9343986543313709
2.49,0.16215420835785757,0.9343986543313709
2.5,0.16068275456150677,0.9343986543313709
2.54,0.15891701000588582,0.9343986543313709
2.55,0.15862271924661567,0.9343986543313709
2.57,0.15685697469099472,0.9335576114381834
2.58,0.1562683931724544,0.9335576114381834
2.59,0.15567981165391406,0.9331370899915896
2.6,0.15509123013537374,0.9331370899915896
2.61,0.1547969393761036,0.9331370899915896
2.63,0.15303119482048264,0.9331370899915896
2.64,0.1524426133019423,0.932296047098402
2.66,0.15155974102413183,0.932296047098402
2.68,0.15097115950559153,0.932296047098402
2.69,0.15008828722778106,0.932296047098402
2.7,0.14979399646851088,0.932296047098402
2.71,0.14920541494997058,0.9318755256518082
2.72,0.14861683343143026,0.9318755256518082
2.73,0.1483225426721601,0.9314550042052144
2.75,0.14714537963507945,0.9314550042052144
2.76,0.1468510888758093,0.9314550042052144
2.77,0.14655679811653913,0.9310344827586207
2.79,0.14596821659799883,0.9310344827586207
2.8,0.14508534432018835,0.9310344827586207
2.81,0.14508534432018835,0.9301934398654331
2.82,0.14479105356091818,0.9301934398654331
2.83,0.14420247204237788,0.9297729184188394
2.85,0.14302530900529722,0.9297729184188394
2.86,0.14273101824602707,0.9297729184188394
2.87,0.14273101824602707,0.9293523969722456
2.88,0.14214243672748675,0.928511354079058
2.89,0.1418481459682166,0.928511354079058
2.9,0.14125956444967627,0.928511354079058
2.92,0.14096527369040612,0.928511354079058
2.93,0.1403766921718658,0.9280908326324643
2.95,0.13861094761624485,0.9280908326324643
2.96,0.1383166568569747,0.9280908326324643
2.97,0.1383166568569747,0.9276703111858705
2.99,0.13772807533843437,0.9276703111858705
3.0,0.13713949381989404,0.9272497897392767
3.01,0.13655091230135374,0.9272497897392767
3.02,0.13625662154208357,0.9272497897392767
3.05,0.13566804002354327,0.9272497897392767
3.07,0.13507945850500294,0.9272497897392767
3.08,0.13449087698646262,0.9272497897392767
3.09,0.13449087698646262,0.9264087468460892
3.1,0.13419658622719247,0.9264087468460892
3.11,0.133313713949382,0.9264087468460892
3.12,0.13272513243084166,0.9264087468460892
3.13,0.1318422601530312,0.9259882253994953
3.15,0.1312536786344909,0.9259882253994953
3.16,0.1297822248381401,0.9259882253994953
3.17,0.12919364331959976,0.9259882253994953
3.19,0.12860506180105943,0.9251471825063078
3.2,0.12831077104178928,0.9251471825063078
3.21,0.12713360800470866,0.9251471825063078
3.22,0.12625073572689818,0.9251471825063078
3.23,0.12566215420835786,0.9243061396131202
3.26,0.1253678634490877,0.9243061396131202
3.28,0.12477928193054738,0.9243061396131202
3.29,0.1238964096527369,0.9243061396131202
3.33,0.12213066509711595,0.9243061396131202
3.34,0.12183637433784579,0.9243061396131202
3.35,0.12065921130076515,0.9238856181665265
3.36,0.120364920541495,0.9238856181665265
3.37,0.11977633902295468,0.9234650967199327
3.4,0.1188934667451442,0.9234650967199327
3.41,0.11859917598587405,0.9230445752733389
3.43,0.11742201294879341,0.9230445752733389
3.44,0.11653914067098294,0.9230445752733389
3.45,0.11595055915244261,0.9230445752733389
3.46,0.11565626839317246,0.9230445752733389
3.47,0.11506768687463213,0.9226240538267452
3.49,0.11447910535609182,0.9226240538267452
3.5,0.11359623307828134,0.9222035323801514
3.54,0.11300765155974102,0.9222035323801514
3.55,0.1124190700412007,0.9222035323801514
3.56,0.11153619776339023,0.9222035323801514
3.57,0.11153619776339023,0.9217830109335576
3.61,0.11035903472630959,0.9217830109335576
3.64,0.1088875809299588,0.9217830109335576
3.65,0.10800470865214833,0.9213624894869639
3.67,0.10771041789287816,0.9209419680403701
3.68,0.10712183637433785,0.9209419680403701
3.69,0.10682754561506769,0.9209419680403701
3.7,0.10653325485579752,0.9205214465937763
3.71,0.10653325485579752,0.9201009251471826
3.72,0.10565038257798705,0.9201009251471826
3.73,0.10506180105944674,0.9201009251471826
3.74,0.10476751030017657,0.9201009251471826
3.75,0.10417892878163626,0.9201009251471826
3.77,0.1038846380223661,0.9201009251471826
3.78,0.10359034726309593,0.9196804037005887
3.79,0.10359034726309593,0.9192598822539949
3.84,0.10300176574455562,0.9192598822539949
3.89,0.10211889346674514,0.9188393608074011
3.9,0.10153031194820483,0.9188393608074011
3.91,0.10123602118893467,0.9188393608074011
3.92,0.1009417304296645,0.9179983179142136
3.94,0.1003531489111242,0.9179983179142136
3.95,0.09947027663331372,0.9179983179142136
3.96,0.09917598587404355,0.9179983179142136
3.99,0.09888169511477339,0.9175777964676198
4.01,0.09858740435550324,0.9175777964676198
4.03,0.09829311359623308,0.9171572750210261
4.05,0.09799882283696291,0.9171572750210261
4.06,0.09799882283696291,0.9167367535744323
4.07,0.0974102413184226,0.9167367535744323
4.08,0.09711595055915244,0.9167367535744323
4.1,0.09711595055915244,0.9158957106812448
4.12,0.09652736904061213,0.9158957106812448
4.14,0.0959387875220718,0.9158957106812448
4.17,0.09564449676280165,0.9158957106812448
4.18,0.09505591524426132,0.9158957106812448
4.22,0.09476162448499117,0.9150546677880572
4.23,0.09417304296645085,0.9150546677880572
4.24,0.0938787522071807,0.9146341463414634
4.27,0.09358446144791054,0.9146341463414634
4.28,0.09358446144791054,0.9137931034482759
4.47,0.09064155385520895,0.9137931034482759
4.48,0.09064155385520895,0.913372582001682
4.5,0.0894643908181283,0.913372582001682
4.52,0.08917010005885816,0.913372582001682
4.54,0.088875809299588,0.9129520605550883
4.55,0.08828722778104768,0.9129520605550883
4.67,0.0874043555032372,0.9129520605550883
4.68,0.0874043555032372,0.9125315391084945
4.69,0.08711006474396704,0.911690496215307
4.7,0.08681577398469688,0.911690496215307
4.71,0.08563861094761624,0.9112699747687132
4.77,0.08505002942907593,0.9104289318755256
4.79,0.08446144791053561,0.9104289318755256
4.85,0.08357857563272514,0.9104289318755256
4.89,0.0824014125956445,0.9104289318755256
4.91,0.08210712183637434,0.9104289318755256
4.93,0.08151854031783402,0.9104289318755256
4.95,0.08122424955856386,0.9104289318755256
4.96,0.08063566804002355,0.9104289318755256
4.97,0.08063566804002355,0.9100084104289319
5.0,0.08034137728075338,0.9095878889823381
5.01,0.08034137728075338,0.9091673675357443
5.02,0.08004708652148322,0.9091673675357443
5.03,0.07945850500294291,0.9087468460891506
5.06,0.07916421424367275,0.9087468460891506
5.09,0.07916421424367275,0.907905803195963
5.1,0.0788699234844026,0.9074852817493693
5.13,0.0779870512065921,0.9074852817493693
5.18,0.0773984696880518,0.9074852817493693
5.2,0.07680988816951148,0.9074852817493693
5.22,0.07651559741024132,0.9070647603027755
5.24,0.075927015891701,0.9070647603027755
5.27,0.07563272513243084,0.9066442388561816
5.28,0.07563272513243084,0.9062237174095878
5.29,0.07504414361389053,0.9062237174095878
5.34,0.0744555620953502,0.9062237174095878
5.38,0.07386698057680989,0.9062237174095878
5.47,0.07239552678045909,0.9062237174095878
5.5,0.07180694526191878,0.9062237174095878
5.51,0.07151265450264861,0.9062237174095878
5.52,0.0709240729841083,0.9062237174095878
5.57,0.07033549146556799,0.9062237174095878
5.62,0.06974690994702766,0.9062237174095878
5.65,0.06915832842848735,0.9058031959629941
5.66,0.06856974690994702,0.9058031959629941
5.72,0.06856974690994702,0.9049621530698065
5.73,0.06768687463213655,0.9045416316232128
5.75,0.06709829311359623,0.9045416316232128
5.76,0.06680400235432607,0.904121110176619
5.79,0.0659211300765156,0.904121110176619
5.84,0.06562683931724544,0.9037005887300252
5.86,0.06533254855797528,0.9037005887300252
5.89,0.06533254855797528,0.9032800672834315
5.9,0.06503825779870512,0.9032800672834315
5.94,0.06503825779870512,0.9028595458368377
6.06,0.06386109476162448,0.9028595458368377
6.07,0.06356680400235433,0.9024390243902439
6.11,0.06356680400235433,0.9020185029436502
6.12,0.062978222483814,0.9020185029436502
6.13,0.062978222483814,0.9015979814970564
6.23,0.06268393172454385,0.9015979814970564
6.25,0.06268393172454385,0.9011774600504626
6.26,0.06238964096527369,0.9011774600504626
6.27,0.06180105944673337,0.9011774600504626
6.3,0.061506768687463215,0.9011774600504626
6.33,0.061506768687463215,0.900336417157275
6.36,0.060918187168922895,0.900336417157275
6.39,0.060329605650382576,0.900336417157275
6.4,0.060329605650382576,0.8999158957106812
6.41,0.06003531489111242,0.8999158957106812
6.43,0.0594467333725721,0.8999158957106812
6.52,0.057975279576221304,0.8999158957106812
6.54,0.05709240729841083,0.8999158957106812
6.55,0.05679811653914067,0.8999158957106812
6.62,0.05620953502060035,0.8990748528174937
6.63,0.05620953502060035,0.8986543313708999
6.76,0.05473808122424956,0.8986543313708999
6.81,0.05473808122424956,0.8982338099243061
6.82,0.05414949970570924,0.8982338099243061
6.84,0.05385520894643908,0.8982338099243061
6.86,0.05326662742789876,0.8978132884777124
6.9,0.052972336668628606,0.8973927670311186
6.93,0.052972336668628606,0.8969722455845248
6.95,0.05267804590935845,0.8969722455845248
6.98,0.05208946439081813,0.8969722455845248
6.99,0.05179517363154797,0.896551724137931
7.11,0.05032371983519718,0.896551724137931
7.14,0.04973513831665686,0.896551724137931
7.15,0.04973513831665686,0.8957106812447435
7.16,0.049440847557386695,0.8957106812447435
7.17,0.04914655679811654,0.8952901597981497
7.18,0.04885226603884638,0.8952901597981497
7.2,0.04885226603884638,0.894869638351556
7.21,0.04855797527957622,0.894869638351556
7.22,0.04826368452030606,0.8944491169049622
7.32,0.04738081224249559,0.8944491169049622
7.33,0.047086521483225424,0.8940285954583683
7.37,0.04679223072395527,0.8940285954583683
7.4,0.04590935844614479,0.8940285954583683
7.41,0.045026486168334316,0.8936080740117746
7.47,0.04473219540906415,0.8931875525651808
7.48,0.04473219540906415,0.892767031118587
7.53,0.044437904649794,0.892767031118587
7.62,0.04326074161271336,0.892767031118587
7.67,0.04326074161271336,0.8923465096719932
7.71,0.0429664508534432,0.8923465096719932
7.72,0.0429664508534432,0.8919259882253995
7.81,0.042672160094173045,0.8915054667788057
7.83,0.04237786933490288,0.8915054667788057
7.86,0.042083578575632725,0.8910849453322119
7.88,0.042083578575632725,0.8906644238856182
7.9,0.04178928781636257,0.8902439024390244
7.92,0.04178928781636257,0.8898233809924306
7.93,0.041494997057092406,0.8898233809924306
7.95,0.040906415538552086,0.8898233809924306
7.97,0.040906415538552086,0.8894028595458369
7.98,0.04061212477928193,0.8894028595458369
7.99,0.04061212477928193,0.8889823380992431
8.04,0.04002354326074161,0.8889823380992431
8.1,0.039729252501471454,0.8885618166526493
8.17,0.03884638022366098,0.8885618166526493
8.33,0.03884638022366098,0.8873002523128679
8.37,0.03825779870512066,0.8873002523128679
8.51,0.03825779870512066,0.8868797308662741
8.56,0.03825779870512066,0.8860386879730866
8.58,0.03825779870512066,0.8856181665264928
8.64,0.03766921718658034,0.8856181665264928
8.68,0.03766921718658034,0.8851976450798991
8.69,0.03708063566804003,0.8851976450798991
8.7,0.036786344908769864,0.8851976450798991
8.73,0.036786344908769864,0.8847771236333053
8.99,0.03590347263095939,0.8847771236333053
9.04,0.03590347263095939,0.8843566021867115
9.05,0.03560918187168923,0.8843566021867115
9.13,0.03560918187168923,0.8839360807401178
9.29,0.034726309593878756,0.8839360807401178
9.33,0.034726309593878756,0.8830950378469302
9.38,0.034137728075338436,0.8830950378469302
9.43,0.03325485579752796,0.8830950378469302
9.51,0.03325485579752796,0.8822539949537427
9.53,0.0329605650382578,0.8818334735071489
9.54,0.0329605650382578,0.8814129520605551
9.66,0.03207769276044732,0.8814129520605551
9.79,0.03207769276044732,0.8805719091673675
9.8,0.031783402001177165,0.8805719091673675
9.83,0.031783402001177165,0.8801513877207737
10.04,0.031194820482636845,0.8801513877207737
10.16,0.031194820482636845,0.8793103448275862
10.2,0.030900529723366685,0.8793103448275862
10.24,0.03031194820482637,0.8788898233809924
10.41,0.02942907592701589,0.8788898233809924
10.64,0.02942907592701589,0.8767872161480236
10.81,0.028840494408475574,0.8767872161480236
10.85,0.028546203649205414,0.8763666947014298
10.87,0.028546203649205414,0.875946173254836
10.89,0.028251912889935255,0.8755256518082423
10.96,0.02707474985285462,0.8755256518082423
11.06,0.02707474985285462,0.8751051303616485
11.45,0.025309005297233667,0.8751051303616485
11.61,0.025309005297233667,0.8742640874684608
11.64,0.025014714537963507,0.8742640874684608
11.65,0.025014714537963507,0.8738435660218671
11.7,0.024720423778693348,0.8738435660218671
11.81,0.024720423778693348,0.8730025231286795
12.03,0.023837551500882872,0.8730025231286795
12.06,0.023837551500882872,0.8725820016820858
12.38,0.022660388463802236,0.8725820016820858
12.48,0.022660388463802236,0.872161480235492
12.58,0.02177751618599176,0.872161480235492
12.6,0.02177751618599176,0.8717409587888982
12.63,0.0214832254267216,0.8713204373423045
12.68,0.0214832254267216,0.8704793944491169
12.85,0.020894643908181285,0.8704793944491169
12.86,0.020894643908181285,0.8700588730025232
13.32,0.020011771630370805,0.8700588730025232
13.44,0.020011771630370805,0.8696383515559294
13.79,0.01883460859329017,0.8696383515559294
14.08,0.01883460859329017,0.8687973086627419
14.27,0.017951736315479694,0.8687973086627419
14.41,0.017657445556209534,0.868376787216148
14.57,0.017068864037669218,0.868376787216148
14.74,0.017068864037669218,0.8671152228763667
14.79,0.016774573278399058,0.8671152228763667
14.84,0.016774573278399058,0.8666947014297729
14.88,0.0164802825191289,0.8666947014297729
14.93,0.0164802825191289,0.8662741799831791
15.18,0.015303119482048263,0.8662741799831791
15.19,0.015303119482048263,0.8658536585365854
15.43,0.015008828722778105,0.8658536585365854
15.45,0.015008828722778105,0.8650126156433978
15.95,0.01383166568569747,0.8650126156433978
16.21,0.01383166568569747,0.8641715727502103
16.94,0.012654502648616834,0.8641715727502103
17.01,0.012654502648616834,0.8637510513036165
17.08,0.012360211889346674,0.8637510513036165
17.23,0.012360211889346674,0.862910008410429
17.26,0.012065921130076516,0.862910008410429
17.37,0.012065921130076516,0.8612279226240538
17.49,0.012065921130076516,0.8603868797308662
17.58,0.012065921130076516,0.8595458368376787
17.6,0.011771630370806356,0.8595458368376787
17.65,0.011771630370806356,0.8582842724978974
17.66,0.011771630370806356,0.8578637510513036
17.68,0.011477339611536198,0.8578637510513036
18.42,0.011477339611536198,0.8561816652649286
18.58,0.01088875809299588,0.8561816652649286
18.72,0.01088875809299588,0.8557611438183347
19.16,0.01059446733372572,0.8557611438183347
19.48,0.01059446733372572,0.8549201009251471
19.63,0.010300176574455562,0.8549201009251471
20.6,0.010300176574455562,0.8532380151387721
20.87,0.009417304296645085,0.8532380151387721
21.37,0.009417304296645085,0.8523969722455845
21.61,0.009123013537374927,0.8523969722455845
21.82,0.009123013537374927,0.8519764507989908
22.05,0.009123013537374927,0.8511354079058032
22.64,0.009123013537374927,0.8490328006728343
22.73,0.009123013537374927,0.8481917577796467
22.96,0.008534432018834609,0.8481917577796467
23.64,0.008534432018834609,0.8469301934398654
23.73,0.00824014125956445,0.8469301934398654
24.0,0.00824014125956445,0.8460891505466779
24.1,0.007945850500294291,0.8460891505466779
24.13,0.007945850500294291,0.8452481076534903
24.3,0.007945850500294291,0.8444070647603028
24.71,0.007945850500294291,0.843986543313709
24.73,0.007651559741024131,0.843986543313709
24.74,0.007651559741024131,0.8435660218671153
24.98,0.007651559741024131,0.8427249789739276
25.44,0.007651559741024131,0.8423044575273338
25.85,0.007651559741024131,0.8406223717409588
26.43,0.007651559741024131,0.8397813288477712
26.5,0.007651559741024131,0.8389402859545837
26.56,0.007651559741024131,0.8385197645079899
26.69,0.0073572689817539725,0.8385197645079899
26.81,0.0073572689817539725,0.8380992430613962
26.96,0.0073572689817539725,0.8372582001682086
28.04,0.0073572689817539725,0.8343145500420521
28.14,0.0073572689817539725,0.8334735071488646
28.66,0.0073572689817539725,0.832632464255677
28.75,0.0073572689817539725,0.8317914213624895
28.84,0.0073572689817539725,0.830950378469302
29.26,0.007062978222483814,0.830950378469302
29.5,0.007062978222483814,0.8301093355761143
29.92,0.007062978222483814,0.8292682926829268
30.03,0.006768687463213655,0.8292682926829268
31.31,0.006768687463213655,0.8271656854499579
31.35,0.006768687463213655,0.8259041211101766
31.66,0.006768687463213655,0.8250630782169891
32.43,0.006768687463213655,0.8216989066442388
32.82,0.006768687463213655,0.8200168208578638
33.11,0.006768687463213655,0.8187552565180825
33.31,0.006768687463213655,0.8174936921783011
33.89,0.006768687463213655,0.8149705634987384
33.96,0.006474396703943496,0.8149705634987384
34.25,0.006474396703943496,0.8132884777123633
34.26,0.006474396703943496,0.8124474348191758
34.31,0.006474396703943496,0.812026913372582
34.35,0.006474396703943496,0.8111858704793945
34.41,0.006180105944673337,0.8111858704793945
35.26,0.006180105944673337,0.8069806560134567
35.41,0.006180105944673337,0.8061396131202692
35.76,0.006180105944673337,0.8048780487804879
35.79,0.006180105944673337,0.8040370058873002
35.87,0.005885815185403178,0.8031959629941127
36.34,0.005885815185403178,0.8015138772077376
36.52,0.005885815185403178,0.7998317914213625
36.76,0.005885815185403178,0.7977291841883936
36.83,0.005885815185403178,0.796888141295206
36.9,0.005885815185403178,0.7960470984020185
37.19,0.005591524426133019,0.7960470984020185
37.25,0.005591524426133019,0.7956265769554247
37.34,0.005591524426133019,0.7939444911690496
37.75,0.005591524426133019,0.7910008410428931
37.82,0.005591524426133019,0.7901597981497056
38.63,0.005591524426133019,0.7851135407905803
38.64,0.005591524426133019,0.7842724978973927
39.44,0.005591524426133019,0.7792262405382675
39.6,0.005591524426133019,0.7783851976450799
39.9,0.005591524426133019,0.7771236333052985
39.95,0.005591524426133019,0.776282590412111
39.96,0.005591524426133019,0.7758620689655172
40.04,0.005591524426133019,0.7746005046257359
40.19,0.005591524426133019,0.7724978973927671
40.23,0.005591524426133019,0.7716568544995794
40.85,0.005591524426133019,0.7691337258200168
40.86,0.00529723366686286,0.7691337258200168
40.88,0.00529723366686286,0.768713204373423
40.9,0.00529723366686286,0.7674516400336417
41.83,0.00529723366686286,0.7619848612279226
42.03,0.00529723366686286,0.7611438183347351
42.2,0.00529723366686286,0.7598822539949538
42.31,0.00529723366686286,0.7590412111017661
42.64,0.00529723366686286,0.7552565180824222
42.67,0.005002942907592701,0.7552565180824222
42.73,0.005002942907592701,0.7535744322960471
42.8,0.004708652148322542,0.7535744322960471
43.03,0.004708652148322542,0.7510513036164844
43.1,0.004708652148322542,0.7493692178301093
43.18,0.004708652148322542,0.7489486963835156
43.23,0.004708652148322542,0.748107653490328
43.27,0.004708652148322542,0.7464255677039529
43.29,0.004708652148322542,0.7451640033641715
43.36,0.004708652148322542,0.744322960470984
44.11,0.004708652148322542,0.7384356602186711
44.13,0.004708652148322542,0.7375946173254836
44.46,0.004708652148322542,0.7354920100925147
44.52,0.004708652148322542,0.7346509671993272
44.85,0.004708652148322542,0.732968881412952
44.87,0.004708652148322542,0.7321278385197645
45.35,0.004708652148322542,0.7300252312867956
45.44,0.0044143613890523835,0.7300252312867956
46.28,0.0044143613890523835,0.7245584524810765
46.48,0.0044143613890523835,0.7228763666947015
46.6,0.0044143613890523835,0.7220353238015139
46.62,0.0044143613890523835,0.7211942809083264
46.68,0.0044143613890523835,0.719932716568545
47.45,0.0044143613890523835,0.7148864592094197
47.49,0.004120070629782225,0.7148864592094197
47.53,0.004120070629782225,0.7136248948696383
47.97,0.004120070629782225,0.7089991589571069
47.98,0.004120070629782225,0.7081581160639192
48.52,0.004120070629782225,0.704793944491169
48.55,0.004120070629782225,0.7039529015979815
49.46,0.004120070629782225,0.6972245584524811
49.66,0.004120070629782225,0.6963835155592936
49.67,0.004120070629782225,0.6959629941126998
49.69,0.004120070629782225,0.6951219512195121
49.75,0.004120070629782225,0.6942809083263246
49.87,0.004120070629782225,0.6934398654331371
49.88,0.004120070629782225,0.6921783010933558
50.45,0.004120070629782225,0.6875525651808242
50.57,0.004120070629782225,0.6867115222876367
50.61,0.004120070629782225,0.6862910008410429
50.76,0.004120070629782225,0.6846089150546678
50.81,0.004120070629782225,0.6837678721614803
50.83,0.004120070629782225,0.6829268292682927
51.03,0.004120070629782225,0.6808242220353238
51.05,0.004120070629782225,0.6799831791421362
51.19,0.004120070629782225,0.6783010933557612
51.25,0.004120070629782225,0.6766190075693861
51.42,0.004120070629782225,0.6736753574432296
51.48,0.004120070629782225,0.6728343145500421
51.68,0.004120070629782225,0.669049621530698
51.7,0.004120070629782225,0.6682085786375105
52.13,0.004120070629782225,0.6644238856181666
52.16,0.004120070629782225,0.663582842724979
52.42,0.004120070629782225,0.6619007569386038
52.44,0.004120070629782225,0.6606391925988225
52.54,0.004120070629782225,0.659798149705635
52.62,0.0038257798705120657,0.659798149705635
53.15,0.0038257798705120657,0.6585365853658537
53.32,0.0038257798705120657,0.6572750210260724
53.42,0.0038257798705120657,0.656013456686291
53.47,0.0038257798705120657,0.6551724137931034
53.86,0.0038257798705120657,0.6526492851135408
53.98,0.0038257798705120657,0.6518082422203533
54.09,0.0038257798705120657,0.6513877207737595
54.24,0.0038257798705120657,0.6497056349873843
54.67,0.0038257798705120657,0.6467619848612279
54.68,0.0038257798705120657,0.6459209419680404
54.73,0.0038257798705120657,0.6450798990748529
54.75,0.0038257798705120657,0.6442388561816653
54.77,0.0038257798705120657,0.6421362489486964
54.94,0.0038257798705120657,0.6404541631623213
54.96,0.0038257798705120657,0.6396131202691338
55.09,0.0038257798705120657,0.6383515559293524
55.16,0.0038257798705120657,0.6375105130361648
55.34,0.0038257798705120657,0.635407905803196
55.38,0.0038257798705120657,0.6345668629100084
55.51,0.0038257798705120657,0.6333052985702271
55.56,0.0038257798705120657,0.6324642556770396
55.88,0.0038257798705120657,0.6295206055508831
55.96,0.0038257798705120657,0.6286795626576955
56.0,0.0038257798705120657,0.6282590412111018
56.05,0.0038257798705120657,0.6274179983179142
56.08,0.0038257798705120657,0.6269974768713205
56.1,0.0038257798705120657,0.6261564339781329
56.18,0.0038257798705120657,0.6244743481917577
56.19,0.0038257798705120657,0.6236333052985702
56.31,0.0038257798705120657,0.6215306980656014
56.32,0.0038257798705120657,0.62026913372582
57.04,0.0038257798705120657,0.6131202691337259
57.06,0.0038257798705120657,0.6122792262405383
57.13,0.0038257798705120657,0.6105971404541631
57.18,0.0038257798705120657,0.6097560975609756
57.6,0.0038257798705120657,0.6063919259882254
57.94,0.0038257798705120657,0.6055508830950378
58.06,0.0038257798705120657,0.6047098402018503
58.13,0.0038257798705120657,0.6038687973086627
58.3,0.0038257798705120657,0.6021867115222876
58.31,0.0038257798705120657,0.6013456686291001
58.72,0.0038257798705120657,0.5967199327165685
58.84,0.0038257798705120657,0.5950378469301935
58.95,0.0038257798705120657,0.5946173254835997
59.01,0.0038257798705120657,0.5937762825904122
59.05,0.0038257798705120657,0.5929352396972245
59.09,0.0038257798705120657,0.592094196804037
59.83,0.0038257798705120657,0.5853658536585366
59.85,0.0038257798705120657,0.584524810765349
61.02,0.0038257798705120657,0.5744322960470984
61.06,0.0038257798705120657,0.5727502102607233
61.15,0.0038257798705120657,0.571488645920942
61.18,0.0038257798705120657,0.5706476030277544
61.21,0.0038257798705120657,0.5698065601345669
61.23,0.0038257798705120657,0.5681244743481918
61.87,0.0038257798705120657,0.5634987384356602
61.94,0.0038257798705120657,0.5626576955424727
62.05,0.0038257798705120657,0.5613961312026914
62.07,0.0038257798705120657,0.5605550883095037
62.76,0.0038257798705120657,0.5559293523969723
62.81,0.0038257798705120657,0.554667788057191
62.86,0.0038257798705120657,0.5534062237174096
62.89,0.0038257798705120657,0.5521446593776282
63.03,0.0038257798705120657,0.5508830950378469
63.1,0.0038257798705120657,0.5500420521446594
63.27,0.0038257798705120657,0.5479394449116904
63.3,0.0038257798705120657,0.5470984020185029
63.44,0.0038257798705120657,0.5458368376787216
63.49,0.0038257798705120657,0.5449957947855341
63.51,0.0038257798705120657,0.5445752733389403
63.53,0.0038257798705120657,0.5437342304457528
63.56,0.0038257798705120657,0.543313708999159
63.57,0.0038257798705120657,0.5420521446593777
64.32,0.0038257798705120657,0.5344827586206896
64.46,0.0038257798705120657,0.5328006728343145
64.52,0.0038257798705120657,0.5311185870479395
64.53,0.0038257798705120657,0.5302775441547519
64.71,0.0038257798705120657,0.5285954583683767
64.72,0.0038257798705120657,0.5277544154751892
64.85,0.0038257798705120657,0.5269133725820017
64.91,0.0038257798705120657,0.5252312867956266
65.06,0.0038257798705120657,0.5231286795626577
65.08,0.0038257798705120657,0.5222876366694701
65.14,0.0038257798705120657,0.5218671152228763
65.16,0.003531489111241907,0.5218671152228763
65.24,0.003531489111241907,0.520605550883095
65.29,0.003531489111241907,0.5193439865433137
65.3,0.003531489111241907,0.5189234650967199
65.33,0.003531489111241907,0.5180824222035324
65.36,0.003531489111241907,0.5172413793103449
65.44,0.003531489111241907,0.5164003364171573
65.52,0.003531489111241907,0.5151387720773759
65.61,0.003531489111241907,0.5142977291841884
65.64,0.003531489111241907,0.5130361648444071
65.77,0.003531489111241907,0.5121951219512195
65.89,0.003531489111241907,0.5109335576114382
65.95,0.003237198351971748,0.5109335576114382
66.36,0.003237198351971748,0.5071488645920942
66.37,0.003237198351971748,0.5063078216989066
66.4,0.003237198351971748,0.5054667788057191
66.64,0.003237198351971748,0.5029436501261564
67.51,0.003237198351971748,0.496215306980656
67.55,0.003237198351971748,0.4953742640874685
67.58,0.003237198351971748,0.49495374264087466
67.61,0.003237198351971748,0.4932716568544996
67.63,0.003237198351971748,0.4928511354079058
67.64,0.003237198351971748,0.4920100925147183
67.72,0.003237198351971748,0.49158957106812445
67.76,0.003237198351971748,0.4907485281749369
68.12,0.003237198351971748,0.48696383515559294
68.21,0.003237198351971748,0.48570227081581163
68.39,0.003237198351971748,0.48317914213624896
68.4,0.003237198351971748,0.48233809924306137
68.64,0.003237198351971748,0.48149705634987383
68.67,0.003237198351971748,0.47981497056349875
68.82,0.003237198351971748,0.4781328847771236
68.83,0.003237198351971748,0.4772918418839361
69.1,0.003237198351971748,0.4747687132043734
69.11,0.003237198351971748,0.4739276703111859
69.18,0.003237198351971748,0.47308662741799834
69.26,0.003237198351971748,0.47056349873843567
69.27,0.003237198351971748,0.4701429772918419
69.29,0.003237198351971748,0.4693019343986543
69.52,0.003237198351971748,0.4659377628259041
69.56,0.003237198351971748,0.464255677039529
69.58,0.003237198351971748,0.46383515559293526
69.7,0.003237198351971748,0.4625735912531539
69.75,0.003237198351971748,0.46173254835996635
69.79,0.003237198351971748,0.4608915054667788
69.82,0.003237198351971748,0.45962994112699745
69.87,0.003237198351971748,0.4587888982338099
69.97,0.003237198351971748,0.4575273338940286
69.98,0.003237198351971748,0.456686291000841
70.09,0.003237198351971748,0.45458368376787217
70.1,0.003237198351971748,0.45374264087468463
70.15,0.003237198351971748,0.4533221194280908
70.18,0.003237198351971748,0.45248107653490327
70.37,0.003237198351971748,0.44911690496215306
70.49,0.003237198351971748,0.4482758620689655
70.6,0.003237198351971748,0.447434819175778
70.61,0.003237198351971748,0.4465937762825904
70.64,0.003237198351971748,0.4461732548359966
70.65,0.003237198351971748,0.4453322119428091
70.72,0.003237198351971748,0.4440706476030278
70.75,0.003237198351971748,0.4428090832632464
71.15,0.003237198351971748,0.44070647603027757
71.35,0.003237198351971748,0.43986543313709
71.45,0.003237198351971748,0.43860386879730867
71.46,0.003237198351971748,0.4373423044575273
71.5,0.002942907592701589,0.4373423044575273
71.63,0.002942907592701589,0.436080740117746
71.65,0.002942907592701589,0.43523969722455846
72.06,0.002942907592701589,0.43103448275862066
72.08,0.002942907592701589,0.42977291841883936
72.3,0.002942907592701589,0.4280908326324643
72.32,0.002942907592701589,0.4272497897392767
72.42,0.002942907592701589,0.4268292682926829
72.45,0.002942907592701589,0.4259882253994954
72.68,0.002942907592701589,0.4255677039529016
72.7,0.002942907592701589,0.4247266610597141
72.83,0.002942907592701589,0.42262405382674517
72.9,0.00264861683343143,0.42262405382674517
72.93,0.00264861683343143,0.4222035323801514
72.95,0.00264861683343143,0.4213624894869638
73.05,0.00264861683343143,0.42052144659377627
73.12,0.00264861683343143,0.41968040370058873
73.16,0.00264861683343143,0.41925988225399496
73.17,0.00264861683343143,0.4184188393608074
73.21,0.00264861683343143,0.41757779646761983
73.22,0.00264861683343143,0.4163162321278385
73.3,0.00264861683343143,0.41505466778805716
73.37,0.0020600353148911123,0.41505466778805716
73.44,0.0020600353148911123,0.4142136248948696
73.53,0.0020600353148911123,0.41253153910849455
74.29,0.0020600353148911123,0.40496215306980654
74.3,0.0020600353148911123,0.404121110176619
74.36,0.0020600353148911123,0.4028595458368377
74.43,0.0020600353148911123,0.40159798149705633
74.53,0.0020600353148911123,0.40117746005046256
74.57,0.0020600353148911123,0.39991589571068126
74.96,0.0020600353148911123,0.3961312026913373
74.99,0.0020600353148911123,0.3952901597981497
75.1,0.0020600353148911123,0.39444911690496215
75.15,0.0020600353148911123,0.3936080740117746
75.2,0.0020600353148911123,0.3927670311185871
75.28,0.0020600353148911123,0.39108494533221194
75.29,0.0020600353148911123,0.3906644238856182
75.32,0.0020600353148911123,0.38982338099243063
75.49,0.0020600353148911123,0.38772077375946173
75.5,0.0020600353148911123,0.3868797308662742
75.65,0.0020600353148911123,0.3843566021867115
75.67,0.0020600353148911123,0.3830950378469302
76.48,0.0020600353148911123,0.3755256518082422
76.52,0.0020600353148911123,0.3746846089150547
76.59,0.0020600353148911123,0.37300252312867954
76.63,0.0020600353148911123,0.372161480235492
76.73,0.0020600353148911123,0.37132043734230447
77.06,0.0020600353148911123,0.3675357443229605
77.1,0.0020600353148911123,0.36585365853658536
77.19,0.0020600353148911123,0.3641715727502103
77.24,0.0020600353148911123,0.3629100084104289
77.25,0.0020600353148911123,0.3620689655172414
78.12,0.0020600353148911123,0.3549201009251472
78.21,0.0020600353148911123,0.3540790580319596
78.5,0.0020600353148911123,0.351555929352397
78.59,0.0020600353148911123,0.34987384356602186
78.9,0.0020600353148911123,0.3473507148864592
78.93,0.0020600353148911123,0.34650967199327165
79.13,0.0020600353148911123,0.3448275862068966
79.19,0.0020600353148911123,0.3435660218671152
79.23,0.0020600353148911123,0.3427249789739277
79.24,0.0020600353148911123,0.34188393608074014
79.31,0.0020600353148911123,0.34146341463414637
79.38,0.0020600353148911123,0.33978132884777124
79.48,0.0020600353148911123,0.33851976450798993
79.52,0.0020600353148911123,0.33767872161480234
79.59,0.0020600353148911123,0.33725820016820857
79.61,0.0017657445556209534,0.33725820016820857
79.68,0.0017657445556209534,0.3355761143818335
79.69,0.0017657445556209534,0.3347350714886459
79.73,0.0017657445556209534,0.3334735071488646
79.74,0.0017657445556209534,0.33263246425567705
79.94,0.0017657445556209534,0.3313708999158957
80.03,0.0017657445556209534,0.33052985702270815
80.05,0.0014714537963507945,0.32926829268292684
80.09,0.0014714537963507945,0.32842724978973925
80.17,0.0014714537963507945,0.3267451640033642
80.26,0.0014714537963507945,0.32548359966358287
80.27,0.0014714537963507945,0.3246425567703953
80.29,0.0014714537963507945,0.32380151387720774
80.32,0.0011771630370806356,0.32380151387720774
80.41,0.0011771630370806356,0.32211942809083266
80.43,0.0011771630370806356,0.32127838519764507
80.7,0.0011771630370806356,0.3187552565180824
80.72,0.0011771630370806356,0.31791421362489486
80.77,0.0011771630370806356,0.3162321278385198
80.79,0.0011771630370806356,0.315811606391926
80.81,0.0011771630370806356,0.3141295206055509
80.85,0.0011771630370806356,0.31328847771236334
80.87,0.0011771630370806356,0.312026913372582
80.9,0.0011771630370806356,0.31118587047939444
80.93,0.0011771630370806356,0.3103448275862069
80.97,0.0011771630370806356,0.30992430613961314
80.98,0.0011771630370806356,0.30908326324642554
81.28,0.0011771630370806356,0.30656013456686293
81.36,0.0011771630370806356,0.3048780487804878
81.5,0.0011771630370806356,0.3036164844407065
81.52,0.0011771630370806356,0.3027754415475189
81.81,0.0011771630370806356,0.3015138772077376
81.85,0.0011771630370806356,0.2998317914213625
82.01,0.0011771630370806356,0.29857022708158115
82.04,0.0011771630370806356,0.29730866274179985
82.46,0.0011771630370806356,0.2947855340622372
82.55,0.0011771630370806356,0.29310344827586204
82.62,0.0011771630370806356,0.29184188393608074
82.64,0.0011771630370806356,0.2910008410428932
82.76,0.0011771630370806356,0.28973927670311184
82.82,0.0011771630370806356,0.2888982338099243
82.88,0.0011771630370806356,0.287636669470143
82.92,0.0011771630370806356,0.2867956265769554
82.98,0.0011771630370806356,0.28595458368376786
83.09,0.0011771630370806356,0.2851135407905803
83.13,0.0011771630370806356,0.28469301934398655
83.14,0.0011771630370806356,0.283851976450799
83.25,0.0011771630370806356,0.2821698906644239
83.26,0.0011771630370806356,0.28132884777123635
84.83,0.0011771630370806356,0.2670311185870479
84.92,0.0011771630370806356,0.26534903280067285
85.13,0.0011771630370806356,0.2636669470142977
85.2,0.0011771630370806356,0.2628259041211102
85.33,0.0011771630370806356,0.2624053826745164
85.39,0.0011771630370806356,0.26156433978132887
85.66,0.0011771630370806356,0.25988225399495374
85.67,0.0011771630370806356,0.2590412111017662
86.02,0.0011771630370806356,0.2569386038687973
86.03,0.0011771630370806356,0.255677039529016
86.06,0.0011771630370806356,0.2552565180824222
86.08,0.0011771630370806356,0.25441547518923463
86.63,0.0011771630370806356,0.24936921783010935
86.64,0.0011771630370806356,0.24768713204373424
86.76,0.0011771630370806356,0.2464255677039529
86.78,0.0011771630370806356,0.24558452481076534
86.8,0.0011771630370806356,0.244322960470984
87.1,0.0011771630370806356,0.2409587888982338
87.13,0.0011771630370806356,0.24011774600504626
87.28,0.0011771630370806356,0.2392767031118587
87.35,0.0011771630370806356,0.2375946173254836
87.42,0.0011771630370806356,0.23633305298570226
87.44,0.0008828722778104767,0.23633305298570226
87.45,0.0008828722778104767,0.23549201009251472
87.88,0.0008828722778104767,0.23380992430613962
87.93,0.0008828722778104767,0.23296888141295205
88.15,0.0008828722778104767,0.2304457527333894
88.16,0.0008828722778104767,0.22960470984020184
89.01,0.0008828722778104767,0.2216148023549201
89.02,0.0008828722778104767,0.22077375946173255
89.49,0.0008828722778104767,0.21783010933557612
89.51,0.0008828722778104767,0.21698906644238855
89.6,0.0008828722778104767,0.216148023549201
89.61,0.0008828722778104767,0.21530698065601345
89.62,0.0008828722778104767,0.21404541631623214
89.9,0.0008828722778104767,0.2106812447434819
89.94,0.0008828722778104767,0.20984020185029437
90.56,0.0008828722778104767,0.20479394449116906
90.58,0.0008828722778104767,0.2039529015979815
90.61,0.0008828722778104767,0.20353238015138772
90.63,0.0008828722778104767,0.20269133725820015
91.18,0.0008828722778104767,0.19806560134566864
91.24,0.0008828722778104767,0.19722455845248107
91.6,0.0008828722778104767,0.19259882253994953
91.61,0.0008828722778104767,0.1913372582001682
91.73,0.0008828722778104767,0.1896551724137931
91.81,0.0008828722778104767,0.187973086627418
93.11,0.0008828722778104767,0.17619848612279226
93.18,0.0008828722778104767,0.1753574432296047
93.29,0.0008828722778104767,0.17283431455004206
93.32,0.0008828722778104767,0.1719932716568545
93.42,0.0008828722778104767,0.17115222876366695
93.46,0.0008828722778104767,0.16989066442388562
93.63,0.0008828722778104767,0.16862910008410428
93.66,0.0008828722778104767,0.16778805719091675
93.76,0.0008828722778104767,0.16694701429772918
93.86,0.0008828722778104767,0.16610597140454164
93.98,0.0008828722778104767,0.16400336417157274
94.13,0.0008828722778104767,0.1631623212783852
94.3,0.0008828722778104767,0.16063919259882253
94.32,0.0008828722778104767,0.159798149705635
94.37,0.0008828722778104767,0.1593776282590412
94.44,0.0008828722778104767,0.15853658536585366
94.45,0.0008828722778104767,0.1581160639192599
94.46,0.0008828722778104767,0.15727502102607233
94.58,0.0008828722778104767,0.15685449957947856
94.63,0.0008828722778104767,0.156013456686291
94.76,0.0008828722778104767,0.15475189234650968
94.77,0.0008828722778104767,0.15391084945332212
94.8,0.0008828722778104767,0.15349032800672835
94.88,0.0008828722778104767,0.15264928511354078
95.09,0.0008828722778104767,0.1488645920941968
95.18,0.0008828722778104767,0.14802354920100924
95.49,0.0008828722778104767,0.1438183347350715
95.5,0.0008828722778104767,0.14297729184188393
95.68,0.0008828722778104767,0.1404541631623213
95.72,0.0008828722778104767,0.13877207737594618
95.73,0.0008828722778104767,0.1383515559293524
95.79,0.0008828722778104767,0.13708999158957108
95.84,0.0008828722778104767,0.13540790580319595
95.9,0.0008828722778104767,0.13414634146341464
95.97,0.0008828722778104767,0.1328847771236333
95.99,0.0008828722778104767,0.13204373423044574
96.05,0.0008828722778104767,0.1312026913372582
96.07,0.0008828722778104767,0.13036164844407064
96.3,0.0008828722778104767,0.127838519764508
96.33,0.0008828722778104767,0.12699747687132043
96.42,0.0008828722778104767,0.1257359125315391
96.51,0.0008828722778104767,0.124053826745164
96.83,0.0008828722778104767,0.11984861227922625
96.86,0.0008828722778104767,0.11858704793944491
97.19,0.0008828722778104767,0.11606391925988226
97.23,0.0008828722778104767,0.11480235492010092
97.39,0.0008828722778104767,0.11269974768713205
97.51,0.0008828722778104767,0.1118587047939445
97.58,0.0008828722778104767,0.11017661900756939
97.73,0.0008828722778104767,0.10849453322119428
97.91,0.0008828722778104767,0.10681244743481917
97.92,0.0008828722778104767,0.10597140454163162
98.16,0.0008828722778104767,0.1047098402018503
98.17,0.0008828722778104767,0.10386879730866275
98.21,0.0008828722778104767,0.1030277544154752
98.22,0.0008828722778104767,0.10218671152228764
98.49,0.0008828722778104767,0.10008410428931876
98.51,0.0008828722778104767,0.0992430613961312
98.76,0.0008828722778104767,0.09629941126997477
98.89,0.0008828722778104767,0.09545836837678721
99.1,0.0008828722778104767,0.09293523969722456
99.17,0.0008828722778104767,0.092094196804037
99.18,0.0008828722778104767,0.0904121110176619
99.2,0.0008828722778104767,0.08999158957106812
99.23,0.0008828722778104767,0.08915054667788057
99.31,0.0008828722778104767,0.08788898233809925
99.32,0.0008828722778104767,0.0870479394449117
99.33,0.0008828722778104767,0.08662741799831791
99.34,0.0008828722778104767,0.08536585365853659
99.45,0.0008828722778104767,0.08200168208578637
99.48,0.0008828722778104767,0.08116063919259882
99.58,0.0008828722778104767,0.07863751051303616
99.59,0.0008828722778104767,0.0782169890664424
99.6,0.0008828722778104767,0.07737594617325484
99.65,0.0008828722778104767,0.07569386038687972
99.66,0.0008828722778104767,0.0744322960470984
99.67,0.0008828722778104767,0.07359125315391085
99.71,0.0008828722778104767,0.06980656013456686
99.72,0.0008828722778104767,0.06896551724137931
99.74,0.0008828722778104767,0.06812447434819176
99.75,0.0008828722778104767,0.06686291000841042
99.76,0.0008828722778104767,0.06602186711522287
99.78,0.0005885815185403178,0.06602186711522287
99.79,0.0005885815185403178,0.0656013456686291
99.8,0.0005885815185403178,0.06476030277544155
99.82,0.0005885815185403178,0.06349873843566022
99.83,0.0005885815185403178,0.061396131202691336
99.84,0.0005885815185403178,0.06013456686291001
99.85,0.0005885815185403178,0.05803195962994113
99.86,0.0005885815185403178,0.05761143818334735
99.87,0.0005885815185403178,0.0567703952901598
99.88,0.0005885815185403178,0.054667788057190914
99.9,0.0005885815185403178,0.053406223717409586
99.91,0.0002942907592701589,0.05298570227081581
99.92,0.0002942907592701589,0.051303616484440706
99.98,0.0002942907592701589,0.05004205214465938
99.99,0.0002942907592701589,0.0496215306980656
100.0,0.0002942907592701589,0.0391084945332212
