fpr,tpr_upper,tpr_lower,tpr
0.0,0.0026437696614783806,0.0,0.0
0.01,0.8419228589363996,0.8026489878254096,0.8231402317219342
0.02,0.8720388100679383,0.8357653420044653,0.8548401917698761
0.03,0.8814042415591334,0.846183664742718,0.8647582900519377
0.04,0.8908677030330957,0.8567788978893076,0.8748142229324811
0.05,0.8992374339508525,0.8662125534563788,0.8837395125848981
0.06,0.9044670089558798,0.8721399798294892,0.8893328006392329
0.07,0.9093114929578942,0.8776555685357456,0.894526568118258
0.08,0.9132677152874809,0.8821786672535438,0.8987774670395526
0.09,0.9178529313780243,0.8874434895225559,0.9037155413503796
0.1,0.9222930221393268,0.8925665427996574,0.9085097882540952
0.11,0.9259838091392464,0.896845042498407,0.9125049940071912
0.12,0.9285620386088222,0.8998453137179003,0.9153016380343588
0.13,0.9306058704971693,0.9022308113766737,0.9175221733919295
0.14,0.9326041543613609,0.9045694133338987,0.9196963643627648
0.15,0.9348038486590887,0.9071512910553724,0.9220934878146224
0.16,0.9381473709713432,0.9110916967857025,0.9257451058729526
0.17,0.9401482844821606,0.9134595462430954,0.9279352776667997
0.18,0.9406507181753265,0.9140552802570063,0.9284858170195766
0.19,0.9428356731009702,0.9166518973505646,0.9308829404714344
0.2,0.9446893773886815,0.9188625292791747,0.9329204954055134
0.21,0.946104666117744,0.9205552623625931,0.9344786256492208
0.22,0.9466641574543504,0.9212256976064817,0.9350952190704487
0.23,0.9472709037276161,0.9219535412123534,0.9357642828605673
0.24,0.9482780369526997,0.9231634635468398,0.9368757491010788
0.25,0.949001382794952,0.9240339750443213,0.937674790251698
0.26,0.9498192645785098,0.9250198084835622,0.9385790384871487
0.27,0.9508072224195722,0.9262127787690358,0.939672393128246
0.28,0.9511823699088622,0.9266664370964073,0.9400878945265679
0.29,0.9518889417253674,0.9275218454728414,0.9408709548541748
0.3,0.9529692765482162,0.9288322966595938,0.9420695165801038
0.31,0.954048186904251,0.93014417231316,0.9432680783060328
0.32,0.9547666484227811,0.9310195681343637,0.944067119456652
0.33,0.9548524451943166,0.9311242373149266,0.944162604874151
0.34,0.9552141382967073,0.9315655826688717,0.9445651884405379
0.35,0.9558430900975082,0.9323339124692375,0.9452656811825808
0.36,0.9558430900975082,0.9323339124692375,0.9452656811825808
0.37,0.9565020883528733,0.9331402668055904,0.9460002996404314
0.38,0.9569179900883856,0.9336497984879611,0.9464642429085098
0.39,0.9572759391985121,0.9340887780477017,0.9468637634838194
0.4,0.9579912999863951,0.9349672745995525,0.9476628046344386
0.41,0.9583487078425686,0.9354067954132462,0.9480623252097484
0.42,0.9583487078425686,0.9354067954132462,0.9480623252097484
0.43,0.9583487078425686,0.9354067954132462,0.9480623252097484
0.44,0.9586728882201907,0.9358058278035284,0.9484248901318418
0.45,0.9587059313991769,0.9358465005265048,0.948461845785058
0.46,0.9587059313991769,0.9358465005265048,0.948461845785058
0.47,0.9587059313991769,0.9358465005265048,0.948461845785058
0.48,0.9587059313991769,0.9358465005265048,0.948461845785058
0.49,0.9587059313991769,0.9358465005265048,0.948461845785058
0.5,0.9590629686539904,0.9362863919415583,0.9488613663603676
0.51,0.9590629686539904,0.9362863919415583,0.9488613663603676
0.52,0.9590629686539904,0.9362863919415583,0.9488613663603676
0.53,0.9590629686539904,0.9362863919415583,0.9488613663603676
0.54,0.9590629686539904,0.9362863919415583,0.9488613663603676
0.55,0.9590629686539904,0.9362863919415583,0.9488613663603676
0.56,0.9590629686539904,0.9362863919415583,0.9488613663603676
0.57,0.9590629686539904,0.9362863919415583,0.9488613663603676
0.58,0.9590629686539904,0.9362863919415583,0.9488613663603676
0.59,0.9590629686539904,0.9362863919415583,0.9488613663603676
0.6,0.9590629686539904,0.9362863919415583,0.9488613663603676
0.61,0.9590629686539904,0.9362863919415583,0.9488613663603676
0.62,0.9590629686539904,0.9362863919415583,0.9488613663603676
0.63,0.9598864090005214,0.9375147997483467,0.9498900099336989
0.64,0.9609705601086154,0.9391321357102433,0.9512443339895449
0.65,0.9620547112167094,0.94074947167214,0.9525986580453908
0.66,0.9631388623248034,0.9423668076340366,0.9539529821012368
0.67,0.9642230134328974,0.9439841435959332,0.9553073061570828
0.68,0.9653071645409914,0.9456014795578299,0.9566616302129288
0.69,0.9663913156490854,0.9472188155197264,0.9580159542687747
0.7,0.9674754667571794,0.9488361514816231,0.9593702783246207
0.71,0.9685596178652734,0.9504534874435198,0.9607246023804666
0.72,0.9696437689733675,0.9520708234054164,0.9620789264363127
0.73,0.9707279200814615,0.953688159367313,0.9634332504921587
0.74,0.9718120711895555,0.9553054953292096,0.9647875745480046
0.75,0.9728962222976496,0.9569228312911062,0.9661418986038506
0.76,0.9739803734057436,0.9585401672530028,0.9674962226596966
0.77,0.9750645245138376,0.9601575032148995,0.9688505467155426
0.78,0.9761486756219316,0.9617748391767961,0.9702048707713885
0.79,0.9772328267300256,0.9633921751386927,0.9715591948272345
0.8,0.9783169778381197,0.9650095111005893,0.9729135188830805
0.81,0.9794011289462137,0.966626847062486,0.9742678429389264
0.82,0.9804852800543077,0.9682441830243826,0.9756221669947724
0.83,0.9815694311624017,0.9698615189862793,0.9769764910506185
0.84,0.9826535822704957,0.9714788549481759,0.9783308151064644
0.85,0.9837377333785897,0.9730961909100725,0.9796851391623104
0.86,0.9848218844866837,0.9747135268719691,0.9810394632181564
0.87,0.9859060355947777,0.9763308628338657,0.9823937872740023
0.88,0.9869901867028718,0.9779481987957623,0.9837481113298483
0.89,0.9880743378109658,0.979565534757659,0.9851024353856943
0.9,0.9891584889190598,0.9811828707195556,0.9864567594415402
0.91,0.9902426400271538,0.9828002066814522,0.9878110834973862
0.92,0.9913267911352479,0.9844175426433488,0.9891654075532322
0.93,0.9924109422433419,0.9860348786052455,0.9905197316090781
0.94,0.9934950933514359,0.987652214567142,0.9918740556649241
0.95,0.9945792444595299,0.9892695505290388,0.9932283797207702
0.96,0.995663395567624,0.9908868864909354,0.9945827037766161
0.97,0.996747546675718,0.992504222452832,0.9959370278324621
0.98,0.997831697783812,0.9941215584147286,0.9972913518883081
0.99,0.998915848891906,0.9957388943766252,0.998645675944154
1.0,1.0,0.9973562303385218,1.0
