,0
0,human
1,human
2,human
3,human
4,human
5,human
6,human
7,human
8,human
9,human
10,human
11,human
12,human
13,human
14,human
15,human
16,human
17,human
18,human
19,human
20,human
21,human
22,human
23,human
24,human
25,human
26,human
27,human
28,human
29,human
30,human
31,human
32,human
33,human
34,human
35,human
36,human
37,human
38,human
39,human
40,human
41,human
42,human
43,human
44,human
45,human
46,human
47,human
48,human
49,human
50,human
51,human
52,human
53,human
54,human
55,human
56,human
57,human
58,human
59,human
60,human
61,human
62,human
63,human
64,human
65,human
66,human
67,human
68,human
69,human
70,human
71,human
72,human
73,human
74,human
75,human
76,human
77,human
78,human
79,human
80,human
81,human
82,human
83,human
84,human
85,human
86,human
87,human
88,human
89,human
90,human
91,human
92,human
93,human
94,human
95,human
96,human
97,human
98,human
99,human
100,human
101,human
102,human
103,human
104,human
105,human
106,human
107,human
108,human
109,human
110,human
111,human
112,human
113,human
114,human
115,human
116,human
117,human
118,human
119,human
120,human
121,human
122,human
123,human
124,human
125,human
126,human
127,human
128,human
129,human
130,human
131,human
132,human
133,human
134,human
135,human
136,human
137,human
138,human
139,human
140,human
141,human
142,human
143,human
144,human
145,human
146,human
147,human
148,human
149,human
150,human
151,human
152,human
153,human
154,human
155,human
156,human
157,human
158,human
159,human
160,human
161,human
162,human
163,human
164,human
165,human
166,human
167,human
168,human
169,human
170,human
171,human
172,human
173,human
174,human
175,human
176,human
177,human
178,human
179,human
180,human
181,human
182,human
183,human
184,human
185,human
186,human
187,human
188,human
189,human
190,human
191,human
192,human
193,human
194,human
195,human
196,human
197,human
198,human
199,human
200,human
201,human
202,human
203,human
204,human
205,human
206,human
207,human
208,human
209,human
210,human
211,human
212,human
213,human
214,human
215,human
216,human
217,human
218,human
219,human
220,human
221,human
222,human
223,human
224,human
225,human
226,human
227,human
228,human
229,human
230,human
231,human
232,human
233,human
234,human
235,human
236,human
237,human
238,human
239,human
240,human
241,human
242,human
243,human
244,human
245,human
246,human
247,human
248,human
249,human
250,human
251,human
252,human
253,human
254,human
255,human
256,human
257,human
258,human
259,human
260,human
261,human
262,human
263,human
264,human
265,human
266,human
267,human
268,human
269,human
270,human
271,human
272,human
273,human
274,human
275,human
276,human
277,human
278,human
279,human
280,human
281,human
282,human
283,human
284,human
285,human
286,human
287,human
288,human
289,human
290,human
291,human
292,human
293,human
294,human
295,human
296,human
297,human
298,human
299,human
300,human
301,human
302,human
303,human
304,human
305,human
306,human
307,human
308,human
309,human
310,human
311,human
312,human
313,human
314,human
315,human
316,human
317,human
318,human
319,human
320,human
321,human
322,human
323,human
324,human
325,human
326,human
327,human
328,human
329,human
330,human
331,human
332,human
333,human
334,human
335,human
336,human
337,human
338,human
339,human
340,human
341,human
342,human
343,human
344,human
345,human
346,human
347,human
348,human
349,human
350,human
351,human
352,human
353,human
354,human
355,human
356,human
357,human
358,human
359,human
360,human
361,human
362,human
363,human
364,human
365,human
366,human
367,human
368,human
369,human
370,human
371,human
372,human
373,human
374,human
375,human
376,human
377,human
378,human
379,human
380,human
381,human
382,human
383,human
384,human
385,human
386,human
387,human
388,human
389,human
390,human
391,human
392,human
393,human
394,human
395,human
396,human
397,human
398,human
399,human
400,human
401,human
402,human
403,human
404,human
405,human
406,human
407,human
408,human
409,human
410,human
411,human
412,human
413,human
414,human
415,human
416,human
417,human
418,human
419,human
420,human
421,human
422,human
423,human
424,human
425,human
426,human
427,human
428,human
429,human
430,human
431,human
432,human
433,human
434,human
435,human
436,human
437,human
438,human
439,human
440,human
441,human
442,human
443,human
444,human
445,human
446,human
447,human
448,human
449,human
450,human
451,human
452,human
453,human
454,human
455,human
456,human
457,human
458,human
459,human
460,human
461,human
462,human
463,human
464,human
465,human
466,human
467,human
468,human
469,human
470,human
471,human
472,human
473,human
474,human
475,human
476,human
477,human
478,human
479,human
480,human
481,human
482,human
483,human
484,human
485,human
486,human
487,human
488,human
489,human
490,human
491,human
492,human
493,human
494,human
495,human
496,human
497,human
498,human
499,human
500,human
501,human
502,human
503,human
504,human
505,human
506,human
507,human
508,human
509,human
510,human
511,human
512,human
513,human
514,human
515,human
516,human
517,human
518,human
519,human
520,human
521,human
522,human
523,human
524,human
525,human
526,human
527,human
528,human
529,human
530,human
531,human
532,human
533,human
534,human
535,human
536,human
537,human
538,human
539,human
540,human
541,human
542,human
543,human
544,human
545,human
546,human
547,human
548,human
549,human
550,human
551,human
552,human
553,human
554,human
555,human
556,human
557,human
558,human
559,human
560,human
561,human
562,human
563,human
564,human
565,human
566,human
567,human
568,human
569,human
570,human
571,human
572,human
573,human
574,human
575,human
576,human
577,human
578,human
579,human
580,human
581,human
582,human
583,human
584,human
585,human
586,human
587,human
588,human
589,human
590,human
591,human
592,human
593,human
594,human
595,human
596,human
597,human
598,human
599,human
600,human
601,human
602,human
603,human
604,human
605,human
606,human
607,human
608,human
609,human
610,human
611,human
612,human
613,human
614,human
615,human
616,human
617,human
618,human
619,human
620,human
621,human
622,human
623,human
624,human
625,human
626,human
627,human
628,human
629,human
630,human
631,human
632,human
633,human
634,human
635,human
636,human
637,human
638,human
639,human
640,human
641,human
642,human
643,human
644,human
645,human
646,human
647,human
648,human
649,human
650,human
651,human
652,human
653,human
654,human
655,human
656,human
657,human
658,human
659,human
660,human
661,human
662,human
663,human
664,human
665,human
666,human
667,human
668,human
669,human
670,human
671,human
672,human
673,human
674,human
675,human
676,human
677,human
678,human
679,human
680,human
681,human
682,human
683,human
684,human
685,human
686,human
687,human
688,human
689,human
690,human
691,human
692,human
693,human
694,human
695,human
696,human
697,human
698,human
699,human
700,human
701,human
702,human
703,human
704,human
705,human
706,human
707,human
708,human
709,human
710,human
711,human
712,human
713,human
714,human
715,human
716,human
717,human
718,human
719,human
720,human
721,human
722,human
723,human
724,human
725,human
726,human
727,human
728,human
729,human
730,human
731,human
732,human
733,human
734,human
735,human
736,human
737,human
738,human
739,human
740,human
741,human
742,human
743,human
744,human
745,human
746,human
747,human
748,human
749,human
750,human
751,human
752,human
753,human
754,human
755,human
756,human
757,human
758,human
759,human
760,human
761,human
762,human
763,human
764,human
765,human
766,human
767,human
768,human
769,human
770,human
771,human
772,human
773,human
774,human
775,human
776,human
777,human
778,human
779,human
780,human
781,human
782,human
783,human
784,human
785,human
786,human
787,human
788,human
789,human
790,human
791,human
792,human
793,human
794,human
795,human
796,human
797,human
798,human
799,human
800,human
801,human
802,human
803,human
804,human
805,human
806,human
807,human
808,human
809,human
810,human
811,human
812,human
813,human
814,human
815,human
816,human
817,human
818,human
819,human
820,human
821,human
822,human
823,human
824,human
825,human
826,human
827,human
828,human
829,human
830,human
831,human
832,human
833,human
834,human
835,human
836,human
837,human
838,human
839,human
840,human
841,human
842,human
843,human
844,human
845,human
846,human
847,human
848,human
849,human
850,human
851,human
852,human
853,human
854,human
855,human
856,human
857,human
858,human
859,human
860,human
861,human
862,human
863,human
864,human
865,human
866,human
867,human
868,human
869,human
870,human
871,human
872,human
873,human
874,human
875,human
876,human
877,human
878,human
879,human
880,human
881,human
882,human
883,human
884,human
885,human
886,human
887,human
888,human
889,human
890,human
891,human
892,human
893,human
894,human
895,human
896,human
897,human
898,human
899,human
900,human
901,human
902,human
903,human
904,human
905,human
906,human
907,human
908,human
909,human
910,human
911,human
912,human
913,human
914,human
915,human
916,human
917,human
918,human
919,human
920,human
921,human
922,human
923,human
924,human
925,human
926,human
927,human
928,human
929,human
930,human
931,human
932,human
933,human
934,human
935,human
936,human
937,human
938,human
939,human
940,human
941,human
942,human
943,human
944,human
945,human
946,human
947,human
948,human
949,human
950,human
951,human
952,human
953,human
954,human
955,human
956,human
957,human
958,human
959,human
960,human
961,human
962,human
963,human
964,human
965,human
966,human
967,human
968,human
969,human
970,human
971,human
972,human
973,human
974,human
975,human
976,human
977,human
978,human
979,human
980,human
981,human
982,human
983,human
984,human
985,human
986,human
987,human
988,human
989,human
990,human
991,human
992,human
993,human
994,human
995,human
996,human
997,human
998,human
999,human
1000,human
1001,human
1002,human
1003,human
1004,human
1005,human
1006,human
1007,human
1008,human
1009,human
1010,human
1011,human
1012,human
1013,human
1014,human
1015,human
1016,human
1017,human
1018,human
1019,human
1020,human
1021,human
1022,human
1023,human
1024,human
1025,human
1026,human
1027,human
1028,human
1029,human
1030,human
1031,human
1032,human
1033,human
1034,human
1035,human
1036,human
1037,human
1038,human
1039,human
1040,human
1041,human
1042,human
1043,human
1044,human
1045,human
1046,human
1047,human
1048,human
1049,human
1050,human
1051,human
1052,human
1053,human
1054,human
1055,human
1056,human
1057,human
1058,human
1059,human
1060,human
1061,human
1062,human
1063,human
1064,human
1065,human
1066,human
1067,human
1068,human
1069,human
1070,human
1071,human
1072,human
1073,human
1074,human
1075,human
1076,human
1077,human
1078,human
1079,human
1080,human
1081,human
1082,human
1083,human
1084,human
1085,human
1086,human
1087,human
1088,human
1089,human
1090,human
1091,human
1092,human
1093,human
1094,human
1095,human
1096,human
1097,human
1098,human
1099,human
1100,human
1101,human
1102,human
1103,human
1104,human
1105,human
1106,human
1107,human
1108,human
1109,human
1110,human
1111,human
1112,human
1113,human
1114,human
1115,human
1116,human
1117,human
1118,human
1119,human
1120,human
1121,human
1122,human
1123,human
1124,human
1125,human
1126,human
1127,human
1128,human
1129,human
1130,human
1131,human
1132,human
1133,human
1134,human
1135,human
1136,human
1137,human
1138,human
1139,human
1140,human
1141,human
1142,human
1143,human
1144,human
1145,human
1146,human
1147,human
1148,human
1149,human
1150,human
1151,human
1152,human
1153,human
1154,human
1155,human
1156,human
1157,human
1158,human
1159,human
1160,human
1161,human
1162,human
1163,human
1164,human
1165,human
1166,human
1167,human
1168,human
1169,human
1170,human
1171,human
1172,human
1173,human
1174,human
1175,human
1176,human
1177,human
1178,human
1179,human
1180,human
1181,human
1182,human
1183,human
1184,human
1185,human
1186,human
1187,human
1188,human
1189,human
1190,human
1191,human
1192,human
1193,human
1194,human
1195,human
1196,human
1197,human
1198,human
1199,human
1200,human
1201,human
1202,human
1203,human
1204,human
1205,human
1206,human
1207,human
1208,human
1209,human
1210,human
1211,human
1212,human
1213,human
1214,human
1215,human
1216,human
1217,human
1218,human
1219,human
1220,human
1221,human
1222,human
1223,human
1224,human
1225,human
1226,human
1227,human
1228,human
1229,human
1230,human
1231,human
1232,human
1233,human
1234,human
1235,human
1236,human
1237,human
1238,human
1239,human
1240,human
1241,human
1242,human
1243,human
1244,human
1245,human
1246,human
1247,human
1248,human
1249,human
1250,human
1251,human
1252,human
1253,human
1254,human
1255,human
1256,human
1257,human
1258,human
1259,human
1260,human
1261,human
1262,human
1263,human
1264,human
1265,human
1266,human
1267,human
1268,human
1269,human
1270,human
1271,human
1272,human
1273,human
1274,human
1275,human
1276,human
1277,human
1278,human
1279,human
1280,human
1281,human
1282,human
1283,human
1284,human
1285,human
1286,human
1287,human
1288,human
1289,human
1290,human
1291,human
1292,human
1293,human
1294,human
1295,human
1296,human
1297,human
1298,human
1299,human
1300,human
1301,human
1302,human
1303,human
1304,human
1305,human
1306,human
1307,human
1308,human
1309,human
1310,human
1311,human
1312,human
1313,human
1314,human
1315,human
1316,human
1317,human
1318,human
1319,human
1320,human
1321,human
1322,human
1323,human
1324,human
1325,human
1326,human
1327,human
1328,human
1329,human
1330,human
1331,human
1332,human
1333,human
1334,human
1335,human
1336,human
1337,human
1338,human
1339,human
1340,human
1341,human
1342,human
1343,human
1344,human
1345,human
1346,human
1347,human
1348,human
1349,human
1350,human
1351,human
1352,human
1353,human
1354,human
1355,human
1356,human
1357,human
1358,human
1359,human
1360,human
1361,human
1362,human
1363,human
1364,human
1365,human
1366,human
1367,human
1368,human
1369,human
1370,human
1371,human
1372,human
1373,human
1374,human
1375,human
1376,human
1377,human
1378,human
1379,human
1380,human
1381,human
1382,human
1383,human
1384,human
1385,human
1386,human
1387,human
1388,human
1389,human
1390,human
1391,human
1392,human
1393,human
1394,human
1395,human
1396,human
1397,human
1398,human
1399,human
1400,human
1401,human
1402,human
1403,human
1404,human
1405,human
1406,human
1407,human
1408,human
1409,human
1410,human
1411,human
1412,human
1413,human
1414,human
1415,human
1416,human
1417,human
1418,human
1419,human
1420,human
1421,human
1422,human
1423,human
1424,human
1425,human
1426,human
1427,human
1428,human
1429,human
1430,human
1431,human
1432,human
1433,human
1434,human
1435,human
1436,human
1437,human
1438,human
1439,human
1440,human
1441,human
1442,human
1443,human
1444,human
1445,human
1446,human
1447,human
1448,human
1449,human
1450,human
1451,human
1452,human
1453,human
1454,human
1455,human
1456,human
1457,human
1458,human
1459,human
1460,human
1461,human
1462,human
1463,human
1464,human
1465,human
1466,human
1467,human
1468,human
1469,human
1470,human
1471,human
1472,human
1473,human
1474,human
1475,human
1476,human
1477,human
1478,human
1479,human
1480,human
1481,human
1482,human
1483,human
1484,human
1485,human
1486,human
1487,human
1488,human
1489,human
1490,human
1491,human
1492,human
1493,human
1494,human
1495,human
1496,human
1497,human
1498,human
1499,human
1500,human
1501,human
1502,human
1503,human
1504,human
1505,human
1506,human
1507,human
1508,human
1509,human
1510,human
1511,human
1512,human
1513,human
1514,human
1515,human
1516,human
1517,human
1518,human
1519,human
1520,human
1521,human
1522,human
1523,human
1524,human
1525,human
1526,human
1527,human
1528,human
1529,human
1530,human
1531,human
1532,human
1533,human
1534,human
1535,human
1536,human
1537,human
1538,human
1539,human
1540,human
1541,human
1542,human
1543,human
1544,human
1545,human
1546,human
1547,human
1548,human
1549,human
1550,human
1551,human
1552,human
1553,human
1554,human
1555,human
1556,human
1557,human
1558,human
1559,human
1560,human
1561,human
1562,human
1563,human
1564,human
1565,human
1566,human
1567,human
1568,human
1569,human
1570,human
1571,human
1572,human
1573,human
1574,human
1575,human
1576,human
1577,human
1578,human
1579,human
1580,human
1581,human
1582,human
1583,human
1584,human
1585,human
1586,human
1587,human
1588,human
1589,human
1590,human
1591,human
1592,human
1593,human
1594,human
1595,human
1596,human
1597,human
1598,human
1599,human
1600,human
1601,human
1602,human
1603,human
1604,human
1605,human
1606,human
1607,human
1608,human
1609,human
1610,human
1611,human
1612,human
1613,human
1614,human
1615,human
1616,human
1617,human
1618,human
1619,human
1620,human
1621,human
1622,human
1623,human
1624,human
1625,human
1626,human
1627,human
1628,human
1629,human
1630,human
1631,human
1632,human
1633,human
1634,human
1635,human
1636,human
1637,human
1638,human
1639,human
1640,human
1641,human
1642,human
1643,human
1644,human
1645,human
1646,human
1647,human
1648,human
1649,human
1650,human
1651,human
1652,human
1653,human
1654,human
1655,human
1656,human
1657,human
1658,human
1659,human
1660,human
1661,human
1662,human
1663,human
1664,human
1665,human
1666,human
1667,human
1668,human
1669,human
1670,human
1671,human
1672,human
1673,human
1674,human
1675,human
1676,human
1677,human
1678,human
1679,human
1680,human
1681,human
1682,human
1683,human
1684,human
1685,human
1686,human
1687,human
1688,human
1689,human
1690,human
1691,human
1692,human
1693,human
1694,human
1695,human
1696,human
1697,human
1698,human
1699,human
1700,human
1701,human
1702,human
1703,human
1704,human
1705,human
1706,human
1707,human
1708,human
1709,human
1710,human
1711,human
1712,human
1713,human
1714,human
1715,human
1716,human
1717,human
1718,human
1719,human
1720,human
1721,human
1722,human
1723,human
1724,human
1725,human
1726,human
1727,human
1728,human
1729,human
1730,human
1731,human
1732,human
1733,human
1734,human
1735,human
1736,human
1737,human
1738,human
1739,human
1740,human
1741,human
1742,human
1743,human
1744,human
1745,human
1746,human
1747,human
1748,human
1749,human
1750,human
1751,human
1752,human
1753,human
1754,human
1755,human
1756,human
1757,human
1758,human
1759,human
1760,human
1761,human
1762,human
1763,human
1764,human
1765,human
1766,human
1767,human
1768,human
1769,human
1770,human
1771,human
1772,human
1773,human
1774,human
1775,human
1776,human
1777,human
1778,human
1779,human
1780,human
1781,human
1782,human
1783,human
1784,human
1785,human
1786,human
1787,human
1788,human
1789,human
1790,human
1791,human
1792,human
1793,human
1794,human
1795,human
1796,human
1797,human
1798,human
1799,human
1800,human
1801,human
1802,human
1803,human
1804,human
1805,human
1806,human
1807,human
1808,human
1809,human
1810,human
1811,human
1812,human
1813,human
1814,human
1815,human
1816,human
1817,human
1818,human
1819,human
1820,human
1821,human
1822,human
1823,human
1824,human
1825,human
1826,human
1827,human
1828,human
1829,human
1830,human
1831,human
1832,human
1833,human
1834,human
1835,human
1836,human
1837,human
1838,human
1839,human
1840,human
1841,human
1842,human
1843,human
1844,human
1845,human
1846,human
1847,human
1848,human
1849,human
1850,human
1851,human
1852,human
1853,human
1854,human
1855,human
1856,human
1857,human
1858,human
1859,human
1860,human
1861,human
1862,human
1863,human
1864,human
1865,human
1866,human
1867,human
1868,human
1869,human
1870,human
1871,human
1872,human
1873,human
1874,human
1875,human
1876,human
1877,human
1878,human
1879,human
1880,human
1881,human
1882,human
1883,human
1884,human
1885,human
1886,human
1887,human
1888,human
1889,human
1890,human
1891,human
1892,human
1893,human
1894,human
1895,human
1896,human
1897,human
1898,human
1899,human
1900,human
1901,human
1902,human
1903,human
1904,human
1905,human
1906,human
1907,human
1908,human
1909,human
1910,human
1911,human
1912,human
1913,human
1914,human
1915,human
1916,human
1917,human
1918,human
1919,human
1920,human
1921,human
1922,human
1923,human
1924,human
1925,human
1926,human
1927,human
1928,human
1929,human
1930,human
1931,human
1932,human
1933,human
1934,human
1935,human
1936,human
1937,human
1938,human
1939,human
1940,human
1941,human
1942,human
1943,human
1944,human
1945,human
1946,human
1947,human
1948,human
1949,human
1950,human
1951,human
1952,human
1953,human
1954,human
1955,human
1956,human
1957,human
1958,human
1959,human
1960,human
1961,human
1962,human
1963,human
1964,human
1965,human
1966,human
1967,human
1968,human
1969,human
1970,human
1971,human
1972,human
1973,human
1974,human
1975,human
1976,human
1977,human
1978,human
1979,human
1980,human
1981,human
1982,human
1983,human
1984,human
1985,human
1986,human
1987,human
1988,human
1989,human
1990,human
1991,human
1992,human
1993,human
1994,human
1995,human
1996,human
1997,human
1998,human
1999,human
2000,human
2001,human
2002,human
2003,human
2004,human
2005,human
2006,human
2007,human
2008,human
2009,human
2010,human
2011,human
2012,human
2013,human
2014,human
2015,human
2016,human
2017,human
2018,human
2019,human
2020,human
2021,human
2022,human
2023,human
2024,human
2025,human
2026,human
2027,human
2028,human
2029,human
2030,human
2031,human
2032,human
2033,human
2034,human
2035,human
2036,human
2037,human
2038,human
2039,human
2040,human
2041,human
2042,human
2043,human
2044,human
2045,human
2046,human
2047,human
2048,human
2049,human
2050,human
2051,human
2052,human
2053,human
2054,human
2055,human
2056,human
2057,human
2058,human
2059,human
2060,human
2061,human
2062,human
2063,human
2064,human
2065,human
2066,human
2067,human
2068,human
2069,human
2070,human
2071,human
2072,human
2073,human
2074,human
2075,human
2076,human
2077,human
2078,human
2079,human
2080,human
2081,human
2082,human
2083,human
2084,human
2085,human
2086,human
2087,human
2088,human
2089,human
2090,human
2091,human
2092,human
2093,human
2094,human
2095,human
2096,human
2097,human
2098,human
2099,human
2100,human
2101,human
2102,human
2103,human
2104,human
2105,human
2106,human
2107,human
2108,human
2109,human
2110,human
2111,human
2112,human
2113,human
2114,human
2115,human
2116,human
2117,human
2118,human
2119,human
2120,human
2121,human
2122,human
2123,human
2124,human
2125,human
2126,human
2127,human
2128,human
2129,human
2130,human
2131,human
2132,human
2133,human
2134,human
2135,human
2136,human
2137,human
2138,human
2139,human
2140,human
2141,human
2142,human
2143,human
2144,human
2145,human
2146,human
2147,human
2148,human
2149,human
2150,human
2151,human
2152,human
2153,human
2154,human
2155,human
2156,human
2157,human
2158,human
2159,human
2160,human
2161,human
2162,human
2163,human
2164,human
2165,human
2166,human
2167,human
2168,human
2169,human
2170,human
2171,human
2172,human
2173,human
2174,human
2175,human
2176,human
2177,human
2178,human
2179,human
2180,human
2181,human
2182,human
2183,human
2184,human
2185,human
2186,human
2187,human
2188,human
2189,human
2190,human
2191,human
2192,human
2193,human
2194,human
2195,human
2196,human
2197,human
2198,human
2199,human
2200,human
2201,human
2202,human
2203,human
2204,human
2205,human
2206,human
2207,human
2208,human
2209,human
2210,human
2211,human
2212,human
2213,human
2214,human
2215,human
2216,human
2217,human
2218,human
2219,human
2220,human
2221,human
2222,human
2223,human
2224,human
2225,human
2226,human
2227,human
2228,human
2229,human
2230,human
2231,human
2232,human
2233,human
2234,human
2235,human
2236,human
2237,human
2238,human
2239,human
2240,human
2241,human
2242,human
2243,human
2244,human
2245,human
2246,human
2247,human
2248,human
2249,human
2250,human
2251,human
2252,human
2253,human
2254,human
2255,human
2256,human
2257,human
2258,human
2259,human
2260,human
2261,human
2262,human
2263,human
2264,human
2265,human
2266,human
2267,human
2268,human
2269,human
2270,human
2271,human
2272,human
2273,human
2274,human
2275,human
2276,human
2277,human
2278,human
2279,human
2280,human
2281,human
2282,human
2283,human
2284,human
2285,human
2286,human
2287,human
2288,human
2289,human
2290,human
2291,human
2292,human
2293,human
2294,human
2295,human
2296,human
2297,human
2298,human
2299,human
2300,human
2301,human
2302,human
2303,human
2304,human
2305,human
2306,human
2307,human
2308,human
2309,human
2310,human
2311,human
2312,human
2313,human
2314,human
2315,human
2316,human
2317,human
2318,human
2319,human
2320,human
2321,human
2322,human
2323,human
2324,human
2325,human
2326,human
2327,human
2328,human
2329,human
2330,human
2331,human
2332,human
2333,human
2334,human
2335,human
2336,human
2337,human
2338,human
2339,human
2340,human
2341,human
2342,human
2343,human
2344,human
2345,human
2346,human
2347,human
2348,human
2349,human
2350,human
2351,human
2352,human
2353,human
2354,human
2355,human
2356,human
2357,human
2358,human
2359,human
2360,human
2361,human
2362,human
2363,human
2364,human
2365,human
2366,human
2367,human
2368,human
2369,human
2370,human
2371,human
2372,human
2373,human
2374,human
2375,human
2376,human
2377,human
2378,human
2379,human
2380,human
2381,human
2382,human
2383,human
2384,human
2385,human
2386,human
2387,human
2388,human
2389,human
2390,human
2391,human
2392,human
2393,human
2394,human
2395,human
2396,human
2397,human
2398,human
2399,human
2400,human
2401,human
2402,human
2403,human
2404,human
2405,human
2406,human
2407,human
2408,human
2409,human
2410,human
2411,human
2412,human
2413,human
2414,human
2415,human
2416,human
2417,human
2418,human
2419,human
2420,human
2421,human
2422,human
2423,human
2424,human
2425,human
2426,human
2427,human
2428,human
2429,human
2430,human
2431,human
2432,human
2433,human
2434,human
2435,human
2436,human
2437,human
2438,human
2439,human
2440,human
2441,human
2442,human
2443,human
2444,human
2445,human
2446,human
2447,human
2448,human
2449,human
2450,human
2451,human
2452,human
2453,human
2454,human
2455,human
2456,human
2457,human
2458,human
2459,human
2460,human
2461,human
2462,human
2463,human
2464,human
2465,human
2466,human
2467,human
2468,human
2469,human
2470,human
2471,human
2472,human
2473,human
2474,human
2475,human
2476,human
2477,human
2478,human
2479,human
2480,human
2481,human
2482,human
2483,human
2484,human
2485,human
2486,human
2487,human
2488,human
2489,human
2490,human
2491,human
2492,human
2493,human
2494,human
2495,human
2496,human
2497,human
2498,human
2499,human
2500,human
2501,human
2502,human
2503,human
2504,human
2505,human
2506,human
2507,human
2508,human
2509,human
2510,human
2511,human
2512,human
2513,human
2514,human
2515,human
2516,human
2517,human
2518,human
2519,human
2520,human
2521,human
2522,human
2523,human
2524,human
2525,human
2526,human
2527,human
2528,human
2529,human
2530,human
2531,human
2532,human
2533,human
2534,human
2535,human
2536,human
2537,human
2538,human
2539,human
2540,human
2541,human
2542,human
2543,human
2544,human
2545,human
2546,human
2547,human
2548,human
2549,human
2550,human
2551,human
2552,human
2553,human
2554,human
2555,human
2556,human
2557,human
2558,human
2559,human
2560,human
2561,human
2562,human
2563,human
2564,human
2565,human
2566,human
2567,human
2568,human
2569,human
2570,human
2571,human
2572,human
2573,human
2574,human
2575,human
2576,human
2577,human
2578,human
2579,human
2580,human
2581,human
2582,human
2583,human
2584,human
2585,human
2586,human
2587,human
2588,human
2589,human
2590,human
2591,human
2592,human
2593,human
2594,human
2595,human
2596,human
2597,human
2598,human
2599,human
2600,human
2601,human
2602,human
2603,human
2604,human
2605,human
2606,human
2607,human
2608,human
2609,human
2610,human
2611,human
2612,human
2613,human
2614,human
2615,human
2616,human
2617,human
2618,human
2619,human
2620,human
2621,human
2622,human
2623,human
2624,human
2625,human
2626,human
2627,human
2628,human
2629,human
2630,human
2631,human
2632,human
2633,human
2634,human
2635,human
2636,human
2637,human
2638,human
2639,human
2640,human
2641,human
2642,human
2643,human
2644,human
2645,human
2646,human
2647,human
2648,human
2649,human
2650,human
2651,human
2652,human
2653,human
2654,human
2655,human
2656,human
2657,human
2658,human
2659,human
2660,human
2661,human
2662,human
2663,human
2664,human
2665,human
2666,human
2667,human
2668,human
2669,human
2670,human
2671,human
2672,human
2673,human
2674,human
2675,human
2676,human
2677,human
2678,human
2679,human
2680,human
2681,human
2682,human
2683,human
2684,human
2685,human
2686,human
2687,human
2688,human
2689,human
2690,human
2691,human
2692,human
2693,human
2694,human
2695,human
2696,human
2697,human
2698,human
2699,human
2700,human
2701,human
2702,human
2703,human
2704,human
2705,human
2706,human
2707,human
2708,human
2709,human
2710,human
2711,human
2712,human
2713,human
2714,human
2715,human
2716,human
2717,human
2718,human
2719,human
2720,human
2721,human
2722,human
2723,human
2724,human
2725,human
2726,human
2727,human
2728,human
2729,human
2730,human
2731,human
2732,human
2733,human
2734,human
2735,human
2736,human
2737,human
2738,human
2739,human
2740,human
2741,human
2742,human
2743,human
2744,human
2745,human
2746,human
2747,human
2748,human
2749,human
2750,human
2751,human
2752,human
2753,human
2754,human
2755,human
2756,human
2757,human
2758,human
2759,human
2760,human
2761,human
2762,human
2763,human
2764,human
2765,human
2766,human
2767,human
2768,human
2769,human
2770,human
2771,human
2772,human
2773,human
2774,human
2775,human
2776,human
2777,human
2778,human
2779,human
2780,human
2781,human
2782,human
2783,human
2784,human
2785,human
2786,human
2787,human
2788,human
2789,human
2790,human
2791,human
2792,human
2793,human
2794,human
2795,human
2796,human
2797,human
2798,human
2799,human
2800,human
2801,human
2802,human
2803,human
2804,human
2805,human
2806,human
2807,human
2808,human
2809,human
2810,human
2811,human
2812,human
2813,human
2814,human
2815,human
2816,human
2817,human
2818,human
2819,human
2820,human
2821,human
2822,human
2823,human
2824,human
2825,human
2826,human
2827,human
2828,human
2829,human
2830,human
2831,human
2832,human
2833,human
2834,human
2835,human
2836,human
2837,human
2838,human
2839,human
2840,human
2841,human
2842,human
2843,human
2844,human
2845,human
2846,human
2847,human
2848,human
2849,human
2850,human
2851,human
2852,human
2853,human
2854,human
2855,human
2856,human
2857,human
2858,human
2859,human
2860,human
2861,human
2862,human
2863,human
2864,human
2865,human
2866,human
2867,human
2868,human
2869,human
2870,human
2871,human
2872,human
2873,human
2874,human
2875,human
2876,human
2877,human
2878,human
2879,human
2880,human
2881,human
2882,human
2883,human
2884,human
2885,human
2886,human
2887,human
2888,human
2889,human
2890,human
2891,human
2892,human
2893,human
2894,human
2895,human
2896,human
2897,human
2898,human
2899,human
2900,human
2901,human
2902,human
2903,human
2904,human
2905,human
2906,human
2907,human
2908,human
2909,human
2910,human
2911,human
2912,human
2913,human
2914,human
2915,human
2916,human
2917,human
2918,human
2919,human
2920,human
2921,human
2922,human
2923,human
2924,human
2925,human
2926,human
2927,human
2928,human
2929,human
2930,human
2931,human
2932,human
2933,human
2934,human
2935,human
2936,human
2937,human
2938,human
2939,human
2940,human
2941,human
2942,human
2943,human
2944,human
2945,human
2946,human
2947,human
2948,human
2949,human
2950,human
2951,human
2952,human
2953,human
2954,human
2955,human
2956,human
2957,human
2958,human
2959,human
2960,human
2961,human
2962,human
2963,human
2964,human
2965,human
2966,human
2967,human
2968,human
2969,human
2970,human
2971,human
2972,human
2973,human
2974,human
2975,human
2976,human
2977,human
2978,human
2979,human
2980,human
2981,human
2982,human
2983,human
2984,human
2985,human
2986,human
2987,human
2988,human
2989,human
2990,human
2991,human
2992,human
2993,human
2994,human
2995,human
2996,human
2997,human
2998,human
2999,human
3000,human
3001,human
3002,human
3003,human
3004,human
3005,human
3006,human
3007,human
3008,human
3009,human
3010,human
3011,human
3012,human
3013,human
3014,human
3015,human
3016,human
3017,human
3018,human
3019,human
3020,human
3021,human
3022,human
3023,human
3024,human
3025,human
3026,human
3027,human
3028,human
3029,human
3030,human
3031,human
3032,human
3033,human
3034,human
3035,human
3036,human
3037,human
3038,human
3039,human
3040,human
3041,human
3042,human
3043,human
3044,human
3045,human
3046,human
3047,human
3048,human
3049,human
3050,human
3051,human
3052,human
3053,human
3054,human
3055,human
3056,human
3057,human
3058,human
3059,human
3060,human
3061,human
3062,human
3063,human
3064,human
3065,human
3066,human
3067,human
3068,human
3069,human
3070,human
3071,human
3072,human
3073,human
3074,human
3075,human
3076,human
3077,human
3078,human
3079,human
3080,human
3081,human
3082,human
3083,human
3084,human
3085,human
3086,human
3087,human
3088,human
3089,human
3090,human
3091,human
3092,human
3093,human
3094,human
3095,human
3096,human
3097,human
3098,human
3099,human
3100,human
3101,human
3102,human
3103,human
3104,human
3105,human
3106,human
3107,human
3108,human
3109,human
3110,human
3111,human
3112,human
3113,human
3114,human
3115,human
3116,human
3117,human
3118,human
3119,human
3120,human
3121,human
3122,human
3123,human
3124,human
3125,human
3126,human
3127,human
3128,human
3129,human
3130,human
3131,human
3132,human
3133,human
3134,human
3135,human
3136,human
3137,human
3138,human
3139,human
3140,human
3141,human
3142,human
3143,human
3144,human
3145,human
3146,human
3147,human
3148,human
3149,human
3150,human
3151,human
3152,human
3153,human
3154,human
3155,human
3156,human
3157,human
3158,human
3159,human
3160,human
3161,human
3162,human
3163,human
3164,human
3165,human
3166,human
3167,human
3168,human
3169,human
3170,human
3171,human
3172,human
3173,human
3174,human
3175,human
3176,human
3177,human
3178,human
3179,human
3180,human
3181,human
3182,human
3183,human
3184,human
3185,human
3186,human
3187,human
3188,human
3189,human
3190,human
3191,human
3192,human
3193,human
3194,human
3195,human
3196,human
3197,human
3198,human
3199,human
3200,human
3201,human
3202,human
3203,human
3204,human
3205,human
3206,human
3207,human
3208,human
3209,human
3210,human
3211,human
3212,human
3213,human
3214,human
3215,human
3216,human
3217,human
3218,human
3219,human
3220,human
3221,human
3222,human
3223,human
3224,human
3225,human
3226,human
3227,human
3228,human
3229,human
3230,human
3231,human
3232,human
3233,human
3234,human
3235,human
3236,human
3237,human
3238,human
3239,human
3240,human
3241,human
3242,human
3243,human
3244,human
3245,human
3246,human
3247,human
3248,human
3249,human
3250,human
3251,human
3252,human
3253,human
3254,human
3255,human
3256,human
3257,human
3258,human
3259,human
3260,human
3261,human
3262,human
3263,human
3264,human
3265,human
3266,human
3267,human
3268,human
3269,human
3270,human
3271,human
3272,human
3273,human
3274,human
3275,human
3276,human
3277,human
3278,human
3279,human
3280,human
3281,human
3282,human
3283,human
3284,human
3285,human
3286,human
3287,human
3288,human
3289,human
3290,human
3291,human
3292,human
3293,human
3294,human
3295,human
3296,human
3297,human
3298,human
3299,human
3300,human
3301,human
3302,human
3303,human
3304,human
3305,human
3306,human
3307,human
3308,human
3309,human
3310,human
3311,human
3312,human
3313,human
3314,human
3315,human
3316,human
3317,human
3318,human
3319,human
3320,human
3321,human
3322,human
3323,human
3324,human
3325,human
3326,human
3327,human
3328,human
3329,human
3330,human
3331,human
3332,human
3333,human
3334,human
3335,human
3336,human
3337,human
3338,human
3339,human
3340,human
3341,human
3342,human
3343,human
3344,human
3345,human
3346,human
3347,human
3348,human
3349,human
3350,human
3351,human
3352,human
3353,human
3354,human
3355,human
3356,human
3357,human
3358,human
3359,human
3360,human
3361,human
3362,human
3363,human
3364,human
3365,human
3366,human
3367,human
3368,human
3369,human
3370,human
3371,human
3372,human
3373,human
3374,human
3375,human
3376,human
3377,human
3378,human
3379,human
3380,human
3381,human
3382,human
3383,human
3384,human
3385,human
3386,human
3387,human
3388,human
3389,human
3390,human
3391,human
3392,human
3393,human
3394,human
3395,human
3396,human
3397,human
3398,human
3399,human
3400,human
3401,human
3402,human
3403,human
3404,human
3405,human
3406,human
3407,human
3408,human
3409,human
3410,human
3411,human
3412,human
3413,human
3414,human
3415,human
3416,human
3417,human
3418,human
3419,human
3420,human
3421,human
3422,human
3423,human
3424,human
3425,human
3426,human
3427,human
3428,human
3429,human
3430,human
3431,human
3432,human
3433,human
3434,human
3435,human
3436,human
3437,human
3438,human
3439,human
3440,human
3441,human
3442,human
3443,human
3444,human
3445,human
3446,human
3447,human
3448,human
3449,human
3450,human
3451,human
3452,human
3453,human
3454,human
3455,human
3456,human
3457,human
3458,human
3459,human
3460,human
3461,human
3462,human
3463,human
3464,human
3465,human
3466,human
3467,human
3468,human
3469,human
3470,human
3471,human
3472,human
3473,human
3474,human
3475,human
3476,human
3477,human
3478,human
3479,human
3480,human
3481,human
3482,human
3483,human
3484,human
3485,human
3486,human
3487,human
3488,human
3489,human
3490,human
3491,human
3492,human
3493,human
3494,human
3495,human
3496,human
3497,human
3498,human
3499,human
3500,human
3501,human
3502,human
3503,human
3504,human
3505,human
3506,human
3507,human
3508,human
3509,human
3510,human
3511,human
3512,human
3513,human
3514,human
3515,human
3516,human
3517,human
3518,human
3519,human
3520,human
3521,human
3522,human
3523,human
3524,human
3525,human
3526,human
3527,human
3528,human
3529,human
3530,human
3531,human
3532,human
3533,human
3534,human
3535,human
3536,human
3537,human
3538,human
3539,human
3540,human
3541,human
3542,human
3543,human
3544,human
3545,human
3546,human
3547,human
3548,human
3549,human
3550,human
3551,human
3552,human
3553,human
3554,human
3555,human
3556,human
3557,human
3558,human
3559,human
3560,human
3561,human
3562,human
3563,human
3564,human
3565,human
3566,human
3567,human
3568,human
3569,human
3570,human
3571,human
3572,human
3573,human
3574,human
3575,human
3576,human
3577,human
3578,human
3579,human
3580,human
3581,human
3582,human
3583,human
3584,human
3585,human
3586,human
3587,human
3588,human
3589,human
3590,human
3591,human
3592,human
3593,human
3594,human
3595,human
3596,human
3597,human
3598,human
3599,human
3600,human
3601,human
3602,human
3603,human
3604,human
3605,human
3606,human
3607,human
3608,human
3609,human
3610,human
3611,human
3612,human
3613,human
3614,human
3615,human
3616,human
3617,human
3618,human
3619,human
3620,human
3621,human
3622,human
3623,human
3624,human
3625,human
3626,human
3627,human
3628,human
3629,human
3630,human
3631,human
3632,human
3633,human
3634,human
3635,human
3636,human
3637,human
3638,human
3639,human
3640,human
3641,human
3642,human
3643,human
3644,human
3645,human
3646,human
3647,human
3648,human
3649,human
3650,human
3651,human
3652,human
3653,human
3654,human
3655,human
3656,human
3657,human
3658,human
3659,human
3660,human
3661,human
3662,human
3663,human
3664,human
3665,human
3666,human
3667,human
3668,human
3669,human
3670,human
3671,human
3672,human
3673,human
3674,human
3675,human
3676,human
3677,human
3678,human
3679,human
3680,human
3681,human
3682,human
3683,human
3684,human
3685,human
3686,human
3687,human
3688,human
3689,human
3690,human
3691,human
3692,human
3693,human
3694,human
3695,human
3696,human
3697,human
3698,human
3699,human
3700,human
3701,human
3702,human
3703,human
3704,human
3705,human
3706,human
3707,human
3708,human
3709,human
3710,human
3711,human
3712,human
3713,human
3714,human
3715,human
3716,human
3717,human
3718,human
3719,human
3720,human
3721,human
3722,human
3723,human
3724,human
3725,human
3726,human
3727,human
3728,human
3729,human
3730,human
3731,human
3732,human
3733,human
3734,human
3735,human
3736,human
3737,human
3738,human
3739,human
3740,human
3741,human
3742,human
3743,human
3744,human
3745,human
3746,human
3747,human
3748,human
3749,human
3750,human
3751,human
3752,human
3753,human
3754,human
3755,human
3756,human
3757,human
3758,human
3759,human
3760,human
3761,human
3762,human
3763,human
3764,human
3765,human
3766,human
3767,human
3768,human
3769,human
3770,human
3771,human
3772,human
3773,human
3774,human
3775,human
3776,human
3777,human
3778,human
3779,human
3780,human
3781,human
3782,human
3783,human
3784,human
3785,human
3786,human
3787,human
3788,human
3789,human
3790,human
3791,human
3792,human
3793,human
3794,human
3795,human
3796,human
3797,human
3798,human
3799,human
3800,human
3801,human
3802,human
3803,human
3804,human
3805,human
3806,human
3807,human
3808,human
3809,human
3810,human
3811,human
3812,human
3813,human
3814,human
3815,human
3816,human
3817,human
3818,human
3819,human
3820,human
3821,human
3822,human
3823,human
3824,human
3825,human
3826,human
3827,human
3828,human
3829,human
3830,human
3831,human
3832,human
3833,human
3834,human
3835,human
3836,human
3837,human
3838,human
3839,human
3840,human
3841,human
3842,human
3843,human
3844,human
3845,human
3846,human
3847,human
3848,human
3849,human
3850,human
3851,human
3852,human
3853,human
3854,human
3855,human
3856,human
3857,human
3858,human
3859,human
3860,human
3861,human
3862,human
3863,human
3864,human
3865,human
3866,human
3867,human
3868,human
3869,human
3870,human
3871,human
3872,human
3873,human
3874,human
3875,human
3876,human
3877,human
3878,human
3879,human
3880,human
3881,human
3882,human
3883,human
3884,human
3885,human
3886,human
3887,human
3888,human
3889,human
3890,human
3891,human
3892,human
3893,human
3894,human
3895,human
3896,human
3897,human
3898,human
3899,human
3900,human
3901,human
3902,human
3903,human
3904,human
3905,human
3906,human
3907,human
3908,human
3909,human
3910,human
3911,human
3912,human
3913,human
3914,human
3915,human
3916,human
3917,human
3918,human
3919,human
3920,human
3921,human
3922,human
3923,human
3924,human
3925,human
3926,human
3927,human
3928,human
3929,human
3930,human
3931,human
3932,human
3933,human
3934,human
3935,human
3936,human
3937,human
3938,human
3939,human
3940,human
3941,human
3942,human
3943,human
3944,human
3945,human
3946,human
3947,human
3948,human
3949,human
3950,human
3951,human
3952,human
3953,human
3954,human
3955,human
3956,human
3957,human
3958,human
3959,human
3960,human
3961,human
3962,human
3963,human
3964,human
3965,human
3966,human
3967,human
3968,human
3969,human
3970,human
3971,human
3972,human
3973,human
3974,human
3975,human
3976,human
3977,human
3978,human
3979,human
3980,human
3981,human
3982,human
3983,human
3984,human
3985,human
3986,human
3987,human
3988,human
3989,human
3990,human
3991,human
3992,human
3993,human
3994,human
3995,human
3996,human
3997,human
3998,human
3999,human
4000,human
4001,human
4002,human
4003,human
4004,human
4005,human
4006,human
4007,human
4008,human
4009,human
4010,human
4011,human
4012,human
4013,human
4014,human
4015,human
4016,human
4017,human
4018,human
4019,human
4020,human
4021,human
4022,human
4023,human
4024,human
4025,human
4026,human
4027,human
4028,human
4029,human
4030,human
4031,human
4032,human
4033,human
4034,human
4035,human
4036,human
4037,human
4038,human
4039,human
4040,human
4041,human
4042,human
4043,human
4044,human
4045,human
4046,human
4047,human
4048,human
4049,human
4050,human
4051,human
4052,human
4053,human
4054,human
4055,human
4056,human
4057,human
4058,human
4059,human
4060,human
4061,human
4062,human
4063,human
4064,human
4065,human
4066,human
4067,human
4068,human
4069,human
4070,human
4071,human
4072,human
4073,human
4074,human
4075,human
4076,human
4077,human
4078,human
4079,human
4080,human
4081,human
4082,human
4083,human
4084,human
4085,human
4086,human
4087,human
4088,human
4089,human
4090,human
4091,human
4092,human
4093,human
4094,human
4095,human
4096,human
4097,human
4098,human
4099,human
4100,human
4101,human
4102,human
4103,human
4104,human
4105,human
4106,human
4107,human
4108,human
4109,human
4110,human
4111,human
4112,human
4113,human
4114,human
4115,human
4116,human
4117,human
4118,human
4119,human
4120,human
4121,human
4122,human
4123,human
4124,human
4125,human
4126,human
4127,human
4128,human
4129,human
4130,human
4131,human
4132,human
4133,human
4134,human
4135,human
4136,human
4137,human
4138,human
4139,human
4140,human
4141,human
4142,human
4143,human
4144,human
4145,human
4146,human
4147,human
4148,human
4149,human
4150,human
4151,human
4152,human
4153,human
4154,human
4155,human
4156,human
4157,human
4158,human
4159,human
4160,human
4161,human
4162,human
4163,human
4164,human
4165,human
4166,human
4167,human
4168,human
4169,human
4170,human
4171,human
4172,human
4173,human
4174,human
4175,human
4176,human
4177,human
4178,human
4179,human
4180,human
4181,human
4182,human
4183,human
4184,human
4185,human
4186,human
4187,human
4188,human
4189,human
4190,human
4191,human
4192,human
4193,human
4194,human
4195,human
4196,human
4197,human
4198,human
4199,human
4200,human
4201,human
4202,human
4203,human
4204,human
4205,human
4206,human
4207,human
4208,human
4209,human
4210,human
4211,human
4212,human
4213,human
4214,human
4215,human
4216,human
4217,human
4218,human
4219,human
4220,human
4221,human
4222,human
4223,human
4224,human
4225,human
4226,human
4227,human
4228,human
4229,human
4230,human
4231,human
4232,human
4233,human
4234,human
4235,human
4236,human
4237,human
4238,human
4239,human
4240,human
4241,human
4242,human
4243,human
4244,human
4245,human
4246,human
4247,human
4248,human
4249,human
4250,human
4251,human
4252,human
4253,human
4254,human
4255,human
4256,human
4257,human
4258,human
4259,human
4260,human
4261,human
4262,human
4263,human
4264,human
4265,human
4266,human
4267,human
4268,human
4269,human
4270,human
4271,human
4272,human
4273,human
4274,human
4275,human
4276,human
4277,human
4278,human
4279,human
4280,human
4281,human
4282,human
4283,human
4284,human
4285,human
4286,human
4287,human
4288,human
4289,human
4290,human
4291,human
4292,human
4293,human
4294,human
4295,human
4296,human
4297,human
4298,human
4299,human
4300,human
4301,human
4302,human
4303,human
4304,human
4305,human
4306,human
4307,human
4308,human
4309,human
4310,human
4311,human
4312,human
4313,human
4314,human
4315,human
4316,human
4317,human
4318,human
4319,human
4320,human
4321,human
4322,human
4323,human
4324,human
4325,human
4326,human
4327,human
4328,human
4329,human
4330,human
4331,human
4332,human
4333,human
4334,human
4335,human
4336,human
4337,human
4338,human
4339,human
4340,human
4341,human
4342,human
4343,human
4344,human
4345,human
4346,human
4347,human
4348,human
4349,human
4350,human
4351,human
4352,human
4353,human
4354,human
4355,human
4356,human
4357,human
4358,human
4359,human
4360,human
4361,human
4362,human
4363,human
4364,human
4365,human
4366,human
4367,human
4368,human
4369,human
4370,human
4371,human
4372,human
4373,human
4374,human
4375,human
4376,human
4377,human
4378,human
4379,human
4380,human
4381,human
4382,human
4383,human
4384,human
4385,human
4386,human
4387,human
4388,human
4389,human
4390,human
4391,human
4392,human
4393,human
4394,human
4395,human
4396,human
4397,human
4398,human
4399,human
4400,human
4401,human
4402,human
4403,human
4404,human
4405,human
4406,human
4407,human
4408,human
4409,human
4410,human
4411,human
4412,human
4413,human
4414,human
4415,human
4416,human
4417,human
4418,human
4419,human
4420,human
4421,human
4422,human
4423,human
4424,human
4425,human
4426,human
4427,human
4428,human
4429,human
4430,human
4431,human
4432,human
4433,human
4434,human
4435,human
4436,human
4437,human
4438,human
4439,human
4440,human
4441,human
4442,human
4443,human
4444,human
4445,human
4446,human
4447,human
4448,human
4449,human
4450,human
4451,human
4452,human
4453,human
4454,human
4455,human
4456,human
4457,human
4458,human
4459,human
4460,human
4461,human
4462,human
4463,human
4464,human
4465,human
4466,human
4467,human
4468,human
4469,human
4470,human
4471,human
4472,human
4473,human
4474,human
4475,human
4476,human
4477,human
4478,human
4479,human
4480,human
4481,human
4482,human
4483,human
4484,human
4485,human
4486,human
4487,human
4488,human
4489,human
4490,human
4491,human
4492,human
4493,human
4494,human
4495,human
4496,human
4497,human
4498,human
4499,human
4500,human
4501,human
4502,human
4503,human
4504,human
4505,human
4506,human
4507,human
4508,human
4509,human
4510,human
4511,human
4512,human
4513,human
4514,human
4515,human
4516,human
4517,human
4518,human
4519,human
4520,human
4521,human
4522,human
4523,human
4524,human
4525,human
4526,human
4527,human
4528,human
4529,human
4530,human
4531,human
4532,human
4533,human
4534,human
4535,human
4536,human
4537,human
4538,human
4539,human
4540,human
4541,human
4542,human
4543,human
4544,human
4545,human
4546,human
4547,human
4548,human
4549,human
4550,human
4551,human
4552,human
4553,human
4554,human
4555,human
4556,human
4557,human
4558,human
4559,human
4560,human
4561,human
4562,human
4563,human
4564,human
4565,human
4566,human
4567,human
4568,human
4569,human
4570,human
4571,human
4572,human
4573,human
4574,human
4575,human
4576,human
4577,human
4578,human
4579,human
4580,human
4581,human
4582,human
4583,human
4584,human
4585,human
4586,human
4587,human
4588,human
4589,human
4590,human
4591,human
4592,human
4593,human
4594,human
4595,human
4596,human
4597,human
4598,human
4599,human
4600,human
4601,human
4602,human
4603,human
4604,human
4605,human
4606,human
4607,human
4608,human
4609,human
4610,human
4611,human
4612,human
4613,human
4614,human
4615,human
4616,human
4617,human
4618,human
4619,human
4620,human
4621,human
4622,human
4623,human
4624,human
4625,human
4626,human
4627,human
4628,human
4629,human
4630,human
4631,human
4632,human
4633,human
4634,human
4635,human
4636,human
4637,human
4638,human
4639,human
4640,human
4641,human
4642,human
4643,human
4644,human
4645,human
4646,human
4647,human
4648,human
4649,human
4650,human
4651,human
4652,human
4653,human
4654,human
4655,human
4656,human
4657,human
4658,human
4659,human
4660,human
4661,human
4662,human
4663,human
4664,human
4665,human
4666,human
4667,human
4668,human
4669,human
4670,human
4671,human
4672,human
4673,human
4674,human
4675,human
4676,human
4677,human
4678,human
4679,human
4680,human
4681,human
4682,human
4683,human
4684,human
4685,human
4686,human
4687,human
4688,human
4689,human
4690,human
4691,human
4692,human
4693,human
4694,human
4695,human
4696,human
4697,human
4698,human
4699,human
4700,human
4701,human
4702,human
4703,human
4704,human
4705,human
4706,human
4707,human
4708,human
4709,human
4710,human
4711,human
4712,human
4713,human
4714,human
4715,human
4716,human
4717,human
4718,human
4719,human
4720,human
4721,human
4722,human
4723,human
4724,human
4725,human
4726,human
4727,human
4728,human
4729,human
4730,human
4731,human
4732,human
4733,human
4734,human
4735,human
4736,human
4737,human
4738,human
4739,human
4740,human
4741,human
4742,human
4743,human
4744,human
4745,human
4746,human
4747,human
4748,human
4749,human
4750,human
4751,human
4752,human
4753,human
4754,human
4755,human
4756,human
4757,human
4758,human
4759,human
4760,human
4761,human
4762,human
4763,human
4764,human
4765,human
4766,human
4767,human
4768,human
4769,human
4770,human
4771,human
4772,human
4773,human
4774,human
4775,human
4776,human
4777,human
4778,human
4779,human
4780,human
4781,human
4782,human
4783,human
4784,human
4785,human
4786,human
4787,human
4788,human
4789,human
4790,human
4791,human
4792,human
4793,human
4794,human
4795,human
4796,human
4797,human
4798,human
4799,human
4800,human
4801,human
4802,human
4803,human
4804,human
4805,human
4806,human
4807,human
4808,human
4809,human
4810,human
4811,human
4812,human
4813,human
4814,human
4815,human
4816,human
4817,human
4818,human
4819,human
4820,human
4821,human
4822,human
4823,human
4824,human
4825,human
4826,human
4827,human
4828,human
4829,human
4830,human
4831,human
4832,human
4833,human
4834,human
4835,human
4836,human
4837,human
4838,human
4839,human
4840,human
4841,human
4842,human
4843,human
4844,human
4845,human
4846,human
4847,human
4848,human
4849,human
4850,human
4851,human
4852,human
4853,human
4854,human
4855,human
4856,human
4857,human
4858,human
4859,human
4860,human
4861,human
4862,human
4863,human
4864,human
4865,human
4866,human
4867,human
4868,human
4869,human
4870,human
4871,human
4872,human
4873,human
4874,human
4875,human
4876,human
4877,human
4878,human
4879,human
4880,human
4881,human
4882,human
4883,human
4884,human
4885,human
4886,human
4887,human
4888,human
4889,human
4890,human
4891,human
4892,human
4893,human
4894,human
4895,human
4896,human
4897,human
4898,human
4899,human
4900,human
4901,human
4902,human
4903,human
4904,human
4905,human
4906,human
4907,human
4908,human
4909,human
4910,human
4911,human
4912,human
4913,human
4914,human
4915,human
4916,human
4917,human
4918,human
4919,human
4920,human
4921,human
4922,human
4923,human
4924,human
4925,human
4926,human
4927,human
4928,human
4929,human
4930,human
4931,human
4932,human
4933,human
4934,human
4935,human
4936,human
4937,human
4938,human
4939,human
4940,human
4941,human
4942,human
4943,human
4944,human
4945,human
4946,human
4947,human
4948,human
4949,human
4950,human
4951,human
4952,human
4953,human
4954,human
4955,human
4956,human
4957,human
4958,human
4959,human
4960,human
4961,human
4962,human
4963,human
4964,human
4965,human
4966,human
4967,human
4968,human
4969,human
4970,human
4971,human
4972,human
4973,human
4974,human
4975,human
4976,human
4977,human
4978,human
4979,human
4980,human
4981,human
4982,human
4983,human
4984,human
4985,human
4986,human
4987,human
4988,human
4989,human
4990,human
4991,human
4992,human
4993,human
4994,human
4995,human
4996,human
4997,human
4998,human
4999,human
5000,human
5001,human
5002,human
5003,human
5004,human
5005,human
5006,human
5007,human
5008,human
5009,human
5010,human
5011,human
5012,human
5013,human
5014,human
5015,human
5016,human
5017,human
5018,human
5019,human
5020,human
5021,human
5022,human
5023,human
5024,human
5025,human
5026,human
5027,human
5028,human
5029,human
5030,human
5031,human
5032,human
5033,human
5034,human
5035,human
5036,human
5037,human
5038,human
5039,human
5040,human
5041,human
5042,human
5043,human
5044,human
5045,human
5046,human
5047,human
5048,human
5049,human
5050,human
5051,human
5052,human
5053,human
5054,human
5055,human
5056,human
5057,human
5058,human
5059,human
5060,human
5061,human
5062,human
5063,human
5064,human
5065,human
5066,human
5067,human
5068,human
5069,human
5070,human
5071,human
5072,human
5073,human
5074,human
5075,human
5076,human
5077,human
5078,human
5079,human
5080,human
5081,human
5082,human
5083,human
5084,human
5085,human
5086,human
5087,human
5088,human
5089,human
5090,human
5091,human
5092,human
5093,human
5094,human
5095,human
5096,human
5097,human
5098,human
5099,human
5100,human
5101,human
5102,human
5103,human
5104,human
5105,human
5106,human
5107,human
5108,human
5109,human
5110,human
5111,human
5112,human
5113,human
5114,human
5115,human
5116,human
5117,human
5118,human
5119,human
5120,human
5121,human
5122,human
5123,human
5124,human
5125,human
5126,human
5127,human
5128,human
5129,human
5130,human
5131,human
5132,human
5133,human
5134,human
5135,human
5136,human
5137,human
5138,human
5139,human
5140,human
5141,human
5142,human
5143,human
5144,human
5145,human
5146,human
5147,human
5148,human
5149,human
5150,human
5151,human
5152,human
5153,human
5154,human
5155,human
5156,human
5157,human
5158,human
5159,human
5160,human
5161,human
5162,human
5163,human
5164,human
5165,human
5166,human
5167,human
5168,human
5169,human
5170,human
5171,human
5172,human
5173,human
5174,human
5175,human
5176,human
5177,human
5178,human
5179,human
5180,human
5181,human
5182,human
5183,human
5184,human
5185,human
5186,human
5187,human
5188,human
5189,human
5190,human
5191,human
5192,human
5193,human
5194,human
5195,human
5196,human
5197,human
5198,human
5199,human
5200,human
5201,human
5202,human
5203,human
5204,human
5205,human
5206,human
5207,human
5208,human
5209,human
5210,human
5211,human
5212,human
5213,human
5214,human
5215,human
5216,human
5217,human
5218,human
5219,human
5220,human
5221,human
5222,human
5223,human
5224,human
5225,human
5226,human
5227,human
5228,human
5229,human
5230,human
5231,human
5232,human
5233,human
5234,human
5235,human
5236,human
5237,human
5238,human
5239,human
5240,human
5241,human
5242,human
5243,human
5244,human
5245,human
5246,human
5247,human
5248,human
5249,human
5250,human
5251,human
5252,human
5253,human
5254,human
5255,human
5256,human
5257,human
5258,human
5259,human
5260,human
5261,human
5262,human
5263,human
5264,human
5265,human
5266,human
5267,human
5268,human
5269,human
5270,human
5271,human
5272,human
5273,human
5274,human
5275,human
5276,human
5277,human
5278,human
5279,human
5280,human
5281,human
5282,human
5283,human
5284,human
5285,human
5286,human
5287,human
5288,human
5289,human
5290,human
5291,human
5292,human
5293,human
5294,human
5295,human
5296,human
5297,human
5298,human
5299,human
5300,human
5301,human
5302,human
5303,human
5304,human
5305,human
5306,human
5307,human
5308,human
5309,human
5310,human
5311,human
5312,human
5313,human
5314,human
5315,human
5316,human
5317,human
5318,human
5319,human
5320,human
5321,human
5322,human
5323,human
5324,human
5325,human
5326,human
5327,human
5328,human
5329,human
5330,human
5331,human
5332,human
5333,human
5334,human
5335,human
5336,human
5337,human
5338,human
5339,human
5340,human
5341,human
5342,human
5343,human
5344,human
5345,human
5346,human
5347,human
5348,human
5349,human
5350,human
5351,human
5352,human
5353,human
5354,human
5355,human
5356,human
5357,human
5358,human
5359,human
5360,human
5361,human
5362,human
5363,human
5364,human
5365,human
5366,human
5367,human
5368,human
5369,human
5370,human
5371,human
5372,human
5373,human
5374,human
5375,human
5376,human
5377,human
5378,human
5379,human
5380,human
5381,human
5382,human
5383,human
5384,human
5385,human
5386,human
5387,human
5388,human
5389,human
5390,human
5391,human
5392,human
5393,human
5394,human
5395,human
5396,human
5397,human
5398,human
5399,human
5400,human
5401,human
5402,human
5403,human
5404,human
5405,human
5406,human
5407,human
5408,human
5409,human
5410,human
5411,human
5412,human
5413,human
5414,human
5415,human
5416,human
5417,human
5418,human
5419,human
5420,human
5421,human
5422,human
5423,human
5424,human
5425,human
5426,human
5427,human
5428,human
5429,human
5430,human
5431,human
5432,human
5433,human
5434,human
5435,human
5436,human
5437,human
5438,human
5439,human
5440,human
5441,human
5442,human
5443,human
5444,human
5445,human
5446,human
5447,human
5448,human
5449,human
5450,human
5451,human
5452,human
5453,human
5454,human
5455,human
5456,human
5457,human
5458,human
5459,human
5460,human
5461,human
5462,human
5463,human
5464,human
5465,human
5466,human
5467,human
5468,human
5469,human
5470,human
5471,human
5472,human
5473,human
5474,human
5475,human
5476,human
5477,human
5478,human
5479,human
5480,human
5481,human
5482,human
5483,human
5484,human
5485,human
5486,human
5487,human
5488,human
5489,human
5490,human
5491,human
5492,human
5493,human
5494,human
5495,human
5496,human
5497,human
5498,human
5499,human
5500,human
5501,human
5502,human
5503,human
5504,human
5505,human
5506,human
5507,human
5508,human
5509,human
5510,human
5511,human
5512,human
5513,human
5514,human
5515,human
5516,human
5517,human
5518,human
5519,human
5520,human
5521,human
5522,human
5523,human
5524,human
5525,human
5526,human
5527,human
5528,human
5529,human
5530,human
5531,human
5532,human
5533,human
5534,human
5535,human
5536,human
5537,human
5538,human
5539,human
5540,human
5541,human
5542,human
5543,human
5544,human
5545,human
5546,human
5547,human
5548,human
5549,human
5550,human
5551,human
5552,human
5553,human
5554,human
5555,human
5556,human
5557,human
5558,human
5559,human
5560,human
5561,human
5562,human
5563,human
5564,human
5565,human
5566,human
5567,human
5568,human
5569,human
5570,human
5571,human
5572,human
5573,human
5574,human
5575,human
5576,human
5577,human
5578,human
5579,human
5580,human
5581,human
5582,human
5583,human
5584,human
5585,human
5586,human
5587,human
5588,human
5589,human
5590,human
5591,human
5592,human
5593,human
5594,human
5595,human
5596,human
5597,human
5598,human
5599,human
5600,human
5601,human
5602,human
5603,human
5604,human
5605,human
5606,human
5607,human
5608,human
5609,human
5610,human
5611,human
5612,human
5613,human
5614,human
5615,human
5616,human
5617,human
5618,human
5619,human
5620,human
5621,human
5622,human
5623,human
5624,human
5625,human
5626,human
5627,human
5628,human
5629,human
5630,human
5631,human
5632,human
5633,human
5634,human
5635,human
5636,human
5637,human
5638,human
5639,human
5640,human
5641,human
5642,human
5643,human
5644,human
5645,human
5646,human
5647,human
5648,human
5649,human
5650,human
5651,human
5652,human
5653,human
5654,human
5655,human
5656,human
5657,human
5658,human
5659,human
5660,human
5661,human
5662,human
5663,human
5664,human
5665,human
5666,human
5667,human
5668,human
5669,human
5670,human
5671,human
5672,human
5673,human
5674,human
5675,human
5676,human
5677,human
5678,human
5679,human
5680,human
5681,human
5682,human
5683,human
5684,human
5685,human
5686,human
5687,human
5688,human
5689,human
5690,human
5691,human
5692,human
5693,human
5694,human
5695,human
5696,human
5697,human
5698,human
5699,human
5700,human
5701,human
5702,human
5703,human
5704,human
5705,human
5706,human
5707,human
5708,human
5709,human
5710,human
5711,human
5712,human
5713,human
5714,human
5715,human
5716,human
5717,human
5718,human
5719,human
5720,human
5721,human
5722,human
5723,human
5724,human
5725,human
5726,human
5727,human
5728,human
5729,human
5730,human
5731,human
5732,human
5733,human
5734,human
5735,human
5736,human
5737,human
5738,human
5739,human
5740,human
5741,human
5742,human
5743,human
5744,human
5745,human
5746,human
5747,human
5748,human
5749,human
5750,human
5751,human
5752,human
5753,human
5754,human
5755,human
5756,human
5757,human
5758,human
5759,human
5760,human
5761,human
5762,human
5763,human
5764,human
5765,human
5766,human
5767,human
5768,human
5769,human
5770,human
5771,human
5772,human
5773,human
5774,human
5775,human
5776,human
5777,human
5778,human
5779,human
5780,human
5781,human
5782,human
5783,human
5784,human
5785,human
5786,human
5787,human
5788,human
5789,human
5790,human
5791,human
5792,human
5793,human
5794,human
5795,human
5796,human
5797,human
5798,human
5799,human
5800,human
5801,human
5802,human
5803,human
5804,human
5805,human
5806,human
5807,human
5808,human
5809,human
5810,human
5811,human
5812,human
5813,human
5814,human
5815,human
5816,human
5817,human
5818,human
5819,human
5820,human
5821,human
5822,human
5823,human
5824,human
5825,human
5826,human
5827,human
5828,human
5829,human
5830,human
5831,human
5832,human
5833,human
5834,human
5835,human
5836,human
5837,human
5838,human
5839,human
5840,human
5841,human
5842,human
5843,human
5844,human
5845,human
5846,human
5847,human
5848,human
5849,human
5850,human
5851,human
5852,human
5853,human
5854,human
5855,human
5856,human
5857,human
5858,human
5859,human
5860,human
5861,human
5862,human
5863,human
5864,human
5865,human
5866,human
5867,human
5868,human
5869,human
5870,human
5871,human
5872,human
5873,human
5874,human
5875,human
5876,human
5877,human
5878,human
5879,human
5880,human
5881,human
5882,human
5883,human
5884,human
5885,human
5886,human
5887,human
5888,human
5889,human
5890,human
5891,human
5892,human
5893,human
5894,human
5895,human
5896,human
5897,human
5898,human
5899,human
5900,human
5901,human
5902,human
5903,human
5904,human
5905,human
5906,human
5907,human
5908,human
5909,human
5910,human
5911,human
5912,human
5913,human
5914,human
5915,human
5916,human
5917,human
5918,human
5919,human
5920,human
5921,human
5922,human
5923,human
5924,human
5925,human
5926,human
5927,human
5928,human
5929,human
5930,human
5931,human
5932,human
5933,human
5934,human
5935,human
5936,human
5937,human
5938,human
5939,human
5940,human
5941,human
5942,human
5943,human
5944,human
5945,human
5946,human
5947,human
5948,human
5949,human
5950,human
5951,human
5952,human
5953,human
5954,human
5955,human
5956,human
5957,human
5958,human
5959,human
5960,human
5961,human
5962,human
5963,human
5964,human
5965,human
5966,human
5967,human
5968,human
5969,human
5970,human
5971,human
5972,human
5973,human
5974,human
5975,human
5976,human
5977,human
5978,human
5979,human
5980,human
5981,human
5982,human
5983,human
5984,human
5985,human
5986,human
5987,human
5988,human
5989,human
5990,human
5991,human
5992,human
5993,human
5994,human
5995,human
5996,human
5997,human
5998,human
5999,human
6000,human
6001,human
6002,human
6003,human
6004,human
6005,human
6006,human
6007,human
6008,human
6009,human
6010,human
6011,human
6012,human
6013,human
6014,human
6015,human
6016,human
6017,human
6018,human
6019,human
6020,human
6021,human
6022,human
6023,human
6024,human
6025,human
6026,human
6027,human
6028,human
6029,human
6030,human
6031,human
6032,human
6033,human
6034,human
6035,human
6036,human
6037,human
6038,human
6039,human
6040,human
6041,human
6042,human
6043,human
6044,human
6045,human
6046,human
6047,human
6048,human
6049,human
6050,human
6051,human
6052,human
6053,human
6054,human
6055,human
6056,human
6057,human
6058,human
6059,human
6060,human
6061,human
6062,human
6063,human
6064,human
6065,human
6066,human
6067,human
6068,human
6069,human
6070,human
6071,human
6072,human
6073,human
6074,human
6075,human
6076,human
6077,human
6078,human
6079,human
6080,human
6081,human
6082,human
6083,human
6084,human
6085,human
6086,human
6087,human
6088,human
6089,human
6090,human
6091,human
6092,human
6093,human
6094,human
6095,human
6096,human
6097,human
6098,human
6099,human
6100,human
6101,human
6102,human
6103,human
6104,human
6105,human
6106,human
6107,human
6108,human
6109,human
6110,human
6111,human
6112,human
6113,human
6114,human
6115,human
6116,human
6117,human
6118,human
6119,human
6120,human
6121,human
6122,human
6123,human
6124,human
6125,human
6126,human
6127,human
6128,human
6129,human
6130,human
6131,human
6132,human
6133,human
6134,human
6135,human
6136,human
6137,human
6138,human
6139,human
6140,human
6141,human
6142,human
6143,human
6144,human
6145,human
6146,human
6147,human
6148,human
6149,human
6150,human
6151,human
6152,human
6153,human
6154,human
6155,human
6156,human
6157,human
6158,human
6159,human
6160,human
6161,human
6162,human
6163,human
6164,human
6165,human
6166,human
6167,human
6168,human
6169,human
6170,human
6171,human
6172,human
6173,human
6174,human
6175,human
6176,human
6177,human
6178,human
6179,human
6180,human
6181,human
6182,human
6183,human
6184,human
6185,human
6186,human
6187,human
6188,human
6189,human
6190,human
6191,human
6192,human
6193,human
6194,human
6195,human
6196,human
6197,human
6198,human
6199,human
6200,human
6201,human
6202,human
6203,human
6204,human
6205,human
6206,human
6207,human
6208,human
6209,human
6210,human
6211,human
6212,human
6213,human
6214,human
6215,human
6216,human
6217,human
6218,human
6219,human
6220,human
6221,human
6222,human
6223,human
6224,human
6225,human
6226,human
6227,human
6228,human
6229,human
6230,human
6231,human
6232,human
6233,human
6234,human
6235,human
6236,human
6237,human
6238,human
6239,human
6240,human
6241,human
6242,human
6243,human
6244,human
6245,human
6246,human
6247,human
6248,human
6249,human
6250,human
6251,human
6252,human
6253,human
6254,human
6255,human
6256,human
6257,human
6258,human
6259,human
6260,human
6261,human
6262,human
6263,human
6264,human
6265,human
6266,human
6267,human
6268,human
6269,human
6270,human
6271,human
6272,human
6273,human
6274,human
6275,human
6276,human
6277,human
6278,human
6279,human
6280,human
6281,human
6282,human
6283,human
6284,human
6285,human
6286,human
6287,human
6288,human
6289,human
6290,human
6291,human
6292,human
6293,human
6294,human
6295,human
6296,human
6297,human
6298,human
6299,human
6300,human
6301,human
6302,human
6303,human
6304,human
6305,human
6306,human
6307,human
6308,human
6309,human
6310,human
6311,human
6312,human
6313,human
6314,human
6315,human
6316,human
6317,human
6318,human
6319,human
6320,human
6321,human
6322,human
6323,human
6324,human
6325,human
6326,human
6327,human
6328,human
6329,human
6330,human
6331,human
6332,human
6333,human
6334,human
6335,human
6336,human
6337,human
6338,human
6339,human
6340,human
6341,human
6342,human
6343,human
6344,human
6345,human
6346,human
6347,human
6348,human
6349,human
6350,human
6351,human
6352,human
6353,human
6354,human
6355,human
6356,human
6357,human
6358,human
6359,human
6360,human
6361,human
6362,human
6363,human
6364,human
6365,human
6366,human
6367,human
6368,human
6369,human
6370,human
6371,human
6372,human
6373,human
6374,human
6375,human
6376,human
6377,human
6378,human
6379,human
6380,human
6381,human
6382,human
6383,human
6384,human
6385,human
6386,human
6387,human
6388,human
6389,human
6390,human
6391,human
6392,human
6393,human
6394,human
6395,human
6396,human
6397,human
6398,human
6399,human
6400,human
6401,human
6402,human
6403,human
6404,human
6405,human
6406,human
6407,human
6408,human
6409,human
6410,human
6411,human
6412,human
6413,human
6414,human
6415,human
6416,human
6417,human
6418,human
6419,human
6420,human
6421,human
6422,human
6423,human
6424,human
6425,human
6426,human
6427,human
6428,human
6429,human
6430,human
6431,human
6432,human
6433,human
6434,human
6435,human
6436,human
6437,human
6438,human
6439,human
6440,human
6441,human
6442,human
6443,human
6444,human
6445,human
6446,human
6447,human
6448,human
6449,human
6450,human
6451,human
6452,human
6453,human
6454,human
6455,human
6456,human
6457,human
6458,human
6459,human
6460,human
6461,human
6462,human
6463,human
6464,human
6465,human
6466,human
6467,human
6468,human
6469,human
6470,human
6471,human
6472,human
6473,human
6474,human
6475,human
6476,human
6477,human
6478,human
6479,human
6480,human
6481,human
6482,human
6483,human
6484,human
6485,human
6486,human
6487,human
6488,human
6489,human
6490,human
6491,human
6492,human
6493,human
6494,human
6495,human
6496,human
6497,human
6498,human
6499,human
6500,human
6501,human
6502,human
6503,human
6504,human
6505,human
6506,human
6507,human
6508,human
6509,human
6510,human
6511,human
6512,human
6513,human
6514,human
6515,human
6516,human
6517,human
6518,human
6519,human
6520,human
6521,human
6522,human
6523,human
6524,human
6525,human
6526,human
6527,human
6528,human
6529,human
6530,human
6531,human
6532,human
6533,human
6534,human
6535,human
6536,human
6537,human
6538,human
6539,human
6540,human
6541,human
6542,human
6543,human
6544,human
6545,human
6546,human
6547,human
6548,human
6549,human
6550,human
6551,human
6552,human
6553,human
6554,human
6555,human
6556,human
6557,human
6558,human
6559,human
6560,human
6561,human
6562,human
6563,human
6564,human
6565,human
6566,human
6567,human
6568,human
6569,human
6570,human
6571,human
6572,human
6573,human
6574,human
6575,human
6576,human
6577,human
6578,human
6579,human
6580,human
6581,human
6582,human
6583,human
6584,human
6585,human
6586,human
6587,human
6588,human
6589,human
6590,human
6591,human
6592,human
6593,human
6594,human
6595,human
6596,human
6597,human
6598,human
6599,human
6600,human
6601,human
6602,human
6603,human
6604,human
6605,human
6606,human
6607,human
6608,human
6609,human
6610,human
6611,human
6612,human
6613,human
6614,human
6615,human
6616,human
6617,human
6618,human
6619,human
6620,human
6621,human
6622,human
6623,human
6624,human
6625,human
6626,human
6627,human
6628,human
6629,human
6630,human
6631,human
6632,human
6633,human
6634,human
6635,human
6636,human
6637,human
6638,human
6639,human
6640,human
6641,human
6642,human
6643,human
6644,human
6645,human
6646,human
6647,human
6648,human
6649,human
6650,human
6651,human
6652,human
6653,human
6654,human
6655,human
6656,human
6657,human
6658,human
6659,human
6660,human
6661,human
6662,human
6663,human
6664,human
6665,human
6666,human
6667,human
6668,human
6669,human
6670,human
6671,human
6672,human
6673,human
6674,human
6675,human
6676,human
6677,human
6678,human
6679,human
6680,human
6681,human
6682,human
6683,human
6684,human
6685,human
6686,human
6687,human
6688,human
6689,human
6690,human
6691,human
6692,human
6693,human
6694,human
6695,human
6696,human
6697,human
6698,human
6699,human
6700,human
6701,human
6702,human
6703,human
6704,human
6705,human
6706,human
6707,human
6708,human
6709,human
6710,human
6711,human
6712,human
6713,human
6714,human
6715,human
6716,human
6717,human
6718,human
6719,human
6720,human
6721,human
6722,human
6723,human
6724,human
6725,human
6726,human
6727,human
6728,human
6729,human
6730,human
6731,human
6732,human
6733,human
6734,human
6735,human
6736,human
6737,human
6738,human
6739,human
6740,human
6741,human
6742,human
6743,human
6744,human
6745,human
6746,human
6747,human
6748,human
6749,human
6750,human
6751,human
6752,human
6753,human
6754,human
6755,human
6756,human
6757,human
6758,human
6759,human
6760,human
6761,human
6762,human
6763,human
6764,human
6765,human
6766,human
6767,human
6768,human
6769,human
6770,human
6771,human
6772,human
6773,human
6774,human
6775,human
6776,human
6777,human
6778,human
6779,human
6780,human
6781,human
6782,human
6783,human
6784,human
6785,human
6786,human
6787,human
6788,human
6789,human
6790,human
6791,human
6792,human
6793,human
6794,human
6795,human
6796,human
6797,human
6798,human
6799,human
6800,human
6801,human
6802,human
6803,human
6804,human
6805,human
6806,human
6807,human
6808,human
6809,human
6810,human
6811,human
6812,human
6813,human
6814,human
6815,human
6816,human
6817,human
6818,human
6819,human
6820,human
6821,human
6822,human
6823,human
6824,human
6825,human
6826,human
6827,human
6828,human
6829,human
6830,human
6831,human
6832,human
6833,human
6834,human
6835,human
6836,human
6837,human
6838,human
6839,human
6840,human
6841,human
6842,human
6843,human
6844,human
6845,human
6846,human
6847,human
6848,human
6849,human
6850,human
6851,human
6852,human
6853,human
6854,human
6855,human
6856,human
6857,human
6858,human
6859,human
6860,human
6861,human
6862,human
6863,human
6864,human
6865,human
6866,human
6867,human
6868,human
6869,human
6870,human
6871,human
6872,human
6873,human
6874,human
6875,human
6876,human
6877,human
6878,human
6879,human
6880,human
6881,human
6882,human
6883,human
6884,human
6885,human
6886,human
6887,human
6888,human
6889,human
6890,human
6891,human
6892,human
6893,human
6894,human
6895,human
6896,human
6897,human
6898,human
6899,human
6900,human
6901,human
6902,human
6903,human
6904,human
6905,human
6906,human
6907,human
6908,human
6909,human
6910,human
6911,human
6912,human
6913,human
6914,human
6915,human
6916,human
6917,human
6918,human
6919,human
6920,human
6921,human
6922,human
6923,human
6924,human
6925,human
6926,human
6927,human
6928,human
6929,human
6930,human
6931,human
6932,human
6933,human
6934,human
6935,human
6936,human
6937,human
6938,human
6939,human
6940,human
6941,human
6942,human
6943,human
6944,human
6945,human
6946,human
6947,human
6948,human
6949,human
6950,human
6951,human
6952,human
6953,human
6954,human
6955,human
6956,human
6957,human
6958,human
6959,human
6960,human
6961,human
6962,human
6963,human
6964,human
6965,human
6966,human
6967,human
6968,human
6969,human
6970,human
6971,human
6972,human
6973,human
6974,human
6975,human
6976,human
6977,human
6978,human
6979,human
6980,human
6981,human
6982,human
6983,human
6984,human
6985,human
6986,human
6987,human
6988,human
6989,human
6990,human
6991,human
6992,human
6993,human
6994,human
6995,human
6996,human
6997,human
6998,human
6999,human
7000,human
7001,human
7002,human
7003,human
7004,human
7005,human
7006,human
7007,human
7008,human
7009,human
7010,human
7011,human
7012,human
7013,human
7014,human
7015,human
7016,human
7017,human
7018,human
7019,human
7020,human
7021,human
7022,human
7023,human
7024,human
7025,human
7026,human
7027,human
7028,human
7029,human
7030,human
7031,human
7032,human
7033,human
7034,human
7035,human
7036,human
7037,human
7038,human
7039,human
7040,human
7041,human
7042,human
7043,human
7044,human
7045,human
7046,human
7047,human
7048,human
7049,human
7050,human
7051,human
7052,human
7053,human
7054,human
7055,human
7056,human
7057,human
7058,human
7059,human
7060,human
7061,human
7062,human
7063,human
7064,human
7065,human
7066,human
7067,human
7068,human
7069,human
7070,human
7071,human
7072,human
7073,human
7074,human
7075,human
7076,human
7077,human
7078,human
7079,human
7080,human
7081,human
7082,human
7083,human
7084,human
7085,human
7086,human
7087,human
7088,human
7089,human
7090,human
7091,human
7092,human
7093,human
7094,human
7095,human
7096,human
7097,human
7098,human
7099,human
7100,human
7101,human
7102,human
7103,human
7104,human
7105,human
7106,human
7107,human
7108,human
7109,human
7110,human
7111,human
7112,human
7113,human
7114,human
7115,human
7116,human
7117,human
7118,human
7119,human
7120,human
7121,human
7122,human
7123,human
7124,human
7125,human
7126,human
7127,human
7128,human
7129,human
7130,human
7131,human
7132,human
7133,human
7134,human
7135,human
7136,human
7137,human
7138,human
7139,human
7140,human
7141,human
7142,human
7143,human
7144,human
7145,human
7146,human
7147,human
7148,human
7149,human
7150,human
7151,human
7152,human
7153,human
7154,human
7155,human
7156,human
7157,human
7158,human
7159,human
7160,human
7161,human
7162,human
7163,human
7164,human
7165,human
7166,human
7167,human
7168,human
7169,human
7170,human
7171,human
7172,human
7173,human
7174,human
7175,human
7176,human
7177,human
7178,human
7179,human
7180,human
7181,human
7182,human
7183,human
7184,human
7185,human
7186,human
7187,human
7188,human
7189,human
7190,human
7191,human
7192,human
7193,human
7194,human
7195,human
7196,human
7197,human
7198,human
7199,human
7200,human
7201,human
7202,human
7203,human
7204,human
7205,human
7206,human
7207,human
7208,human
7209,human
7210,human
7211,human
7212,human
7213,human
7214,human
7215,human
7216,human
7217,human
7218,human
7219,human
7220,human
7221,human
7222,human
7223,human
7224,human
7225,human
7226,human
7227,human
7228,human
7229,human
7230,human
7231,human
7232,human
7233,human
7234,human
7235,human
7236,human
7237,human
7238,human
7239,human
7240,human
7241,human
7242,human
7243,human
7244,human
7245,human
7246,human
7247,human
7248,human
7249,human
7250,human
7251,human
7252,human
7253,human
7254,human
7255,human
7256,human
7257,human
7258,human
7259,human
7260,human
7261,human
7262,human
7263,human
7264,human
7265,human
7266,human
7267,human
7268,human
7269,human
7270,human
7271,human
7272,human
7273,human
7274,human
7275,human
7276,human
7277,human
7278,human
7279,human
7280,human
7281,human
7282,human
7283,human
7284,human
7285,human
7286,human
7287,human
7288,human
7289,human
7290,human
7291,human
7292,human
7293,human
7294,human
7295,human
7296,human
7297,human
7298,human
7299,human
7300,human
7301,human
7302,human
7303,human
7304,human
7305,human
7306,human
7307,human
7308,human
7309,human
7310,human
7311,human
