,perplexity,prediction,percentage,entropy_rate,rates
1,90.11,Human,0.0,0.6915101921323676,"[0.5650186804470475, 0.7011662110478093, 0.8184698683412959, 0.7160534545442444, 0.7339110456732285, 0.6613854449405564, 0.631419333619286, 0.6728210552642253, 0.6787532444242212, 0.6308680049132632, 0.7000439497620441, 0.6759175114562794, 0.713216648588658, 0.6274043996715432, 0.6666269456518332, 0.6844903527133673, 0.6766221478011047, 0.6870095635934159, 0.7776861445163333, 0.7050952963888062, 0.6953725522426575, 0.7355810838238024, 0.7341167420091791, 0.5768484092619441, 0.7059027671970453, 0.7246196441743269, 0.6833671830491376, 0.7439525295722955, 0.7153731540705945, 0.7539510275807166, 0.6410037102078792, 0.6607742184645253, 0.6605203783548234, 0.6764583501356233, 0.693822700024466, 0.6089441454715316, 0.7187906965693395, 0.7769075713984619, 0.7487029866468597, 0.6464756565034407, 0.7264530673098604]"
2,110.16,Human,0.0,0.6383823364414438,"[0.6258294855112394, 0.6167893501211026, 0.5673136213518983, 0.6176769057279884, 0.5844257373392012, 0.688706183881772, 0.6145003943794686, 0.5816316650150346, 0.6261361142786579, 0.7119524839601686, 0.641141729495719, 0.6717867027168615, 0.5406694193898078, 0.6943800587675547, 0.6923554360184263, 0.6900766892862876, 0.6084804414310601, 0.6799314992346079, 0.5779803847243995, 0.5976270082355567, 0.6768076199676206, 0.6066955786044544, 0.6074308315108405, 0.5667926744163749, 0.5959250107119164, 0.5547634580828605, 0.5748983003940382, 0.6883624532355527, 0.678260864550804, 0.6664482408003426, 0.6737698496710258, 0.6079289341569595, 0.7308442776026743, 0.6401760627168672, 0.7330487809449185, 0.5985163150512286, 0.6526231720825794, 0.628077816264323, 0.7448649154142932, 0.5872167720981412, 0.7308325549545653]"
3,98.41,Human,0.0,0.6696612154887395,"[0.7319529213529997, 0.9162596814844448, 0.6311534309635821, 0.5605101881929334, 0.7430752930845878, 0.8431296821780206, 0.8195978442746154, 0.5623782777261271, 0.5314218310046054, 0.6012703910201856, 0.5555176650052785, 0.5623782777261271, 0.5426634233784507, 0.5700223231985158, 0.563047208543599, 0.6738113523575251, 0.5466318047481764, 0.8397901594066519, 0.734278225485458, 0.5489570625098946, 0.0, 0.5353277270844323, 0.7205688350310213, 0.7620118840498376, 0.5651195752869873, 0.5521078362490266, 0.9060017846582589, 0.6090913991527267, 0.9065820368244587, 0.8052385244357964, 0.809314700660617, 0.8009086193382644, 0.6452892470245813, 0.622945094223526, 0.6175909616232385, 0.7048026506861174, 0.7532560576125674, 0.7051804824817642, 0.8748870148307486, 0.8771487240437497, 0.6048896360988093]"
4,160.96,Human,0.0,0.664433829946799,"[0.5922680704059927, 0.5500287411161319, 0.7648893717737432, 0.7078437818582627, 0.7847551006100323, 0.7011740471570348, 0.6707417801247957, 0.7289180019809919, 0.713011520973202, 0.5491692853583963, 0.5625258900530511, 0.7688493705955702, 0.7580429869327032, 0.5983438171429983, 0.6729947920966881, 0.5434084976764813, 0.627145008449236, 0.5272186071158094, 0.5254973237179195, 0.5861629543432473, 0.7171314485473285, 0.6026826418469324, 0.4911995403172093, 0.7743237610074789, 0.5245935312999964, 0.7232393225604529, 0.5424013634942974, 0.5073676416475106, 0.7570886715780838, 0.7453205135285491, 0.7146896251314205, 0.7123379182953483, 0.7455285060089797, 0.7753776186672711, 0.7094752487123397, 0.6359754064443329, 0.674522183861375, 0.7480881537764076, 0.7049109673333109, 0.6889154292518458, 0.8136285850259958]"
5,73.57,Human,0.0,0.6007350026091259,"[0.5467204544578368, 0.6219615216490445, 0.6196342914729518, 0.6654525039424969, 0.6079127240453197, 0.5349263151078848, 0.5903451128237116, 0.5877619219683738, 0.6037075415143122, 0.5657386850514847, 0.6475546256268108, 0.5501829791907115, 0.6439486995499849, 0.6429521450733453, 0.5338893132692301, 0.5717383517816766, 0.5098305678095966, 0.7120959779554158, 0.6707325270380804, 0.5189453288792606, 0.5569260818856383, 0.49287953559910047, 0.6305407613758983, 0.43775480235251335, 0.6657833115437861, 0.5736304861607227, 0.5891883581850196, 0.5794874392816894, 0.5788837440227748, 0.6324731851949089, 0.6484502611848126, 0.7030924759835817, 0.6050450645536398, 0.6335104639681225, 0.6356608099650816, 0.6045612113388749, 0.6427215877856575, 0.5625353568638485, 0.5738740490158688, 0.7366522934951484, 0.6004522390099475]"
6,139.72,Human,0.0,0.6741224045185401,"[0.6439184174124659, 0.0, 0.6977954833176299, 0.7384934668308494, 0.6774861537331852, 0.5823477157265308, 0.7440205906796873, 0.7072849657027235, 0.6340517584481238, 0.7076234383831411, 0.6636084511490852, 0.7215563482116335, 0.6673517805985446, 0.7305926826977728, 0.6393532160429178, 0.7005277226041634, 0.7043921248882139, 0.7220770630869681, 0.7002756392760422, 0.7087813450359078, 0.7089158272953183, 0.7151667567776766, 0.7127546871686655, 0.7520999869417112, 0.7298175325635952, 0.6360631747441876, 0.7075761685862816, 0.690070794072198, 0.6528632207285442, 0.6145383818015471, 0.7674819559235314, 0.6789484234518449, 0.7113230333588653, 0.6862074793311841, 0.671869772614685, 0.7053022129459376, 0.6994411653798606, 0.6841360164638134, 0.7138244595087704, 0.6808262545023543, 0.62825291727398]"
7,103.82,Human,0.0,0.48853064639049165,"[0.5472411106264764, 0.6838451718432926, 0.8743580162107932, 0.0, 0.5286484387836221, 0.7734150916780886, 0.5676315187062377, 0.0, 0.0, 0.9293296575927781, 0.7056673946952354, 0.0, 0.623688784987459, 0.0, 0.0, 0.0, 0.0, 0.9367787348164037, 0.8070393959304104, 0.5953579865522115, 0.8798259707816801, 0.0, 0.6162412520210274, 0.0, 0.5275460777104617, 0.0, 0.0, 0.0, 0.5186243893913878, 0.7400653256288732, 0.9205431636461708, 0.8818968722120235, 0.8906888596210826, 0.5494380890301468, 0.6355183156359069, 0.8163228612394698, 0.7761445846304772, 0.8632294890984323, 0.6858002756309295, 0.6268538433656041, 0.5280158299434815]"
8,86.69,Human,0.0,0.46018445788623275,"[0.6011460972279185, 0.6770603975430475, 0.0, 0.9090927329001571, 0.0, 0.6378381922211576, 0.0, 0.6538453258702999, 0.0, 0.0, 0.895992899621874, 0.8020888494624114, 0.0, 0.0, 0.0, 0.6317248929195326, 0.6679930962416744, 0.0, 0.6425298514512571, 0.0, 0.754751510012228, 0.0, 0.0, 0.0, 0.6651311174593655, 0.0, 0.9115091153410594, 0.0, 0.7223789119414203, 0.9245807620159805, 0.6253563338866197, 0.6523674983729123, 0.6643866324825398, 0.6332226052249937, 0.6553639881411534, 0.8662475872286244, 0.8457470028916771, 0.6538722703769945, 0.5394886364963778, 0.7454264895115723, 0.8884199764926979]"
9,109.14,Human,0.0,0.47500910653256534,"[0.7410964842375054, 0.705646663497614, 0.565406886103876, 0.5321342934627914, 0.5544512063660737, 0.0, 0.43161878705403367, 0.0, 0.42409631337536, 0.0, 0.4385216952193436, 0.42965115083267474, 0.43306330647409624, 0.6046585844317863, 0.6271348719642731, 0.6777198478270456, 0.43770293211279104, 0.6240554142687603, 0.0, 0.6320280310202325, 0.6200375391998411, 0.0, 0.5621005196983699, 0.6553353954326094, 0.4249982367112974, 0.0, 0.4283418580212431, 0.0, 0.6619150843006099, 0.7076967356886967, 0.634891706517907, 0.552864070930588, 0.6163236325932401, 0.5575574646404942, 0.5963556561704609, 0.6500180350302351, 0.5367216448248823, 0.5763446668942992, 0.6339309975844712, 0.6306275306679795, 0.570326124679696]"
10,85.18,Human,0.0,0.38633815854119835,"[0.0, 0.8172800834125816, 0.0, 0.8471339754514394, 0.0, 0.0, 0.0, 0.6738140715183867, 0.0, 0.5604750804710897, 0.5941806687870749, 0.0, 0.7964524175627307, 0.0, 0.0, 0.6557928462457372, 0.5867737721428519, 0.0, 0.0, 0.0, 0.0, 0.0, 0.0, 0.0, 0.743648606850978, 0.0, 0.7937015963472699, 0.8171201403693558, 0.8256478528685128, 0.8204377612650542, 0.8242036385272259, 0.5833867539731388, 0.7600195160507577, 0.6052654010716253, 0.0, 0.6166314858203374, 0.0, 0.5830608192424185, 0.7580991807382494, 0.8788011450861629, 0.6979376863861507]"
11,114.35,Human,0.0,0.3297890452750676,"[0.0, 0.6325701004569856, 0.5816981504276861, 0.0, 0.5545676895181083, 0.5635325240763589, 0.0, 0.0, 0.7028397602296489, 0.5736023929306607, 0.6659592904589141, 0.0, 0.0, 0.6055802413828278, 0.0, 0.0, 0.0, 0.0, 0.5368328238224085, 0.0, 0.0, 0.0, 0.0, 0.0, 0.6740914432752692, 0.0, 0.717729117124518, 0.0, 0.6614948000621848, 0.5778726243715246, 0.5988286387914101, 0.5589870642961758, 0.5553910540945842, 0.5735897968614233, 0.5792771020763352, 0.6901008924501334, 0.7304504998902844, 0.48281805462086164, 0.7035367950594659, 0.0, 0.0]"
12,106.21,Human,0.0,0.30104141701723397,"[0.0, 0.6386234972927886, 0.7156648641147697, 0.8077559829152292, 0.47182624462119593, 0.5347078075609923, 0.0, 0.4550630786537711, 0.0, 0.0, 0.6016680900403494, 0.0, 0.0, 0.0, 0.0, 0.0, 0.0, 0.0, 0.0, 0.0, 0.0, 0.7666825584568843, 0.0, 0.0, 0.8407376210580514, 0.0, 0.5872877673236581, 0.0, 0.5014149256725646, 0.500816117775284, 0.7019163518206365, 0.5902468503206503, 0.6849180300198422, 0.0, 0.7328655899871945, 0.0, 0.8149855381967499, 0.0, 0.8269643009697971, 0.5685528809061822, 0.0]"
35,44.91,Human,39.45,0.6670621247294384,"[0.6840949719668136, 0.8757663374680972, 0.6771791532525484, 0.9633082027879827, 0.6988792376542194, 0.693452946912592, 0.0, 0.790732350407468, 0.6850665623359146, 1.004060960860513, 0.8373008881501438, 0.986821949267221, 0.6988792376542194, 0.0, 0.9716125101187789, 0.0, 0.0, 0.6624135093835954, 0.6758731896020213, 0.7378914318489949, 0.6563874401203696, 0.7030654537434986, 0.7018004722667214, 0.6846741364460103, 0.6860829450087214, 0.0, 0.0, 0.6743644613055071, 0.9332851918125397, 0.6927992989890668, 0.9546477816746669, 0.6781876303899416, 0.6979489819036385, 1.0243139737067966, 0.7586290335059718, 0.857801184572186, 0.989363895770998, 0.9420796732156179, 0.6904375640358598, 0.697630094992172, 0.6827144607755645]"
37,42.93,Human,61.9,0.6806365826634905,"[0.5731389853828878, 0.0, 0.7904190728703543, 0.7585843224715487, 0.7415508608263361, 0.0, 0.9564988434241577, 0.6747023347844789, 0.0, 0.9298804498854872, 1.0345167927767804, 0.6301669814522964, 0.5738116972057195, 0.6425501343775505, 0.6168608267246762, 0.5635617980145117, 0.8071992165381138, 0.612640060880011, 1.007657711025044, 0.921738476769238, 0.0, 0.6140162474497362, 0.6314431492856347, 0.9937253263338077, 0.6780181965466738, 0.623418794524103, 0.6660614573395401, 0.0, 0.9633620149117329, 0.6260026217622515, 0.9071524202927517, 0.9634861242069782, 0.7192303996621299, 0.987489398032432, 0.8024872459282635, 0.9918149371920695, 0.6623098682535477, 0.8647114540480364, 0.7585189340357413, 0.9472908470503624, 0.6700818869381255]"
38,46.29,Human,36.62,0.5949923273530442,"[0.678116302032673, 0.959881327509453, 0.698028124655614, 0.7021864715701635, 0.7209656055732455, 0.0, 0.8389310576472787, 0.9667203925770397, 0.7154526209549478, 0.6862765932233342, 0.0, 0.6873988208831651, 0.0, 0.0, 0.7497246873718982, 0.6265288921172537, 0.6884304068442073, 0.7054345161302207, 0.7054345161302207, 0.0, 1.0166072202552694, 0.0, 0.0, 0.0, 0.6738416828341417, 0.0, 0.7054345161302207, 0.7640581772445126, 0.7147221301841279, 0.6839404254231747, 0.717200442652738, 0.8876192606437836, 0.7633183403988982, 0.9430192655282728, 0.9837987713568311, 0.6187239420219288, 0.7013702444832702, 0.7129944826961567, 0.659879078624562, 1.0754237249974286, 0.6432233807787764]"
39,70.37,Human,23.4,0.6795530609104963,"[0.0, 0.7621111604310352, 0.0, 0.8345902631441261, 1.0964518504719913, 1.0508578678264084, 0.7439705375078167, 0.7305550254155799, 0.7556492434243527, 0.0, 0.7697423799080299, 0.0, 1.112378609008921, 0.7477390325016621, 1.0000771474405092, 1.1067208157012565, 0.0, 0.9135474517757093, 0.7567612501248906, 0.7725242169997877, 0.0, 0.0, 0.0, 0.8446764749238298, 0.7674821837071338, 0.7664171429084808, 0.0, 0.7422600220993283, 1.1084789881545698, 0.7375675109585903, 0.7370859085528517, 0.9647556697187057, 0.9645790641375177, 1.0456516088714456, 1.0913195670549907, 1.1162138293093595, 0.7588265120031754, 0.7462468911455751, 0.811535288653671, 0.762055945225848, 0.742846038223193]"
40,36.19,Human,51.45,0.4061268310937183,"[0.0, 0.6870245350293103, 0.0, 0.633082326095316, 0.6407229532090006, 0.0, 0.0, 0.8140746803902414, 0.0, 0.0, 0.0, 0.763856546691328, 0.6760399159085034, 0.6628923937663094, 0.0, 0.0, 0.0, 0.0, 0.0, 0.0, 0.8944066541249803, 0.626480991655749, 0.0, 0.679531947151346, 0.8108804423674183, 0.0, 0.7476525676767607, 0.0, 0.6482753559220357, 0.635020370608042, 0.7075353569222589, 0.7872645131443314, 0.8763769739861968, 0.6542187083625302, 0.8859212233620274, 0.0, 0.6973060227390879, 0.0, 0.7322611573058839, 0.7470658603213413, 0.6433085781024571]"
41,66.88,Human,32.09,0.6209236506619523,"[0.909049474028869, 0.0, 0.5010945019310005, 0.8681329962680162, 0.5926923328648098, 0.8581846989344388, 0.5730139973182636, 0.0, 0.0, 0.8319914907957296, 0.9313676647866452, 0.600039736182397, 0.6039807219384503, 0.0, 0.5960256084762418, 0.8763079614417822, 0.0, 0.5074176541503967, 0.8670237798152393, 0.8358576450016931, 0.0, 0.8623382503106606, 0.5852232331091402, 0.8740664038400261, 0.962165734875112, 0.5418744218195433, 0.0, 0.0, 0.9386189816798949, 0.5539075357584748, 0.8683608949942243, 0.8631257580485129, 0.8768077062011947, 0.887104396647549, 0.874159550792563, 0.5306566401510725, 0.8141712732249896, 0.8714391922009973, 0.8182121244968116, 0.8624767283325318, 0.9209805867227786]"
42,61.41,Human,49.58,0.4647669617961588,"[1.0100473441039737, 0.525484410415301, 0.7251506267361837, 0.0, 0.0, 0.5359519236745455, 0.0, 0.7813414758823445, 0.0, 1.01321610689257, 0.0, 0.0, 0.5375569382441254, 0.7873457225328502, 0.7827770253291375, 0.0, 0.0, 0.0, 0.0, 0.0, 0.0, 0.0, 0.0, 0.0, 0.5978477091885156, 0.5391610354082168, 0.9916595546953769, 0.9022820904952277, 1.0063951602944814, 0.5212964000141516, 0.7616130701877781, 0.5246187135825982, 1.038393904342897, 0.5497419876510699, 0.9678836441586629, 0.8398130706116821, 0.8024404651182148, 0.5450058901310273, 0.9456514991916055, 0.0, 0.8227696647599806]"
43,40.39,Human,51.71,0.7190890608472961,"[0.5773492281876711, 0.7981992444707536, 0.728257509196966, 0.748882646134665, 0.8475906471690008, 0.7989315402861747, 0.7613119848261048, 0.7120554540895699, 0.6094069768098165, 0.733328571583157, 0.767437618222043, 0.8543592359634413, 0.6032853794571426, 0.6363212756287705, 0.7187166428051662, 0.8317053460632274, 0.745006002773362, 0.658031482231997, 0.7186878281346957, 0.7348069476796403, 0.7487590336580818, 0.6312166904285085, 0.7270403477406654, 0.7107406172990011, 0.6991602838406297, 0.8090967241018141, 0.5994098383303477, 0.5407134512735393, 0.739295550456845, 0.7106205388767501, 0.7393005303119132, 0.6927576322902245, 0.6635843080600916, 0.7089919969339917, 0.7645253874269845, 0.6935840931962136, 0.8210075190680785, 0.7339279671888158, 0.6840366209778959, 0.7440634079092933, 0.7371473936560804]"
44,65.99,Human,3.09,0.9588178489651904,"[0.7824751163983292, 1.0969553937809273, 0.7171147134259779, 0.7867298828808117, 0.756158198532265, 0.7453810064846015, 0.9938766002311598, 1.0179703714359585, 1.0314705818789307, 0.9571710044579999, 1.1336912501878902, 0.7416363280752082, 0.9672476179187925, 1.1157409828823484, 0.9784569018659005, 1.106413140926808, 1.0554641430010683, 1.038502818608258, 0.7535839657944392, 0.9589217072232261, 0.7511108332749893, 1.0931807001412623, 0.7340538228391823, 0.7573396951009717, 1.1500073535107311, 0.9404995441023946, 1.0287608766051217, 0.7137818055756265, 0.878782618918749, 1.145173818884008, 0.8357809944209293, 1.1507157612232761, 0.993672082411219, 1.140503813468113, 0.9935345238385153, 1.1054278535416442, 0.9321040876511063, 1.1598561496638158, 0.9639704839495863, 1.123766496192077, 0.9845467662685942]"
45,42.38,Human,32.16,0.5539732875658215,"[0.8678195455350627, 0.7825511094108327, 0.7075037893529447, 0.735907983502417, 0.7060544599645887, 0.0, 0.7177958701529714, 0.8463800858328309, 0.0, 0.6897199419780397, 0.7064234503718877, 0.8298800649111555, 0.0, 0.0, 0.0, 0.7117350556202674, 0.7236849161050478, 0.0, 0.0, 0.0, 0.7018218549966796, 0.0, 0.8012936500003108, 0.0, 0.7041695776507917, 0.0, 0.8437779990644033, 0.6937476946639164, 0.8301249772238802, 0.7575242369377843, 0.7229430020763613, 0.8777322032410578, 0.7828963664612574, 0.6803129625121646, 0.7073522342067853, 0.8161476334096467, 0.6927037563402559, 0.8243558593561175, 0.7045179127439397, 0.8317763265231157, 0.7142502700521721]"
46,73.89,Human,17.27,0.7572213321784573,"[0.8498349209307829, 0.8354416325943449, 0.6338812477561384, 0.7546528631168259, 0.45508899063294467, 1.017439486643402, 0.8197741150896697, 0.9351553667762557, 1.0640941816768632, 1.0607317206444042, 0.0, 0.8231130481189448, 0.8753188941976665, 0.9798178010920543, 0.1871762550761158, 0.817223933450204, 0.8693783837347914, 0.8724933909188587, 0.0, 0.791231711630326, 0.852448385171081, 0.7880620682503027, 0.8304770572112488, 0.0, 0.8114456643726898, 0.8462728333301323, 0.8252182932916645, 0.0, 0.8844230189315038, 0.8722206823823536, 0.9010872934127332, 0.8323397597203455, 0.8185172901399813, 0.78064925989176, 0.8101917037788868, 1.056740875250082, 1.0121404685417936, 1.057416262455419, 0.8138912463333345, 0.7966759674995156, 0.8140085452713317]"
47,51.63,Human,35.63,0.31966380682853773,"[0.0, 0.0, 0.6374572852104723, 0.0, 0.5535146084460647, 0.0, 0.0, 0.0, 0.0, 0.8605453064204922, 0.0, 0.0, 0.6174080396823675, 0.6090946325365162, 0.0, 0.8947802743002654, 0.0, 0.7855767557408968, 0.0, 0.0, 0.5837183705956763, 0.6056260569572641, 0.6361752685254366, 0.0, 0.0, 0.0, 0.0, 0.0, 0.5635835814795583, 0.7902793625166173, 0.0, 0.6795878066262895, 0.9245073408473847, 0.0, 0.6117777832323257, 0.7729292544728573, 0.5937447457670127, 0.8264182922650135, 0.0, 0.5594913143475355, 0.0]"
48,56.33,Human,28.85,0.30553787968664986,"[0.8564729490839106, 0.644837174159846, 0.0, 0.6785500141416388, 0.0, 0.0, 0.0, 0.7547036556101107, 0.0, 0.6201924298816871, 0.0, 0.0, 0.6861487416249229, 0.6333058053731091, 0.0, 0.7428521333094056, 0.0, 0.0, 0.928124886759131, 0.0, 0.0, 0.0, 0.0, 0.0, 0.0, 0.0, 0.0, 0.0, 0.770058948413503, 0.8461165892844463, 0.6420775377675798, 0.0, 0.6810188590901739, 0.0, 0.7213967338753957, 0.0, 0.7578152367668868, 0.6592069211014162, 0.0, 0.9041744509094827, 0.0]"
49,44.6,Human,39.82,0.580148193773182,"[0.6312722993060704, 1.0228421276640491, 0.6078184497449798, 0.9412411459210502, 0.0, 0.7650683005590296, 0.7689178105787495, 0.0, 0.6309248803705285, 0.6284979873697438, 0.0, 1.0405995036254558, 0.0, 0.0, 0.6279438570303888, 0.0, 0.6468243574796058, 0.0, 0.0, 1.0513736860004306, 0.9408524903389494, 0.717743223044642, 0.8618436722330769, 0.6324599967832276, 0.0, 0.0, 0.6319957869277494, 0.0, 0.6197410400436347, 1.0670537603905192, 0.988515902424206, 0.8875097729011432, 0.7597365892247264, 0.6273513104402787, 1.0494718897546056, 0.967804407613347, 0.7928108194891829, 0.626763567846551, 0.605746900438216, 1.014919110269044, 0.6304312988872772]"
51,67.68,Human,40.64,0.6684009564515381,"[0.0, 0.8230692943822995, 0.8703681830958058, 0.8446850991143099, 0.0, 0.7248300813464668, 0.6472091242663844, 0.9440361599003978, 0.676662208164352, 0.6767686473142327, 0.9418183662285939, 0.0, 0.9446552298934893, 0.9386266120736214, 0.6352439612244901, 0.0, 0.6633842648324068, 0.0, 0.6650916019015592, 0.660579615889635, 0.8158378495189598, 0.6425803832705645, 0.9364565687810672, 0.0, 0.6515752901997762, 0.6723787868898728, 0.6803689686189544, 0.6606124619074837, 0.8276617252528629, 0.7118780488459955, 0.9153445883624779, 0.9446151214419937, 0.6669514672570027, 0.8002885140125862, 0.8833489868970884, 0.9225260325132836, 0.9478870167489194, 0.6644756967139142, 0.8205276614850985, 0.9280369647611345, 0.6540586314059826]"
52,63.34,Human,51.42,0.35748648719354104,"[0.0, 0.0, 0.0, 0.0, 0.0, 0.9782394887297694, 0.7215416655137578, 0.0, 0.7125096801129671, 0.7039890742156163, 0.0, 0.7159455247464735, 0.0, 0.0, 0.9186129668898552, 0.8596001312866383, 0.0, 0.0, 0.0, 0.0, 0.0, 0.0, 0.0, 1.0054471578933049, 0.0, 0.0, 0.7161379902313286, 0.0, 0.0, 0.7030099833131495, 0.8162739368739439, 0.8936657075000723, 0.7199400082068675, 0.9878379588743328, 0.0, 0.7403410596030997, 0.0, 0.7189189794364744, 0.0, 0.727189289942086, 1.0177453715654445]"
53,37.59,Human,74.04,0.7675139639252782,"[0.7055139079147439, 0.7157030851819273, 0.7082000385710562, 0.7489235786243119, 0.9190440814392109, 0.7043897324786174, 0.7190743852305115, 0.7147112202427077, 0.0, 0.8020619600616261, 0.7097781468073554, 0.7981822115139238, 0.7000778608869626, 0.7081145292837111, 0.708374379148046, 0.7681158820605899, 0.7096026114512167, 0.7044459711420137, 0.8231320000011695, 0.974832631517389, 0.7048060116589208, 1.0028659623969844, 0.7787561388352661, 0.7912029346929621, 1.0367255162149014, 0.7199155322783928, 0.0, 0.9733815744549082, 0.7335470459286177, 0.792001369798168, 0.8845780931084497, 0.9612093190337404, 0.7544815972691664, 1.0349910975345564, 0.7685901296825922, 0.8022996489870896, 1.02061373756137, 1.0107500878691706, 0.7283435388799658, 0.7854661331780993, 0.8412688380159916]"
55,62.84,Human,41.81,0.2913559091658795,"[0.5853167438562166, 0.7216180930707569, 0.0, 0.0, 0.0, 0.5618205877496766, 0.513562653751492, 0.0, 0.7031731194263328, 0.0, 0.0, 0.0, 0.0, 0.0, 0.0, 0.0, 0.6959128430801372, 0.0, 0.0, 0.529138507869109, 0.0, 0.0, 0.0, 0.0, 0.6237378738476183, 0.6696177621067679, 0.6494366373607653, 0.0, 0.6738964804708147, 0.7213705963510368, 0.5111509764825009, 0.5160343407448436, 0.0, 0.0, 0.7015727681550725, 0.5907555729834774, 0.6846410390365596, 0.6380306611389647, 0.0, 0.0, 0.6548050183189172]"
61,50.19,Human,26.28,0.4991699836120928,"[0.4601496219133244, 0.5454704794138977, 0.4847953989953972, 0.4619502494635601, 0.4793046488943212, 0.5358402396618345, 0.5251496288094494, 0.5047739865370687, 0.577362664003116, 0.48854546588816045, 0.5579226996518949, 0.5277666208177565, 0.5034763600099467, 0.529036690077015, 0.4735803021160832, 0.49881976539373984, 0.46489361884239766, 0.4613940037943275, 0.5168589635520734, 0.5155902367913245, 0.5267712960780534, 0.5723400530884678, 0.5218694303424344, 0.44755797758926436, 0.47496851743608465, 0.46764527369731124, 0.5833282576390383, 0.6165184907197113, 0.4634562229140846, 0.506700071012434, 0.45447266716995405, 0.4770695173614954, 0.4941646218429526, 0.488002810743102, 0.4934250914109647, 0.4636004749255654, 0.43099682183729904, 0.4647615191910771, 0.497637597432306, 0.46612483871626637, 0.44187613232125006]"
63,39.28,Human,59.22,0.3863075064582344,"[0.0, 0.8445201547624922, 0.7788856494532526, 0.0, 0.5210139440580934, 0.0, 0.7483235151181289, 0.0, 0.0, 0.0, 0.5173701025609806, 0.0, 0.8839837509300528, 0.5186737605033421, 0.8773672167813422, 0.0, 0.0, 0.0, 0.8582057194455582, 0.5536536150055066, 0.9101769911604715, 0.0, 0.0, 0.0, 0.0, 0.0, 0.0, 0.0, 0.905803544694363, 0.5106669069471523, 0.6274483372120013, 0.0, 0.8554838949541315, 0.5113148831856242, 0.8143834437094898, 0.0, 0.507369397445099, 0.537022816212928, 0.8012505386810326, 0.8409638435438119, 0.9147257384227542]"
66,50.27,Human,37.58,0.5547879295449847,"[0.6560575362206724, 0.6505213381393834, 0.47531854635427706, 0.6308869119733955, 0.4856920118798108, 0.47809052955256287, 0.5084076837967464, 0.4768405766872433, 0.6560575362206724, 0.6313154318658205, 0.49370479355570585, 0.5718257133118381, 0.6130420341769737, 0.6476490211747105, 0.47326576609370946, 0.6403999967233803, 0.6084608235087444, 0.6137970076505358, 0.6150827256900568, 0.6090974134305335, 0.477264424384704, 0.5360025528239177, 0.5032269983398129, 0.5454404320048164, 0.5848930531357753, 0.6078340973052035, 0.6164096438998586, 0.6403730332838304, 0.4953163528238209, 0.4757537599496778, 0.4818964684285092, 0.4786402598920007, 0.5067317166807038, 0.5132806818778696, 0.5966056336904375, 0.5939831490510972, 0.522832650731036, 0.49147022861948647, 0.48058495337716345, 0.5345746203339989, 0.5276770027038761]"
67,48.03,Human,30.69,0.433009183089539,"[0.0, 0.8217806123272174, 0.0, 0.0, 0.7778211724787021, 0.0, 0.6981608143739134, 0.6621186422434172, 0.370012749674897, 0.6999864668736797, 0.0, 0.7324824629429176, 0.7106415163025555, 0.0, 0.7299823177852983, 0.5960685771326947, 0.0, 0.0, 0.0, 0.0, 0.4010698173056205, 0.7015274800993616, 0.763536539677889, 0.0, 0.40563903160298337, 0.0, 0.0, 0.4216463367288578, 0.766576215730224, 0.6540913323840566, 0.3785356887494562, 0.7377663861618746, 0.7809136609503581, 0.6986276221102142, 0.6376085405731753, 0.3769954220998693, 0.7257489871951394, 0.3938706391529701, 0.7141415842471791, 0.6850181251763247, 0.7110077645902532]"
71,58.52,Human,14.07,0.519553114612977,"[0.7876883416622301, 0.0, 0.0, 0.0, 0.0, 0.76506846609623, 0.0, 0.0, 0.0, 0.0, 0.0, 0.7208401948006825, 0.0, 0.8148250886459604, 0.0, 0.7275843187990746, 0.724478748368305, 0.8120408505163397, 0.7231401960693102, 0.7247581203162617, 0.7280358040597974, 0.0, 0.7157801466810906, 0.8344577856356105, 0.8356576753751155, 0.7165205879886836, 0.7262291019137258, 0.0, 0.7726855460390228, 0.7461420897018302, 0.7913438139159207, 0.809964039552927, 0.7256821214050949, 0.7249533241098892, 0.8201601697152108, 0.8087902109372778, 0.723462313769995, 0.727070891921954, 0.7248044648319073, 0.8433405047649623, 0.7261727815376477]"
72,53.06,Human,19.36,0.280348441036761,"[0.8987325633814321, 0.0, 0.6425417581703078, 0.6162911717357985, 0.6334477541974622, 0.0, 0.0, 0.7385816840739011, 0.0, 0.0, 0.0, 0.0, 0.0, 0.0, 0.7467594071643152, 0.0, 0.0, 0.0, 0.0, 0.0, 0.7980696418812391, 0.0, 0.0, 0.0, 0.0, 0.0, 0.0, 0.6237339970940048, 0.8368060859017477, 0.6286316098564555, 0.6493974703476993, 0.8693783380506864, 0.7079557879778976, 0.0, 0.0, 0.637357033000517, 0.0, 0.8088920095746707, 0.0, 0.0, 0.6577097700990645]"
78,61.91,Human,58.08,0.37907907704683463,"[0.6527874459190799, 0.669512894299098, 0.7413395683416886, 0.0, 0.0, 0.0, 0.0, 0.0, 0.0, 0.8688120101452395, 0.0, 0.0, 0.0, 0.0, 0.6779803609541236, 0.7770550116077557, 0.0, 0.0, 0.6774287345541422, 0.7503464192212095, 0.9849932404030739, 0.0, 0.0, 0.0, 0.0, 0.0, 0.9855615721010366, 0.0, 0.6973157034975194, 0.7123831299913731, 0.9022166300562005, 0.0, 0.8283107425506024, 0.89877331049524, 0.648868226551073, 0.773671261320594, 0.6550063210896152, 0.0, 0.658880614522809, 0.9809989612987472, 0.0]"
79,43.65,Human,30.37,0.5595964020157075,"[0.0, 0.7487636393479203, 0.0, 0.7366344624650315, 0.7260477090088667, 1.0051109562387002, 0.7514110145196334, 0.0, 0.7329849127541742, 0.0, 0.0, 0.7351754599594909, 0.7306289686807576, 0.0, 0.9007235616219276, 0.729052246694623, 0.9149582898014953, 0.0, 0.9355930197077057, 0.7511489460921034, 0.0, 0.0, 1.0128131449692197, 0.0, 0.7220250100108165, 0.0, 0.0, 0.0, 0.8493937149687817, 0.7047515420327006, 0.7379412395102212, 0.9715828602425043, 0.7346516184952582, 0.9243542962827858, 1.02751277879209, 0.7187790658017071, 0.7591605275303495, 0.7188157354034888, 0.9180645827336841, 1.0347301278522587, 0.710643051125706]"
80,59.38,Human,40.18,0.32916455384020754,"[0.7761251349349761, 0.0, 0.5942732078878056, 0.0, 0.841700626511073, 0.0, 0.6512924552810282, 0.0, 0.0, 0.6703611375269022, 0.0, 0.0, 0.7668748967135885, 0.0, 0.0, 0.6990282713888779, 0.6439619428922012, 0.0, 0.0, 0.0, 0.0, 0.0, 0.8015760277663896, 0.0, 0.0, 0.6799962419593771, 0.0, 0.0, 0.8501098050090161, 0.8375002404146746, 0.7284924160328974, 0.6873661653709716, 0.6313652114550861, 0.0, 0.6798528512677233, 0.6070736445197081, 0.5910235902900273, 0.0, 0.7577728402261869, 0.0, 0.0]"
91,54.11,Human,52.28,0.5677917532882523,"[0.8969131387089142, 0.6400229073439009, 0.8992522736185714, 0.921185797668991, 0.8509664796800618, 0.0, 0.6335842705333661, 0.0, 0.5984310609021459, 0.0, 0.0, 0.8246324743227504, 0.0, 0.7688792264406422, 0.6801451990936902, 0.0, 0.0, 0.5463031794298575, 0.6228984066522882, 0.5905430914766994, 0.0, 0.9188259775427262, 0.8821323269978063, 0.5902818905294015, 0.6246201191936315, 0.0, 0.6289544331962901, 0.0, 0.9022478181459603, 0.6341137520682981, 0.905576337131592, 0.8983457485466827, 0.8699939048968585, 0.7773263479155761, 0.6853743259280393, 0.8511313608585417, 0.6157860126507729, 0.888631242123118, 0.8805183323592126, 0.6216796788283803, 0.6301647700335758]"
92,61.07,Human,31.22,0.3715128366962448,"[0.9456124882081268, 0.9741849039804029, 0.0, 0.7343333103618424, 0.0, 0.0, 0.0, 0.0, 0.0, 0.0, 0.0, 0.0, 0.0, 0.8037575170406502, 0.6344510902463731, 0.9257221919815117, 0.0, 0.0, 0.0, 0.0, 0.0, 0.6774096531752966, 0.0, 0.6704120218803363, 0.8771339515246381, 0.0, 0.671020843099706, 0.0, 0.9596115830267575, 0.9150156470162898, 0.8603992638384007, 0.0, 0.0, 0.0, 0.7581579886110075, 0.0, 0.6799701508799122, 0.9370427981981917, 0.6803532885207475, 0.666183778672149, 0.8612538342836961]"
