,text length,binoculars score,percentage,perplexity,entropy_rate,rates
africanpolitical00fort.txt,641434,0.944954157,0,0,0.989809117,"[1.7386178880710645, 0.0, 1.4549001529497827, 0.8932906441545675, 0.9689961464302128, 0.762071167730933, 0.9638870375766179, 0.9026362210542478, 1.05321888015482, 1.254510576408022, 1.018056443337577, 1.312296670584575, 1.0392583779024738, 0.6858407055538748, 1.111272821723885, 0.9887440828405737, 1.0197316292249667, 0.9181991951535035, 1.029473495062821, 0.9114189898018318, 1.133240890332752, 0.0, 1.1059010629291435, 1.0521141429344945, 1.1847288739243886, 1.0239895775481513, 1.0110583233517416, 0.899403795181886, 1.1874154675159294, 1.1116847483006043, 0.8513285466045284, 1.0003578693649564, 0.9439461626399781, 0.9199783222067505, 0.9098429472303321, 1.040871679792405, 0.9836601524332975, 1.010070278122683, 0.9181226180002456, 1.24033706406747, 1.0277001422820313]"
africansystemsof00radc.txt,965232,1.013244987,0,0,0.794067001,"[0.7926184786134258, 0.8768794062496973, 0.765625126206486, 1.0351761808157107, 0.9378952892342596, 0.6639040204413825, 0.8953583065865466, 0.7078742722184308, 0.872131532575836, 0.6994407826141278, 0.0, 0.32381447487516063, 0.7623152940887699, 0.8455178012973873, 0.9338241994075568, 0.873321404278192, 0.879842706320229, 0.6433555202925569, 0.8858941043974587, 0.85887207011608, 0.9317404461691485, 0.8665832865776053, 0.6689955532110469, 0.9290193137114425, 0.8306849234954843, 0.77813291097416, 0.8178414826856306, 0.6849175171472025, 0.8286571358361288, 0.7586252694828449, 0.8116868981309072, 0.3363969763223193, 0.8839936690132796, 0.9430841854681112, 0.9720913274812942, 0.8415294722990211, 0.9319992729975977, 0.8823571140676505, 0.7811156384516953, 0.9783417145859346, 0.8452919820143997]"
aidtoblindincali00sundrich.txt,45781,1.028901696,0,0,1.376223464,"[1.0154530191153837, 1.4286317820817767, 1.4245610170666179, 1.383094943460007, 1.4167021457972846, 1.37647954219196, 1.408004391695266, 1.3992912239158377, 1.4396173284120442, 1.419866511310236, 1.4100312900773326, 1.4161984044762612, 1.4042439753203244, 1.3846735101538816, 1.4457677627658165, 1.4457049924812724, 1.3087408627814041, 1.2756496091814296, 1.4098676429820904, 1.2636064417920996, 1.4261120704390495, 1.3155513611370957, 1.4258256237966092, 1.435709618632411, 1.4319645458917687, 1.430101476164693, 1.4147985617422731, 1.4265261721439098, 1.3999132046596092, 1.4148558399321618, 1.4394238575596532, 1.4367617816430742, 1.21261849008965, 1.3666744086268923, 1.388587959246664, 1.3955965436706304, 1.391718767361464, 1.2951371261629465, 1.2744845911678273, 1.273613072616159, 1.3530005692741378]"
alsabalmuallaqat00johnrich.txt,306449,1,0,0,1.886306113,"[2.0887617397074756, 1.9664875038627487, 2.0630147481758385, 2.0360919685747523, 1.9667428118512942, 1.7125058530317587, 2.0925791901044395, 1.841509985078361, 1.9798044562663621, 1.8614710443926445, 2.1866464484926347, 2.0462688528919895, 1.923561084995658, 1.7305060697584713, 0.8545908162560542, 1.8857694028499583, 1.971848665700961, 2.073900112027179, 1.892523826964866, 1.9185066312042978, 2.0583927648957077, 1.809087785611783, 1.5162652848811027, 2.160185145558459, 2.01892032861553, 1.8533165580278395, 1.9286335075353511, 1.9971079938707748, 1.8490909275838392, 2.1301256816683556, 1.8842926968237144, 1.9799247174006578, 1.6812739588393462, 1.7717747552426963, 1.9395025820297878, 1.8320796604457519, 1.390193284422939, 1.8864506413381348, 1.9701793860184835, 1.6329185204146588, 1.955743254780214]"
anthropologymode00boas.txt,323554,1.026666641,0,0,0.907550688,"[0.8785360924656181, 0.8913863516234123, 0.8257044231983305, 0.9531103675867909, 0.8601159843536692, 0.7982330415431307, 0.7651913743974642, 0.902991484772414, 0.7835072040444705, 0.9256079568060162, 0.8893284205912875, 1.0145433908662498, 0.9863599640720976, 0.7678009373261422, 0.9811612105077345, 0.9187006627695768, 0.7496426478076373, 0.9345559777137339, 1.0215717709780499, 0.9000916393481998, 0.8983327284029207, 0.7492799838730507, 1.0265882084042033, 0.9754436182675296, 0.8778872432293116, 0.8072488976059218, 0.996719516981981, 0.7677801725762072, 0.8227202335932338, 1.015762835388148, 0.8596914947512848, 0.8115857511777569, 0.9610249036293459, 0.8857404950568707, 1.0157174065895231, 0.9763754403314281, 1.0363790430715303, 1.013705938613202, 0.8656331450473992, 1.0112839006853247, 1.0865363516648678]"
attitudesactivit00jenkrich.txt,296817,1.035460949,0.009615385,0,1.418539891,"[0.8917536483245069, 1.5074917581484695, 1.4525064091479365, 1.49735287833871, 1.609662548462539, 1.0142730244098466, 1.5585681156852433, 1.451172106255047, 1.269036841996707, 1.4558270905320128, 1.4797027008194286, 1.5088957639929121, 1.1920310586174996, 1.219385045428736, 1.3419557573483962, 1.4884770047032558, 1.529770545047144, 1.5563792189711478, 1.5793091159847392, 1.3122360792055523, 1.474222279623366, 1.4334686971419033, 1.4136766367274447, 1.1552400462006898, 1.5400116239924027, 1.5052505255003612, 1.5287352897263156, 1.432062536397489, 1.503555111199536, 1.5575175222938675, 1.4948803237030632, 1.1925159111704018, 1.4778663756163424, 1.235046492887041, 1.4807432361987596, 1.5399504021371, 1.350189347376877, 1.4607111164636808, 1.5162417844194076, 1.4207447314920079, 1.5317188290387131]"
baldwinmwoodsonu00woodrich.txt,98108,0.987500012,0.009174312,0,1.957611653,"[2.1633778819701512, 1.470039844686791, 1.9585463446214149, 2.0857358288519348, 2.2011605706632413, 2.1630852112527545, 2.1063597140482813, 2.170325381636017, 1.9392918647423758, 1.9888215032429521, 2.2017581744546573, 2.200497878434858, 2.1172249491683015, 0.9319509448139213, 2.1053260947003154, 2.0704343379549304, 2.0718297410043456, 1.5619100310486693, 2.114269929830702, 1.8115680952654287, 2.1927166572789933, 2.215279179005156, 2.074419346355149, 2.027852911040649, 1.6195176556281967, 2.020879795472995, 2.223572137535223, 2.138989694785273, 1.9721470752915933, 2.1497081888607488, 2.1595060181735266, 2.130553477153303, 1.5169951699441133, 1.9264447532581304, 1.919163716922615, 1.3416564020477988, 1.6034657179472223, 1.84092918022376, 1.9896967235645584, 1.7491353704352903, 2.015934290717318]"
berkeleycultureu00richrich.txt,440584,1,0,0,3.379638626,"[1.1724904220787093, 3.2678200078756565, 2.6904412048406523, 3.7412922438787874, 3.702756020080723, 3.6359208900369357, 3.6769753942267096, 3.68703287138353, 3.3505943286945405, 3.523268187509937, 3.5729700331684375, 3.433238187016348, 3.7219856267644715, 3.729716126706538, 3.682771496814767, 2.8892080085537017, 3.2322458569448544, 3.392899860877025, 3.4419049730362015, 3.532604499909252, 3.7121310146863675, 3.5517003888657985, 3.6337521911859554, 3.6902905997852, 3.696889106922953, 3.6760417581090032, 3.047466721779765, 3.7021093077681466, 3.6875450105579173, 3.7386228623824436, 3.7306477674636733, 3.5764233394379166, 2.4436426484506746, 3.3656508023793696, 2.7705436295561525, 3.388747979611031, 3.0067635743679237, 3.2498348763316627, 3.4128622480779627, 3.4063482489405827, 2.999033342879075]"
brentwoodplanfor00millrich.txt,129175,1,0,0,3.714378262,"[3.993906125599506, 4.004315877319936, 3.9764408890465086, 4.038060861484982, 3.7236965688137778, 3.912940039628672, 3.7703731020515407, 3.9793569294054207, 3.738767236409543, 4.03494976582129, 3.630958077096139, 3.8810124596044773, 4.024718784695976, 3.833804797878259, 3.8434080074055563, 3.723087940743609, 4.020295358144403, 3.9089787443696875, 3.9962808694606125, 4.018644695730799, 3.8871809353562763, 4.044214939610203, 4.019919431584708, 3.4640479830272337, 1.2851973992196188, 4.005928071555613, 4.03595640665269, 3.2684870188715567, 3.8367825861711586, 4.031547972989528, 4.034015412415936, 2.9975004206479055, 3.7379966741608492, 3.764594368223497, 3.7461860425144353, 3.698555294883375, 3.674543309424367, 3.517470154339701, 2.6786804625578347, 3.332668075237811, 3.1740386506854876]"
charactersocials00gert.txt,1000376,0.98550725,0,0,0.908180595,"[1.060137114405639, 0.8714182864755997, 0.9682130907433061, 0.8816502710380865, 0.8307112830292297, 0.6696293002431873, 0.8577417282698467, 1.023342987247822, 0.8798008407733214, 0.8548900471845772, 0.8792790318316328, 0.8605462041496247, 1.0485614538724837, 0.8328709319037575, 0.8554802681799907, 1.0035845618232153, 0.8406958779281817, 0.8391326628847185, 0.9175907170285548, 0.9116635135640914, 1.0275280043423125, 0.7974621388288894, 0.7567265629913849, 0.802837503596649, 0.8919093629344211, 0.8089777672512444, 1.0277662865554589, 0.7639745474841884, 1.0481851177090022, 0.8077104222239553, 1.033911424111295, 0.7792283280528896, 0.8620495873757865, 0.9723474926852641, 0.9335525354083429, 0.9495458202260442, 1.0038767069254035, 0.9887910587599452, 1.017387404369529, 1.0261180003893113, 1.0485781559578313]"
conversationswit00chenrich.txt,128064,0.953781486,0,0,2.982530799,"[3.308200692766479, 3.449295430855355, 3.023516733165484, 1.041763539542777, 2.2220148555550194, 2.777273009442727, 2.6705791697763384, 3.3383227306401055, 3.5191318757413645, 3.0169416180237585, 3.4546076113003847, 2.7535913123377997, 3.33334798774757, 2.9862609332145227, 3.0437192759275677, 2.656111906333233, 3.4184602942326223, 3.2061566475328744, 3.597294517910672, 2.921565124610479, 3.1991253328300173, 3.257866492645025, 3.3640529543280606, 3.326596459165341, 3.442640111442891, 3.5610663366468085, 3.049642923731715, 2.3985500103080697, 2.9874820391188264, 3.5752066952106274, 3.345344135413168, 3.376719690368427, 1.9081052247902586, 2.1459281188050467, 2.7493283093680176, 2.5038856906880063, 2.901715673785471, 3.1151462034480306, 2.74940710989977, 3.117011014032379, 2.4707869575568178]"
courseingenerall00saus.txt,436629,,0,0,0.897296187,"[0.8819862230517186, 1.0498180929103644, 1.0319237816036044, 0.8735483730265999, 0.7467191945617132, 0.9315737188489773, 0.8115648810756907, 0.9855156281720377, 0.8661666096067485, 0.9629559479884733, 0.7857575961330546, 0.867757734323477, 0.8358880891342843, 0.8076329736083532, 0.5146858243128309, 0.9636724023557195, 0.8474082164505752, 0.9388759598706768, 0.8410715291410873, 0.75690513546121, 0.9060639683458558, 0.8941882704835873, 0.8308441738981466, 1.0198851102862696, 0.8396624233075654, 0.878279137317285, 0.8493817570493962, 0.8617188438277084, 0.8543030878275452, 0.8433146049427315, 1.0631245786925283, 0.8696977805316478, 0.973480289293986, 1.0462445670247047, 1.0874031005616716, 0.89785612526288, 0.9021587876858495, 1.0567470023406715, 0.908199194616587, 0.8747801877294052, 1.0303827528717122]"
cruisingprotecti00frenrich.txt,139414,1.030769229,0.005617978,0,3.64763314,"[3.873669614744831, 3.88012988141887, 3.907530109367012, 1.163444526494869, 3.858722269519235, 3.4447901659975977, 3.8553526017309823, 3.8932184546216857, 3.8713921576065085, 3.9031321707780293, 3.874225106533273, 3.7309375051941895, 3.2460614420085627, 3.843320114160159, 3.857530689670844, 3.562371519586091, 3.6947648932128065, 3.8595807192630653, 3.897067675520865, 3.864515188743714, 2.955653948029523, 3.889241438178252, 3.8204680843151055, 3.8148677971862117, 3.8010810777718307, 3.8588739371442355, 3.875925565864356, 3.896456507279773, 3.9031869382451463, 3.8459769003659687, 3.8771902942610583, 3.736927842517688, 2.5886605685266995, 3.4620971194601156, 3.7653966366384966, 3.676133589629218, 3.6241511656829775, 3.3929479835290333, 3.17475566714817, 3.783904048870388, 3.7273048386517265]"
cu31924000568158.txt,308786,0.895424843,0,0,0.71236162,"[0.918675656326666, 0.7464766895523447, 0.8499902405847942, 0.8812385734908463, 0.3650989412063271, 0.8614234149913598, 0.0, 0.7014078564280923, 0.6940022710579493, 0.0, 0.0, 0.8775978956707504, 0.8786796943869672, 0.9127060828608625, 0.9144057112712934, 0.9121239594353663, 0.9288060312853715, 0.5926910092058181, 0.475991008559339, 0.9089770439935763, 0.0, 0.8510154565587361, 0.8502127523634072, 0.8202029126056046, 0.4848929274916703, 0.0, 0.0, 0.9567197379443152, 0.9335391096289022, 0.9275934846148343, 0.8507990561689655, 0.9590960185061147, 0.8844085957239173, 0.8205717207272478, 0.8792092689872515, 0.9359775440385572, 0.8961382541506331, 0.933054895598198, 0.8928375934494539, 0.951645109212662, 0.9586199080319717]"
cu31924001685233.txt,405023,0.995370388,0.01369863,0,0.81344006,"[0.7974896349027425, 0.9276247409802431, 0.9039230238455224, 0.8878459362852442, 0.7902436709236079, 0.7668891763079915, 0.6963406558680943, 0.7897996592208023, 0.7960669131015089, 0.7048937917084549, 0.7361889999242522, 0.7803532961280271, 0.7556114587808316, 0.687593074495608, 0.7616553760710272, 0.858612413409149, 0.759086135832551, 0.7292210508868584, 0.8871877070475664, 0.8612887368974166, 0.8880233351073615, 0.8013619549861426, 0.7406182762800404, 0.8765506804105143, 0.7332223623136879, 0.8089888752106695, 0.7976171100605972, 0.850353542719675, 0.747017842825321, 0.827881613499555, 0.9023121081022375, 0.8529397902437988, 0.8781426182542749, 0.7403253132495975, 0.8489509323324523, 0.8692370818462952, 0.8284764314893728, 0.8486247396697663, 0.8696945453092052, 0.8964539383526755, 0.8663339219033824]"
cu31924006145662.txt,276196,1.024193525,0,0,1.275014375,"[1.3480550964240912, 1.4549539125762563, 1.242006680722716, 1.274575648830978, 1.487600453864353, 1.0196396392906306, 1.3812993108826441, 0.9459396618115044, 1.1657111765163983, 1.1228608389852972, 1.3800847906030473, 1.2988749401973763, 1.1980371564190766, 1.171803647225189, 1.2160847413447464, 1.3171806846063445, 1.156324861326056, 1.972907208940616, 1.166510342883143, 1.156586030220319, 1.9099431568220362, 1.105749250249994, 1.1425681023410008, 1.326790322284088, 1.1902538439279906, 1.2950015302213902, 1.0909959471950106, 1.3348221833833052, 1.0649666019227213, 1.2082834284896466, 1.3301225100449094, 1.229392081482883, 1.3046175849938735, 1.1379024587985864, 1.2289994774664517, 1.343124070399187, 1.3094292750493592, 1.3708640054167311, 1.2610138125462846, 1.3516933719341775, 1.2620195186880647]"
cu31924008140976.txt,577255,0.95714283,0,0,1.0574974,"[1.0154367629996215, 1.0880776997102162, 0.9692210854063176, 1.0542497667861797, 1.2193479971113943, 1.3626335574786903, 0.9452873314924626, 1.2532382790798504, 1.0582778257263539, 0.9200419513384539, 1.202857063975924, 1.221345201851905, 1.0819767364883852, 0.7228816929151836, 1.1423764324542764, 1.1356702537773422, 1.132162043478649, 1.0401849011955244, 0.9449050121399368, 1.0377073181107266, 1.0702875602696504, 0.9836527363598982, 1.1573915373224777, 1.0119740493629714, 1.0998479607768805, 1.270198091157774, 1.1614631137371956, 1.0347629075352975, 0.8668564716751225, 1.1473581004093867, 1.0542312687028441, 1.067037812877302, 1.035699413757895, 1.0558974603845472, 1.0331905113751505, 0.8734639203789699, 1.0492776399181292, 0.8033142258192291, 0.8897787781660044, 1.0507843496621658, 1.0930465828827822]"
cu31924010413833.txt,16254,1,0,0,0.123426544,"[0.7825742158294948, 0.7244078147166314, 0.7244078147166314, 0.5614709804739969, 0.0, 0.0, 0.0, 0.0, 0.0, 0.0, 0.0, 0.0, 0.0, 0.0, 0.0, 0.0, 0.0, 0.0, 0.0, 0.0, 0.0, 0.0, 0.0, 0.0, 0.0, 0.0, 0.0, 0.0, 0.0, 0.0, 0.0, 0.0, 0.7244078147166314, 0.7244078147166314, 0.8188118465245787, 0.0, 0.0, 0.0, 0.0, 0.0, 0.0]"
cu31924013053396.txt,510768,0.981220663,0,0,0.839533236,"[0.8591450919620774, 0.9247641043580044, 0.8823333489612907, 0.9124317722447703, 0.8391536452929002, 0.7485179938095224, 0.8322455039704352, 0.773776031931778, 0.8156212009084289, 0.8451029959220006, 0.8567115270402653, 0.8080275694211425, 0.8466899920448978, 0.8534827214977088, 0.8669314946646521, 0.80144565206117, 0.9107048153277302, 0.8706029746130687, 0.8886263697024196, 0.8522015075195674, 0.808586972014506, 0.8435862109368314, 0.8931066933705831, 0.8048404987252483, 0.8196216593803753, 0.7507095283107814, 0.8260081553665642, 0.8116800956651637, 0.8764273742585296, 0.8339415142091546, 0.7890220857623376, 0.7799500162142207, 0.8426847760111749, 0.8335909348356839, 0.8609819073584742, 0.8592530995884033, 0.8384337529538306, 0.7802260852283514, 0.851837275996339, 0.8556255216982923, 0.8722321868282676]"
cu31924013096023.txt,532485,0.976744175,0,0,0.755190855,"[0.7993735501415407, 0.7224324710586303, 0.7074793735957854, 0.7593324127835214, 0.8069467827569473, 0.7824950926151011, 0.6968974239478528, 0.6798002343763189, 0.7981868014241319, 0.7240186552399042, 0.6781965285965748, 0.6846905837336846, 0.8113413499831023, 0.7402507176460428, 0.7732258694015436, 0.7406578562076565, 0.7837052243262433, 0.7341258161459435, 0.7521350458322749, 0.7726633316010652, 0.7274245696072508, 0.815383859636078, 0.7521249766468261, 0.8362650879649229, 0.7553424463844346, 0.7341467042834625, 0.794189839523926, 0.7635438320287317, 0.7552711430642076, 0.6678716868482358, 0.7194502056617342, 0.8237687045744356, 0.8043744644568945, 0.7092656687806635, 0.7930905897538119, 0.7540747727729297, 0.7569498771010853, 0.7295790813262155, 0.7880910842706239, 0.7660188244045387, 0.768642498443506]"
cu31924013146661.txt,99587,0.95045048,0,0,0.552895625,"[1.086016767003192, 0.7261488799322652, 0.0, 0.7380074359335703, 0.0, 0.8417396186586851, 0.8866057009745341, 0.0, 0.8185955522176434, 0.0, 0.0, 0.0, 0.8856294861276987, 0.0, 0.0, 0.8783119033819327, 0.0, 0.0, 1.1396906542900822, 0.0, 0.866804184409052, 0.8786440918974328, 0.8799045235116552, 0.0, 0.0, 0.0, 1.0508129858747535, 1.1351496826997916, 0.98581917982627, 0.8101364580371727, 0.0, 0.7348786170694632, 0.9043066634426922, 0.0, 0.8663480747678063, 0.884793345237083, 1.0309093918923022, 0.8874895862640326, 0.9163872657216288, 1.0565322735492286, 0.7790583174815758]"
cu31924013438415.txt,150427,1,0,0,0.936713594,"[0.8384303411072798, 0.8414703339840978, 0.9792991300206962, 0.9379196776514135, 0.8210668841312191, 0.9329541240442373, 0.9926303360240971, 0.8027330011788948, 0.8391660830319048, 0.8425948426376528, 0.8635598540539231, 1.0875351927728623, 0.9070119972619306, 0.8232630389031091, 1.0969423185730964, 0.8537939017001523, 0.8032229819937345, 0.8426699831985791, 0.8556735972753737, 0.8483051213332293, 1.039768250239627, 1.090095934155588, 1.0918946089518202, 0.9721387506936708, 0.8482194178204744, 0.8442119953484679, 1.0614246790558102, 0.8530676261156761, 0.82135108374884, 0.8421845540529187, 0.8331614040613979, 0.8424722048152069, 0.9163508423540461, 1.0034538701616194, 1.0132700616857813, 1.0871719246582172, 1.1196805602896458, 0.9972189386049087, 1.111221274985, 1.1465607984916708, 1.0600958280029413]"
cu31924014179729.txt,322071,0.995850623,0,0,0.853011185,"[0.7669117084475607, 0.98491837746345, 0.7950948446741247, 0.788494694125603, 0.7860026440152857, 0.7898966406666276, 0.7896391227397084, 0.8025643864693477, 0.7980804504629173, 0.9529511512589772, 0.8165183450647836, 0.9170882619618573, 0.8064335021181223, 0.8230703572756172, 0.8484004150857786, 0.9503758881791923, 0.9822630447822472, 1.0086556358730183, 0.8244302270118676, 0.7908260935962993, 0.8023941671433413, 0.811636884779192, 0.8268401679496618, 0.824566827823425, 1.0145569471869598, 0.8318070859193224, 0.826002036869476, 0.8140269602344318, 0.8001437814618297, 0.8105636557707626, 0.7763878906079041, 0.7668183754761307, 0.8214024146104509, 0.8493678238085085, 0.9056138965923994, 1.0001078718711294, 0.9531311772109621, 0.9526192682050921, 0.802285478449471, 0.999711218289897, 0.7608588707090326]"
cu31924016945770.txt,1379911,0.900523543,0,0,0.880882941,"[0.8751721962908108, 0.9010633325417939, 0.9270046532693325, 0.8811783011894131, 0.8746107235710459, 0.8290423710580973, 0.9464024421352331, 0.7389302653772453, 0.9117416249725628, 0.9449811856301774, 0.8754946420233297, 0.9038710576726666, 0.7937626884187617, 0.914019815225593, 0.8702298697802734, 0.896410243329736, 0.9170601266688718, 0.8036180312081578, 0.9156625985290979, 0.7902092188282718, 0.8119128935966757, 0.9482899488653413, 0.843687248922177, 0.8079924267095225, 0.8503869180425473, 0.8348397849057797, 0.9822135285084501, 0.9412936606348286, 0.9275494225195683, 0.8649715817648931, 0.8355086689958742, 0.8771587408493612, 0.9690093726196076, 0.8728259482064337, 0.8523710659016775, 0.8100456578773577, 0.9562103388086751, 0.9244970770162184, 0.8990737414136721, 0.8680196397476777, 0.9278775131724593]"
cu31924021681998.txt,36517,1,0,0,0.854909678,"[0.0, 0.9013190510447955, 1.2813393667213928, 0.9668586285509971, 0.9007479989399066, 0.9017225727099876, 1.2766817259890135, 0.0, 1.2812295908253193, 0.0, 0.8997341503159573, 1.206320203684278, 0.9013190510447956, 0.9007724865448338, 0.9003564142877624, 0.9013278267653537, 0.0, 0.9030840352567485, 0.9001329761056852, 0.9041314521799567, 0.8985681720800833, 0.0, 0.9005405776159715, 0.9018860233045901, 0.8979691661040042, 0.8989070102823365, 0.0, 0.0, 1.2678614766843872, 0.8995660038458906, 1.274253682013824, 0.9037678213990029, 1.2811404389175545, 1.1742970299831248, 1.2829337791693314, 1.2797431496620677, 0.9011556004501927, 0.9017385895681298, 1.2988262648560063, 1.2599248867455364, 0.9011395835920507]"
cu31924023446648.txt,72508,0.9632653,0,0,0.860688247,"[0.6880397360976502, 0.7632331186934047, 0.9601881996542752, 0.8292022163362505, 1.0470424259465942, 0.7981424209736103, 1.0114400153139063, 0.9083878072581648, 0.8796935248551816, 1.059705563309831, 0.8599584833751338, 0.7678461616350957, 0.7670645122621503, 0.6342345970184132, 0.8809660193553267, 0.7771031606659641, 0.7491495362272129, 0.9630385601085999, 0.7733649591656702, 0.8879631849746603, 0.7240750785809646, 0.7001822177014849, 0.8750884575453461, 0.7573157653464713, 0.7668493601037484, 0.7658275069422674, 0.766003603079464, 0.7664713769951991, 0.7887318567542219, 0.7669216166755621, 0.7951609389079615, 1.0019561103734447, 1.005081394145791, 1.0553484150015244, 0.8889678112328864, 1.0523287621093498, 1.0459834064450952, 0.9241844840096521, 0.9255088774371274, 0.8988338552569981, 1.0116330436025398]"
cu31924026387062.txt,173794,0.983333349,0,0,0.663637451,"[0.7985149215840668, 1.1318959702807134, 0.8419454527366629, 1.0686094743736696, 0.8270856448321009, 0.0, 0.8542392134967122, 0.8382905933812809, 0.8118272490140518, 0.8441419341957396, 0.0, 0.8044794548336999, 0.9123331588454965, 0.0, 0.7985137057876702, 0.7885074970069705, 0.0, 0.7990687356006408, 0.0, 0.0, 0.8302110669040055, 0.812784562205182, 0.8362124027591099, 0.0, 0.835110938301226, 0.7973891113065357, 0.0, 1.0583656304427749, 0.8291955354729905, 0.7876600602177024, 0.0, 0.0, 0.8449630763647117, 1.0593136382086685, 0.8103483908480097, 0.9823970693621131, 1.1158880365182964, 0.9073779331027091, 0.8192505760976888, 0.9673472276981309, 0.7958672112825269]"
cu31924084818354.txt,364052,0.991071403,0,0,0.820649503,"[0.614170411187739, 0.8173743196237374, 0.809519901846974, 0.8541566420804703, 0.7980840176469723, 0.8514633045940869, 0.5983198413458233, 0.8775267311374916, 0.9471919642038692, 0.738110747618838, 0.853042185426034, 0.7696852833470496, 0.7907468319521505, 0.8325494260222915, 0.7854467112210388, 0.9803070302672542, 0.9286239449016097, 0.7475697090896752, 0.7754163895582113, 0.8229430539297918, 0.7445148758854321, 0.8294983615115484, 0.7717746469581132, 0.8406946032491315, 0.8523821899218704, 0.7893698255202725, 0.8982932663206061, 0.8188895871411485, 0.7038057421911206, 0.642398051143462, 0.9144316444259347, 0.7870821128197526, 0.8326909593881094, 0.8884549752128248, 0.876317657077086, 0.9303537994069476, 0.8014111028934056, 0.9135080710957609, 0.8213748848708889, 0.8973416143245448, 0.8997932237895343]"
cu31924090833264.txt,99719,0.987999976,0.003690037,0,1.621838943,"[1.657981332589842, 1.5908685542377576, 1.5792664637840645, 1.6660547196067623, 1.5645857203119669, 1.6815866513105397, 1.5687305250300363, 1.6651374482895716, 1.6435484738070396, 1.6218727495469851, 1.6724959362078153, 1.609318206263914, 1.5628779627452394, 1.5905798543087635, 1.6408423449991565, 1.6454009634025943, 1.5878067907105942, 1.3141468259084756, 1.5723173582616006, 1.6851075996662925, 1.6606257895202787, 1.6787933638284207, 1.5602457010195976, 1.6118870069597748, 1.7023744128317773, 1.599267081694206, 1.6476213928412449, 1.5775832902332536, 1.5538800548733949, 1.6639849659072576, 1.687962402576395, 1.5685589132113156, 1.652543502481205, 1.6331046863220509, 1.6983484448130128, 1.6758250249860664, 1.503494226108162, 1.668779505209415, 1.6717894135091445, 1.686937355124717, 1.671263654823642]"
dalefrasersheepm00hamprich.txt,275666,1.028455257,0,0,0.752031298,"[0.718483586309906, 0.6583848588683708, 0.6801519998502901, 0.9086041700211687, 0.6260605546203608, 0.8500195596286002, 0.7263340039862266, 0.7480743358788344, 0.748184593810393, 0.6299937020149049, 0.672051059193657, 0.6409424028368165, 0.7153470160942029, 0.6806199960801732, 0.897003538873398, 0.6719117164684184, 0.630582490285916, 0.9013956667510823, 0.6997446113626672, 0.6469280220806258, 0.8949054548410899, 0.6640398218596026, 0.7667307339344087, 0.8078884995111524, 0.8193198217402134, 0.709011399235825, 0.6707257405443482, 0.6683327207797424, 0.6937990181163716, 0.6031703432180466, 0.7491164474059169, 0.7013511949065088, 0.8594083032119787, 0.8048064415714922, 0.8909399984360142, 0.9192432249557531, 0.8905621475837966, 0.8731417564253676, 0.7821411398145462, 0.8185102691918605, 0.7953208588844684]"
deremetallica00agri.txt,2142390,0.934010148,0,0,0.89274376,"[0.8712866362745261, 0.7686734211686571, 1.0218889159946225, 0.8504060216228169, 0.942214369479588, 0.7846351067649991, 0.9083347608800609, 0.790217790203847, 0.7976283967313477, 0.8679493625572942, 1.0019453733539534, 0.8918628512955554, 0.9198808694066837, 0.9322134507518139, 0.7200197004596357, 0.8636293184734055, 0.8898065987410408, 0.9598242945350972, 0.9008953296323416, 0.9147783791162428, 0.9635885498455222, 0.779678209131204, 0.8001401383487268, 0.9125239430811686, 0.9315724527897198, 0.8339848823484157, 0.8931853259648932, 0.9802829415858739, 0.8987834374298388, 0.8598254378290846, 0.7528517767528703, 0.9487011576084927, 0.9712196186312031, 0.8560449274450692, 0.9619170782053473, 0.870862433573756, 0.8813922788538027, 0.9884694429163758, 0.902550273573683, 0.9994839266123388, 1.017345000397565]"
districtcensusha01indi.txt,366151,0.961722493,0,0,1.448188326,"[1.5728108928262883, 2.06476719813469, 2.144343545129756, 1.646534975769763, 1.3655887438788152, 1.2194381906346563, 1.7969528206099805, 0.9770908768422504, 1.8415805540792107, 1.3937734825745134, 2.1264299406434755, 1.8141480467613538, 1.609258846729749, 0.6703900044611707, 2.160435706670675, 1.4601512936919254, 1.081656660313964, 1.49478787833485, 1.572386424739467, 1.3366111775203717, 1.259727573394539, 1.496921569417995, 1.025559134258667, 1.4174756965613624, 1.6544888249858618, 1.4950555589559995, 1.5865929620096375, 1.5452452605536626, 1.0432797140325263, 1.6118021729394272, 1.6599053322784163, 1.256067418615119, 1.1588118434048673, 1.2910508865556183, 1.3944196468341215, 0.8795884435854835, 1.130714662213561, 1.37264079516463, 1.172271404224027, 1.4404264103276814, 1.1345387798764324]"
edwinbrothertoft00wintrich.txt,366471,0.991561174,0,0,1.162845433,"[1.1299608958006322, 1.1582449874709544, 1.1572744686607044, 1.1858994159340817, 1.1279236676544702, 1.183581668740854, 1.188195717225124, 1.1610377143016406, 1.191469326590758, 1.128636345055828, 1.117400001119122, 1.1722904378322943, 1.1550623388908192, 1.1310534885591295, 1.1122985069247995, 1.1309252944234758, 1.1959112618886911, 1.113872624126423, 1.1735155774756791, 1.166738511567858, 1.1343790866705372, 1.1603376075005756, 1.15951403475803, 1.139016658386546, 1.1111077084383945, 1.1572391645833475, 1.1826609432986517, 1.170158049600741, 1.1712400028800827, 1.1916663375821797, 1.1929099574729005, 1.0992624284913792, 1.2079015907068105, 1.18147985657786, 1.1876058585521285, 1.1741906215221831, 1.1884510476695813, 1.1966018414075414, 1.1846589850816203, 1.1972530928400142, 1.2077356287031213]"
electricalengine00apperich.txt,85542,1.015384674,0,0,0.623835573,"[0.6087036677088202, 0.6219543957035828, 0.6021314253924566, 0.6376977827020142, 0.6316963842464465, 0.7010238474108351, 0.6148563901889645, 0.6504805006606612, 0.6435973153231291, 0.6000010460808312, 0.6104557134488324, 0.6195965122411847, 0.5825082268047889, 0.6475270838699265, 0.6111804371310291, 0.6175447010725837, 0.6316925272505031, 0.60074501880692, 0.6752000679778166, 0.6629942773756973, 0.5933290146304973, 0.6331715167284037, 0.6039783201269131, 0.6731710201806537, 0.6706773871731601, 0.6281636631323685, 0.6218472929173007, 0.6251760003935087, 0.589386705728813, 0.6085864081699403, 0.6137614275387804, 0.659311024196117, 0.5710998297081228, 0.6282500050574086, 0.6009583037253582, 0.6211420379784788, 0.5961637293005926, 0.6151563680222556, 0.6121039326341755, 0.6336846665379384, 0.6065525132806524]"
elementsofsocial00firt.txt,517667,0.957446814,0,0,0.793566772,"[0.9672862969026642, 0.7462881972308435, 0.9102856332805297, 0.6636097228260649, 0.7691067811649906, 0.7203434381036197, 0.886711478290869, 0.6869749075950252, 0.8816310964947729, 0.7812559063772907, 0.8133101075146857, 0.7291608905443597, 0.8301360085378271, 0.8700899547238242, 1.0066945168524415, 0.0, 0.8201853358567057, 0.8012812379401135, 0.0, 1.0097940568329462, 0.7544856078634666, 0.7943563388872606, 0.7280782213652168, 0.7450409776579748, 0.7965165679408862, 0.1914332110477717, 0.724866677975249, 0.8706414336325136, 1.0910970973544214, 0.9469608005391013, 0.7920389289992831, 0.8370786326241049, 0.8652005586242612, 0.8029525821860068, 0.8762443961909512, 0.8962731983263055, 0.8293156931150252, 1.0111013714132357, 1.0308880889274314, 1.0314946312688693, 1.0260270621242742]"
elmerbeltflorenc00univ.txt,34693,0.983673453,0,0,0.807458309,"[0.8166753164560204, 0.0, 0.8166753164560204, 0.8166753164560204, 0.0, 0.8166753164560204, 1.060319179227018, 0.9100585318826236, 0.8166753164560204, 0.8166753164560204, 0.8166753164560204, 0.8166753164560204, 1.1325506097690345, 1.0960887179670957, 0.8166753164560204, 1.1432046408209087, 0.8166753164560204, 0.8166753164560204, 0.8166753164560204, 1.1516832427168928, 0.8166753164560204, 0.8166753164560204, 0.8166753164560204, 0.0, 0.0, 0.8166753164560204, 1.060319179227018, 0.8166753164560204, 1.060319179227018, 0.0, 0.0, 1.060319179227018, 1.060319179227018, 1.0079762220218944, 1.1408767310261712, 1.1325506097690345, 1.1325506097690345, 1.1358608130865024, 1.060319179227018, 0.8166753164560204, 1.060319179227018]"
essaysonsociolog00mann.txt,774219,0.966507196,0,0,0.820130298,"[0.7454176389777437, 0.9098532599242627, 0.868076910085975, 0.8346283189559375, 0.8313663232271384, 0.6719206865923257, 0.7999473237195629, 0.9102527753354842, 0.8746649587773476, 0.7659260973837534, 0.8253171342477166, 0.8914903904906158, 0.7999405213640447, 0.7790082552738865, 0.8476612313433254, 0.7951147353347385, 0.7772803308830404, 0.7450935214852112, 0.9050195383484197, 0.7448800346002278, 0.7378448806693814, 0.8345712434868355, 0.9058822243326371, 0.8875152976066636, 0.8484164370003454, 0.8151393383974208, 0.5688706816561137, 0.8876409940203579, 0.6929008456001345, 0.8593675469045834, 0.7977689550854224, 0.8606460781331038, 0.7718984708056489, 0.7924726123091803, 0.8950937945069697, 0.8551003992057459, 0.8314980284197591, 0.8892596233970214, 0.8753081668148115, 0.8348678261667217, 0.8604187917561599]"
evolutionofcultu00whit.txt,210097,1.00851059,0,0,0.891244841,"[0.8329387023299027, 0.9624096761048399, 0.8744174681568085, 0.8600967247537886, 1.0075566230059383, 0.88630369568263, 0.989200151180937, 0.8418974407585439, 0.8519403379369327, 0.8696424635751486, 0.8618838084618664, 0.930633878344649, 0.7609579289647052, 0.8758542515058946, 0.8384992916098035, 0.8238888824547637, 0.8270676291954961, 0.8471941636203016, 1.0144331403117222, 0.8680923759333458, 1.0208091074364904, 0.8740357778849797, 0.8892091300479538, 0.8106444513662825, 0.8508123447333817, 0.9708363745799524, 0.7526068789347602, 0.7407710831745377, 0.872451007352276, 0.8228660711247411, 0.8557400400900288, 0.9601275599597704, 0.8159344286745079, 0.9970299255355646, 0.9630934832034135, 0.8814102091860564, 0.8918794071838999, 0.9368999321105773, 1.005347597531516, 1.0050969639983822, 0.9985280577504996]"
findingofdrakepl00bocqrich.txt,41207,1.034722209,0.005555556,0,1.23333043,"[1.2168746584172807, 1.2148659157198496, 1.2135529063904449, 1.2081732663277367, 1.224724488494953, 1.307184712210104, 1.2076277083307165, 1.2199376429568423, 1.2159610272833772, 1.2202312509378679, 1.2030495234999963, 1.2144638955245513, 1.203372133817674, 1.213272138169738, 1.205460632693037, 1.2171628875377132, 1.2136165058194583, 0.910554383766197, 1.2102114802470598, 1.2089630324364924, 1.2105777009143819, 1.230102130544768, 1.3222559303872947, 1.2197440190135296, 1.2104555572800486, 1.2202537757802265, 1.2184541398538706, 1.3263133434404564, 1.2042968181005234, 1.3197042764437108, 1.2185649692342164, 1.2956906579437282, 1.2128347998706908, 1.2207356186383742, 1.3033869228131227, 1.3341586997733619, 1.2945929324317609, 1.2293460782253474, 1.3232857523850714, 1.3127580076580183, 1.2897752931630773]"
florencenighting00wood.txt,811144,0.969026566,0,0,0.861683789,"[0.8026187409432326, 0.7964528851456789, 0.7971832444840339, 0.8678116741453407, 0.7616443931269647, 0.8183444812112345, 0.8446771602603041, 1.022033473849762, 0.8011321986519909, 0.9899675148251006, 0.8223280888574116, 0.8284787703498043, 0.8092573823155266, 0.8769781987001816, 0.9776131159858211, 0.7788633812602734, 0.8113704987181248, 0.787473503646014, 0.7215384062490134, 0.8082806878255024, 0.7875779254877967, 0.7701853339093662, 0.7779372395690207, 0.7615199139309012, 0.8234090879239119, 0.8218786211493109, 0.9192561594707327, 0.7758641068507446, 0.9915418394246146, 0.7539477594306528, 1.0987819558378509, 0.884451495169367, 0.7767210655042271, 0.9344349270749014, 0.9803966826673317, 1.0189765416035472, 0.8252211979101196, 1.039412841347999, 0.9061241596091546, 0.9427392724594462, 1.0146094266063128]"
fortyyearsinoffi00stevrich.txt,221987,1.012145758,0.005405405,0,2.870545987,"[3.2833874948697264, 1.9593003132728843, 3.208762091247826, 3.356353008707417, 3.274542380962835, 2.2184988401027956, 3.245563862222109, 3.29267056121858, 3.2492751038467977, 3.2317751561829846, 3.2310209518413604, 2.7246098182254395, 3.237723287144586, 3.2383205850340344, 3.3534435535717373, 2.2404447560413683, 2.635944955298468, 0.9303902739431996, 3.3398645204285144, 3.1388344654544253, 3.3021707211251363, 3.302365562732978, 2.665552820575087, 3.286946586885466, 3.2080670610971276, 3.2945155118754705, 2.6034233653081897, 3.207742983032425, 3.1824472647997553, 3.1472862414512424, 2.9249276006166633, 3.2211706190690035, 2.0828591789004056, 2.1471933982452143, 2.2456935211594535, 2.6936823829056262, 2.3243604433808773, 1.8921234533389244, 2.46173111223068, 2.9580632587019453, 3.1493363975006914]"
frightfulnessint00andl.txt,166606,0.974895418,0,0,0.699368519,"[0.8114037503890964, 0.7979975265663676, 0.0, 0.7875250844181412, 0.7470160014397943, 0.0, 0.0, 0.8108979878039425, 0.7585541125479369, 0.8983122310532144, 1.0742899253915568, 0.9092101215485553, 0.9674101795265938, 0.7455813617938039, 0.0, 0.7887106258945696, 0.7480074408163172, 0.8039318756220801, 0.7306986799997143, 0.9411783597499268, 0.8085958902162272, 0.796504487464038, 0.9341896600029405, 0.0, 0.0, 0.7958611975336317, 0.0, 0.8169471912549526, 0.9948411052516624, 0.7943970960648166, 0.9623143934107833, 0.0, 0.863806310890448, 1.0184165661197653, 0.848552546963735, 0.8913804127644608, 0.9442211254156069, 0.9885654035140481, 0.8971612742568483, 0.9939969119895636, 1.0036324347224277]"
fromhoratioalger00coggrich.txt,168051,1,0.019047619,0,2.137554371,"[1.9933701122130403, 2.260324482654357, 2.267863567672299, 2.3867821686910777, 2.2429957051488505, 2.2379137341773605, 1.3401996597352344, 2.5146745479327053, 2.4477572689247813, 2.3008363232921893, 2.6713724888234363, 2.2401114415801797, 2.167328539323324, 2.4516117377557665, 1.9345982309808036, 2.579515825093798, 2.0161869348332186, 0.8643919252530233, 2.366204362073313, 2.5196151938932063, 2.439321614414207, 1.5952383627291586, 2.392451825489275, 2.4415926551506906, 2.472055097628213, 2.1931311455195432, 2.377204054071607, 1.5578996049709706, 2.1856982478697446, 2.586681422510679, 2.533229651712505, 2.4211018934334803, 2.01253797792958, 1.4783115574543186, 2.2111611780379117, 1.8888105722289377, 2.0404835823630147, 1.3236370953449057, 1.9130440370026385, 1.613893800375274, 2.158589571387471]"
fundamentalsofla00jako.txt,145110,1.012396693,0,0,0.946060907,"[1.0084435806031864, 1.003025151583901, 0.9417619310382342, 0.9740211748513804, 0.8455399472069008, 0.8355854701964026, 0.9599319712883475, 0.9024757914962949, 0.8449704443746019, 0.892204995763941, 1.0505395049310977, 0.8826873470372095, 0.9352181653022693, 0.89564678583238, 0.9766454509789817, 0.8571844394984371, 1.01083939789019, 0.8388450301298742, 1.0195543493023569, 0.8201411304440351, 0.8372800491539839, 0.8843286275306962, 0.9840160648269951, 0.9397251346549471, 1.0009575730535958, 0.932517766342308, 0.9597046581505729, 0.8789239301237702, 1.0560876319192019, 0.9177351989003982, 0.951161824175831, 0.9132687310494838, 0.9854763088833471, 0.949136661628533, 1.0030288750013707, 1.0170680332339572, 0.9149465531744317, 1.010298746832137, 1.0136312525669247, 1.0882354335428823, 1.0557060907288407]"
giftformsfunctio00maus.txt,278976,1.00454545,0,0,1.752688878,"[1.4610322129169644, 1.5191840472008402, 1.708943020199236, 1.7432594618116248, 2.6312875050608824, 0.8764990362827244, 2.3256183637640944, 2.3923774473638604, 2.0146221092419725, 1.419957486911045, 1.607196147876702, 1.6743279303578327, 1.598820474944946, 2.5340814987275375, 2.350974723252232, 1.3838579531679616, 2.4063785418630186, 1.4259068072360355, 1.7189110891239907, 1.417253209713355, 2.139711528063777, 2.1459414088941307, 1.6211350729790865, 1.7478268955447966, 1.3848708038678375, 1.2141717100441793, 2.493093516135992, 1.609407655964198, 1.9415079410077187, 1.9891899886341848, 1.5117295491265832, 2.4305470717116924, 1.518156922758187, 1.2789123374748246, 1.462954706142495, 1.5381182107064266, 1.550774117097877, 1.4185943824083391, 1.5008267878389099, 1.5065049379854343, 1.6457793823437994]"
grabhornrecollect00grabrich.txt,117389,1.004739285,0,0,1.182817909,"[1.1717822772128414, 1.1846833464423951, 1.1427425939535814, 1.2130978928352152, 1.1724883072093613, 1.1188481321287105, 1.1514951173797507, 1.1082586684742155, 1.1290060884485429, 1.1705078098576682, 1.1726891821958096, 1.2715095881461271, 1.1719404609092796, 1.2108551937074665, 1.1676065478466522, 1.1105204800154165, 1.1527017325755746, 1.2496996974954966, 1.159100383709373, 1.1670650286292699, 1.1754200307044043, 1.1721676196303177, 1.1622965322573722, 1.175156296525046, 1.2177997671590137, 1.1744345062090458, 1.1602756091835784, 1.1611865143563682, 1.1667899074145744, 1.2273030044223938, 1.239608147698535, 1.1782590196327367, 1.1630820541857696, 1.2347222248020404, 1.2341091173469605, 1.161562950620173, 1.171409550630084, 1.260036945647505, 1.1913717676640068, 1.2527281712380733, 1.219215991780994]"
grangermableyusf00chririch.txt,185722,1.051643133,0,0,1.159497703,"[1.1740889483630468, 1.036320957199492, 1.1858135134654952, 1.054059633240789, 1.1881244038242376, 1.2050824989922206, 1.1677351768482134, 1.1888343507074663, 1.1219470372634182, 1.15420668726464, 1.1625552306486084, 1.0514607767703599, 1.1768341171973273, 1.1632265456700834, 1.0795398928542517, 1.1699203302856052, 1.180338882183491, 1.1517207732017811, 1.219156665463541, 1.1986382420899948, 1.2087923304225212, 1.0597537607977034, 1.2076584732703934, 1.0545161154360094, 1.2674628304020614, 1.1496609765746904, 1.1400885209084428, 1.1389600436346747, 1.09441412372627, 1.2089428099358268, 1.1759061514567775, 1.1405777962624652, 1.1649340286995498, 1.155956350273694, 1.2170377502240266, 1.2222208951693927, 1.1267339980217066, 1.1838602092483739, 1.1789848169520303, 1.1950398207864183, 1.2182993455186721]"
healingtouch00will.txt,561839,0.943548381,0,0,0.920519794,"[0.8903017519631681, 0.8714774719189935, 1.0750821541452713, 0.8804686151143104, 0.8767668986088818, 0.8970141498062292, 0.8683212011269672, 0.8514052258941375, 0.8743612281721833, 0.8932828246264228, 0.9064518358906756, 0.9851618570152784, 0.8270337065359034, 0.7915739860149741, 0.824185226559573, 1.1159382221370893, 0.8957719439668163, 0.8832785666213585, 0.8855661205994563, 0.8645289122444456, 0.8655254964102035, 1.0037529809263905, 0.7813233826713789, 0.8526519193516907, 0.8065241201185017, 0.9011042963972835, 0.9049913660580983, 0.9385088802659516, 1.0890285924504162, 0.8847664909470031, 0.8978713018421158, 0.8498396721152236, 1.0402273258392005, 0.9179711745721862, 0.9878251863405064, 1.0637988380719783, 1.061300509298712, 0.9930507200416077, 0.951202577726671, 1.0597584142404943, 0.9323164096989772]"
henrycwaringonun00waririch.txt,123171,1.01449275,0,0,1.963041053,"[2.1983239621325934, 1.5287203988906568, 2.0409827409189596, 2.099960768924692, 2.167252842781025, 2.1414923963742623, 2.1993304046731255, 2.1645076200364546, 2.176072840590268, 2.10618809973502, 0.8396360967370425, 2.0707283126393627, 2.2090055911519557, 2.2243379372257146, 1.3481320074861511, 2.1607858471830683, 2.0893998020560787, 1.8463319343652143, 2.06199589871084, 1.4640471623923195, 2.124045906667447, 2.0653051070960933, 2.0684560784856183, 2.155674624970617, 2.1203977975384083, 2.1126537164143695, 2.112913317502603, 2.1114584026326084, 2.036108769810733, 2.290865342340946, 1.8791009195714024, 2.1111765105216183, 1.73238754072629, 2.029006461663687, 2.235093531260448, 1.3203733101098578, 1.919194601221575, 2.0930628384370453, 1.425243219140986, 1.5439621495204654, 1.86097036687801]"
herbertcjonesonc00jonerich.txt,472324,0.952000022,0.003154574,0,2.391566781,"[2.166715317476249, 2.48350461425681, 1.894048507812688, 2.44462350743696, 2.5651618630612343, 2.7408189265571488, 2.5135594388774143, 2.508013268876888, 2.677907962823455, 2.5555364276605004, 0.9511951385423077, 2.361691409856396, 2.4984539375537933, 2.3621869710178918, 2.585994379985036, 2.6076549416519805, 2.58918492232901, 2.5186494302060622, 2.5484278537338665, 2.4827390027815563, 2.744209625464887, 2.3341547820839508, 2.3616331189663384, 2.552425412532708, 2.5348353895441247, 2.285893119935009, 2.414745402267305, 2.456614337353327, 2.508360039690294, 2.6675116611758094, 2.63266613994177, 2.4881704426030553, 2.2097956143866875, 2.117059923074914, 2.429825108117179, 1.689005009094104, 2.247062308198353, 2.566969823249535, 2.4224301809808, 2.1647013836283553, 2.170101366749085]"
humanbehaviorsoc00rose.txt,1754122,0.938202262,0,0,0.755697754,"[0.8229908624629476, 0.6820694421527315, 0.7962906309253367, 0.7600697016173061, 0.8070421724382272, 0.5472679950716471, 0.760821609388056, 0.717280089036978, 0.7776004901772927, 0.7704230887108311, 0.646994816897914, 0.6849405188962816, 0.818646503851573, 0.6380495044236213, 0.8207543890014615, 0.7411240549775919, 0.7601306363444891, 0.6750031967151449, 0.7982321667513064, 0.8341298178256797, 0.8279391854903947, 0.8329420671828954, 0.728923934713457, 0.756573733385207, 0.8466922885776308, 0.6974559551898426, 0.8020404288224949, 0.7140699555955226, 0.8882214914240261, 0.6327131716982357, 0.638854712429497, 0.6310106390764728, 0.7014899196313326, 0.8120690617147421, 0.7971757913150382, 0.7564993822499599, 0.785023980685672, 0.7998519143327814, 0.7887299414072783, 0.8333672612650028, 0.8521014158859874]"
indexroydgravesp00gravrich.txt,88824,1.014563084,0,0,0.977617117,"[1.2227286553605736, 1.2871770254200265, 0.8144967398452023, 0.8278271931409982, 0.3466020528316923, 0.7978354806866483, 1.3691665064078598, 1.2936252584790826, 1.3409855359787668, 0.554436511150986, 1.261282427167517, 0.8115458318106854, 0.8148191115649779, 1.3482860355306021, 0.8292594395461746, 0.7490680592482508, 0.8829687854966322, 1.324824902054739, 1.184166784858087, 0.8165445212833241, 1.3874234770161429, 1.011260964586141, 0.8544739355210907, 1.3157173537535611, 0.8393257079339468, 0.5117866145678754, 0.0, 0.7902127477091969, 0.8858303703562413, 1.1474093153247154, 0.0, 0.0, 1.2623817162802844, 1.2506697518563379, 1.1403136164689747, 1.2806579712957022, 1.2378803430370668, 1.4346899788065732, 1.3301566736761223, 1.3334736092671935, 1.1909908097180888]"
industrialexperi00womerich.txt,370504,0.981707335,0,0,0.782045309,"[0.9059374405059388, 0.8920255654141658, 0.7498999024883563, 0.8022045433971311, 0.8272354955243019, 0.743964638604956, 0.8198369613105971, 0.7279070293733968, 0.6763153200950537, 0.8851933414502627, 0.7006985339177219, 0.7043820423995921, 0.8906664552771854, 0.736538248915875, 0.6989507222435359, 0.6952176261388473, 0.7622433271680013, 0.732144964205677, 0.8697590820889068, 0.8317150392267842, 0.6887594089727415, 0.8261099041969999, 0.825071939151102, 0.6903147457975211, 0.8338166566901146, 0.6978321924851234, 0.7662837754945312, 0.7343465334436602, 0.710318972326396, 0.8026867915734003, 0.7173288830060297, 0.8028490447530167, 0.7808743145473678, 0.7152086964032353, 0.8323395427432688, 0.7796314670299798, 0.8535791513614845, 0.8222020916881865, 0.8556642970330365, 0.8166147216801463, 0.8591882441069056]"
jewsofohioohiose00ameriala.txt,17324,0.963114738,0,0,0.224465059,"[0.6643856208736154, 0.9232196764398807, 0.9232196764398807, 0.9232196764398807, 1.0821955942103996, 0.0, 0.0, 0.0, 0.0, 0.0, 0.0, 0.0, 0.0, 0.0, 0.0, 0.0, 0.0, 0.0, 0.0, 0.0, 0.0, 0.0, 0.0, 0.0, 0.0, 0.0, 0.0, 0.0, 0.0, 0.0, 0.0, 0.0, 0.8978184065859666, 0.9232196764398807, 0.9232196764398807, 0.9232196764398807, 1.019349730366567, 0.0, 0.0, 0.0, 0.0]"
johnknoxheroofsc00cowarich.txt,765979,0.935185194,0.003039514,0,0.80821766,"[0.8140747900217616, 0.789291737476797, 0.8571179123538234, 0.7904974621868517, 0.5430573541399931, 0.5280912418930227, 0.6860310740816964, 0.858299952923888, 0.701170772648033, 0.8554523402748798, 0.7484106242589721, 0.8118649601645753, 0.7670859218260669, 0.9191268512875922, 0.8623609143839371, 0.6807867035226826, 0.8559140102166513, 0.8906635536673354, 0.8338956991609908, 0.7249843755717206, 0.9373233442587029, 0.8040639125269384, 0.7373652787541989, 0.7489243668452619, 0.7236609801277026, 1.0345025811054616, 0.8703310670941651, 0.862532513958483, 0.8034244869755558, 0.8357465045589022, 0.8407549296103962, 0.7516354947679857, 0.8367194143482695, 0.7722390761672304, 0.8324962385086891, 0.8181050405093876, 0.9333397077406441, 0.8896190491931616, 0.9015247065324402, 0.8292813095197703, 0.8551557995401531]"
johnmarrotherpoe00melvrich.txt,102792,0.98046875,0,0,0.602640095,"[0.0, 0.0, 0.7695363069146164, 0.7701256711302631, 0.0, 0.7385617953959546, 0.0, 0.7462122236336555, 0.7546781000940684, 0.7916917342928119, 1.0637549474843173, 0.8434313502980457, 0.0, 0.0, 0.0, 0.0, 0.7697623643250076, 0.0, 0.7722935890693772, 0.7751454215045074, 0.0, 1.0271915398572224, 0.7794461253852314, 0.7340558871474375, 0.9739172221956537, 0.7707520550715699, 0.754751459691989, 0.7707730078689105, 0.0, 0.7664691133723562, 0.7435971223098812, 0.760585377480194, 0.7453387534123456, 0.7533941479725691, 1.0312552121045546, 0.7829860206322757, 0.9535515535365009, 0.9814191823873561, 0.7592179938341754, 1.0630290724992186, 0.7613195586451487]"
johnmarrpoems00melvrich.txt,100826,0.984063745,0.035714286,0,1.057879102,"[1.036828011164994, 1.0068080336440177, 1.0663764958970137, 1.0315633876281896, 1.0170072263767804, 1.0172833840584434, 1.0547038498008914, 1.044155629677551, 1.028045913364658, 1.0161082442035994, 1.0577946363993989, 0.9580274856427592, 1.0545610779429773, 1.0341371683436658, 1.025499071695136, 1.065534544562261, 1.0777263703972872, 1.1475494284928474, 1.031758953806614, 1.0935636428100595, 1.0423256726960244, 1.0659744979714094, 1.116333981078212, 0.9853010740703328, 1.0877196174067068, 1.0429496417614694, 1.1727212950103363, 1.0040749428587221, 1.0156237207873064, 1.0817257040383, 1.0851603624253778, 1.0699950229841462, 1.0091558950568869, 1.0225324296560838, 1.113486618852743, 1.1824933344640927, 1.108511551351102, 1.0344898612966802, 1.0610770035398027, 1.0414859902529092, 1.1648724004534252]"
koreamongolinvas00hent.txt,540960,1.009009004,0,0,1.67777854,"[1.7934966180993421, 1.7355947061963237, 1.7268374109459104, 1.7124833687406718, 1.697608666623527, 1.61492527281027, 1.679544568677607, 0.9193092937878033, 1.6602603977115076, 1.8680779160358187, 1.7152087062764785, 1.7466542567553736, 1.7037559961464575, 1.547454452538355, 1.6522704779242388, 1.8035463107193621, 1.7331274824796656, 1.4038822355027432, 1.6808636153955347, 1.6845687295699694, 1.9205104915332105, 1.710206297411839, 1.771025300575026, 1.7414464781834862, 1.6403660657476729, 1.6767160621721326, 2.0276308247922636, 1.7697387826967872, 1.760643484895707, 1.6990163398192224, 1.816350245677993, 1.746648586290653, 1.3076988601283512, 1.7374183695092653, 1.5555319562427548, 1.669184405812946, 1.3780712657007945, 1.6632302130889052, 1.7127333754308043, 1.6461566744715954, 1.7591255871229952]"
languagethoughtr00whor.txt,567131,1,0,0,1.17591842,"[1.2424827671905616, 1.0496441214886698, 1.0886617631488251, 1.198626722917924, 1.2983008156924194, 0.9137181164520336, 1.098989746678395, 1.120581127549106, 1.0233364688111228, 1.900940457971725, 1.1775340141776727, 1.1283900984157018, 1.1279718462534654, 1.5999626972658794, 1.1109590798997688, 0.9640579692315233, 1.0179999480936075, 1.0999674400133173, 1.0898035704461737, 1.0064998693417244, 0.9819073740570823, 1.070755120304095, 0.906138876857784, 1.2004873416513873, 1.0986987351518778, 1.2329842955984425, 1.1969353527611672, 1.2894997856666555, 1.4427361257731597, 1.362946667244874, 1.1362974272082906, 1.306703332702764, 1.118198393629892, 1.3161182771813658, 1.1016058833077726, 1.2110142175992382, 1.196002433912768, 1.065259862050689, 1.2242129164052507, 1.3615172008682082, 1.13420697302892]"
lifewithgrandfat00tuttrich.txt,184102,0.983471096,0,0,0.505616079,"[1.02417331831821, 0.5864424142218223, 0.0, 0.0, 0.0, 0.0, 0.0, 0.7771067813155619, 0.0, 0.9209161157854502, 0.0, 0.8741529927391836, 0.8172513983877504, 0.5096842710143956, 0.0, 1.0231452380927166, 0.0, 0.0, 0.0, 0.0, 0.6121972154991543, 0.0, 1.0058182718631643, 0.569779525382633, 0.7552692539282398, 0.0, 0.6392330586750901, 0.7947603022129136, 0.9477358685868714, 0.5515434102451778, 0.7420953023486361, 0.0, 0.5675150436084103, 0.8894004742695218, 0.9515931900892984, 0.8180978015911741, 0.7941691069080213, 1.0151345340371556, 0.8208603795371717, 0.9244324073821202, 0.797751578547368]"
malletteartpaint00deanrich.txt,99403,1.014084458,0.041666667,0,1.000295551,"[0.8985363794059441, 0.8929560529303104, 1.0437132870260135, 1.0924244583692213, 0.8184781363814081, 0.9742721325344009, 0.8512995981487206, 1.0787178530844848, 0.9115975195327536, 0.9522428621262372, 1.1194628356183394, 1.1077838909765887, 0.8960090951069758, 1.0592937029829546, 0.9850627421989474, 0.9625424637110005, 1.060589589525536, 0.9362121022534159, 1.052572346831456, 0.8086770484518411, 1.0336627818857105, 1.111668903611734, 0.8840024523784799, 0.866849641696229, 0.8110506814578656, 0.9027082100915724, 1.0761204324287375, 1.089992360894744, 0.9735651955527359, 1.1056131541770389, 0.9937880073492963, 0.9058936177671973, 1.0812719611441404, 1.115297913175829, 1.0928013206891285, 1.0986707464683123, 1.0689078101888692, 1.0428756766669056, 1.1147958971937386, 1.0461019119315957, 1.0940348363478012]"
merchantscompani00sapo.txt,226340,0.978417277,0,0,0.776062317,"[0.0, 0.7811237859653076, 0.8698137807208791, 0.8500352119072773, 0.8113376969484462, 1.0678539743769868, 0.8568311059126045, 0.8568164232815113, 0.8106299466008813, 0.8793711130487247, 0.0, 0.8423778603219413, 0.8216169861753111, 0.0, 0.1871762550761158, 0.8259452503269157, 0.0, 0.8228027219971156, 0.9320648217586399, 0.8510811977510647, 1.043259435183421, 0.8170308665827232, 0.0, 1.1316905274437494, 1.0833477780726362, 0.8454759903021599, 0.9715555461734765, 0.848481893140056, 0.8285364621884934, 0.8063644848260613, 0.8393699935532155, 0.8558245977387625, 0.9705625623300044, 0.8354041736160145, 0.9764008219970004, 0.8254854071016169, 1.107234674133175, 1.1324261850909787, 0.9044769108419336, 1.0980650916523755, 0.8306834771005656]"
methodinsocialan00radc.txt,321701,0.95767194,0,0,0.810433666,"[0.9043750824070595, 0.8340394216431414, 0.8161069801182833, 0.6794145458536482, 0.8051657608280142, 0.7165070707777533, 0.6708106755956748, 0.904757741583832, 0.9157048523386425, 0.8161804593251046, 0.6970416871205006, 0.9728642510766388, 0.7558758322506534, 0.7685857494525554, 0.8208878454760226, 0.8363552062603169, 0.7911511566222452, 0.8164056635782125, 0.7094253419416445, 0.8176153165031591, 0.67216133232012, 0.8591851536174389, 0.7807502609994835, 0.7828575901412755, 0.7656832613448481, 0.7935585032006881, 0.8326645631254924, 0.7818028017166505, 0.9112400981938529, 0.7838140027261414, 0.7065497308229913, 0.6583190473606948, 0.6900238775075122, 0.9411739221239995, 0.963964930693927, 0.9228025371038933, 0.8892176261736543, 0.8079616492853331, 0.8279613401883058, 0.8126861910718541, 0.9941312628213989]"
myafricanhomeorb00feil.txt,586805,0.995475113,0,0,0.855028082,"[0.7323322789070248, 0.9086432802331448, 0.6516613090187636, 0.6497593411064134, 0.6335817256965067, 0.7686812971345428, 0.902870055338348, 0.9226214429836265, 0.6882639445595634, 0.6887656247663746, 0.7592389659666757, 0.8720760113064343, 1.0177662732594708, 0.6351215923142624, 0.9580233276898722, 1.0495028338172467, 0.6466313775877206, 0.9129932654581675, 0.897455482311146, 0.6966682156696816, 0.607535634938868, 1.0804043252806736, 1.0664522955481397, 0.8663559091457755, 0.6570757331109689, 0.6908246703399248, 1.0724092518010233, 0.9627529290275044, 0.6647062951949337, 0.6354114107803497, 0.8019556555478493, 0.9195157699338405, 0.9675103019923206, 0.991903643192455, 0.9988188041441042, 0.9790776525467298, 1.0793506426977422, 1.0595043507717619, 0.9938109938318739, 0.9223455832797107, 1.045771883524177]"
navensurveyofpro00bate.txt,612620,1.028571486,0,0,0.849960114,"[0.9599466353305843, 0.8603641002586215, 0.7518537556215511, 0.8004034837738931, 0.8787644676694986, 0.9330943709437617, 0.8201991210378186, 0.9612791608250435, 0.8928577932559392, 0.8423214054461908, 0.8823377983900965, 0.2918182543219761, 0.9082449645784266, 0.7278709455130506, 0.8141380355110809, 0.8487134244241269, 0.8202150334917352, 0.7981161582140028, 0.8037126893372991, 0.7851394857710103, 0.7877208839936214, 0.8883405847177682, 0.8337898981121965, 0.8154795444067415, 0.8451881752201084, 0.9571544816060544, 0.9323011251516868, 0.845459199804752, 0.8409449612853982, 0.7654704127587255, 0.8518508112018235, 0.8546902969188613, 0.9299022997538025, 0.8927814423879339, 0.8591626536609454, 0.9635365546753486, 0.9935273222344129, 0.8298989989563466, 0.9058369764461238, 0.9176261611560798, 0.9563108061128943]"
nielslyhne00jacorich.txt,323143,0.988188982,0.016129032,0,0.802717609,"[0.6801272381769687, 0.7904301131125895, 0.8083864656672392, 0.5903265507216747, 0.679188324352749, 0.7441708840667542, 0.6146933748487239, 0.6566633784040611, 0.8384635834837639, 0.7494747516499036, 0.7182710587168093, 1.0333192536744735, 1.0534983873306087, 0.6793705518857327, 0.6289573586526976, 0.6847238929956028, 0.6607483630299477, 0.7609452934479248, 0.8989645367461023, 0.7455028381505018, 0.6992658350481705, 0.6718667457013177, 0.994745060009093, 0.6554111394758352, 0.7777599533774564, 0.6317847580819067, 0.6930871519526629, 0.9362433809645079, 1.0309994479558784, 0.5809917184617356, 0.557458979793078, 0.7003159691393634, 1.0986658519161283, 0.9718131309301091, 1.0631789252196113, 1.0594045844343696, 0.9178134057946132, 0.8730896589161745, 0.8897405231854844, 0.9953836363075333, 1.0961759038534342]"
ordertastegrace00haysrich.txt,277594,0.974358976,0,0,1.154290787,"[1.1268594109014096, 1.1959103883546771, 1.119803079552154, 1.08332951319668, 1.1190594053794416, 1.2072969784910519, 1.1973299380379099, 1.193776921451648, 1.1215637361706117, 1.1998385367004285, 1.1549522444195188, 1.1268358149258557, 1.2190021366371773, 1.123336592053357, 1.1126876134583614, 1.1389266743937623, 1.0986120942120203, 1.1726859729301546, 1.14462248456272, 1.114878584307921, 1.11340155946131, 1.1081392524229166, 1.1362487872310965, 1.1412025508063317, 1.1159422960083585, 1.1330383883845239, 1.1084171916111942, 1.1132015380926203, 1.122955718956116, 1.1112106611528256, 1.2140563502599977, 1.1504722221183572, 1.177557497868898, 1.1976760321354079, 1.2162973084413395, 1.2304732934277578, 1.1772497787520708, 1.231444960407427, 1.1721983575273922, 1.1619280807790497, 1.2215023231185924]"
papersofpeabodymvol47no1peab.txt,709567,0.943548381,0,0,0.958219964,"[0.8753299690237419, 0.950651134976579, 0.8454490313588233, 1.026480377643877, 0.9484664307585114, 0.9036639367081859, 0.8701548522765015, 0.8812344081469248, 0.8410976040619466, 0.8735470533351924, 1.0482321863862747, 0.8280286934948351, 0.8801321731065535, 1.0144872404140297, 0.8596997012982862, 1.1436257438217785, 0.881698524522288, 0.9721030402925738, 1.092486947589146, 0.8820723094746536, 1.025976273577881, 0.706303605647049, 1.0794646628728775, 0.9344791763865362, 0.9807931136227236, 0.8550609816855016, 0.8485040098773146, 1.1701698164218195, 0.9638439034153655, 0.855322512954267, 0.8376177825548818, 0.8359941593639154, 1.0538048671387297, 1.0254757047180838, 1.0946444207725188, 1.0904254370103503, 1.0265811329069872, 1.139974742618216, 1.0344693445194975, 1.004605972356182, 1.1048655581916778]"
partiesandslaver00smitrich.txt,438287,1.005847931,0.090909091,0,0.878122741,"[0.9056848996885525, 0.8404548720220182, 0.8999991011149872, 0.8901835207904315, 0.8348534046140248, 0.9442014604532055, 0.8971617723943989, 0.8640001446473345, 0.722651025049364, 0.9343249704639132, 0.7978645596048082, 0.8848258004673479, 0.8611207296226563, 0.8418835222279962, 0.8960864108553193, 0.8782546641636095, 0.8708478334773948, 0.8768010193874312, 0.8561015823264845, 0.9384868996442021, 0.8691736293968084, 0.8220439214227223, 0.936452603331778, 0.9045262044179874, 0.8915290420819881, 0.8933464337760032, 0.9238167021962993, 0.8124664661510483, 0.8957134206445927, 0.8945746754219441, 0.8981098130495001, 0.8687539101326367, 0.8367368657319194, 0.8553788854605351, 0.9275671354279684, 0.884690332933688, 0.9307741898873518, 0.8687667156752745, 0.8770545488392226, 0.8937675846582371, 0.8820010925901103]"
populargovernmen00taft.txt,315834,1.014217973,0,0,0.786487342,"[0.7893474640341762, 0.7936890697596454, 0.7551050079716319, 0.7717583588378242, 0.7868773123795025, 0.6912751765057732, 0.8331260034492783, 0.8358247536012577, 0.79587507761983, 0.8533699212943098, 0.8194516621183418, 0.7573730413761078, 0.8123065925732648, 0.81187306231276, 0.7525291219505729, 0.7630723555308919, 0.8373919423348761, 0.823247188464989, 0.8194580112152604, 0.814765557814679, 0.8530481390887631, 0.8215928033598154, 0.7639273563444615, 0.8257118537629795, 0.851981303697441, 0.7732882821823017, 0.8160430039106233, 0.723820349445535, 0.8125132938928015, 0.8118951569377039, 0.7053587686989355, 0.7566229227184625, 0.7396449025796822, 0.7900078805135023, 0.7133109735020179, 0.7989101786382885, 0.7578151798186856, 0.7514779580662974, 0.7804784618243602, 0.7035511690368134, 0.7772643857117969]"
prehistoricamer00nadarich.txt,1283540,0.940298498,0,0,1.067091458,"[1.2417922339710676, 1.131124199759785, 0.9061376909409931, 1.2585974339728998, 1.1124205153309088, 1.1434008874909836, 0.8951570875840125, 0.8885561222787256, 0.9095018985216877, 0.9730014390931042, 1.1473457432058944, 1.20777937210781, 0.9012735232318487, 1.1947482452485312, 1.032191902615063, 1.0039733654704326, 1.0379040882784043, 0.9118722294815906, 0.7759306928015799, 0.8873907608500391, 1.215198085650621, 1.1299173391943511, 0.9410196063719711, 0.9292809913126499, 1.2731744328927626, 1.0307670009827155, 1.1197259746804675, 1.1241345757603014, 1.035144789941944, 0.9259500363232579, 1.0866136534885753, 1.0793369541714304, 1.0216315564711698, 1.275472374895555, 0.9906419741584633, 1.1545825764259294, 1.0808242736253915, 1.1703660062241366, 1.2195529633184816, 1.1540272608256916, 1.2332879045564615]"
professionalethi00durk.txt,512426,1.033898354,0,0,0.827831599,"[0.7910569278007988, 0.7968688119714559, 0.7899691985893873, 0.7580247584011347, 0.8009026961024662, 0.7992667193774607, 0.7990391376747499, 0.768220493416871, 0.839485769335681, 0.7245477579413835, 0.804357317704502, 0.8830762501378754, 0.7870537109583063, 0.8329530724639597, 0.8021298851433036, 0.7675909906933184, 0.7940118772364736, 0.7236140383958629, 0.7973710039124655, 0.9641910417148832, 0.8035792579895844, 0.8366118774513103, 0.7825721427278086, 0.7848269878891442, 0.9178972702411836, 0.7995593467421267, 0.8847890752308085, 0.8842998361105029, 0.8435078516438516, 0.8382800563036942, 0.8278658150919339, 0.8156997557049165, 0.8612318420934412, 0.854786397555325, 0.9011071275690693, 0.8586668047462914, 0.9101799847161017, 0.9355855840063761, 0.8427139222801261, 0.8886368280820875, 0.8449663380346261]"
publishingpoliti00lutgrich.txt,270030,1.027210832,0,0,3.559614827,"[1.2343432117546986, 3.718463721544361, 3.5902390641676236, 2.9923056088209674, 3.9803885483416157, 3.4379363471744204, 3.974153963303769, 3.3574326041485794, 3.97258624410763, 3.6057584347797484, 3.897107050338565, 3.670330578108795, 3.9581814630985264, 3.7283089718476243, 3.549921934527843, 3.9838580924987808, 3.8413675702633676, 3.1561985892457782, 3.947385057481213, 3.7837754015854164, 3.906262561688827, 3.966348206693164, 3.9784521002970825, 3.8810692581063524, 3.7118141698287315, 3.8458641659809945, 3.968911671037048, 3.8177263839972233, 3.932334420901902, 3.990456870266734, 3.405979142275553, 2.75064512532033, 2.52267532035896, 3.120717160350332, 3.511773057336987, 3.3952082263780596, 3.585910455321685, 3.567464417098669, 3.2766450493585313, 3.4571148075543032, 2.970792875353335]"
researchdevelopm00buttrich.txt,89175,0.983695626,0,0,0.787354923,"[0.7582634975529116, 0.8606552842831856, 0.7113365043795566, 0.7568378619469451, 0.8276993972371925, 0.7593307450114093, 0.7636045079514783, 0.7079211195173013, 0.8502455054499829, 0.7165474141875414, 0.7275387263628045, 0.7220196482251406, 0.8776353280881165, 0.7469508229412145, 0.72184145912239, 0.7089326560808503, 0.7261988438105177, 0.7221530691297474, 0.9046220496688637, 0.7362125801947443, 0.711835479949098, 0.7774504649817594, 0.7863188483200368, 0.7465583469867798, 0.8582237183624187, 0.7154986914080638, 0.7048979761763998, 0.7833630150602917, 0.8642459403801932, 0.8158498950318004, 0.742179445039436, 0.9123677246877401, 0.7402476042916566, 0.8028671126197758, 0.8256610674006934, 0.8511162249770068, 0.8745547217611842, 0.9057753292190359, 0.7881471562099185, 0.8899551881544596, 0.8778908689306338]"
santaclaracounty00bohnrich.txt,94155,0.992307663,0.006410256,0,2.676528022,"[2.7877866435835275, 2.7752874867884842, 2.841192238543053, 2.899723022424219, 2.7021960488536942, 2.8375274357182625, 2.893193026992589, 3.0086043353533554, 2.8802437583225338, 2.9738831701269035, 0.9382314122489281, 2.7940939112275114, 2.5310569220403893, 2.7979718261936117, 2.034733403382531, 2.899386578564491, 2.834160531819036, 2.7089363366264063, 2.704236783447329, 2.888939386168957, 2.809939408093124, 2.76565974620529, 2.7608085547046746, 2.917972466048998, 2.916507814161991, 2.233806583297466, 2.9163749750308927, 2.8912242400756023, 2.7663776200204095, 2.947267851509205, 2.8162370162983597, 2.844704375930271, 2.7110421960046254, 1.756779204043782, 2.5842324575299633, 2.1753076204712296, 2.681826501344624, 2.65556912229257, 2.6795906151225455, 2.765284716191503, 2.4097515529038636]"
sentimentsactivi00homa.txt,666598,0.963503659,0,0,0.817234519,"[0.8659836746893964, 0.8370406853659134, 0.7847210552028834, 0.8585479463690072, 0.8602717992265785, 0.6873538211672662, 0.7054681080234275, 0.8138556948232575, 0.7700997011183801, 0.843710806320196, 0.8291394781958361, 0.8438977728637762, 0.8238890932222814, 0.8213592229174215, 0.87125775193526, 0.8360680330070571, 0.827228312974605, 0.7870151207863437, 0.8353576779585153, 0.8044476056679654, 0.8776724568505919, 0.871440986042039, 0.8263450271146444, 0.8825018911840584, 0.8025546854063491, 0.7768315229336563, 0.816956596081405, 0.8199806718826373, 0.8132327206839741, 0.8142134630006151, 0.8029577714917526, 0.7556043072100304, 0.813764610191377, 0.7946487278312513, 0.8553971463586281, 0.8022329077442809, 0.8183595847999668, 0.8026118987502121, 0.8315434471565157, 0.8241690829447735, 0.7968824113733473]"
servinguinsacramen00corlrich.txt,210182,0.990610301,0,0,0.920230358,"[0.8974075376165322, 0.9080720277215117, 0.9325825320382493, 0.9648744144246295, 0.9128277455519608, 0.8861035302254083, 0.9709623530079398, 0.7788969113403851, 0.8677917588566577, 0.9555577436167154, 0.9606402095347185, 0.8879695118585963, 0.9208908708993129, 0.8874316049601776, 0.8376806746761848, 0.841181517511053, 0.936779439043241, 0.9648147231398091, 0.8998065413172055, 0.9299977523803508, 0.9337055792045177, 0.955609337103891, 0.8881043222739216, 0.9092160408885388, 0.9462971823413824, 0.8899978309948975, 0.8196795490777999, 0.9471789637004682, 0.9922182070539498, 0.8716807904660585, 0.8863653565079206, 0.8878643988641289, 0.9989795490792434, 0.9955092548838894, 0.9499229201816758, 0.9730861033830298, 0.9327146251195194, 0.9470796441222391, 0.9628163148686437, 0.9595194257503434, 0.9396298839075418]"
socialanthropolo00evan.txt,214063,0.972222209,0,0,0.86546663,"[0.9606008615961411, 0.8115158057483693, 0.8366926122940535, 0.8124295092507742, 0.8247020249914196, 0.9166735949767553, 0.7883157957460569, 0.7739797922613652, 0.8672476087925861, 0.8136836983778337, 0.793504416779253, 0.80554798297977, 0.8944974592925782, 0.8784544410896514, 0.8769453161089003, 0.790576297206377, 0.8418023697983725, 0.7739016094324305, 0.9733061694137738, 0.96836238904481, 0.8647009128597556, 0.8061971010818734, 0.674423828307063, 0.9708424389255806, 0.8462448627394077, 0.9856671307256856, 0.8579350663527401, 0.8400414062967495, 0.9044663554864182, 0.819081534895309, 0.8158840212586702, 0.8271331957713197, 0.9339310293474998, 0.9621637049250492, 0.9196564935903752, 0.85258398801466, 0.9008856687762781, 0.901559291688764, 0.9747770047198644, 0.8553909169558275, 0.9678261133028218]"
socialanthropolo00poco.txt,146427,1,0,0,0.595402424,"[0.9706079883162406, 0.0, 0.844107069399441, 0.8208830481300252, 0.0, 0.940260113050192, 0.0, 0.7966295145861146, 0.8163954660821653, 0.0, 0.8198675424369998, 0.985643523523228, 0.820041462328612, 0.8417626489410195, 0.0, 0.0, 0.832964100925532, 0.8442078144995732, 0.8745984823321981, 0.0, 0.0, 0.8254279897434906, 0.8259968100931776, 0.9876713977406466, 0.0, 0.8429372174733755, 0.8145076991926551, 0.0, 0.9919864047294313, 0.0, 0.0, 0.8433017447855461, 0.0, 0.8978932673716978, 0.9197031739073367, 0.814865281179495, 0.8023665190782504, 0.8384022536637713, 0.9751850299903725, 1.0364023352971266, 0.7868835027156075]"
socialismlesocia00durk.txt,523194,1.019999981,0,0,0.838880778,"[0.9042592526589155, 0.7710607630849352, 0.68015693995991, 0.9209769085453666, 0.7538129340720516, 0.7893260980372774, 0.7884551508253553, 0.7829187194094513, 0.9318901885366139, 0.9940546575276247, 0.8388380986194862, 0.8796075895327309, 0.9234893240190704, 0.6901072780784115, 0.7793235825009689, 0.9444759750988679, 0.8856060021804808, 0.7825974766664584, 0.7577560471687302, 0.8258072504753023, 0.755141464089691, 0.7924618092489214, 0.7846299740790513, 0.883230203502783, 0.772285516902036, 0.8743918267302847, 0.9430280856444565, 0.7385829363369153, 0.7238364146435754, 0.9006697121469169, 0.7568370225788585, 0.7599207313679939, 0.8042000064446653, 0.7994275510105132, 0.9674687988761967, 0.8775345797679102, 0.9605260994900295, 0.8795908500529095, 0.9019119321277518, 0.9747180914443087, 0.9191980341209562]"
socialpsychology00thib.txt,643972,0.995049477,0,0,0.869684508,"[0.8270696198269972, 0.9012627411807611, 0.8382904887783809, 0.9199431230246174, 0.951944372383569, 0.9376870008274475, 0.8706868310201015, 0.8179298566644376, 0.9177115284999118, 0.8752744498965321, 0.8505093858614529, 0.8924404179360651, 0.9090333361883107, 0.8221069789031922, 0.9203442025635344, 0.8458466160471797, 0.8826019980453563, 0.8371609601485441, 0.8375513969370741, 0.8852450314004511, 0.8464446940461108, 0.8643200638431747, 0.8292191281918122, 0.8616268108869914, 0.8559846150422283, 0.8272648524592174, 0.7742323685015137, 0.9512933407786456, 0.6904303000258092, 0.7394287843712024, 0.8738846969580185, 0.8320182421058786, 0.9418109704531188, 0.8957940231954306, 0.9640752017897912, 0.9431186169531725, 0.8475205186834629, 0.8886935404589128, 0.9135741122421366, 0.8494914242327223, 0.9261981797554332]"
socialsystem00pars.txt,1648893,0.994897962,0,0,0.748109747,"[0.8039555815845992, 0.6382582631856621, 0.7745706304678366, 0.7981349398755236, 0.7837185227555336, 0.7678417305385123, 0.7489809856381303, 0.814036029857623, 0.7176856952781353, 0.7650080535077907, 0.719387645726278, 0.760256876666659, 0.6960942884144007, 0.7302532477184756, 0.6653556857442763, 0.688910705165997, 0.7748664413603844, 0.7221583732664458, 0.7862838511743635, 0.7135503615742946, 0.7441273582093763, 0.7867571231419456, 0.7484258007277313, 0.7168159600623982, 0.7875739163918296, 0.6958801209756784, 0.741931017726876, 0.5751192407411339, 0.8698918437572885, 0.6737047910732009, 0.7086605481919118, 0.7477914944169534, 0.8529046199073249, 0.6962162295349178, 0.834926172265883, 0.8120212459544247, 0.7947807175795689, 0.7462807093039293, 0.7966370464003163, 0.7102553016915534, 0.762490450883238]"
sociologicaltheo00pars.txt,974012,0.983050823,0,0,0.748591742,"[0.834889675439306, 0.8463041326193278, 0.6604800176974267, 0.7393016485606936, 0.8039487978311328, 0.6618583370900507, 0.686489942731573, 0.6641671451751519, 0.7402417632049145, 0.7570747668846165, 0.7530093868555328, 0.6762883922484346, 0.7262417985634253, 0.7369311237605914, 0.8302004430409425, 0.8535176706029463, 0.6927314376415686, 0.8161120921829005, 0.6787464359206116, 0.6466256733121365, 0.7313184867769952, 0.7299181425244201, 0.6017258823263287, 0.7542044742738794, 0.5860710575092792, 0.6761148168531191, 0.7650954319191985, 0.7149150921835221, 0.7921085457596122, 0.7811089321257129, 0.7421434346329536, 0.8378770365061219, 0.8575565077881201, 0.6929404767893711, 0.7561547672097826, 0.8192775122192936, 0.7262943052502889, 0.790597800507538, 0.7995068161310873, 0.8788486820807061, 0.853322558217259]"
sovietmarxismcri00marc.txt,396672,0.943589747,0,0,0.794382497,"[0.8731029921391804, 0.8778092452486159, 0.0, 0.8299825832264383, 0.7478217316117152, 0.8645872850375175, 0.8757358657263592, 0.8777406416146829, 0.9377562836087068, 0.8368885640846415, 0.8994271445658328, 0.7562085471603396, 0.8641456812132852, 0.8459078917421905, 0.0, 0.9544305795334983, 0.8425777983028659, 0.8699488289996697, 0.8782233839753677, 0.9727838161845573, 0.8351840866563734, 0.878974856345268, 0.9484699107246193, 0.17556505303456155, 0.9614249048592789, 0.9090440474372741, 0.8515621049815321, 0.8593718115488711, 0.7806557620358492, 0.8921854604976217, 0.0, 0.8368216557159907, 0.8323454406022519, 0.9166403963659474, 0.8741329186147213, 0.9306631722003341, 0.8578418921202535, 0.8523700147158902, 0.9326820516907018, 0.9789927466614093, 0.8596752154495667]"
spiritofprotesti00wood.txt,301979,0.964912295,0,0,1.598978331,"[1.6085074791174223, 1.575760134196915, 1.6681242741846918, 1.6170798851766532, 1.59341510453214, 1.6693223082584228, 1.524894104718143, 1.5954511648532004, 1.356639780172427, 1.6593771713423004, 1.522996730620311, 1.5991733103138315, 1.5484027407437957, 1.5341417089770315, 1.6114268313273328, 1.5792717574947903, 1.6560038550346996, 1.5275485812184877, 1.547706431424301, 1.6343279882851032, 1.5994607739735285, 1.5650777911244382, 1.6147484811364294, 1.6816346734261187, 1.5867582248192282, 1.6256627705616435, 1.5748585037315548, 1.5230724886201294, 1.579700226748621, 1.6209458936176067, 1.5665352414687888, 1.602827079987582, 1.6455772186875264, 1.657760234456043, 1.660283776627958, 1.5437868689283902, 1.67485046002063, 1.6565797142044507, 1.6760036015338062, 1.6365622491786391, 1.6358539444741096]"
staugustinesconf01augu.txt,782267,0.924623132,0,0,1.414378961,"[1.4061870884112637, 1.4367358770481846, 1.4268734753630639, 1.455053099061326, 1.3857928461491733, 1.333313869237741, 1.3919034408596915, 1.387205981376627, 1.4426940090908202, 1.3362341536479427, 1.3658955344041377, 1.3124882735218457, 1.3312314439349155, 1.3416956133379403, 1.4616656483063586, 1.3517542388586954, 1.4453067147390428, 1.4217016069843038, 1.3751026395707424, 1.401171004302447, 1.380658097958733, 1.4836735521024949, 1.3914512657189015, 1.4381315781318091, 1.3518734697894843, 1.4871444483995515, 1.3728057541703924, 1.3972597194535044, 1.4598214480478553, 1.4346660544078673, 1.5045658883824646, 1.3802251299118258, 1.46974780024425, 1.3657423486475722, 1.466209351818421, 1.468784406375108, 1.485627571719196, 1.4533970862286125, 1.447732131136895, 1.4834725275833351, 1.45654119685828]"
staugustinesconf02augu.txt,803713,0.917808235,0,0,1.416730279,"[1.3785276434037237, 1.3696111065056467, 1.4439519917554158, 1.4881600998042637, 1.3425015812998733, 1.4681127973836787, 1.3951720541909296, 1.3810155016581391, 1.3354526132656386, 1.2973183863593836, 1.4282784327431703, 1.5193149855804535, 1.4440526062528738, 1.3531320942906715, 1.4622053018410333, 1.391369716152601, 1.466471721556699, 1.3530673474201913, 1.3979838360400443, 1.411462348797604, 1.3409722162711257, 1.4584373738361682, 1.3347404614597782, 1.4153369980570865, 1.453739895692863, 1.414748348196821, 1.3213377669849933, 1.4518633766957647, 1.4369361223025916, 1.4440784447117234, 1.4160195025838374, 1.3539292962477627, 1.4888014420502589, 1.4699419960596662, 1.4865901129147907, 1.3774311230190908, 1.4179926941815464, 1.4776261674956364, 1.4468152408433808, 1.5051403673847787, 1.4463003094721947]"
structurallingui00harr.txt,817379,1.004065037,0,0,0.694446506,"[0.7383000925466443, 0.7534591267990499, 0.7419181378538828, 0.7231510963596567, 0.7022211175268328, 0.6165667956978043, 0.6876339532718454, 0.6966147482722369, 0.7108563667849084, 0.6887331986909901, 0.6614752221515382, 0.7051679703557205, 0.8232378677552685, 0.6192106122924995, 0.6680668689178089, 0.7252534753063987, 0.7002449639891796, 0.7368180270124601, 0.7467242878770239, 0.6792582177471561, 0.6594790328039082, 0.6455568716823735, 0.6838885068464188, 0.670974955321781, 0.6421770756281543, 0.7575873472661353, 0.7347889370275762, 0.6893870938366115, 0.6850834197521057, 0.703588267552433, 0.760807522700031, 0.678475205476779, 0.6619465333687219, 0.6813031491135667, 0.67135713264506, 0.7044714876037145, 0.6705721631188013, 0.6520467069838333, 0.6901542695875542, 0.6964420490590185, 0.607306852483391]"
structurefunctio00radc.txt,438003,0.912195146,0,0,0.779650861,"[0.8431062792224612, 0.8167466408817698, 0.696472199030334, 0.8641777278677729, 0.782489825952053, 0.9387968278264212, 0.9498791043452761, 0.0, 0.8354725659158084, 0.9237773528885717, 0.7627510779235723, 0.8409640231359783, 0.8551707913140435, 0.7875309579939187, 0.8172043734371396, 1.0022659394476652, 0.7454109705417841, 0.78117409993171, 0.9306699064565078, 0.7874654178207252, 0.0, 0.740713669808084, 0.0, 0.6799217581875768, 0.8307212466722558, 0.8419288640013499, 0.855447524657878, 0.7624419236404361, 0.8102479625028813, 0.7587736682743909, 0.8422915147859111, 0.806215139225982, 0.89433591762737, 0.9330948780412577, 0.8859750584190078, 0.8897677959689364, 0.828795581391245, 0.9780756347732651, 0.9465936212801581, 0.8827598982820929, 0.8360575650377488]"
structuresentime00need.txt,248879,0.966101706,0,0,0.812144761,"[0.8481423825779174, 0.6364170547145948, 0.8697461115769264, 0.8782793547857715, 0.8498718088796106, 0.8452243203284538, 0.7635330621257459, 0.7762359136242447, 0.6941511344775503, 0.7332959554340996, 0.696900237175446, 0.8662996386991733, 0.8131232403651621, 0.7321847500613359, 0.8636307097757131, 0.7591905430629234, 0.8345378468746153, 0.8807872189212967, 0.8789075261305958, 0.7145063627838821, 0.7471611558851243, 0.79268679805522, 0.8167634918308949, 0.932606240038614, 0.8098619364597991, 0.8145983817464788, 0.7576329345105091, 0.8367434789769909, 0.8694432091409273, 0.8314730054874386, 0.8308182049866255, 0.8291487769063463, 0.8713012454034035, 0.8126159956189994, 0.7563434535178892, 0.7327705721715283, 0.837818063984863, 0.8974635748747545, 0.8634693229079016, 0.8827860559016273, 0.8394641254199775]"
sundialsrosesofy00earlrich.txt,713443,0.965853631,0,0,0,
technologistview00joslrich.txt,232223,1.016216159,0,0,0,
textbookofabnorm00dorcrich.txt,2207264,0.905349791,0,0,0,
theoriesofsociet01pars.txt,4128731,0.886524796,0,0,0,
theoryofcollecti00smel.txt,1028547,1,0,0,0,
thepardoners00crotrich.txt,274426,0.972549021,0,0,0,
towardgeneralthe00pars.txt,1654910,1.007407427,0,0,0.833026544,"[0.6867489642630182, 0.9245645078748409, 0.933055221559566, 0.8942129523132434, 0.8543077272383345, 0.7118242540066996, 0.8824680279182155, 0.9363978890605461, 0.7375528689855877, 0.9960271501561532, 0.8086960719853307, 0.998274506949593, 0.8122180745396044, 0.7595644735433049, 0.8509697349106018, 0.8901391843328971, 1.164102135156589, 0.8410669231951284, 0.84812807571378, 0.9078018517890093, 0.5379054911160784, 0.894135634176161, 0.8185154904222319, 0.7842431865774255, 0.7565405214144675, 0.7914958827557744, 0.6514671781691237, 0.7825585736132575, 0.5655708291208172, 1.3488902685244726, 0.6979667615759062, 0.7735032772386338, 0.8594610511602161, 0.930500306902965, 0.8058944680078144, 0.7503123018545612, 0.7854692533860612, 0.7823437450695112, 0.8265478646908041, 0.8109435570558471, 0.7617020785505916]"
whalingequipment00waterich.txt,111540,1.014150977,0,0,1.436035021,"[1.534098776885652, 1.5103073091026766, 1.2756800050088994, 1.2636660452861446, 1.449436842555192, 1.5104811819022261, 1.3008030463247937, 1.5256351671867443, 1.4208515561042756, 1.531081576045157, 1.4565205616938879, 1.365332577397364, 1.462353945208649, 0.9430159831402248, 1.335342941272522, 1.5292475531768501, 1.3632885033519773, 1.5415657404437126, 1.475700373432179, 1.4905545596674712, 1.3731854154777872, 1.5666090381177602, 1.2804078403752184, 1.3055723233624525, 1.510945647751965, 1.5344265490707787, 1.245486771057021, 1.3279220685632005, 1.5875309150488983, 1.5331064834303632, 1.2905562621637972, 1.5684739049209506, 1.5923993081623629, 1.5176736035671599, 1.2081651957735047, 1.5427562165479036, 1.4204282049262693, 1.4702506481589717, 1.5618340661564576, 1.6031148045705297, 1.551626348227505]"
whitecollarameri00mill.txt,720587,1.013985991,0,0,0.706059035,"[0.7318868131243128, 0.9930590503366533, 0.8606089209632628, 0.7558489804332762, 0.0, 0.0, 0.7259506165712969, 0.9615770367366526, 0.7645435488625772, 0.7492533744379185, 0.7837196404880483, 0.780803287491627, 0.7440572949047917, 0.7594358249457566, 0.0, 0.7815740441058712, 0.8434862202608271, 0.7823847939328353, 0.8913546781061915, 0.7735587323720494, 0.0, 0.795790588973817, 0.8894556129448947, 0.8350915635548375, 0.7987575630414342, 0.8416805738302484, 0.808809356883373, 0.8157054826597833, 0.6890647940344127, 0.0, 0.940362812626685, 0.0, 0.9635921901852366, 0.8569857575508923, 0.9738692813006226, 0.8738884635074239, 0.8316665171372694, 0.7686262129267024, 0.9073429247853835, 0.8829897916418337, 0.791638086679832]"
