,text length,binoculars score,percentage,perplexity,entropy_rate,rates,
A man's religion letters to men.txt,182818,,0,0,0.79687561,"[0.8437748241349845, 0.8336666189850471, 0.8094885710866823, 0.6498629749049196, 0.8324470619485234, 0.5612993057201715, 0.7564427514377875, 0.838324545724905, 0.8531107729354219, 0.8453372355187563, 0.8420877431323546, 0.8508025565232497, 0.7572406898571765, 0.8246335024445051, 0.840135239822472, 0.8530830587724456, 0.8525370199412559, 0.8633553101089404, 0.8658315273075482, 0.8586216352340295, 0.7007489379566448, 0.8690714712379437, 0.833935698455423, 0.7754672634615465, 0.8292619654236707, 0.8410765406156749, 0.815324429392441, 0.7794170060524624, 0.8316291889318549, 0.7177823757837746, 0.855514229604912, 0.8678305823994166, 0.8309546324982097, 0.649760355427382, 0.7526794732360617, 0.7686588656696286, 0.7451941346803289, 0.7835581910960437, 0.7450980982818128, 0.727046838548233, 0.7198067968284783]",
A model Christian.txt,158653,0.995689631,0,0,0.477108535,"[0.0, 0.6562461724379417, 0.0, 0.0, 0.8248493753758432, 0.6330626548559536, 0.8850105796853465, 0.0, 0.6443476961957664, 0.8505885207650982, 0.6698531591348167, 0.0, 0.0, 0.6916960372802882, 0.0, 0.6724544114910586, 0.6735303762194231, 0.6916960372802882, 0.6795432017367231, 0.6331812135638759, 0.6938446454788497, 0.0, 0.7058539713564819, 0.6880987549473995, 0.0, 0.0, 0.6784930783413664, 0.0, 0.8165614379527638, 0.0, 0.0, 0.0, 0.6636026722204811, 0.7875067999630844, 0.6584772825586209, 0.8703491848692151, 0.7943314198811179, 0.9165696344922846, 0.6378390804674682, 0.6911529005872366, 0.752709648423361]",
Abridged style manual of the United States Government printing office.txt,401818,0.958083808,0,0,0,,
Africa south of the Sahara a selected annotated list of writings.txt,1639201,1,0,0,0.99969996,"[1.0182993412690915, 0.9504876041327092, 0.9343171869200264, 0.851458666585211, 0.859217264930475, 0.9640249282541241, 0.9550466382097615, 0.7359715116567854, 0.9934588168619135, 1.013012293497789, 0.9623373576299914, 0.9898528409392441, 0.9856747323418931, 0.9397563656092612, 1.097963614838884, 0.9994414246449042, 0.896755622635294, 1.0696188462488552, 1.009611600930869, 0.9104021633292313, 0.9930109349923738, 1.034333335925175, 0.9079746575703153, 1.0584743830914476, 0.9287511460135526, 1.0888436983119, 1.1960391848166094, 1.0739469269488437, 0.8973414803564439, 1.1052730281342107, 0.8815602484052611, 1.0500588072077262, 1.01706839042748, 1.0931336992029974, 1.0798465185664892, 1.1171645473185896, 1.073666519631044, 0.9552514031293046, 1.156804233176521, 1.0931414886345887, 1.0493049119974178]",
Artists for victory  an exhibition catalog.txt,320092,1,0,0,0.629064068,"[0.7359524575732336, 0.770063780114907, 0.5943728664450971, 0.7733228503416627, 0.747821088594764, 0.7947083706817292, 0.8082424255443778, 0.7804292421177917, 0.8214933616793344, 0.8092239407490625, 0.6926965548132125, 0.8152984787079598, 0.6175189000622829, 0.0, 0.6982894615483733, 0.0, 0.7604741673467914, 0.0, 0.8074486109887096, 0.6583814498204279, 0.7340808484657632, 0.2918182543219761, 0.8032098839422794, 0.7172549803738874, 0.6852103936048836, 0.7821786939897117, 0.5239652298051841, 0.0, 0.5815145795174731, 0.7963382490329852, 0.0, 0.5665572237562565, 0.7657418215437618, 0.6718467061410907, 0.7412407516577408, 0.7198997237571482, 0.6746390679274759, 0.761150582291504, 0.7503857225638492, 0.7724120131050585, 0.7664440666752649]",
Books listed in The American bibliography of Slavic and East European studies for 1986 1987 1988 and 1989.txt,920012,0.986666679,0,0,0,,
Botswana Lesotho and Swaziland a guide to official publications 1868-1968.txt,296503,1,0,0,0,,
Building on rock.txt,375662,0.9911111,0,0,0.46657381,"[0.0, 0.0, 0.0, 0.0, 0.6925963109311233, 0.0, 0.9149169827704676, 0.0, 0.0, 0.9016396875550488, 0.0, 0.7617315289082079, 0.0, 0.0, 0.0, 0.0, 0.0, 0.751946159414345, 0.0, 0.0, 0.8027977312019567, 0.8239344571749047, 0.7556877858842785, 0.7786692426192576, 0.8947693858361584, 0.829017257602665, 0.0, 0.8284800682569117, 0.8825713101241469, 0.0, 0.7715283973714752, 0.0, 0.8633292272440654, 0.874820321284288, 0.9400360168193304, 0.808448418110868, 0.8248135648513854, 0.8925577827727399, 0.7678777933189908, 0.8349988666657082, 0.9323579323028175]",
Burma a selective guide to scholarly resources.txt,248613,0.986301363,0,0,2.00289305,"[2.470221416300391, 2.5462541809999397, 0.0, 2.4609711567750407, 2.4354237317352503, 0.8137996459216142, 2.3847870825920303, 2.5041721122098055, 2.104376508566975, 2.5056870694347655, 2.4411090448256623, 0.0, 2.0350630729696966, 2.38725669384499, 2.069779454421337, 2.3006415617117457, 1.9517077152861193, 2.4519833586903332, 2.2950024675036063, 0.0, 2.5009183629077154, 2.4281753220588485, 2.3797464760051157, 1.7618083271690526, 2.323342738409792, 0.0, 2.3385109633462124, 2.3712815130202665, 2.5367149965195184, 2.3714243857356823, 2.5097709561821704, 2.1528536589137213, 1.4130919416754644, 2.0636412376279947, 2.043319383001237, 2.2831738076141646, 2.0379306756380666, 2.0136682802352106, 2.3681994597640563, 1.8674031407944325, 2.195403156165753]",
Catalog of the Gardiner Green Hubbard collection of engravings.txt,698170,1.015503883,0,0,1.240703147,"[1.2754395698988785, 1.2856160799003098, 1.1133478530275223, 1.2967460993102187, 1.125046520437844, 1.1959874043523036, 1.3629703855457656, 1.1838755246257537, 0.9271036404121261, 1.1651468671398135, 1.2863523184854218, 1.3390450028469019, 1.2980220911240061, 1.1947049226459285, 1.1861133880842725, 1.3404470806656736, 1.3068366413393273, 1.322235771577088, 1.237716515992813, 1.3474358324786198, 1.2101518409860264, 1.3346673677848648, 1.242436294168129, 1.2683644107336616, 1.2638137167519166, 0.9681900093789066, 1.144376243732023, 1.2166069225706708, 1.1428362431768873, 1.3735013276641654, 1.1637663416966135, 1.0705396882215366, 1.3154176145309155, 1.388087434175634, 1.2609908851523755, 1.0851710624721471, 1.3732162562221055, 1.3316191548333005, 1.3055415524268634, 1.2451400819723695, 1.3742050865757094]",
Catalogue of oriental rugs in the collection of James F Ballard.txt,304803,0.983606577,0,0,1.223923953,"[1.1285900532873212, 1.3515485586308313, 1.3953649211944366, 1.252101506619927, 1.2731783493067848, 1.3047818522930716, 1.29760378894974, 1.2804069738623933, 1.3204106907572373, 1.3315115567050784, 0.8041000688804608, 1.3404663417764229, 1.0870650691570498, 1.2224388002218556, 1.3673378999238799, 1.0729754414620032, 1.3271846097891211, 1.3677475480681638, 1.3993450358673962, 1.3163902152760014, 1.2548322584185967, 1.0359815414413691, 1.2860016576134572, 1.3329843409895041, 1.1197467021021223, 1.2851841028226119, 1.2150559856156682, 0.9834159430753922, 1.4031253187911483, 1.2795363364826902, 1.3237676375001182, 1.3235408970544444, 1.1958145209207525, 0.9037881035747477, 1.0973133030112772, 1.2688110075841335, 1.1067518732085264, 1.1441413051209774, 1.0830243376390192, 1.2450986657201497, 1.052416970002661]",
Chats on Japanese prints.txt,480020,0.887323916,0,0,0.831653296,"[0.9813882973818816, 0.8095823034838667, 1.0719280254599919, 0.6469611885090777, 0.7834324829853972, 0.7887614001562723, 0.8053615889999831, 0.8231942175828043, 0.7538837192227158, 0.8159381421209785, 0.7922835812112707, 0.8315926773418858, 0.8216885016395316, 0.7936693615992362, 0.9783543212693487, 0.8518936902231802, 0.49271644739922626, 0.801452354523335, 0.802315648230964, 0.7864482047738983, 0.7804846632197932, 0.7779812179473743, 0.8954534158954198, 0.7498963922015904, 0.7710141664285276, 0.8208805890977244, 0.7292192944156972, 0.798072100270106, 0.7860689949394114, 0.7927729784264158, 0.7069794964739573, 1.0053274545867723, 0.9296263929009966, 0.9996228197549597, 0.8820786999165844, 0.8233998974817768, 0.8871667876763866, 1.0072050762335383, 0.808492440587308, 0.8920621419499309, 1.021133943844565]",
Commercial art.txt,175497,1,0,0,0.846617926,"[0.738740923067938, 0.7316567773213559, 0.8053619478752525, 0.7402621122942119, 0.7941116882951726, 0.9320756226635962, 0.7756293805392797, 0.9372852199373573, 0.8460051721510647, 0.9140215633771694, 0.7478249276383404, 0.864610531852328, 0.8104079778681027, 0.8913331940026685, 0.8245177156791442, 0.9563464451979038, 0.8823102927476248, 0.8974946543578003, 0.8040945745082423, 0.8876465812485745, 0.8464671782070685, 0.89298907597161, 0.8957957585528699, 0.5203126108412931, 0.8479321139947616, 0.855620421509885, 0.8658151974113912, 0.8370652829558648, 0.7890183772897891, 0.7194583417779976, 0.7393948868443873, 0.996228877698474, 0.8833676412991022, 0.9591107730850869, 0.8592169052116972, 0.9599981246027275, 0.8479961279053895, 0.9160997776940499, 0.8739148887696049, 0.925166064842885, 0.8986292413644423]",
Conservation of the spiritual life as taught by St John.txt,213605,0.967032969,0,0,0.471151185,"[0.7921681096932168, 0.8553939115577427, 0.0, 0.0, 0.0, 0.9365105346980126, 0.8337538733518782, 0.0, 0.0, 0.8870345930392186, 0.0, 0.879847253989756, 0.0, 0.0, 0.6827666063791039, 0.9144311802730469, 0.0, 0.0, 0.8259557782127338, 0.0, 0.0, 0.0, 0.9345425019377965, 0.0, 0.0, 0.0, 0.0, 0.9750063832426492, 0.8555994802038824, 0.8810867058426346, 0.0, 0.0, 0.8357179734742637, 0.9624477563706488, 0.8945737058977264, 0.9017258122164623, 0.8167671389947453, 0.9258662118152825, 0.8760285032318442, 0.988094989887912, 0.8618795935029655]",
Della Dorn or Struggles of the Boers.txt,267307,0.953917027,0,0,0.46985743,"[0.0, 0.714861532726198, 0.0, 0.7347651850409013, 0.0, 0.8147507028908133, 0.7497924880042672, 0.7860538482522614, 0.6632526423155657, 0.0, 0.6542510245807264, 0.0, 0.0, 0.0, 0.6567875501565477, 0.7470814395939601, 0.0, 0.0, 0.0, 0.0, 0.0, 0.0, 0.8622699060914059, 0.0, 0.696164876715612, 0.7206039823026741, 0.7643578084256996, 0.7466206828613322, 0.8776550443294308, 0.0, 0.8647082171129946, 0.0, 0.7541302798510854, 0.7688253069683325, 0.8287800571047954, 0.735322004534581, 0.7500386029910217, 0.9237887714823532, 0.8319998049800578, 0.709415470112243, 0.9078773824022528]",
Desk book of type specimens borders ornaments brass rules and cuts.txt,851523,0.996047437,0.19,0,0,,
Dodge Macknight water color painter.txt,305692,0.983673453,0,0,0.873428465,"[0.0, 0.9664084077345569, 0.8930583821046778, 0.0, 0.0, 0.9323432024982192, 1.017584212121185, 1.1546212802406177, 0.9717584378751308, 1.007148033890167, 0.9706606620699066, 1.081894280582856, 1.0570773204492543, 0.8361741977283609, 1.1149179595861562, 1.083674505330008, 0.8394258617314228, 0.8280471757900518, 0.7718128182071641, 1.0882201046825133, 0.0, 1.172749295510251, 0.0, 0.9262569482794799, 0.9148295234932167, 0.8798636170790503, 1.013963505854804, 1.0440214716472642, 1.023572781944164, 0.9089420092634536, 0.9953536891986295, 0.786273152628103, 1.0447376922968359, 0.9998522040512102, 1.1035865152331967, 1.1727558513773202, 1.0182369369536757, 1.0054405936198618, 1.1601076516601803, 1.0585363204203369, 0.9666604735310526]",
Drawing and painting self-taught.txt,372876,0.914691925,0,0,0.728448526,"[0.7145506251266623, 0.700956807875679, 0.6831980497988027, 0.6685994645543337, 0.7016929213560428, 0.7156910410452985, 0.656099703866938, 0.8055399558502103, 0.6825094112032896, 0.7535978404286195, 0.8301755162360328, 0.697495190546255, 0.6929528099484366, 0.7114014867856708, 0.699606282227557, 0.7509237213493258, 0.643107786955978, 0.7556703885852903, 0.7792125305940252, 0.6568779590022327, 0.7408120371217725, 0.8271039972621291, 0.7395664506294456, 0.7090971876606649, 0.7211638040985204, 0.7002050544676481, 0.6951608498475067, 0.6724670057965043, 0.678878358963961, 0.7133195377471383, 0.7525219704209658, 0.7819151659413364, 0.7295016944097619, 0.7166558024229374, 0.802111049992027, 0.7377012251059389, 0.6909193956188667, 0.791823581275826, 0.6966401463718533, 0.8600518600778627, 0.8089139159796407]",
Finding the way.txt,235076,0.926701546,0,0,0.474669589,"[0.709760730572191, 0.6772487144421977, 0.6339091460188904, 0.0, 0.7898450033269283, 0.746430241062507, 0.0, 0.787971095526783, 0.8251171865767207, 0.0, 0.0, 0.0, 0.6435702746403452, 0.9283801974614919, 0.0, 0.6586147287939829, 0.7800016269168919, 0.7825754173018231, 0.0, 0.0, 0.0, 0.3860950462326052, 0.0, 0.5846507908090411, 0.8248059382480115, 0.0, 0.0, 0.0, 0.695814553952563, 0.0, 0.7274434141567707, 0.36205122082687685, 0.7806467405118211, 0.7020679667666775, 0.7382332170904633, 0.8279736906105963, 0.7722894473436619, 0.7809512817262224, 0.7673012617831011, 0.8707892929825268, 0.6769149126627999]",
Flutes of silence meditations on the inwardness of life.txt,166792,1,0,0,0.564707026,"[0.0, 0.7547851093971726, 0.6958597444961758, 0.0, 0.0, 0.7365549686541935, 0.8075908908325534, 0.7613272435996081, 0.8479093642019983, 0.0, 0.0, 0.7264549050735364, 0.6263079603312963, 0.0, 0.7648301106680683, 0.0, 0.7758843938800886, 0.7571680794415506, 0.7186685299760206, 0.7174360760012094, 0.6997470107688721, 0.0, 0.8615671992893066, 0.7502910709486973, 0.6928814375929989, 0.7531748042104937, 0.0, 0.7267220282392263, 0.7681924963755847, 0.0, 0.699384276927526, 0.7237259733489736, 0.7529456611482716, 0.7714142488852399, 0.8789054068600017, 0.8114649341807179, 0.7008716643783353, 0.7247025518871525, 0.7379357694098384, 0.7278483980216601, 0.6804357598384067]",
For the best things.txt,258595,0.933014333,0,0,0.491620458,"[0.0, 0.0, 0.0, 0.7708446145447424, 0.7797908589494379, 0.0, 0.0, 0.0, 0.8685915014937776, 0.7855331687938072, 0.0, 0.0, 0.9187258559352354, 0.6056099232772376, 0.0, 0.0, 0.0, 0.0, 0.7540817037892256, 0.8676150049788822, 0.8399322832625548, 0.7284881494010832, 0.9621627708604775, 0.7416578476269601, 0.0, 0.7948935189614619, 0.0, 0.0, 0.0, 0.8271569412487467, 0.7989885541659557, 0.6839540120323507, 0.7323141726132921, 0.8546160529440106, 0.8404067826090523, 0.9660904644995564, 0.7418377178019442, 0.8111316690611577, 0.7495120115194235, 0.8745178194828503, 0.8579853628450854]",
Fragments from the King's table.txt,280007,,0,0,0.506324589,"[0.0, 0.6137794528336012, 0.7200146461883414, 0.0, 0.8575077943743263, 0.0, 0.8358374161246883, 0.5928080814869993, 0.0, 0.60958716070461, 0.7553608832082248, 0.6347840674990255, 0.0, 0.0, 0.7650790840452858, 0.8609151212398983, 0.0, 0.6406566010614891, 0.0, 0.6215760563623548, 0.0, 0.708886696757025, 0.6835904741388231, 0.0, 0.7967657863825228, 0.6328042795378611, 0.0, 0.0, 0.0, 0.811792615811099, 0.6766752626876023, 0.705322215393249, 0.8781510381150822, 0.8613087361331185, 0.8436899917735765, 0.6789480671089556, 0.9031497628065627, 0.7549598396939735, 0.7781801053877655, 0.7462050971379538, 0.7909718319795106]",
Francisco de Zurbaran his epoch his life and his works.txt,292868,0.985815585,0,0,0.84742401,"[0.7151559710328815, 0.6926479832168403, 1.0495124914907614, 0.632425592844389, 1.0262570006655671, 0.7382926938275796, 0.7635471365081301, 1.0182893869482323, 0.6782515123195694, 1.056089402668056, 0.8326998413864113, 1.0292150163817633, 0.8765038190410948, 0.7528278642121791, 0.7705735326761074, 0.7129436944228406, 0.9176008734118288, 0.6686134845919471, 0.7115687171303059, 0.7291258946982299, 1.0081041594917435, 0.7790079490351075, 0.8052717013154853, 0.6772744055667954, 0.979690164816554, 0.6485365213470025, 0.7899237273129861, 0.6797918023563068, 0.805876515884458, 0.815182228205202, 0.7250708018846121, 0.7533750645422053, 1.0493405976795722, 1.0011174687340891, 1.0778090299965652, 0.9929331216761875, 1.054306704820873, 0.9767807578748199, 0.8587754502683074, 0.9454397949917671, 0.9486345306802781]",
French etchers of the second empire.txt,187623,1.014705896,0,0,1.017008145,"[1.1373017245917048, 0.826976494712568, 0.824086084366883, 1.308180819046084, 0.9201210877401896, 0.9795605072486576, 1.3185658207887623, 1.3315597094450093, 0.9507031743193065, 1.0501105542747877, 0.9911299098810804, 0.9808133682061225, 0.8273795020925152, 0.8463627567437135, 0.8557829361311621, 1.0118036719442673, 0.8512826844715579, 0.8704087400259849, 1.0198370326286204, 0.965406681814346, 0.7621220443305061, 1.1594740552631633, 1.0529767314469045, 0.8342078763553964, 0.9764078886560573, 1.1920758982866562, 0.8487416651973596, 0.8900085120705656, 1.0325495092921124, 0.8219664828685695, 0.9906398163107145, 0.7880396148672825, 1.0960639887446404, 1.2684159531863344, 1.3073050656721616, 1.2815915604043964, 1.123616121819727, 1.0477141957579734, 1.0224673862029305, 1.111953576391624, 1.2216227513912021]",
German masters of art.txt,648320,0.982062757,0,0,0.489949675,"[0.0, 0.9097235028825897, 0.8657124438498098, 0.7915177779828282, 0.8555993426859904, 0.0, 0.7565084871846488, 0.9569612274411493, 0.661300490063304, 0.0, 0.6658054032330823, 0.0, 0.747412375136843, 0.7746801432501768, 0.0, 0.0, 0.0, 0.0, 0.0, 0.0, 0.9676208343186906, 0.9179231003385325, 0.7306345065341464, 0.0, 0.7742090657152004, 0.0, 0.0, 0.8135310247793331, 0.0, 0.0, 0.7479269335729147, 0.7240247890168282, 0.0, 0.7979691157237471, 0.7600719344605747, 0.9121627080006421, 0.8294119141374154, 0.7489597507651798, 0.703197259739789, 0.936400768441364, 0.7386717881896693]",
God's better thing essays of concern and conviction.txt,340885,,0,0,0.62213753,"[0.0, 0.7224233700331887, 0.8697479499687506, 0.8430084721166378, 0.7314591189628424, 0.0, 0.8330350611829286, 0.6400910635042705, 0.7576891390437955, 0.718946449191158, 0.7430283155810861, 0.8733746932268649, 0.0, 0.9387785188112964, 0.9177194400342716, 0.7476593664514803, 0.0, 0.0, 0.7451318455823998, 0.8220533465232337, 0.0, 0.7499058367680655, 0.7520200623184192, 0.0, 0.7660778986130042, 0.7550013796172146, 0.7581386202612822, 0.8340893868885689, 0.0, 0.732449104737819, 0.7833974770760482, 0.0, 0.9317365959788082, 0.7801450218962406, 0.8451545041209623, 0.7882525078634136, 0.7588823404390653, 0.847279272042345, 0.8932565664949615, 0.8643377408402965, 0.7633682698663361]",
Graphic sampler.txt,556396,0.924324334,0,0,0.846393853,"[0.0, 0.7497562492009018, 0.0, 0.9102547452865841, 0.5281132630993287, 0.8704953204680967, 0.8037454644562214, 0.8870624196103923, 0.8025751510968673, 0.8798836769596133, 1.024182043169587, 0.8387837013689496, 0.6805787440594171, 0.9884852360631974, 0.8662600410380957, 0.8604579796157157, 1.1137721514600334, 0.17925604678932758, 0.7757440577247564, 0.7892128406534037, 1.1172203261196478, 1.0090590488320714, 0.8327326561240124, 1.1518432233718137, 0.8496142423922848, 0.9610575037211686, 0.8399407930323841, 0.8868674939151855, 1.0008912565206, 0.9164868370176196, 0.6890756635504091, 0.8015585803014593, 0.8879761676745157, 0.9607704975215368, 1.0931169514500068, 1.0005834751510703, 1.1103844248542656, 0.9898927562387965, 1.1011569962530496, 0.9961030279277168, 0.957196930343985]",
Growing toward God.txt,229060,1.031531572,0,0,0.458564308,"[0.0, 0.0, 0.0, 0.0, 0.0, 0.866288941881655, 0.0, 0.0, 0.885934418840538, 0.862317485961971, 0.8485737438622608, 0.0, 0.0, 0.0, 0.0, 0.7637442817498538, 0.9078127371394951, 0.7822568082116023, 0.7930502947118172, 0.587245070597258, 0.0, 0.0, 0.7138854593047576, 0.0, 0.5987120815013979, 0.5102805987311709, 0.7770695988069626, 0.8007306396920352, 0.0, 0.0, 0.0, 0.7980300001398025, 0.8666933243946988, 0.8007075579215073, 0.9018673838932558, 0.8568348986753315, 0.8779429235430184, 0.734955450182081, 0.7487304174952202, 0.726732786403422, 0.7907397387335645]",
Help and good cheer.txt,175281,0.975460112,0,0,0.3037229,"[0.0, 0.0, 0.0, 0.0, 0.0, 0.0, 0.0, 0.7798263801208236, 0.8978459521574069, 0.6321902994917875, 0.7639783207928367, 0.0, 0.0, 0.0, 0.0, 0.0, 0.0, 0.0, 0.0, 0.7090855526557465, 0.0, 0.0, 0.0, 0.8995391327731473, 0.0, 0.0, 0.0, 0.0, 0.0, 0.0, 0.8823268479413698, 0.45554226420177973, 0.8164246639925388, 0.8326230287801832, 0.8073229690608579, 0.7684188020205582, 0.858096491301644, 0.774241167064571, 0.0, 0.9131649060760876, 0.6620121013799415]",
Here and there a leaf.txt,254780,0.949494958,0,0,0.577986572,"[0.7124419418356078, 0.8367537568617128, 0.7373179725293973, 0.0, 0.0, 0.8007367572559089, 0.6681679474468317, 0.7247757857408, 0.6673395710201526, 0.6906428025580947, 0.8017407230342128, 0.7326322876371688, 0.8824263763872369, 0.0, 0.8149114425671651, 0.0, 0.0, 0.707826296245676, 0.0, 0.7175402190521998, 0.0, 0.6963529573225075, 0.7115440355961654, 0.0, 0.7076609449282599, 0.7962873001476282, 0.8581314561340158, 0.7463629390417933, 0.7138024404623332, 0.7655144772583716, 0.0, 0.8070399324499936, 0.0, 0.7576873782839519, 0.8176777203626012, 0.7774845262367015, 0.875895162604145, 0.7911670252180815, 0.7878429989601337, 0.7825995295530516, 0.8091447669491572]",
Home furnishing practical and artistic.txt,292261,0.982062757,0.012048193,0,1.036839427,"[1.2252447135661628, 1.2202279543205605, 0.9004882694407648, 0.8502426465174828, 0.8865847194016016, 1.0090903284240456, 1.1401809617683452, 0.9672570892976108, 1.0198603737285485, 0.9553154342277326, 1.0178234056930378, 1.1095197060590094, 1.0834892713837734, 1.0305358587537823, 1.2746572433686068, 1.1087894615851022, 0.9136033474614592, 1.3066494148536596, 1.0327113762952078, 0.7987138816688425, 0.9877869216819902, 0.9081320777058404, 0.8204625531246232, 1.0454692676541282, 1.0955431181742346, 0.9663986850074885, 0.9664615734137898, 0.7185159376103262, 0.7027485765807953, 1.0246942599711746, 0.9346877043447135, 0.8835077413856315, 1.2512938346407976, 1.1609383130551776, 1.0505802354426774, 1.1092636124153223, 1.1446405856604192, 1.2358357814924792, 1.1232854776506467, 1.282191983412973, 1.246992792696556]",
How to make money in the printing business A book for master printers who realize that there is a practical side to the art and who desire to know the surest methods of making profits.txt,639719,0.955357134,0,0,0,,
Interior decoration for the small home.txt,191959,1.033557057,0,0,0.911453358,"[0.7784813016765098, 0.7596431305204284, 0.89102733860393, 0.6749741442583688, 0.815403399919671, 0.8004749987131122, 0.8722812531524186, 0.8158642046929517, 0.9047329507157807, 1.0537124849871626, 1.0035398141768042, 0.7750082511990453, 0.979643843210409, 0.7668429849128922, 0.9588758141141904, 0.9794705530744485, 0.9862435043856785, 0.9878236913037296, 0.758509113787043, 1.0553394192304242, 0.698952133338265, 0.7966143428115136, 0.9162760570284142, 0.9828398818400589, 0.8139539706785281, 0.8235835341579144, 1.0961871849369473, 0.7763250035358337, 0.9615761174264578, 0.8814319779144524, 0.934161008216042, 1.070333688746085, 0.9108330760977265, 1.0763803556654987, 1.0207283578475903, 0.9552411885750484, 0.9518224819222897, 1.059896483699304, 1.0922203062012914, 0.9474785046515931, 0.9848598066617504]",
Intimate letters on personal problems.txt,349732,0.994152069,0,0,0.527124224,"[0.4328587572310196, 0.5520641663405215, 0.4909387916792022, 0.5629814631183804, 0.5873789893271195, 0.5818494232047312, 0.5342338321776064, 0.521932037319089, 0.49328850959480375, 0.498435545889166, 0.45588938055992834, 0.5110170004888478, 0.5524835958008761, 0.48493110544999757, 0.5712566543122775, 0.5013044504129042, 0.5320065736728447, 0.5191055980320574, 0.6314165600452532, 0.5141007245854721, 0.49730649344565137, 0.5127247894290207, 0.5032419013003083, 0.5293281287887688, 0.5344124134377581, 0.5051578354091678, 0.0, 0.5396219935491187, 0.5537475335721825, 0.5036926362093027, 0.6108616978326998, 0.5614036887203839, 0.5982088566652711, 0.6113447971659005, 0.4975073768477371, 0.5694919099317605, 0.5368385525708768, 0.5919026290218691, 0.4922700792094948, 0.6369406878042658, 0.6966160198434344]",
Latin America in Soviet writings 1945-1958 a bibliography.txt,452549,0.984848499,0,0,0.489250549,"[0.0, 1.017927792956332, 0.0, 0.0, 0.0, 0.7907669468532221, 0.0, 0.92199113707251, 0.8696127373274103, 0.9200300492420581, 0.5938578091328962, 0.0, 0.9926934181725138, 0.0, 0.0, 0.6754327521745717, 0.9158696842981847, 0.0, 0.9909337683532166, 0.0, 0.0, 0.0, 0.8110570781750602, 0.0, 0.0, 0.0, 0.9072565913950094, 1.0205744700508839, 0.0, 0.0, 0.0, 0.0, 0.8152613822870882, 0.9804086408667286, 1.0535432953147976, 0.8585656675639072, 0.982384688794323, 0.9178322893338299, 1.0317447648689662, 0.9978693145509445, 0.9936582389737602]",
Life talks a series of Bible talks on the Christian life.txt,161261,0.995238066,0,0,0.245229758,"[0.0, 0.5837183705956763, 0.0, 0.6060198990974679, 0.4784144458776185, 0.0, 0.5406318096555089, 0.0, 0.0, 0.0, 0.0, 0.5356100879715912, 0.0, 0.0, 0.0, 0.0, 0.0, 0.0, 0.0, 0.49353196109567776, 0.0, 0.6163301208299553, 0.0, 0.0, 0.0, 0.0, 0.5068740440925966, 0.5827730568561675, 0.0, 0.0, 0.0, 0.0, 0.5742811780917173, 0.5657265021609286, 0.6077105904866354, 0.5821731841921347, 0.6052872526628702, 0.4731352436476305, 0.5112659943902814, 0.5923370781511079, 0.5985992651404755]",
Life's beautiful way heavenward.txt,390152,,0,0,0.325222331,"[0.817423716223089, 0.0, 0.0, 0.0, 0.735642141979207, 0.0, 0.0, 0.0, 0.0, 0.5388756730414267, 0.7983920082342832, 0.0, 0.7218272888316334, 0.7350613004384704, 0.0, 0.0, 0.0, 0.0, 0.7417002000678959, 0.6875227462124764, 0.0, 0.0, 0.0, 0.0, 0.0, 0.0, 0.0, 0.0, 0.806557369651114, 0.0, 0.0, 0.0, 0.7309799184026683, 0.7696287223636677, 0.7602609965589957, 0.7605173139894931, 0.8198084682311175, 0.7150663858508205, 0.6863534940095908, 0.7344957022951509, 0.7740021193889188]",
Linotype decorative material  borders rules and dashes produced on the linotype with related linotype initials ornaments and borders.txt,173805,0.98550725,0.029883382,0,0,,
Linotype matrices.txt,386911,1.006211162,0.001461988,0,0.736832026,"[0.8411684749106189, 0.8217195779848847, 0.7652704617314854, 0.5396416757089816, 0.9020317323072825, 0.7223235893830995, 0.7309585220146131, 0.6434694211520866, 0.7722878528172747, 0.848379338265427, 0.7039828394500017, 0.8714654734615751, 0.7624222521305997, 0.7044682365906084, 0.8307233264128585, 0.803179418771555, 0.6674783120469735, 0.9023127652621074, 0.6603899477559753, 0.7769806656614133, 0.7482170536618057, 0.7397614401689413, 0.6106518569763202, 0.7829034033505616, 0.758002511232219, 0.658503775980427, 0.779472758487712, 0.822257900766862, 0.6508689439089679, 0.763010002535182, 0.7373560118037769, 0.6249496476414526, 0.7945524070419585, 0.8434367461158769, 0.6441584963972378, 0.630799530555167, 0.6975878647360575, 0.566910140726489, 0.6914624169738032, 0.681467725686063, 0.7131285659285298]",
Linotype mechanism.txt,314095,0.984210551,0,0,0.480804283,"[0.5675852391160229, 0.4030013151082328, 0.36033638110591576, 0.0, 0.3838855340138434, 0.5307759969247349, 0.6476434046891815, 0.3368068927233901, 0.5222123250370773, 0.5067300522565971, 0.5563900121064825, 0.6391684179132563, 0.38519518783400297, 0.41817286001886034, 0.5023608460918965, 0.30747090807185967, 0.6401642799568376, 0.6449327974728332, 0.384244611857177, 0.5663728361395494, 0.3635829067289055, 0.34460099859357013, 0.6636200671277089, 0.46096157058219717, 0.3146246043518355, 0.34988611765109007, 0.48208922717950087, 0.5022278638047538, 0.6201392802280377, 0.3633608697804609, 0.0, 0.5132004327544137, 0.5761067937171006, 0.5909872940634708, 0.5297227898584336, 0.6034180302605647, 0.6308597755765227, 0.6712110375843036, 0.6953643972748905, 0.6034788693552514, 0.5300827600135221]",
Linotypes and intertypes their maintenance and mechanism explained.txt,538913,1.024691343,0,0,0,,
Marks of a world Christian.txt,458952,0.995098054,0,0,0.55952277,"[0.0, 0.0, 0.783855829780961, 0.7335395192478421, 0.0, 0.6314663828806599, 0.0, 0.0, 0.8064536699693509, 0.8222623278038265, 0.0, 0.0, 0.7730348273622836, 0.8847805658767, 0.7620489930541345, 0.8765871843287631, 0.7664279594708664, 0.0, 0.6772247287492364, 0.8589528325870128, 0.0, 0.0, 0.7620489930541345, 0.7743087641308484, 0.7836877673904096, 0.0, 0.7629528156280437, 0.7675704314201137, 0.0, 0.8058869998959208, 0.7945790564287767, 0.8147717737898555, 0.7636292992951473, 0.8412234387092191, 0.7791203136032492, 0.8319877703708898, 0.8113075462904118, 0.9053675871781482, 0.8517377998151302, 0.7764976132076493, 0.7371207727139878]",
National galleries of history and art.txt,722750,0.988047838,0,0,0.900958486,"[0.7100262610177002, 1.0638702007793321, 0.7730721324037273, 0.8972889459631636, 0.690120104744363, 0.8143510379084559, 0.8778842425671475, 0.9406755080460671, 0.9196022337172445, 1.0553211641983684, 0.9934167956829214, 1.04204564148982, 0.0, 0.9211462942493094, 0.9289330228370116, 0.858360244990147, 1.0058663003311124, 0.9250427285239966, 0.9561497870295877, 0.9045966413983867, 0.9514399377586887, 0.8128531461620632, 0.866941822295784, 0.9079718707671611, 1.0379097832658732, 0.8713074224423685, 0.8647556008799142, 0.8948677574306647, 0.9649288654797604, 0.9316742762370485, 0.7504257677751495, 0.784462741999037, 1.0884435271967798, 0.9441752255277119, 1.0363987882954089, 1.0913020484802012, 0.9087160998422004, 1.0676536574381401, 0.9749036157475891, 1.0018475873977792, 0.9085490766949967]",
Oriental rugs.txt,625466,1.023622036,0,0,0.830782446,"[0.7505448460222444, 0.9619638417883973, 0.825720415858518, 0.7938526779257006, 0.8114128367179682, 0.7234597788404596, 1.0039350219239438, 0.8931542414307876, 0.7806658530423316, 0.7802696529275835, 0.6250044904285594, 0.7747575260943582, 0.7222532437116249, 0.9352228124035395, 0.7630678672267708, 0.7252107504158322, 0.9334517856250133, 1.004061757246967, 0.826893891726545, 0.8496346261006675, 0.7709198560370591, 0.8105493346893576, 0.7862448731589227, 0.7510719375280912, 0.7877395679394498, 0.777375819805111, 0.9595285297190718, 0.7606659445357035, 0.6585723100055624, 0.785389826818016, 0.7386579087289313, 0.7702089334494755, 0.9385501879235446, 0.9851725687762672, 0.8474642592773148, 0.8680372627499389, 0.8768936886556927, 0.8845597853213182, 0.9749132886265833, 0.8608420692385768, 0.9841844193306891]",
Paul Cézanne  his life and art.txt,204721,0.972868204,0.002222222,0,0,,
Plan of Chicago prepared under the direction of the Commercial club during the years 1906 1907 and 1908.txt,495150,0.9909091,0,0,0,,
Poems of a Salvationist.txt,159392,0.981981993,0,0,0.29652345,"[0.0, 0.0, 0.0, 0.8522473326850756, 0.7837355830746185, 0.0, 0.0, 0.6058338530552071, 0.0, 0.0, 0.7439067563648357, 0.7950214007903962, 0.0, 0.0, 0.0, 0.0, 0.7023083452394238, 0.0, 0.0, 0.4909852738813038, 0.0, 0.0, 0.48708399489180754, 0.0, 0.0, 0.0, 0.0, 0.5489887741141397, 0.0, 0.0, 0.0, 0.0, 0.8477285002170418, 0.8359862983688545, 0.7695595180344437, 0.7816587698197437, 0.7652629185259241, 0.6047120454470006, 0.49553802159042926, 0.4905117747785563, 0.5563922927557715]",
Precept and practice by Benjamin Bausman  with an introduction by Rev George W Richards .txt,271066,0.985815585,0,0,0,,
Progress in Christian culture.txt,291351,1.036809802,0,0,0.524491227,"[0.8385820634940149, 0.0, 0.0, 0.0, 0.0, 0.7843598072188133, 0.8052606472404181, 0.0, 0.8148075368398725, 0.6970365258772327, 0.8983719078314173, 0.8932947958555887, 0.8227449871862302, 0.87168632900601, 0.8085151138430648, 0.0, 0.8000923111413498, 0.8509910091768796, 0.8269534907416966, 0.7504411589963594, 0.0, 0.0, 0.8100529136613164, 0.0, 0.0, 0.0, 0.7880025203564042, 0.0, 0.0, 0.8140311323209451, 0.0, 0.0, 0.8444904097046855, 0.9058012801239493, 0.8434493353729305, 0.8603560016990781, 0.8525604645892724, 0.8084214511353734, 0.8288471959540443, 0.8580250862155356, 0.8269648205283661]",
Quality folks  practical meditations.txt,252399,0.981900454,0,0,0.628454926,"[0.6788853199405097, 0.6657971157205126, 0.6285415376099428, 0.5710423249145723, 0.725222475867692, 0.7065276515232408, 0.5383432058536316, 0.613703711950068, 0.573120773794659, 0.6643325227164998, 0.5769035359170047, 0.4527809021823633, 0.631280516463213, 0.750421667063722, 0.701697093269451, 0.38258993490433846, 0.5493301417829197, 0.7132544322503592, 0.7069070807478242, 0.6761590302785377, 0.6915881259403637, 0.7369467332308759, 0.540426658444543, 0.5753873654534706, 0.7650211484324916, 0.7003990303338695, 0.6138963447520281, 0.6333442937781116, 0.6743635884995562, 0.5935195998935164, 0.7361243368280843, 0.6976048512648102, 0.6242675404721313, 0.5334409003073691, 0.6323098726551106, 0.5222474588293239, 0.6635475483878189, 0.5779300407185934, 0.571026880929539, 0.6533627761125511, 0.5230559159931996]",
queue.txt,,,0,0,0,,0
Quiet talks on personal problems.txt,298223,0.982222199,0,0,0.6141327,"[0.7280131971388891, 0.6195504800381894, 0.6518204570133984, 0.6521011122337504, 0.6947860286776224, 0.552917117302147, 0.6133403722787845, 0.664471798440153, 0.60757702829318, 0.6837843308895512, 0.6241641201543123, 0.5702956126421534, 0.5824074624125166, 0.5138693827522558, 0.5580213203465523, 0.7059770504147743, 0.6115312733003903, 0.5944272884327693, 0.5109032014815602, 0.617434912762241, 0.5892740563483889, 0.6385067721059394, 0.5829105215707, 0.526746339789972, 0.6746694434819015, 0.5818145886594102, 0.5179330493803999, 0.6657076621357055, 0.6110075113367488, 0.6364349540492573, 0.5500846180270091, 0.6120388500884456, 0.7098088630983256, 0.5598477912153232, 0.6379454683151536, 0.6390075709684734, 0.5978759019044967, 0.6486266587172764, 0.6200027225998519, 0.6138831837219985, 0.6079206373830991]",
Real religion friendly talks to the average man on clean and useful living.txt,193792,0.987012982,0,0,0,,
Recommended selling prices for commercial and bank printing blank books embossing stock books.txt,271957,1.009009004,0,0,0,,
Religion as life.txt,228718,,0,0,0.737645456,"[0.7350214502117779, 0.7486330516822802, 0.7495344571999598, 0.7812916882923697, 0.5757595702827277, 0.5731391151770169, 0.7433587541058749, 0.7409399385311759, 0.7575083945926971, 0.7312225935303752, 0.7770221095904445, 0.7599995443678026, 0.7954702113851685, 0.7514689605174364, 0.5968676076675288, 0.7381387873774687, 0.7693373446014357, 0.7584335111571326, 0.7219921634993455, 0.7812939077117265, 0.7776179317777729, 0.7787143845056995, 0.7350336235467939, 0.7090631645749471, 0.6771674499544448, 0.7360591012118191, 0.7838108305037478, 0.687032016984018, 0.657016291294346, 0.7622549106307331, 0.7397506571886276, 0.7597287089855894, 0.830515985027894, 0.8068182668370124, 0.730917822633898, 0.6587458483229717, 0.8051401867739716, 0.7780762747715129, 0.7622574445805533, 0.6637730076008842, 0.817536640109958]",
Research and information on Africa continuing sources.txt,218693,0.981595099,0,0,0.889333108,"[0.8155752858883276, 0.9080647686810169, 0.8754299735619399, 0.8771695376405121, 0.9520003347734481, 0.9169794712073707, 0.9537953787136824, 0.943107030496314, 0.8498050339248258, 0.9537533901210974, 0.7789461297679786, 0.9279344029196256, 0.9784262172697472, 0.8103104153966031, 0.7958553619711012, 0.867684110010623, 0.8194063298028315, 0.9744929331417576, 0.8714342239584879, 0.8181813960395269, 0.8466433767445621, 0.7896954233520177, 0.9316125828024006, 0.8957789512751299, 0.8507645224919634, 0.9019700836444619, 0.8423331434925554, 0.8666274094870369, 0.8815050609351146, 0.8569596669477025, 0.9276389533326069, 0.9521168908048454, 0.9089568821697827, 0.9699682162047584, 0.921901958425853, 0.8234603157607504, 0.928968947138338, 0.8890833229595239, 0.9356989756542498, 0.9831624786910134, 0.8694585572616684]",
Rubens.txt,236608,1,0,0,0.862469725,"[0.7867238919961422, 0.7012017461226541, 0.9892317261261122, 0.912668355564702, 1.1359432520223887, 0.7347002272621573, 0.8517363140141875, 0.7258880112708593, 0.7750093474620734, 1.129833937985101, 0.8353533247316208, 0.8488996857924656, 0.8096677598863637, 0.7458764056339842, 0.8418223040739028, 0.7995888855544154, 0.7369534916808695, 1.0557122448195775, 0.7579032428767463, 0.5276718627103402, 0.8362612250868444, 0.8529559869980265, 0.8606648542187576, 0.6485066941236407, 0.8131695971904501, 1.0708845002232097, 0.8297546493248948, 0.8350954089214223, 0.7977430097741218, 0.8150972289248898, 0.7331185274710406, 0.8240481076959182, 0.9531254558410132, 1.1438549092310537, 0.85236531280464, 0.9638798406030461, 1.08168537135721, 1.0321561233655705, 0.8250303716648667, 1.099193633465581, 0.7902819183425132]",
Select fruits from the highlands of Beulah.txt,292930,0.986301363,0,0,0.413524886,"[0.0, 0.0, 0.0, 0.8960658386743773, 0.0, 0.0, 0.814905768055712, 0.0, 0.6392104978881133, 0.8431856119911562, 0.0, 0.9051959141854442, 0.0, 0.0, 0.0, 0.0, 0.0, 0.0, 0.8811667320668198, 0.7873388180473175, 0.7335687148780309, 0.0, 0.9198719703162698, 0.7672143196765898, 0.0, 0.0, 0.0, 0.8205768655502436, 0.0, 0.7231738485524106, 0.0, 0.0, 0.8298770174966952, 0.7744402035322244, 0.737652886000345, 0.9004225074368097, 0.8462426652736758, 0.8491425367720346, 0.8709253271330929, 0.7168279266942712, 0.6975143750215732]",
Side windows.txt,269934,0.986363649,0,0,0.559817801,"[0.8674061257551797, 0.6442886145853994, 0.7589579826082665, 0.0, 0.7381308095717254, 0.7738118910415737, 0.7781709198991175, 0.5938958106119443, 0.7346126043449115, 0.7242888916675165, 0.7534450620087323, 0.8999295927526348, 0.0, 0.8312970414311505, 0.7321624049729479, 0.6922718639681802, 0.0, 0.0, 0.7138827566937365, 0.0, 0.0, 0.7138827566937366, 0.7682440777744551, 0.7340886606394147, 0.7565708021478125, 0.0, 0.7262134161432984, 0.0, 0.0, 0.7281277706526791, 0.0, 0.7158210248191488, 0.72049628383752, 0.6924844619785857, 0.661875485317251, 0.754453018932748, 0.6080900090889071, 0.8455633240768803, 0.6785082693859585, 0.7777474681668545, 0.8338106231834549]",
Sifted wheat.txt,338947,0.959641278,0,0,0.456549701,"[0.0, 0.0, 0.0, 0.8906422221686251, 0.0, 0.8218064004495642, 0.0, 0.0, 0.0, 0.8413865116376353, 0.6143240403222227, 0.0, 0.7789946465734915, 0.8371469807525332, 0.8171423100421906, 0.0, 0.0, 0.0, 0.0, 0.0, 0.0, 0.8807143274320862, 0.8594883960062525, 0.0, 0.8329413625003745, 0.8639018441553423, 0.0, 0.8616641939500973, 0.7828244021227325, 0.0, 0.0, 0.7767159643083896, 0.836570584851974, 0.7972698465786385, 0.721573458849349, 0.707752319393426, 0.7829007262593634, 0.8935336408024844, 0.8639079562456927, 0.8208157382102071, 0.8345198768636493]",
Sketches of great painters for young people.txt,393777,0.990291238,0,0,0.847174426,"[0.7951098385503689, 0.8164263550120036, 0.7918184673239766, 0.9182824132209287, 1.0202055607254772, 0.8871157929119555, 0.8165369645755155, 0.737801274443413, 0.0, 1.014015890842862, 1.0114748368214148, 0.7622625970863075, 0.9601543962009179, 0.8371594985747988, 0.9103946466366791, 0.7930976424364338, 0.875347711623917, 0.7943612783394275, 0.8238197079727025, 0.8205367511219562, 0.9827508179098025, 1.0139061006109285, 0.7705011938839612, 0.8517386941135757, 0.8239699678921966, 0.7362366958646499, 0.9216430266082799, 0.8755100423077913, 0.9010796815006029, 0.8196636719269275, 0.9614329690339828, 0.916045955987963, 0.785503243791057, 1.0099591289327803, 0.8478460676637434, 0.9091802708751106, 0.7966788323410925, 0.768156583651043, 0.8265511289508396, 0.8548162897647291, 0.9750594966052126]",
Specimen book of type faces showing the machine and foundry faces of body and display letters accents piece fractions superiors and inferiors rule dashes signs seals cuts.txt,220162,0.979487181,0,0,0,,
Specimen faces linotype composition borders rules and dashes.txt,231498,0.983783782,0.000749064,0,1.430367485,"[1.068640825045132, 1.0013747295995497, 1.0080002389224125, 1.7091887537268968, 1.295961568958927, 0.9661936767866309, 1.8953951555950632, 1.52647531428538, 1.8621437875512974, 1.1355395868318539, 1.855401877629841, 1.951630602558875, 1.2067407939903712, 0.7978555968770404, 1.8530588245193202, 0.9974352818129191, 1.897033194554963, 1.9585413218504328, 1.5217218995405937, 1.9135457096415045, 1.5130272891274437, 1.3765011065854147, 1.8457804650230838, 0.9910035200707377, 1.9302699182139733, 1.5369027171272702, 1.6480810284947958, 1.9282137170432716, 1.618102067800058, 1.8698307740950681, 1.859123000391271, 1.9099049414782296, 1.0269655511821958, 1.021664023294715, 0.9028924513087692, 0.8876911345680623, 1.2771697054936193, 0.9403193328581374, 0.978475273456225, 1.1951229215669674, 0.9661471959265048]",
Specimens of type faces in the United States Government printing Office.txt,294212,1.005181313,0,0,0,,
The balanced life.txt,262631,0.969957054,0,0,0.623618398,"[0.0, 0.9997424683580505, 0.7945557974745194, 0.8295021106419548, 0.7792416928700633, 0.0, 0.9024719093414054, 0.0, 0.7430360457184498, 0.7493655096886028, 0.9184359606349052, 0.0, 0.0, 0.0, 0.7851867975611487, 0.7773741423704987, 0.0, 0.828283911119015, 0.8071613664535857, 0.842307432811997, 0.7111323890720479, 0.7926450660246586, 0.0, 1.049195579633738, 0.5805730472152041, 0.0, 1.058382203453897, 0.9848088684818805, 0.5887245447456496, 1.021907113164562, 0.8096221041037259, 0.0, 0.0, 0.8306054519477079, 0.8640614557016467, 0.9291570645329162, 0.8458989468080177, 0.8084060892446535, 1.0068065547330478, 0.9074769171017621, 1.0222857839555082]",
The beauty of every day.txt,259081,0.967289746,0,0,0.466380607,"[0.0, 0.5142577466396078, 0.0, 0.8824916132529114, 0.6420158033665598, 0.7439701515443676, 0.3230070941908901, 0.36412068837482875, 0.7534954324132325, 0.518153491498172, 0.0, 0.765377149036956, 0.0, 0.0, 0.0, 0.6278462820142711, 0.0, 0.9126425672333809, 0.5838432382422176, 0.7348690128525786, 0.5171258991636842, 0.8591482940643754, 0.0, 0.0, 0.0, 0.5393626981311936, 0.5520714200860951, 0.0, 0.0, 0.0, 0.593640030373758, 0.7837013040770602, 0.9268689960174957, 0.8130669159384593, 0.7601415118207444, 0.6623314091214438, 0.8196438863975519, 0.8289738161204494, 0.7587823863156931, 0.5772687526624029, 0.7633872912652419]",
The beauty of self-control.txt,255705,0.977168977,0,0,0.787724064,"[0.8391310265092512, 1.0225181980572475, 0.971849115628639, 0.7448661451036838, 0.0, 0.7193856454685761, 0.7583595254391666, 1.0827920525607935, 1.1284122974484716, 0.9953337521729705, 0.9127736136545658, 0.0, 0.7965010372566984, 0.9891060591364244, 0.6377324523770438, 0.9376993024510987, 0.0, 0.826417089437045, 0.8692616864260768, 0.0, 0.7516128352714252, 0.9251256253746423, 0.6902129865128812, 0.9883076909130923, 0.8618113391113912, 0.0, 0.7832488822265458, 0.9091832961275191, 0.7511344712063547, 0.9914567817481593, 0.932376878480319, 0.9634235468000854, 1.0283051152181066, 0.9924698231092083, 0.8985855927484718, 1.0316060538489018, 0.9375389176640163, 0.8978659264965297, 0.8280846130746276, 0.920584256023576, 0.9816129925649295]",
The Carey type book.txt,937574,1.034482718,0,0,0.395067923,"[0.0, 0.2541978037386183, 0.0, 0.3917243590965468, 0.32064770385430597, 0.7435314121314472, 0.6020488512198329, 0.0, 0.36514419961897715, 0.6277426339503183, 0.30690794099625845, 0.3895445022137864, 0.5266068848835191, 0.3257027211317967, 0.5809415584223193, 0.0, 0.6109291107281954, 0.3852959967780633, 0.5284841310881859, 0.0, 0.0, 0.0, 0.2980482917043055, 0.29192763403256644, 0.41333294447741276, 0.7703934146766525, 0.3195413020786805, 0.8093860617354697, 0.42005310181731964, 0.0, 0.0, 0.5564708438838879, 0.5680724841765581, 1.1122824591235523, 0.26597728358966866, 0.9462956937210196, 0.7087736157252968, 0.5303430194731332, 0.38832865942487305, 0.44448938249180714, 0.39461883289227756]",
The confessions of John Allen (and other poems) by John Allen.txt,313794,0.973094165,0,0,0.409848327,"[0.0, 0.0, 0.8249523423117068, 0.0, 0.0, 0.0, 0.0, 0.0, 0.8602022561294906, 0.9824271883459434, 0.0, 0.0, 0.6869741066585132, 0.0, 0.8135768904291065, 0.0, 0.0, 0.0, 0.8132902917658269, 0.9128885581325892, 0.0, 0.0, 0.0, 0.0, 0.8882332560408176, 0.0, 0.0, 0.0, 0.0, 1.0161244407014112, 0.906997492634938, 0.0, 0.8986190495342722, 0.9862427785704415, 0.8877628269736318, 0.7500257683039622, 0.8714834442672185, 0.8687900925494985, 0.918191779927457, 0.8748841042208944, 1.0421147261040964]",
The effective small home.txt,219639,0.970297039,0,0,0.921073247,"[0.9503972052978411, 0.932361848187577, 0.8864181524367417, 0.9103779687186931, 0.9853325308772624, 0.8321751304902033, 0.8593278499474367, 0.945889787938543, 0.6346379738406148, 0.7914588492042814, 1.021003543772106, 0.7103353758137293, 1.088913677317801, 0.8155090146237313, 0.9416971849945778, 1.0733000337083458, 1.0761298472875975, 0.8450935969740979, 0.7199466014889211, 0.9324199160971063, 0.9387600078282886, 0.9266870733701047, 0.9708081825542805, 0.8484925029934262, 0.9525422589667493, 0.9298904238336796, 0.4923284133018928, 0.9277827313807282, 0.9979911058730138, 0.9601596916859177, 0.9479574610036886, 0.935721713424668, 1.006042629247246, 0.999450282855616, 0.9287646527008169, 1.072070934002688, 1.0517395338138966, 1.0829112613855836, 0.9272783959829544, 0.9492380806523983, 0.964659718826836]",
The faith of a middle-aged man a little book of reassurance for troubled times by Henry Kingman.txt,328578,0.954999983,0,0,0,,
The furniture of our forefathers.txt,1258175,1.015151501,0,0,0.887931643,"[0.7636488002483733, 1.013185151181882, 0.7616309288663672, 1.0054291512559945, 0.76760537340541, 0.8268812093895584, 0.7568895496841417, 0.940546415161372, 0.7642346554914474, 1.0505977963436817, 0.8047287239748869, 0.8598788349123154, 0.9164113998215251, 0.9136482165201638, 0.7737078581287329, 0.6837927615457168, 0.702932305442023, 0.8660259100849772, 0.887410085295963, 0.7020925066224037, 0.8609138267350918, 0.9553122733372622, 0.7963716356623132, 0.7458091555851096, 0.97492151472172, 1.032303671964115, 0.7626281949579918, 0.9904295363092046, 0.8648130934683453, 1.039844624106283, 0.8507427836297232, 0.8003891247264646, 1.035331863440263, 0.9719047908837252, 0.9832366820861906, 0.9146444055210893, 1.0496256037447738, 0.9736174018839207, 1.0074350843808877, 0.9852323241359962, 1.0484121580280028]",
The gate beautiful.txt,258404,0.965174139,0,0,0.439385461,"[0.7571214758704581, 0.7767152761319542, 0.0, 0.8357279567536318, 0.7694140567794239, 0.0, 0.0, 0.7790469824985803, 0.6640286319866786, 0.23519334199996628, 0.0, 0.692716290395126, 0.7479272034446123, 0.5661259968363503, 0.0, 0.0, 0.0, 0.6901842653795262, 0.731512378517795, 0.6975520609644645, 0.0, 0.0, 0.7642399609080265, 0.0, 0.0, 0.5879188795295026, 0.42212158687862045, 0.0, 0.0, 0.0, 0.385826541432896, 0.0, 0.8018063793334159, 0.8023150582231858, 0.7856918087038403, 0.7564613700484272, 0.7808544192495794, 0.7602602889571255, 0.7125884064465385, 0.7150539432383558, 0.7963993294520267]",
The good life.txt,228394,0.978260875,0,0,0.616781579,"[0.6747922531321818, 0.7523372691859597, 0.6934002184860747, 0.7294528031159437, 0.730873139836195, 0.7213172012752906, 0.6538406776601262, 0.7101081608877436, 0.6429281726813545, 0.7506793687724165, 0.6757130083869496, 0.6525080457593972, 0.7453051846516731, 0.0, 0.7151985298712187, 0.7335416346189665, 0.0, 0.0, 0.7537219234800874, 0.0, 0.72243230265687, 0.0, 0.7500268635175454, 0.0, 0.6874738532518645, 0.6980882620676812, 0.7325407929731329, 0.689896311928227, 0.7444848134043996, 0.7586989385012943, 0.8018435316286348, 0.7717282826882105, 0.7506446050426179, 0.7331560472125223, 0.7299552631981169, 0.7208641931178499, 0.6744722067408132, 0.7603510652138392, 0.7656955917106855, 0.7319978021080173, 0.7279764160862026]",
The gospel of good will as revealed in contemporary scriptures.txt,347186,1,0,0,0.633671814,"[0.9200010845710994, 0.9311320313898463, 0.0, 0.8000245123353913, 0.0, 0.7113272032020993, 0.7619230116509673, 0.827722197908464, 0.0, 0.0, 0.7645175898021955, 0.9412930570324491, 0.8997044075232462, 0.7766628844918965, 0.0, 0.0, 0.7124704088430137, 0.7505899470703437, 0.6681258161186103, 0.0, 0.702208131380782, 0.8524718849062999, 0.7476752143791822, 0.7901396488986506, 0.7002052549081516, 0.8009622638648352, 0.7334297599646185, 0.7594742448593215, 0.0, 0.772401632855713, 0.8464551044927217, 0.0, 0.9318239132247208, 0.9645552492681124, 0.818664378377738, 0.9099406862800193, 0.9448095174707186, 0.7885657865824187, 0.8299901454975469, 0.764792722376964, 0.8564846783460381]",
The human element in the making of a Christian studies in personal evangelism.txt,376383,0.970297039,0,0,0,,
The inner life.txt,216076,1.01449275,0,0,0.571033444,"[0.0, 0.9998674690654479, 0.744028746107521, 0.0, 0.0, 0.0, 0.8085790759825224, 0.747138107801454, 0.0, 0.0, 0.7814729675963186, 0.0, 1.0486170757213606, 0.0, 0.6366546801365043, 0.7125291175762353, 0.7634221763815614, 0.8056857245812147, 0.7422338014145325, 0.7013504257572549, 0.7879415895887338, 0.0, 0.7387570711869397, 0.7934526572377721, 0.0, 0.5779869791074924, 0.9787833480545659, 0.0, 0.7742849337163488, 0.8194789186636536, 1.0000652481188481, 0.0, 0.8139760599540453, 0.8927298320232979, 0.7698376146561039, 0.9813884993405604, 0.75487691078393, 0.7997773079271895, 0.7462140654491748, 0.8917121028257077, 0.7995286839216678]",
The inverted torch  and other poems.txt,212211,0.96449703,0,0,0.402050359,"[0.5835217174391285, 0.7665761910423712, 0.0, 0.0, 0.6081621834331786, 0.6156450441804826, 0.0, 0.0, 0.57911132184685, 0.0, 0.7861730254926177, 0.8011138817771369, 0.5979736077683958, 0.0, 0.765987056511655, 0.0, 0.6079374844734019, 0.5458658964331751, 0.0, 0.0, 0.0, 0.5931964619385708, 0.0, 0.0, 0.0, 0.0, 0.0, 0.5935244031601259, 0.717301567492081, 0.7057895120592487, 0.0, 0.0, 0.6079374844734019, 0.7525989193319823, 0.8530326354605562, 0.7976237280195209, 0.7689326352776948, 0.8026319049023372, 0.5668376846170056, 0.7287812477203598, 0.7378091387532288]",
The J J Little book of types specimen pages and book papers with suggestions  on book making and a glossary of printing and  binding terms.txt,1142422,0.972222209,0.140065147,0,0,,
The James F Ballard collection of Oriental rugs.txt,167810,1.033557057,0,0,0.710364383,"[0.7062908011525244, 0.6675818645070063, 0.7407709255631184, 0.6131329002099254, 0.6538777874077167, 0.7812883676026791, 0.660682803419638, 0.7160564520026446, 0.7763457235771879, 0.8351864241183016, 0.7646337118643829, 0.6976246266282373, 0.6263271916019809, 0.6730269655211665, 0.844901822125911, 0.7214222179714346, 0.8638187407763979, 0.7602462810949825, 0.6582321661958637, 0.7239019790511467, 0.6254260666266537, 0.8365569447130435, 0.7782336832178104, 0.6446024861156646, 0.6379215486599783, 0.7115541894435895, 0.6823221281916758, 0.6754987673552466, 0.7357058374726345, 0.6836091024161136, 0.8247269317007172, 0.7231596665011988, 0.755764102750408, 0.7435061268306532, 0.6357641188763298, 0.6433155658557612, 0.6954982860587792, 0.614006994679062, 0.7037495122466859, 0.6085865675542284, 0.6800813060454074]",
The lesson of love by J R Miller.txt,237443,0.926315784,0,0,0.457038802,"[0.0, 0.0, 0.8336917107304018, 0.8345164280962801, 0.843709589524621, 0.0, 0.7178155273012748, 0.0, 0.8297905467423207, 0.0, 0.23519334199996628, 0.8083968577501275, 0.0, 0.0, 0.5655456478326173, 0.0, 0.0, 0.0, 0.8097457762836512, 0.0, 0.7183024529512771, 0.7993379741512912, 0.7541854162757412, 0.0, 0.45334454083001935, 0.8258910430228895, 0.8752898834487233, 0.0, 0.0, 0.0, 0.0, 0.7835725647807622, 0.8282109348262507, 0.827047605471262, 0.805756092253742, 0.6866483208597357, 0.8520005374550991, 0.6860961517328149, 0.7431165019355797, 0.8055654071704172, 0.8158200303244753]",
The life that counts.txt,184627,0.953608274,0,0,1.015405819,"[1.1415716141095211, 1.2279457152810205, 0.8793931470338622, 0.7881248882505164, 0.9890635588627884, 1.1742949856565263, 0.9296358661774674, 1.2000036374840208, 0.9466487360696755, 1.2714924034664417, 0.8224350021973591, 1.178943392258568, 1.1376858929823603, 1.2426620842972358, 1.085629113150861, 0.8795502762426413, 0.8994490110008845, 1.101507948853926, 0.9990978774755696, 0.9822293792100577, 0.9846733950415388, 0.9056877923790806, 0.9632910561003133, 0.8727365758497618, 0.9524138247654547, 1.0611743557635647, 1.2182500948586386, 0.9239617739218959, 0.9122246086115867, 0.8671449926259496, 1.2828105750591383, 0.9019636575302289, 0.8764514361740735, 1.05933471559661, 1.0685968728690238, 1.0873344581700188, 0.9425476766351787, 1.004715898694514, 0.9311444072041708, 0.9712757157153238, 0.9665401557651371]",
The line is busy.txt,192131,1.010928988,0,0,0.529251004,"[0.0, 0.6888505881684825, 0.0, 0.7649064214784933, 0.8080758264570952, 0.0, 0.0, 0.6653023057479189, 0.7074494574809029, 0.0, 0.760377805320293, 0.0, 0.7551641869655279, 0.7314927049499738, 0.73336666956457, 0.7058574077709988, 0.0, 0.0, 0.0, 0.8037459379287913, 0.7998133717792018, 0.7087049901301573, 0.0, 0.7478338300764853, 0.7900348230401243, 0.7187089073719328, 0.0, 0.7175273753013863, 0.7204951399002284, 0.6989939885877536, 0.0, 0.6989600956267128, 0.7819136548300681, 0.8383367288555787, 0.7381442399957744, 0.7475744190714108, 0.7522190962357485, 0.7301285158994014, 0.7950050653892421, 0.8092021664472397, 0.781105456740131]",
The new life in Christ a study in personal religion.txt,550489,1,0,0,0.595783448,"[0.725148949591444, 0.7120610167086058, 0.1914332110477717, 0.48822297146821136, 0.0, 0.7569075138321001, 0.8094699156194294, 0.7423056017037271, 0.7746394066253622, 0.7627940372397952, 0.6714394985076605, 0.6203159698766153, 0.7834169198213422, 0.7445163761207864, 0.9013115769389813, 0.0, 0.0, 0.7558243865358719, 0.0, 0.7455094407323879, 0.6301900210385946, 0.0, 0.0, 0.5671113292684297, 0.6945125596201052, 0.7720199532803564, 0.7690117112456212, 0.0, 0.7617374728916974, 0.7578316904138949, 0.7428028137958179, 0.7424290012382587, 0.7955565348527635, 0.7442024705234032, 0.7846839541830875, 0.6611143913791325, 0.7918243901419328, 0.791814358176701, 0.7372364212430899, 0.7279204086847761, 0.7698051126596026]",
The philosophy of painting a study of the development of the art from prehistoric to modern times.txt,341904,0.98550725,0,0,0,,
The religion of a person.txt,373649,1.004950523,0,0,0.439434727,"[0.0, 0.8102528500075863, 0.0, 0.0, 0.0, 0.6836605945137396, 0.9709359664935003, 0.7560319783348134, 0.0, 0.0, 0.0, 0.7796553862784137, 0.0, 0.7945889725716818, 0.0, 0.8078670642120439, 0.9648743208026546, 0.0, 0.0, 0.7545072835046462, 0.0, 0.0, 0.7396184114232749, 0.0, 0.0, 0.0, 0.0, 0.0, 0.0, 0.8746509148760702, 0.7048322188856161, 0.8464054209956193, 0.7844576873486889, 0.8759597103695022, 0.9274561151207765, 0.7812462455472835, 0.7466979766604733, 0.9533554524547055, 0.7782941417011634, 0.8802186553103243, 0.8012564401604719]",
The school of sympathy reminiscences in essay and verse.txt,151257,1.01449275,0,0,0.655962709,"[0.0, 0.8206766561281612, 0.7518187933067654, 0.0, 1.094084460884793, 0.7718599789675415, 0.7949703154952116, 0.8553186720014846, 0.9930118128290688, 0.7579262418124488, 0.0, 0.78236754347709, 0.7773320621095173, 0.750051767587844, 0.0, 0.7589458784443738, 0.0, 0.0, 0.0, 0.0, 0.7572825518861437, 0.7319247036263143, 0.7441201690948692, 0.8115454615734243, 1.0642139730190512, 0.7943630937985791, 0.7523084563258589, 0.7352054858049762, 0.7647463433899867, 1.0814921699417588, 0.0, 0.0, 1.0179305288476406, 1.0527646515638787, 0.914370028160009, 0.8703068776368345, 0.9140396923642047, 0.7740359062332026, 1.088782692887516, 1.0539418325871135, 1.0627322774910084]",
The secret of successful life.txt,391151,0.985148489,0.009975062,0,0.54347337,"[0.0, 0.6981973204737497, 0.0, 0.0, 0.6831573285181992, 0.0, 0.6915151122435659, 0.7276131226339791, 0.568154541317425, 0.7557012994344271, 0.6892503248159475, 0.7431233299091804, 0.0, 0.6889176009288962, 0.0, 0.0, 0.693337024069461, 0.7066584583965353, 0.0, 0.6881232686799841, 0.7316536585861637, 0.7864814848318934, 0.7122439907841371, 0.7367998972850035, 0.6802247180046948, 0.6949273567166119, 0.0, 0.7298080872280549, 0.7458024347068408, 0.6898463188541756, 0.6915151122435659, 0.0, 0.7534643432270447, 0.7010276305541222, 0.7551007006352105, 0.7535689109036342, 0.7836811148157026, 0.7389097949842417, 0.7682759345535808, 0.7297423456704524, 0.7655856107698146]",
The spirit of service.txt,150496,0.979899526,0,0,0.919706617,"[0.8679936067773918, 0.9473383885855913, 0.9605631755792561, 0.9133045811839616, 0.9042393259325663, 0.7622033810019754, 0.885222517907832, 0.9004236007919505, 0.9184850433641164, 0.917938726086717, 0.9344795376964123, 0.9554877353959113, 0.8394314288734981, 0.926598828324657, 0.8797247446292162, 0.9303004013130083, 0.8938897753962427, 0.9063529687045495, 0.9226497235320414, 0.8936995545881301, 0.8915913412232769, 0.8938889775032534, 1.0046710190420727, 0.8879383499028031, 1.0555668546643073, 0.8036588621716563, 0.9535647327575746, 0.9785708500840253, 0.843127083979263, 0.9294309777506197, 0.9009198098749752, 0.9168129377514561, 0.9197526496282971, 0.8579888855201779, 0.9410727564076761, 0.9219985865005605, 0.9173843915414738, 0.994628082818647, 0.9589974895669581, 1.0398306388340397, 1.0362489756428217]",
The story the crocus told.txt,192706,0.940909088,0,0,0,,
The survival of the unfit powers principles and practice in man-making.txt,274080,0.965909064,0,0,0,,
The teacher of oil painting and tapestry.txt,168831,0.972972989,0,0,0.665536226,"[0.7514958121633547, 0.6410740744784627, 0.7552172130052033, 0.7831095361922998, 0.644071611380498, 0.6335501436843193, 0.6435356305840192, 0.6331982616757226, 0.6077616557742905, 0.6038733782805058, 0.6424465748882766, 0.5825598962550363, 0.6442831584908167, 0.6420858601215382, 0.6217495031736524, 0.579008669344769, 0.6438689411242082, 0.6644840122559726, 0.6209002490325674, 0.6084881836029568, 0.6398073761472578, 0.6440815481744461, 0.6372257504143966, 0.6486623280435728, 0.6280480098835366, 0.6166140862355276, 0.7704377818717466, 0.7439810316988898, 0.6265455569167128, 0.6239246400199187, 0.6416723206233395, 0.6626075400414493, 0.7405261583524619, 0.7538440729124998, 0.7258697425781493, 0.7943752720974345, 0.6318336305480895, 0.7704832113391418, 0.6558860247644445, 0.7506895465123137, 0.6331072829817367]",
The temple.txt,155076,0.918128669,0,0,0.614160974,"[0.7229856351266555, 0.9676779797222088, 0.7265555797215714, 0.8595619126643843, 0.0, 0.691803861259266, 0.6895018404037768, 0.0, 0.6945363791887692, 0.9333485507210397, 0.7351132666858433, 0.7559359707804236, 0.0, 0.0, 0.7289454258982582, 0.0, 0.0, 0.7440425806310992, 0.792712138431204, 0.0, 0.7009848242357124, 0.6928178626700332, 0.7129007675574831, 0.0, 0.7384159075869923, 0.8853597017478402, 0.8638902990823161, 0.722463738638932, 0.0, 0.8109585309569487, 0.7185117091837371, 0.7091113299734012, 1.0020826756518033, 0.8290847694957478, 0.9218448533260656, 0.8421500891173991, 0.757927094070022, 0.7297923262237711, 0.8427313526995801, 0.7907406622440913, 0.8661103239786201]",
The unchastened woman a modern comedy in three acts.txt,194564,0.967391312,0.0016,0,0.563727307,"[0.7760564320040787, 0.721680777205576, 0.0, 0.0, 0.0, 0.6528271325335125, 0.6425092954442234, 0.6487816851298774, 0.6940490609697764, 0.7350956559148236, 0.7451024644099495, 0.8646393262295978, 0.0, 0.6758395189703565, 0.8756872151348197, 0.7639084385164489, 0.8019104474146294, 0.8953673315529671, 0.6671088335542187, 0.0, 0.6192393223169503, 0.7299376074137017, 0.6440575522867877, 0.7667997379341333, 0.873291336903215, 0.0, 0.0, 0.0, 0.0, 0.626673254684243, 0.6992595683809926, 0.7254108382922586, 0.0, 0.6971084725599347, 0.7591840934288495, 0.8279424291790878, 0.7827960151458401, 0.8219566899570547, 0.8613098439468039, 0.8268885591721443, 0.6904006325854626]",
The way of the cross  a contribution to the doctrine of Christian sanctity.txt,291792,0.979166687,0,0,0,,
The work of Rubens reproduced in over five hundred illustrations with a biographical introduction abridged from Adolf Rosenberg.txt,165749,1.011764765,0.009803922,0,0,,
The world within.txt,236113,0.966824651,0,0,0.572604665,"[0.0, 0.7331284823760846, 0.7499969738405579, 0.748435999415333, 0.9467368299720549, 0.893336805373976, 0.0, 0.6787452840446834, 0.7315548963469376, 0.7081433725609937, 0.7726487729405807, 0.7789653966557258, 0.7491979164434668, 0.0, 0.764242354400576, 0.0, 0.737474048613727, 0.8706215761921734, 0.0, 0.0, 0.0, 0.0, 0.754772857398707, 0.7944434730005998, 0.7484530645613794, 0.0, 0.0, 0.7644174085277992, 0.7169085458830096, 0.7123473717194339, 0.0, 0.7620489930541345, 0.7574665540561637, 0.9348216977211812, 0.8059128253564681, 0.7994927683015638, 0.7630829758742087, 0.8070317567151396, 0.9394592741041495, 0.7443436633508128, 0.808559318532406]",
Things of the spirit meditations on spiritual life and prayer.txt,158493,0.971910119,0.002808989,0,0.533311163,"[0.7073044390822822, 0.0, 0.660001570402644, 0.6677920966863576, 0.0, 0.660600069590978, 0.0, 0.5760833634552386, 0.0, 0.6929906452978528, 0.6920593195302351, 0.732369714634002, 0.7354103679790465, 0.5934312638078296, 0.0, 0.6579321588820702, 0.6181816065198109, 0.7068019027181928, 0.7234879961322082, 0.0, 0.6637390503963928, 0.609596168633456, 0.6615496580546647, 0.7562145781325744, 0.0, 0.7308118455282053, 0.7562274643722129, 0.7279977873707055, 0.6851320504499087, 0.0, 0.0, 0.730436618989896, 0.6528855447341428, 0.6451816779400245, 0.5675524663775635, 0.7174653695115835, 0.7396219700868434, 0.6258116217722074, 0.7087711703237575, 0.7309251698929812, 0.7313909623398186]",
Type faces with which we prove it with proofs in typography for advertisements.txt,284691,0.979452074,0.100795756,0,0,,
Ultimate ideals.txt,157377,1,0,0,0.339169123,"[0.7191509172762105, 0.0, 0.0, 0.6856782191568709, 0.8080231214391922, 0.0, 0.0, 0.8185120079274252, 0.7494862907143479, 0.0, 0.0, 0.0, 0.0, 0.5744955557835889, 0.0, 0.0, 0.724619264023681, 0.0, 0.0, 0.0, 0.0, 0.0, 0.0, 0.8133600794481565, 0.0, 0.0, 0.6889815179383562, 0.0, 0.696126202452671, 0.0, 0.0, 0.0, 0.7128526146227867, 0.7058275801423963, 0.7973145379267298, 0.8413956559865753, 0.7266764201233418, 0.6106240499051825, 0.7208080897562148, 0.8205350556569871, 0.6914668776163245]",
Under the highest leadership.txt,300664,0.921951234,0.002666667,0,0.596161421,"[0.9334813352483705, 0.0, 0.0, 0.0, 0.7627094297079942, 0.6079634511624801, 0.6729818707804835, 0.6491002175862552, 0.0, 0.0, 0.9411075068905291, 0.7230440053410184, 0.6708308989248606, 0.0, 0.7067609213947005, 0.7374527199315568, 0.6482615340681803, 0.6549589952758329, 0.6864844004336178, 0.0, 0.5731522386344501, 0.7357185086399219, 0.6830349329749048, 0.8568016823858094, 0.0, 0.8543253018139346, 0.0, 0.9339704491947102, 0.8204712064538513, 0.7581423460987143, 0.7518881206230653, 0.6597177928496993, 0.9465265140063075, 0.7410742664832964, 0.8074218950666009, 0.9162381727558581, 0.7733062762358183, 0.783984576905714, 0.8716098654750631, 0.7856866874492437, 0.7944101215169738]",
