metric,x_center,x_jitter,x,auc
Nero,0,0.006286511054669665,0.006286511054669665,97.60714285714286
Nero,0,-0.006605243164565094,-0.006605243164565094,97.3690476190476
Nero,0,0.032021132522164104,0.032021132522164104,97.51190476190476
Nero,0,0.0052450058576519855,0.0052450058576519855,97.27380952380953
Nero,0,-0.02678346865805555,-0.02678346865805555,97.27380952380953
Nero,0,0.01807975274547424,0.01807975274547424,97.08333333333333
Nero,0,0.06520000225650686,0.06520000225650686,97.17857142857143
Nero,0,0.04735404815646211,0.04735404815646211,96.79761904761904
Nero,0,-0.03518676179034963,-0.03518676179034963,96.98809523809524
Nero,0,-0.06327107355230263,-0.06327107355230263,96.70238095238095
Nero,0,-0.03116372312686761,-0.03116372312686761,96.75
Nero,0,0.00206629896736218,0.00206629896736218,96.65476190476191
Nero,0,-0.11625153873194172,-0.11625153873194172,96.65476190476191
Nero,0,-0.010939583196627287,-0.010939583196627287,96.55952380952382
Nero,0,-0.06229554736265326,-0.06229554736265326,96.60714285714286
Nero,0,-0.03661336773517258,-0.03661336773517258,96.55952380952382
Nero,0,-0.027212949142865497,-0.027212949142865497,96.88095238095238
Nero,0,-0.015815007818457728,-0.015815007818457728,96.73809523809524
Nero,0,0.020581526818706643,0.020581526818706643,96.4404761904762
Nero,0,0.05212566847213388,0.05212566847213388,96.64285714285714
Nero,0,-0.006426733147201713,-0.006426733147201713,96.39285714285714
Nero,0,0.0683231735274843,0.0683231735274843,96.38095238095238
Nero,0,-0.03325973367433068,-0.03325973367433068,96.76190476190476
Nero,0,0.017575503504650987,0.017575503504650987,96.51190476190476
Nero,0,0.045173509082590435,0.045173509082590435,96.33333333333334
Nero,0,0.0047006148880437285,0.0047006148880437285,96.3809523809524
Nero,0,-0.03717496246769042,-0.03717496246769042,96.64285714285714
Nero,0,-0.04608626881292097,-0.04608626881292097,96.01190476190476
Nero,0,-0.022886291283366958,-0.022886291283366958,96.30952380952381
Nero,0,0.011009756173502472,0.011009756173502472,96.38095238095238
Nero,0,-0.050480909176936796,-0.050480909176936796,96.59523809523809
Nero,0,-0.010458778743585653,-0.010458778743585653,96.28571428571429
Nero,0,-0.007961250495723887,-0.007961250495723887,95.91666666666667
Nero,0,0.027042279234290385,0.027042279234290385,96.50000000000001
Nero,0,0.010732956125317045,0.010732956125317045,95.86904761904762
Nero,0,0.01776863545199607,0.01776863545199607,95.82142857142857
Nero,0,-0.03269143047091697,-0.03269143047091697,95.96428571428571
Nero,0,-0.006480681684638473,-0.006480681684638473,95.86904761904762
Nero,0,0.03919877350306648,0.03919877350306648,96.65476190476191
Nero,0,0.07467155726103804,0.07467155726103804,96.60714285714286
Nero,0,-0.06295327660520601,-0.06295327660520601,95.86904761904762
Nero,0,0.07569618873695313,0.07569618873695313,96.55952380952382
Nero,0,0.06729377118911523,0.06729377118911523,95.77380952380953
Nero,0,0.039065570035021376,0.039065570035021376,96.65476190476191
Nero,0,0.013222781516465177,0.013222781516465177,96.46428571428571
Nero,0,-0.01569614072682139,-0.01569614072682139,96.55952380952382
Nero,0,0.07290103417684794,0.07290103417684794,96.51190476190476
Nero,0,0.09801291582249824,0.09801291582249824,96.46428571428571
Nero,0,0.09008174349330626,0.09008174349330626,97.32142857142857
Nero,0,0.0657551882367185,0.0657551882367185,97.08333333333333
Nero,0,0.0178690205329478,0.0178690205329478,97.03571428571429
Nero,0,-0.060415931614108576,-0.060415931614108576,96.89285714285714
Nero,0,-0.00022270665600416145,-0.00022270665600416145,95.69047619047619
Nero,0,0.032823746753816795,0.032823746753816795,95.64285714285714
Nero,0,-0.06441807318747772,-0.06441807318747772,95.5952380952381
Nero,0,0.019756103009100412,0.019756103009100412,97.22619047619048
Nero,0,0.021493184741111504,0.021493184741111504,95.54761904761907
Nero,0,0.03480213619814342,0.03480213619814342,97.03571428571429
Nero,0,-0.059205898337859456,-0.059205898337859456,95.08333333333334
Nero,0,-0.03308512860195175,-0.03308512860195175,96.98809523809524
Nero,0,-0.021821762357161063,-0.021821762357161063,96.79761904761904
Nero,0,-0.05849009538864321,-0.05849009538864321,96.33333333333334
Nero,0,0.0869683938565067,0.0869683938565067,96.38095238095238
Nero,0,-0.024795536422107595,-0.024795536422107595,96.33333333333334
Nero,0,0.016448481473010104,0.016448481473010104,96.23809523809524
Nero,0,-0.012928627273696201,-0.012928627273696201,95.69047619047619
Nero,0,0.07917364394010612,0.07917364394010612,95.5952380952381
Nero,0,0.06601804935409196,0.06601804935409196,95.41666666666666
Nero,0,0.03166763114124576,0.03166763114124576,95.5952380952381
Nero,0,-0.11017549403233254,-0.11017549403233254,95.54761904761907
Nero,0,0.0026014487129943256,0.0026014487129943256,96.38095238095238
Nero,0,0.03418430953882672,0.03418430953882672,96.28571428571429
Nero,0,0.05019807879210848,0.05019807879210848,96.23809523809524
Nero,0,-0.030895352235380043,-0.030895352235380043,96.28571428571429
Nero,0,0.09110056816641617,0.09110056816641617,95.30952380952381
Nero,0,-0.06602154850066468,-0.06602154850066468,96.47619047619047
Nero,0,-0.03307640109076095,-0.03307640109076095,96.60714285714286
Nero,0,0.04675249940570111,0.04675249940570111,96.5952380952381
Nero,0,0.002452730691265583,0.002452730691265583,96.69047619047619
Nero,0,0.10011962918226276,0.10011962918226276,96.32142857142857
Nero,0,0.00942595962562328,0.00942595962562328,95.77380952380953
Nero,0,-0.031659704509611336,-0.031659704509611336,96.5
Nero,0,-0.018878175261640415,-0.018878175261640415,95.72619047619048
Nero,0,-0.05455730588095978,-0.05455730588095978,96.45238095238096
Nero,0,-0.0638840083193304,-0.0638840083193304,95.86904761904762
Nero,0,0.031520574538411596,0.031520574538411596,95.77380952380953
Nero,0,0.02905829062064029,0.02905829062064029,96.59523809523809
Nero,0,0.06472794097205585,0.06472794097205585,95.16666666666667
Nero,0,-0.03773028956299656,-0.03773028956299656,95.72619047619048
Nero,0,0.08445537262218367,0.08445537262218367,95.67857142857143
Nero,0,-0.014369385390433316,-0.014369385390433316,95.77380952380952
Nero,0,0.07872041394222934,0.07872041394222934,95.82142857142857
Nero,0,-0.02163929235912984,-0.02163929235912984,94.97619047619048
Nero,0,-0.036774164617113754,-0.036774164617113754,95.5
Nero,0,0.012489268577933343,0.012489268577933343,94.98809523809523
Nero,0,0.05157265424347362,0.05157265424347362,95.22619047619048
Nero,0,0.008050478835767233,0.008050478835767233,95.54761904761907
Nero,0,-0.029276441206166834,-0.029276441206166834,95.54761904761907
Nero,0,-0.06706098570383345,-0.06706098570383345,95.45238095238095
Nero,0,-0.0700760107458714,-0.0700760107458714,95.5952380952381
Nero,0,0.025134142493743284,0.025134142493743284,95.5
Nero,0,0.04948565166429025,0.04948565166429025,95.5
Nero,0,-0.008214729631264536,-0.008214729631264536,95.5952380952381
Nero,0,-0.053718242911421736,-0.053718242911421736,95.14285714285715
Nero,0,0.04365210763108533,0.04365210763108533,95.0952380952381
Nero,0,-0.06401969723572866,-0.06401969723572866,95.13095238095237
Nero,0,-0.03565340475296361,-0.03565340475296361,94.95238095238095
Nero,0,0.031050892677004928,0.031050892677004928,94.96428571428572
Nero,0,-0.1125070586787296,-0.1125070586787296,95.0595238095238
Nero,0,0.019318479878315295,0.019318479878315295,94.80952380952381
Nero,0,-0.02908204182047516,-0.02908204182047516,87.82956878850104
Nero,0,0.005463984873890694,0.005463984873890694,87.7369269753513
Nero,0,-0.003785076311041156,-0.003785076311041156,86.997376226329
Nero,0,0.010105719752197994,0.010105719752197994,86.8030407740152
Nero,0,0.03470859683535041,0.03470859683535041,86.51631302760666
Nero,0,-0.037918487544920464,-0.037918487544920464,86.41499654457499
Nero,0,0.07104910111559581,0.07104910111559581,93.72619047619048
Nero,0,0.03630468944738825,0.03630468944738825,95.32142857142857
Nero,0,0.04218663311516341,0.04218663311516341,95.26190476190477
Nero,0,0.05824319905555141,0.05824319905555141,95.35714285714286
Nero,0,0.03937941108529347,0.03937941108529347,85.75108373260323
Nero,0,0.04220393402892961,0.04220393402892961,95.53571428571428
Nero,0,0.0037796805371442563,0.0037796805371442563,85.64397604238656
Nero,0,-0.07133869254948662,-0.07133869254948662,86.22883869495779
Nero,0,-0.006752255001850696,-0.006752255001850696,86.12531674729324
Nero,0,-0.038475732008835285,-0.038475732008835285,85.63483915126626
Nero,0,-0.07113708842577068,-0.07113708842577068,85.52683713430085
Nero,0,0.01292263954564938,0.01292263954564938,85.48003650467716
Nero,0,-0.02842747270738213,-0.02842747270738213,83.92391056354096
Nero,0,-0.05149022190057319,-0.05149022190057319,85.37491361437458
Nero,0,-0.05215005400357828,-0.05215005400357828,83.80246486984566
Nero,0,0.013420853985445734,0.013420853985445734,89.68252338580879
Nero,0,0.017933597458517223,0.017933597458517223,89.64789219073946
Nero,0,0.06612287348834166,0.06612287348834166,86.46657540497377
Nero,0,-0.0006957334262046867,-0.0006957334262046867,95.22619047619048
Nero,0,0.05209198796064111,0.05209198796064111,95.28571428571428
Nero,0,0.07011324133862612,0.07011324133862612,86.36466252015664
Nero,0,0.05750828180748461,0.05750828180748461,84.79443303673283
Nero,0,-0.11826519531384871,-0.11826519531384871,83.37862194843714
Nero,0,0.061434185960171056,0.061434185960171056,84.68417415342087
Nero,0,0.016981000412432133,0.016981000412432133,83.2343929970053
Nero,0,0.021188567642667366,0.021188567642667366,82.9786675792836
Nero,0,0.018561370886812943,0.018561370886812943,85.92345425507644
Nero,0,0.019137858013538046,0.019137858013538046,82.85061045841972
Nero,0,0.015970711012619047,0.015970711012619047,85.81755355908776
Nero,0,-0.017945665426931025,-0.017945665426931025,85.538443988136
Nero,0,-0.09508176491879973,-0.09508176491879973,95.32142857142858
Nero,0,-0.0054457363953711625,-0.0054457363953711625,95.20238095238095
Nero,0,-0.04018659242603383,-0.04018659242603383,85.43354065883437
Nero,0,0.05400817062689426,0.05400817062689426,95.35714285714286
Nero,0,-0.014438325299768877,-0.014438325299768877,82.65195071868582
Nero,0,0.004173767805350493,0.004173767805350493,82.5211932734393
Nero,0,-0.04248029778050716,-0.04248029778050716,83.06878850102667
Nero,0,-0.025531123394906336,-0.025531123394906336,84.9540269221994
Nero,0,-0.0005766530843293389,-0.0005766530843293389,82.94114259387237
Nero,0,-0.07426875921317726,-0.07426875921317726,84.84496659755816
Nero,0,0.015034255714730292,0.015034255714730292,95.5952380952381
Nero,0,-0.005303612672387547,-0.005303612672387547,85.51277663700661
Nero,0,-0.05928599025026169,-0.05928599025026169,82.75906913073237
Nero,0,-0.11991164326988857,-0.11991164326988857,85.40808569454043
Nero,0,0.025652606694015253,0.025652606694015253,82.63381245722108
Nero,0,-0.014879201947166519,-0.014879201947166519,82.62934807648008
Nero,0,-0.026500420660907922,-0.026500420660907922,82.50794747753973
Nero,0,-0.011807731492647102,-0.011807731492647102,85.17065936573124
Nero,0,0.0908237970440572,0.0908237970440572,85.11875427789187
Nero,0,-0.00249004845298216,-0.00249004845298216,82.50650239561944
Nero,0,0.004330963149427106,0.004330963149427106,85.0635798203179
Nero,0,-0.07435364348376991,-0.07435364348376991,85.01531905090994
Nero,0,0.082366953317805,0.082366953317805,82.37963602856485
Nero,0,0.04587439917221472,0.04587439917221472,84.69176363221538
Nero,0,0.053346743350258956,0.053346743350258956,84.58546417876065
Nero,0,0.00238363656058398,0.00238363656058398,84.28325347935204
Nero,0,0.045832739441229786,0.045832739441229786,84.17012209168394
Nero,0,0.018547341754720514,0.018547341754720514,84.01733972165184
Nero,0,0.030659453892950314,0.030659453892950314,84.03000228154231
Nero,0,-0.007609647920414516,-0.007609647920414516,83.90681870536743
Nero,0,-0.07369439740209796,-0.07369439740209796,83.8926534337212
Nero,0,0.051442717390159154,0.051442717390159154,83.91453582123935
Nero,0,-0.09674798183048536,-0.09674798183048536,83.2715035363906
Nero,0,-0.011996833562901803,-0.011996833562901803,95.64285714285714
Nero,0,-0.010226124419983043,-0.010226124419983043,83.78104123473854
Nero,0,-0.05214300704922523,-0.05214300704922523,83.14535821239346
Nero,0,0.03065615681682899,0.03065615681682899,84.15765457449235
Nero,0,-0.010016485070478419,-0.010016485070478419,84.072333563695
Nero,0,-0.02184341627986408,-0.02184341627986408,83.97148072096738
Nero,0,0.025992086548882062,0.025992086548882062,82.87497148072096
Nero,0,-0.02382895202792069,-0.02382895202792069,84.00285192790327
Nero,0,0.06944899874191543,0.06944899874191543,85.50536162445813
Nero,0,0.017572753809365693,0.017572753809365693,82.75051831375258
Nero,0,-0.023716649341721963,-0.023716649341721963,83.86109191430546
Nero,0,-0.09721324879927722,-0.09721324879927722,83.81610768879764
Nero,0,-0.06538765984505739,-0.06538765984505739,83.87629578438148
Nero,0,0.05434153923841817,0.05434153923841817,82.78473648186174
Nero,0,-0.0025302031555671203,-0.0025302031555671203,83.6870536742686
Nero,0,-0.014156253283976737,-0.014156253283976737,85.37226445519465
Nero,0,0.08216258071213485,0.08216258071213485,82.65503340244183
Nero,0,-0.06413246220369492,-0.06413246220369492,82.64419347478896
Nero,0,-0.02928288999206797,-0.02928288999206797,82.53376682637463
Nero,0,-0.023629383837924206,-0.023629383837924206,82.45277207392196
Nero,0,0.02931686407656502,0.02931686407656502,82.4078553328726
Nero,0,-0.03317675991520235,-0.03317675991520235,82.32538585579358
Nero,0,-0.03067089243070141,-0.03067089243070141,82.52372725178529
Nero,0,-0.08025746984425569,-0.08025746984425569,82.4719370294319
Nero,0,0.03646747020089283,0.03646747020089283,84.16347250741501
Nero,0,0.0403069679257511,0.0403069679257511,83.99863107460644
Nero,0,-0.0238188373700581,-0.0238188373700581,82.3454273208938
Nero,0,0.008166997277064932,0.008166997277064932,95.98809523809524
Nero,0,-0.06463230613796708,-0.06463230613796708,84.03045859000684
Nero,0,-0.023590657737045106,-0.023590657737045106,82.29979466119097
Nero,0,0.06889754763612606,0.06889754763612606,82.74811772758385
Nero,0,0.006786536703356719,0.006786536703356719,84.05436535360515
Nero,0,0.11551817433979442,0.11551817433979442,83.90531599361168
Nero,0,-0.03935963710785789,-0.03935963710785789,82.69427332877025
Nero,0,0.02901422083621538,0.02901422083621538,95.20238095238093
Nero,0,-0.009775291391655118,-0.009775291391655118,82.62263289984028
Nero,0,0.028290892341404656,0.028290892341404656,83.88792904860631
Nero,0,-0.000360567982937825,-0.000360567982937825,82.6233586731168
Nero,0,-0.028059905520457958,-0.028059905520457958,82.17668739921677
Nero,0,-0.043380838216085134,-0.043380838216085134,83.92017968210091
Nero,0,0.15330183695244484,0.15330183695244484,88.84006388318504
Nero,0,-0.0038672529862108017,-0.0038672529862108017,82.50184289334254
Nero,0,-0.10083303451166226,-0.10083303451166226,82.55122062514259
Nero,0,-0.03243003039516673,-0.03243003039516673,82.57417645703755
Nero,0,0.033901986356199856,0.033901986356199856,83.81628656991477
Nero,0,-0.02500042165923741,-0.02500042165923741,84.13712069358887
Nero,0,0.06802231012426288,0.06802231012426288,84.1331279945243
Nero,0,0.050119913642197894,0.050119913642197894,82.5535021674652
Nero,0,-0.00761693179121179,-0.00761693179121179,82.53274013232945
Nero,0,-0.023610797138802167,-0.023610797138802167,82.49383983572895
Nero,0,-0.050240050351384825,-0.050240050351384825,88.7968210089841
Nero,0,-0.034998327115666236,-0.034998327115666236,82.42962451048146
Nero,0,-0.07365715373328126,-0.07365715373328126,81.5722108145106
Nero,0,0.06021981457665422,0.06021981457665422,84.0108373260324
Nero,0,0.0795350393563031,0.0795350393563031,82.42732089380327
Nero,0,-0.06280690348638665,-0.06280690348638665,84.02844966597559
Nero,0,-0.059084148784323165,-0.059084148784323165,82.41211702372725
Nero,0,-0.08842559285434586,-0.08842559285434586,82.37237963602857
Nero,0,-0.0481927115366087,-0.0481927115366087,83.97339322736697
Nero,0,-0.15531684006416457,-0.15531684006416457,81.47661829071642
Nero,0,-0.057113947831595985,-0.057113947831595985,82.38124572210815
Nero,0,0.0648457699900262,0.0648457699900262,83.83629933835273
Nero,0,-0.01728362647322325,-0.01728362647322325,83.90140520617368
Nero,0,0.042729211742670414,0.042729211742670414,82.25835061045842
Nero,0,-0.024448453192102246,-0.024448453192102246,83.74602626123013
Nero,0,0.08803336484965615,0.08803336484965615,95.46428571428571
Nero,0,0.009960899150692851,0.009960899150692851,81.26454483230664
Nero,0,-0.019100114607174028,-0.019100114607174028,81.18509560009215
Nero,0,0.12762120126855406,0.12762120126855406,82.71629021218342
Nero,0,-0.01622359281427196,-0.01622359281427196,82.58886607346567
Nero,0,-0.061061167486306814,-0.061061167486306814,82.59640635798202
Nero,0,0.010095500098005496,0.010095500098005496,82.49007529089664
Nero,0,-0.0019417519279039865,-0.0019417519279039865,82.46786454733933
Nero,0,0.053316227658312856,0.053316227658312856,82.47615788272873
Nero,0,-0.04608169622489056,-0.04608169622489056,82.3690393918452
Nero,0,0.04023584657397489,0.04023584657397489,82.72051106548027
Nero,0,0.042637423528714566,0.042637423528714566,82.35452660677264
Nero,0,-0.03338436459675353,-0.03338436459675353,82.715035363906
Nero,0,0.008162200286133884,0.008162200286133884,82.71891398585444
Nero,0,-0.04153759784271688,-0.04153759784271688,82.60170467634185
Nero,0,0.11729040369203339,0.11729040369203339,82.59560009214468
Nero,0,-0.03520697811400835,-0.03520697811400835,82.59951624049758
Nero,0,-0.022653722183435712,-0.022653722183435712,82.63118868355008
Nero,0,-0.05329190109816874,-0.05329190109816874,86.48471366643851
Nero,0,-0.01730606375865867,-0.01730606375865867,82.51094217922137
Nero,0,-0.00029380133484521124,-0.00029380133484521124,86.42662980879982
Nero,0,0.03838945676723433,0.03838945676723433,84.03536390600046
Nero,0,-0.030524332303284968,-0.030524332303284968,83.93711126468556
Nero,0,-0.009288697933579285,-0.009288697933579285,84.37862194843714
Nero,0,-0.0708244683207021,-0.0708244683207021,83.63746292493725
Nero,0,-0.04137011133830776,-0.04137011133830776,84.28495738309145
Nero,0,0.13779037791379756,0.13779037791379756,83.54312114989733
Nero,0,0.05206215958473979,0.05206215958473979,83.44102741303847
Nero,0,-0.03907120208386575,-0.03907120208386575,84.03981291352956
Nero,0,-0.06686986207641457,-0.06686986207641457,83.53524533517623
Nero,0,-0.04877914152998291,-0.04877914152998291,83.90075290896645
Nero,0,-0.0010845429756867555,-0.0010845429756867555,79.61316449920146
Nero,0,0.0017363894179595165,0.0017363894179595165,83.15514487793749
Nero,0,-0.037218030046542804,-0.037218030046542804,79.48237733241189
Nero,0,-0.06432872333688221,-0.06432872333688221,83.80258005067958
Nero,0,0.07111892526242232,0.07111892526242232,83.94217922137757
Nero,0,0.022584272564754797,0.022584272564754797,79.29078256901666
Nero,0,-0.018728400978396766,-0.018728400978396766,88.20339949806069
Nero,0,-0.01103306039080433,-0.01103306039080433,83.69438740588637
Nero,0,-0.026476522956283458,-0.026476522956283458,88.15745219995392
Nero,0,-0.14680227230085563,-0.14680227230085563,79.15388159410274
Nero,0,0.0057830913546312954,0.0057830913546312954,83.04906703524534
Nero,0,-0.0535272204847883,-0.0535272204847883,83.59410274130384
Nero,0,-0.05013421495164098,-0.05013421495164098,81.04312114989733
Nero,0,-0.03201312026951869,-0.03201312026951869,80.93826307302466
Nero,0,0.036615085735564865,0.036615085735564865,81.49931553730323
Nero,0,-0.05852654042038416,-0.05852654042038416,81.38193964524302
Nero,0,-0.0717140729837061,-0.0717140729837061,81.8799908738307
Nero,0,0.03199260375861892,0.03199260375861892,81.77937485740361
Nero,0,0.037718445231977545,0.037718445231977545,81.7667588113338
Nero,0,-0.047946685389711106,-0.047946685389711106,85.02304357745835
Nero,0,0.028119883864647963,0.028119883864647963,84.60152863335615
Nero,0,-0.014581621520737607,-0.014581621520737607,80.96486424823179
Nero,0,0.015064608827678006,0.015064608827678006,84.6009582477755
Nero,0,-0.06304801400327671,-0.06304801400327671,84.93791753052291
Nero,0,0.04164472246804177,0.04164472246804177,84.26933607118411
Nero,0,0.0601629477058249,0.0601629477058249,84.51232434922828
Nero,0,0.03185366178130917,0.03185366178130917,80.84622404745609
Nero,0,0.02791699808475717,0.02791699808475717,81.66516931582585
Nero,0,-0.1886137578061367,-0.1886137578061367,80.84369960838515
Nero,0,0.013031487453346991,0.013031487453346991,81.43429158110882
Nero,0,-0.001272265834627177,-0.001272265834627177,84.31713438284281
Nero,0,-0.007352275342316656,-0.007352275342316656,84.67259867670546
Nero,0,-0.031528899498551,-0.031528899498551,80.72368117945175
Nero,0,0.002768248745677695,0.002768248745677695,80.1432808578599
Nero,0,0.020605870256416685,0.020605870256416685,80.69290440337669
Nero,0,-0.01318940802703125,-0.01318940802703125,84.17772402672195
Nero,0,-0.023166206985493543,-0.023166206985493543,81.31720801658604
Nero,0,0.06148769054696356,0.06148769054696356,80.139858544376
Nero,0,-0.05526835536345627,-0.05526835536345627,81.25758612822267
Nero,0,0.05150775989119384,0.05150775989119384,84.51290025339785
Nero,0,0.008840623186526234,0.008840623186526234,84.33150809947524
Nero,0,-0.04021528226412137,-0.04021528226412137,80.03351762266759
Nero,0,-0.014499094803465694,-0.014499094803465694,80.56830223450818
Nero,0,-0.045999680140609844,-0.045999680140609844,84.22126238193964
Nero,0,0.03375322592047197,0.03375322592047197,83.86915354779832
Nero,0,0.017395088098523578,0.017395088098523578,84.58177839207556
Nero,0,-0.027839808757659065,-0.027839808757659065,84.86995208761124
Nero,0,-0.05511091495271116,-0.05511091495271116,79.88977194194887
Nero,0,0.015085804675053528,0.015085804675053528,81.13890808569454
Nero,0,0.04786928034209659,0.04786928034209659,84.2369269753513
Nero,0,-0.0056918174690940735,-0.0056918174690940735,83.77009905551716
Nero,0,0.02091762504446116,0.02091762504446116,84.80085233817093
Nero,0,-0.01880135752748714,-0.01880135752748714,82.53445128907143
Nero,0,0.0033784603004713616,0.0033784603004713616,82.43054595715273
Nero,0,-0.014564145569684425,-0.014564145569684425,82.04757015742642
Nero,0,0.014702107148749012,0.014702107148749012,82.24001825233859
Nero,0,-0.07548862565178635,-0.07548862565178635,81.93918451969593
Nero,0,0.03220952615948446,0.03220952615948446,78.61202372804014
Nero,0,-0.01149662408016574,-0.01149662408016574,81.74412502851928
Nero,0,0.01793040338246926,0.01793040338246926,82.13418567150426
Nero,0,-0.017015506373310448,-0.017015506373310448,81.62957843814789
Nero,0,0.016018059468705177,0.016018059468705177,78.47051370651923
Nero,0,-0.05362814020644607,-0.05362814020644607,82.07540497376226
Nero,0,0.05945772062442311,0.05945772062442311,90.09628108601416
Nero,0,-0.0851772293818649,-0.0851772293818649,81.85112936344969
Nero,0,-0.051961940738959315,-0.051961940738959315,81.639858544376
Nero,0,0.011783303476981713,0.011783303476981713,81.96360285648467
Nero,0,0.07314211425922885,0.07314211425922885,90.05908776779545
Nero,0,0.01390631509040154,0.01390631509040154,81.48448551220625
Nero,0,-0.012395422763954307,-0.012395422763954307,81.5238424326192
Nero,0,-0.07125450716216322,-0.07125450716216322,81.73761806035475
Nero,0,-0.009563833221506612,-0.009563833221506612,81.36754204100438
Nero,0,-0.0009938505521046878,-0.0009938505521046878,88.30755190508785
Nero,0,0.08452843226696986,0.08452843226696986,88.2568532596176
Nero,0,0.031106261080289105,0.031106261080289105,75.95665069587041
Nero,0,-0.07645464374642233,-0.07645464374642233,75.80891499654457
Nero,0,0.10133895476215965,0.10133895476215965,95.92857142857143
Nero,0,-0.01975049377493966,-0.01975049377493966,91.59628108601414
Nero,0,-0.04397298573521584,-0.04397298573521584,91.56922368117945
Nero,0,0.07374113260434549,0.07374113260434549,88.76933607118411
Nero,0,-0.0024877880148484054,-0.0024877880148484054,88.72114720110574
Nero,0,-0.01837012996890494,-0.01837012996890494,83.08590006844628
Nero,0,0.010939299446761565,0.010939299446761565,83.77013461099703
Nero,0,0.04224443901878581,0.04224443901878581,83.69085464178761
Nero,0,0.04966681022248252,0.04966681022248252,83.00944482838055
Nero,0,-0.06876012000263702,-0.06876012000263702,82.3388090349076
Nero,0,0.09992407351358648,0.09992407351358648,82.24464409122322
Nero,0,0.04734307939978128,0.04734307939978128,90.35055897786903
Nero,0,-0.018960053100657563,-0.018960053100657563,90.31974199493204
Nero,0,-0.0409329925760708,-0.0409329925760708,82.22496007300936
Nero,0,-0.04845062153791032,-0.04845062153791032,82.12531674729325
Nero,0,0.006168921878809129,0.006168921878809129,87.92162902121834
Nero,0,-0.03240081470948135,-0.03240081470948135,87.87226445519465
Nero,0,-0.038243698264326026,-0.038243698264326026,82.47672826830937
Nero,0,0.04056272024708178,0.04056272024708178,82.37687168855102
Nero,0,0.018228367191316174,0.018228367191316174,81.3466803559206
Nero,0,-0.019728562921185563,-0.019728562921185563,81.23946095369729
Nero,0,0.03671237980926865,0.03671237980926865,83.76271959844856
Nero,0,0.06836893131528354,0.06836893131528354,83.6696613683483
Nero,0,-0.05472481563148229,-0.05472481563148229,96.70238095238095
Nero,0,-0.030164594207112386,-0.030164594207112386,81.78291124800366
Nero,0,0.047131092010993844,0.047131092010993844,81.6709283575213
Nero,0,0.03594702829075271,0.03594702829075271,88.54848277435548
Nero,0,0.011334942821899615,0.011334942821899615,88.4948168624741
Nero,0,0.05812105937792287,0.05812105937792287,94.60666210358202
Nero,0,-0.05441058645595487,-0.05441058645595487,94.59905551716193
Perplexity,1,-0.07395689168855521,0.9260431083114448,96.75582627118644
Perplexity,1,-0.04332536786384491,0.9566746321361551,96.62284069097889
Perplexity,1,0.0061272047768020045,1.006127204776802,96.78172588832487
Perplexity,1,-0.0398043387547552,0.9601956612452448,96.07685185185186
Perplexity,1,-0.02436090782123458,0.9756390921787654,96.65143120960296
Perplexity,1,-0.04875000595501507,0.9512499940449849,96.01273344651952
Perplexity,1,-0.03102145722974514,0.9689785427702549,96.12444246208742
Perplexity,1,-0.05023936094964972,0.9497606390503502,95.23744174003107
Perplexity,1,0.018373310287280648,1.0183733102872807,96.05865463494668
Perplexity,1,0.03974455339916096,1.039744553399161,95.24125184820107
Perplexity,1,-0.024022296975910563,0.9759777030240895,95.28194726166329
Perplexity,1,-0.01036328977353391,0.989636710226466,94.98161586840833
Perplexity,1,-0.029051628625595766,0.9709483713744043,95.28357487922705
Perplexity,1,0.02656256078180946,1.0265625607818094,94.99676674364896
Perplexity,1,0.004452801936960998,1.004452801936961,95.02822580645162
Perplexity,1,0.07970784501691071,1.0797078450169106,95.04102447869447
Perplexity,1,-0.054773601831876684,0.9452263981681233,96.96932515337424
Perplexity,1,0.018125124959552385,1.0181251249595524,96.8405972558515
Perplexity,1,0.022199569982333456,1.0221995699823334,95.49248120300753
Perplexity,1,-0.018022008549544905,0.9819779914504551,96.37235708692246
Perplexity,1,0.029176706369137176,1.0291767063691373,95.48472596585805
Perplexity,1,-0.07192613244952192,0.928073867550478,95.24359540636043
Perplexity,1,0.10594015153646606,1.105940151536466,96.98350253807106
Perplexity,1,-0.06710222266432207,0.9328977773356779,96.29636363636365
Perplexity,1,0.04599036302824941,1.0459903630282494,95.24661303979678
Perplexity,1,-0.056056133946961156,0.9439438660530388,95.5281235592439
Perplexity,1,0.05754415156158763,1.0575441515615875,96.8578125
Perplexity,1,-0.019238701330450116,0.9807612986695499,93.81864235055724
Perplexity,1,0.007921145358110565,1.0079211453581105,95.51896779885311
Perplexity,1,0.002667187785336731,1.0026671877853368,95.28156182212581
Perplexity,1,0.05503670475123976,1.0550367047512397,96.40364188163885
Perplexity,1,-0.016077372507146317,0.9839226274928536,95.2829796088223
Perplexity,1,-0.1483591854991972,0.8516408145008028,93.93271889400921
Perplexity,1,-0.03800293950322169,0.9619970604967784,96.32768361581921
Perplexity,1,0.009185616154447414,1.0091856161544475,93.51424755120213
Perplexity,1,-0.022023410243513095,0.9779765897564869,93.64250614250615
Perplexity,1,0.0384910425660399,1.0384910425660399,93.94017509727627
Perplexity,1,0.05076634979872344,1.0507663497987234,94.05550621669627
Perplexity,1,-0.007388590494990483,0.9926114095050095,95.37543082225504
Perplexity,1,-0.0744822697191256,0.9255177302808744,95.37271019257867
Perplexity,1,0.06920825550029484,1.0692082555002949,93.6331615120275
Perplexity,1,0.05415267500534089,1.054152675005341,95.1227503461006
Perplexity,1,-0.01495955671335119,0.9850404432866489,93.76386687797147
Perplexity,1,0.10541442056963762,1.1054144205696377,95.41505791505791
Perplexity,1,-0.01744377300463322,0.9825562269953668,95.13112582781457
Perplexity,1,-0.05685598602091877,0.9431440139790812,95.41059907834101
Perplexity,1,-0.007793671687550276,0.9922063283124497,95.1646286231884
Perplexity,1,0.05389168577528852,1.0538916857752885,95.17107545533392
Perplexity,1,-0.04687267212712579,0.9531273278728742,96.87883141762453
Perplexity,1,0.09756125388717243,1.0975612538871724,96.74693520140106
Perplexity,1,-0.04482631072860283,0.9551736892713971,96.24322033898305
Perplexity,1,0.04772111381906202,1.047721113819062,96.17136150234742
Perplexity,1,0.027223118710158853,1.0272231187101588,94.49113175675676
Perplexity,1,-0.0077028529791411775,0.9922971470208588,94.55421216848674
Perplexity,1,0.05402664893588786,1.0540266489358878,94.16742424242423
Perplexity,1,-0.07498993944340974,0.9250100605565903,96.89769585253455
Perplexity,1,0.06787858934665945,1.0678785893466594,94.24682651622003
Perplexity,1,-0.0031842014485120706,0.9968157985514879,96.76880811496196
Perplexity,1,-0.027121762493175675,0.9728782375068243,95.25510204081633
Perplexity,1,0.037458702402004065,1.037458702402004,96.2813267813268
Perplexity,1,0.05299495067996218,1.0529949506799623,96.20887035633055
Perplexity,1,0.03848977153118083,1.038489771531181,95.5945829750645
Perplexity,1,0.09997519105224933,1.0999751910522493,95.60682226211848
Perplexity,1,0.05403630380250492,1.054036303802505,95.36188663282572
Perplexity,1,0.06417533162102029,1.0641753316210203,95.36007311129163
Perplexity,1,-0.026993196858825744,0.9730068031411743,94.58775510204082
Perplexity,1,0.005326188853101478,1.0053261888531015,94.64172335600907
Perplexity,1,0.02814912911627614,1.028149129116276,93.06623931623932
Perplexity,1,-0.0008871118351646819,0.9991128881648353,94.26414401175607
Perplexity,1,0.01508176165866179,1.0150817616586618,94.33481836874572
Perplexity,1,0.021305238306728435,1.0213052383067285,95.63882767739092
Perplexity,1,0.042212195884076764,1.0422121958840767,95.6254752851711
Perplexity,1,-0.005080444538501197,0.9949195554614988,95.39312824610468
Perplexity,1,-0.017489960769594064,0.9825100392304059,95.3962577962578
Perplexity,1,-0.04141578251082753,0.9585842174891724,91.57720588235294
Perplexity,1,-0.04458661630711357,0.9554133836928864,96.41457627118643
Perplexity,1,0.05862256136731615,1.0586225613673161,96.49346405228758
Perplexity,1,-0.0042260744001226215,0.9957739255998774,96.93017176997759
Perplexity,1,0.039347219054527156,1.0393472190545272,97.0556003223207
Perplexity,1,-0.0648681923171376,0.9351318076828624,96.44063324538259
Perplexity,1,-0.09690840539195915,0.9030915946080409,93.86794766966476
Perplexity,1,-0.05245456154999817,0.9475454384500018,96.94347826086957
Perplexity,1,0.05733134837547526,1.0573313483754752,93.97539742619227
Perplexity,1,0.05340387199162298,1.053403871991623,96.51904090267983
Perplexity,1,0.016601930392604256,1.0166019303926042,94.18307267709292
Perplexity,1,-0.040108507507997986,0.959891492492002,94.27679324894515
Perplexity,1,-0.00654013207829272,0.9934598679217073,97.06591263650546
Perplexity,1,-0.014888023989946618,0.9851119760100534,93.7090909090909
Perplexity,1,-0.017248667304765833,0.9827513326952342,93.98180379746836
Perplexity,1,-0.1253034918657816,0.8746965081342184,94.07782672540381
Perplexity,1,-0.04289631929810985,0.9571036807018901,94.3805057096248
Perplexity,1,-0.009505443784111762,0.9904945562158882,94.29920212765957
Perplexity,1,0.07582138949060471,1.0758213894906048,92.85593220338984
Perplexity,1,0.008037152956587221,1.0080371529565872,94.49670619235837
Perplexity,1,0.07004441431314039,1.0700444143131405,95.94964028776978
Perplexity,1,-0.019685345437972304,0.9803146545620277,95.31786542923433
Perplexity,1,-0.012634429062390396,0.9873655709376096,94.44014084507042
Perplexity,1,-0.19497108650271697,0.805028913497283,94.80643994211289
Perplexity,1,0.02316651696035095,1.023166516960351,94.5724823604875
Perplexity,1,0.02735478306696669,1.0273547830669667,94.76752336448598
Perplexity,1,0.0881879534779687,1.0881879534779686,94.52258726899385
Perplexity,1,-0.024338060539641458,0.9756619394603585,94.8805340829234
Perplexity,1,0.004707707809852325,1.0047077078098523,94.84830188679246
Perplexity,1,-0.03527639773605417,0.9647236022639458,95.38138138138137
Perplexity,1,-0.05881285324601407,0.941187146753986,95.49682203389831
Perplexity,1,-0.035655398336847915,0.9643446016631521,97.11525423728813
Perplexity,1,-0.017249926204289372,0.9827500737957107,95.5975935828877
Perplexity,1,0.06777190143349068,1.0677719014334908,97.14732142857143
Perplexity,1,0.00011058012866890534,1.000110580128669,98.00761421319797
Perplexity,1,-0.03952724048339379,0.9604727595166063,97.88655462184875
Perplexity,1,0.007093891412086652,1.0070938914120866,88.10911016949152
Perplexity,1,0.010878567778001719,1.0108785677780017,88.04925847457628
Perplexity,1,-0.03381160279874804,0.9661883972012519,88.2263959390863
Perplexity,1,0.057161681331479725,1.0571616813314797,88.14010152284264
Perplexity,1,-0.0944174445488325,0.9055825554511675,87.5172744721689
Perplexity,1,-0.010677231404149327,0.9893227685958507,87.42130518234165
Perplexity,1,0.033253303281462275,1.0332533032814624,97.3780487804878
Perplexity,1,-0.06692162597384274,0.9330783740261572,95.83050847457628
Perplexity,1,0.01806268743216884,1.0180626874321688,95.94143356643356
Perplexity,1,0.06464465250969026,1.0646446525096902,94.86399999999999
Perplexity,1,0.02268356321284841,1.0226835632128484,87.567405355494
Perplexity,1,-0.08450799714884633,0.9154920028511537,94.55538922155688
Perplexity,1,-0.03640975137176244,0.9635902486282376,87.54385964912281
Perplexity,1,0.06161517012521316,1.0616151701252132,85.65601851851852
Perplexity,1,0.01491676225326471,1.0149167622532647,85.57592592592592
Perplexity,1,-0.0004929469244987684,0.9995070530755013,85.87466547725245
Perplexity,1,0.022060029735774506,1.0220600297357745,85.82560214094559
Perplexity,1,0.03605244750029381,1.036052447500294,85.31027164685909
Perplexity,1,-0.03542326182989966,0.9645767381701004,89.2304995617879
Perplexity,1,-0.01452000400364777,0.9854799959963523,85.20161290322581
Perplexity,1,0.007145682483340979,1.007145682483341,89.19368974583699
Perplexity,1,-0.027197886089366283,0.9728021139106338,81.70408163265306
Perplexity,1,-0.006672577926862728,0.9933274220731373,81.5561224489796
Perplexity,1,0.06489358805909966,1.0648935880590997,88.6949233716475
Perplexity,1,-0.04839099323460279,0.9516090067653972,96.084388185654
Perplexity,1,0.09633313545675704,1.096333135456757,95.96189376443418
Perplexity,1,0.09396721886909931,1.0939672188690994,88.63601532567048
Perplexity,1,-0.08567197189821553,0.9143280281017845,85.4729286300246
Perplexity,1,-0.007051133255651123,0.9929488667443489,89.28384094754654
Perplexity,1,0.017134578482283967,1.017134578482284,85.38679245283018
Perplexity,1,-0.03804355437532145,0.9619564456246785,89.24830795262268
Perplexity,1,-0.037054025184236436,0.9629459748157636,88.58716707021792
Perplexity,1,-0.011870784836727315,0.9881292151632727,88.8520737327189
Perplexity,1,0.03695890435557752,1.0369589043555776,88.56053268765135
Perplexity,1,-0.02556669194735472,0.9744333080526453,88.72718894009216
Perplexity,1,0.09133469058100584,1.0913346905810057,88.09194395796848
Perplexity,1,0.014498700116926604,1.0144987001169266,94.7274368231047
Perplexity,1,-0.005128764204166188,0.9948712357958338,97.35206422018348
Perplexity,1,0.07246298425657291,1.072462984256573,88.01313485113835
Perplexity,1,0.03131405975301762,1.0313140597530177,97.3493670886076
Perplexity,1,0.018464338784378694,1.0184643387843786,88.68242187499999
Perplexity,1,-0.01655701913847625,0.9834429808615237,88.648046875
Perplexity,1,0.0906992806946375,1.0906992806946374,87.04189506656226
Perplexity,1,0.04059107948699934,1.0405910794869992,88.22569737954353
Perplexity,1,-0.010170566797235617,0.9898294332027644,86.9941268598277
Perplexity,1,-0.07885995753413519,0.9211400424658648,88.08579881656804
Perplexity,1,0.01864757708809609,1.018647577088096,94.26694915254237
Perplexity,1,-0.05718700460507951,0.9428129953949205,86.40296610169491
Perplexity,1,-0.08579729758791604,0.914202702412084,87.18019726858876
Perplexity,1,-0.013957575273388208,0.9860424247266117,86.32627118644066
Perplexity,1,0.014073555129531116,1.014073555129531,86.61563636363636
Perplexity,1,0.06412406168415823,1.0641240616841583,87.12746585735964
Perplexity,1,0.014122591264262444,1.0141225912642624,86.57236363636365
Perplexity,1,0.040300976358537535,1.0403009763585376,86.61588861588861
Perplexity,1,-0.061294135261157734,0.9387058647388422,86.00586854460094
Perplexity,1,-0.0011266088733778584,0.9988733911266221,86.74505649717514
Perplexity,1,0.006210565965225254,1.0062105659652252,86.49058149058148
Perplexity,1,0.043112309230995544,1.0431123092309955,85.93035993740217
Perplexity,1,0.005803033671550866,1.0058030336715509,86.68502824858757
Perplexity,1,0.04020394790599365,1.0402039479059937,86.19294920394238
Perplexity,1,-0.0252099623888567,0.9747900376111434,86.07960576194085
Perplexity,1,0.017897745310657836,1.017897745310658,81.27343345416882
Perplexity,1,0.020743320062721157,1.0207433200627212,81.1729673744174
Perplexity,1,-0.06248878622933255,0.9375112137706675,81.21291276490882
Perplexity,1,0.008776931428382134,1.008776931428382,81.46653144016227
Perplexity,1,-0.016018126347570338,0.9839818736524296,81.13356333169048
Perplexity,1,-0.09520439743080172,0.9047956025691983,81.44927536231883
Perplexity,1,0.04792033400706991,1.04792033400707,81.36764705882354
Perplexity,1,-0.018092934015215053,0.9819070659847849,89.58662369057211
Perplexity,1,-0.042619502906293044,0.957380497093707,96.82426778242679
Perplexity,1,-0.01886583718469073,0.9811341628153093,81.33381642512077
Perplexity,1,0.0069100151574160665,1.006910015157416,89.56607574536665
Perplexity,1,0.075395474217357,1.075395474217357,80.39816158684083
Perplexity,1,-0.00829666015031013,0.9917033398496898,80.32922109337204
Perplexity,1,0.02362037484792552,1.0236203748479256,80.43210161662819
Perplexity,1,0.0686789688448881,1.068678968844888,89.00224047796863
Perplexity,1,0.026677526563689637,1.0266775265636896,80.66364460562103
Perplexity,1,0.05342820787093958,1.0534282078709396,84.56834532374101
Perplexity,1,-0.02382549294754778,0.9761745070524522,88.94062733383122
Perplexity,1,0.03855246632369888,1.038552466323699,80.33163972286374
Perplexity,1,-0.0028988000034846292,0.9971011999965154,80.62452561669829
Perplexity,1,0.053720561874458984,1.053720561874459,80.55689029918405
Perplexity,1,-0.05017797859960702,0.949822021400393,89.64430577223088
Perplexity,1,-0.03897788766213724,0.9610221123378627,80.60199240986718
Perplexity,1,0.06343657863526912,1.063436578635269,84.41007194244604
Perplexity,1,-0.009804198628468463,0.9901958013715315,89.59984399375975
Perplexity,1,-0.017948032335223477,0.9820519676647765,82.44137466307278
Perplexity,1,0.0038786209675119605,1.003878620967512,82.5234962406015
Perplexity,1,-0.03447487286764306,0.9655251271323569,89.07391304347826
Perplexity,1,0.06659706842652802,1.066597068426528,82.43021616541353
Perplexity,1,-0.06245813258379525,0.9375418674162047,89.01557971014493
Perplexity,1,-0.007529899918020247,0.9924701000819798,82.29919137466308
Perplexity,1,0.017347639285118118,1.0173476392851182,82.68579990779162
Perplexity,1,-0.00522235345332811,0.9947776465466719,81.87952090183185
Perplexity,1,-0.04011437726839407,0.9598856227316059,81.92491383554898
Perplexity,1,-0.043419459837626045,0.9565805401623739,82.60119870908252
Perplexity,1,0.021269721291041186,1.021269721291041,96.70959595959596
Perplexity,1,-0.05152402250833506,0.9484759774916649,82.14840733590734
Perplexity,1,0.032312135285752025,1.032312135285752,82.58734009704455
Perplexity,1,-0.0762074181822646,0.9237925818177354,87.59949164851126
Perplexity,1,-0.027749154835834212,0.9722508451641658,81.75293565054017
Perplexity,1,0.001815301118487302,1.0018153011184874,82.09539170506912
Perplexity,1,-0.06260759717223079,0.9373924028277693,81.64775613886536
Perplexity,1,0.03260054317632961,1.0326005431763297,97.93195266272188
Perplexity,1,-0.0009269406654751256,0.9990730593345248,81.67977031802121
Perplexity,1,-0.051803684079477136,0.9481963159205229,81.8205317577548
Perplexity,1,-0.07594441148751978,0.9240555885124803,87.54684095860567
Perplexity,1,-0.07827946856863204,0.921720531431368,82.50154389060432
Perplexity,1,0.0025516972565164343,1.0025516972565165,81.99300193050192
Perplexity,1,-0.057841505353326716,0.9421584946466732,74.44230769230768
Perplexity,1,-0.0682439800366226,0.9317560199633774,81.62654593639576
Perplexity,1,-0.011561296774610532,0.9884387032253895,87.11457627118642
Perplexity,1,0.1138750262426517,1.1138750262426518,81.54741744284505
Perplexity,1,0.013877018061672861,1.013877018061673,81.95276497695852
Perplexity,1,0.03814594167503005,1.03814594167503,81.09668874172186
Perplexity,1,0.010635917313431918,1.0106359173134318,81.12390401476695
Perplexity,1,0.03914910830542931,1.0391491083054294,87.71297602256699
Perplexity,1,-0.06715443252324765,0.9328455674767524,81.79754473574697
Perplexity,1,-0.021525598509629245,0.9784744014903708,81.82516268980477
Perplexity,1,0.013067542280501946,1.013067542280502,74.27777777777777
Perplexity,1,-0.0008958408027486379,0.9991041591972514,87.05220338983051
Perplexity,1,-0.00959966100560457,0.9904003389943954,95.11167512690355
Perplexity,1,-0.03329380398714685,0.9667061960128531,81.26734605377277
Perplexity,1,-0.012919155135210164,0.9870808448647899,87.64280677009873
Perplexity,1,-0.038709891194566574,0.9612901088054334,80.9898454746137
Perplexity,1,-0.12109165074298905,0.8789083492570109,81.72888056595922
Perplexity,1,-0.05972542208527934,0.9402745779147207,81.76030368763557
Perplexity,1,0.02378264694372199,1.023782646943722,81.0514536225196
Perplexity,1,0.07785389778358139,1.0778538977835814,95.08883248730965
Perplexity,1,0.09067900856618435,1.0906790085661844,87.23218997361478
Perplexity,1,0.004837587184435411,1.0048375871844355,81.27626811594203
Perplexity,1,0.04466918117220672,1.0446691811722066,81.17150910667824
Perplexity,1,0.04539889553553619,1.0453988955355362,87.17018469656992
Perplexity,1,-0.03461295919340374,0.9653870408065962,81.24320652173915
Perplexity,1,-0.08489699152303021,0.9151030084769698,98.00841750841751
Perplexity,1,0.0015443659677406487,1.0015443659677405,90.39152542372881
Perplexity,1,-0.08811004986202692,0.9118899501379731,90.35593220338983
Perplexity,1,-0.015996480647741347,0.9840035193522586,82.91530524505589
Perplexity,1,0.03040585433946842,1.0304058543394685,83.03500897666069
Perplexity,1,-0.07100347440500013,0.9289965255949999,82.85576096302665
Perplexity,1,0.0016147691965818411,1.0016147691965818,83.09547950992817
Perplexity,1,0.062000905765453265,1.0620009057654534,82.94165170556553
Perplexity,1,0.018075623701048184,1.0180756237010482,83.17871308946671
Perplexity,1,0.026116085037483944,1.026116085037484,83.00971694127588
Perplexity,1,0.045337020690837254,1.0453370206908372,82.1328188464663
Perplexity,1,0.086648153606559,1.086648153606559,83.10665491405906
Perplexity,1,0.00757115408615934,1.0075711540861594,82.18887478849406
Perplexity,1,0.06147504307165624,1.0614750430716562,82.30623252097483
Perplexity,1,-0.003208460816871202,0.9967915391831288,82.10763606823721
Perplexity,1,-0.02730844077167421,0.9726915592283258,82.17703045685279
Perplexity,1,0.015741048480878244,1.0157410484808782,82.30603276068719
Perplexity,1,-0.030290642399583553,0.9697093576004164,82.35987525987525
Perplexity,1,-0.028656460788328276,0.9713435392116717,76.88545454545455
Perplexity,1,-0.03038703152211234,0.9696129684778877,82.32494802494801
Perplexity,1,-0.11477120977665833,0.8852287902233417,76.78545454545454
Perplexity,1,0.005274973883029832,1.0052749738830298,75.80046082949309
Perplexity,1,-0.06319176792977341,0.9368082320702266,75.43963133640553
Perplexity,1,-0.005363456033413871,0.9946365439665862,74.90704340704339
Perplexity,1,0.0724984390242414,1.0724984390242414,75.44731509625126
Perplexity,1,-0.026050016155364522,0.9739499838446355,74.85421785421784
Perplexity,1,-0.027100457922373863,0.9728995420776262,76.18028419182949
Perplexity,1,0.06819546922508979,1.0681954692250897,76.09058614564832
Perplexity,1,0.02731528827321494,1.0273152882732148,74.67097061442564
Perplexity,1,0.04882635486763215,1.0488263548676322,75.06433637284702
Perplexity,1,-0.01776456169934967,0.9822354383006503,75.27060221870049
Perplexity,1,0.037404160643546375,1.0374041606435465,90.45386904761905
Perplexity,1,-0.03430842945784012,0.9656915705421599,75.84873540856032
Perplexity,1,-0.03380008628109495,0.966199913718905,90.38839285714286
Perplexity,1,0.02981221391025332,1.0298122139102532,75.16045958795563
Perplexity,1,-0.029918658563636215,0.9700813414363638,74.31344612644702
Perplexity,1,0.03835592716219769,1.0383559271621976,94.39495798319328
Perplexity,1,0.11958422677146492,1.1195842267714649,69.88602941176471
Perplexity,1,-0.08430762684736429,0.9156923731526357,74.91838487972508
Perplexity,1,-0.03761021880606226,0.9623897811939377,69.81617647058825
Perplexity,1,0.05600730909213371,1.0560073090921338,94.31932773109244
Perplexity,1,-0.0072539084746611835,0.9927460915253388,75.46789883268484
Perplexity,1,0.05805449248962862,1.0580544924896287,74.8045532646048
Perplexity,1,-0.050503213656645375,0.9494967863433547,83.7262180974478
Perplexity,1,0.016567208890398526,1.0165672088903985,83.6879350348028
Perplexity,1,-0.007527815891142234,0.9924721841088577,78.30772230889235
Perplexity,1,0.007018536143667123,1.0070185361436672,78.20826833073325
Perplexity,1,0.01655580095276816,1.0165558009527682,77.43335684062059
Perplexity,1,-0.06100031813279782,0.9389996818672022,77.88005483207677
Perplexity,1,-0.05370687426796472,0.9462931257320353,77.28279266572638
Perplexity,1,0.06996220034477114,1.069962200344771,76.04314912944737
Perplexity,1,0.014660685579047778,1.0146606855790479,76.86877637130802
Perplexity,1,0.0053173166476313686,1.0053173166476315,78.68669690098261
Perplexity,1,-0.0022037361306776657,0.9977962638693223,76.66152716593244
Perplexity,1,0.017827124935305857,1.017827124935306,75.91483724451173
Perplexity,1,-0.057796836970272325,0.9422031630297276,77.47430668841761
Perplexity,1,-0.04995136659476998,0.95004863340523,76.76286919831223
Perplexity,1,0.06522541236032166,1.0652254123603218,78.08657094594594
Perplexity,1,0.0075637610923581615,1.0075637610923582,77.5267306374229
Perplexity,1,0.0425150436827017,1.0425150436827018,78.6095993953137
Perplexity,1,-0.030283200346063667,0.9697167996539363,77.2151515151515
Perplexity,1,0.06883626901796526,1.0688362690179654,76.663753449862
Perplexity,1,0.017263920265975948,1.017263920265976,75.78045789043335
Perplexity,1,0.024062290962504288,1.0240622909625043,77.95185810810811
Perplexity,1,0.027436466885789025,1.027436466885789,84.36864406779662
Perplexity,1,-0.039850461968606504,0.9601495380313935,78.59142857142858
Perplexity,1,-0.09328604317000302,0.906713956829997,77.23858075040782
Perplexity,1,-0.05374013335425512,0.9462598666457449,77.04772727272727
Perplexity,1,0.08152614286931807,1.0815261428693181,84.57807807807806
Perplexity,1,0.06503419851602432,1.0650341985160243,77.65944158706833
Perplexity,1,-0.017346068398898504,0.9826539316011015,76.3215859030837
Perplexity,1,-0.015083816351807253,0.9849161836481928,76.34493670886076
Perplexity,1,0.051830293861792644,1.0518302938617927,84.27648305084747
Perplexity,1,-0.008420493637679305,0.9915795063623207,78.49102040816327
Perplexity,1,-0.06496299350653893,0.9350370064934611,76.45768169273228
Perplexity,1,0.06327715462980806,1.063277154629808,77.22562056737588
Perplexity,1,0.023858928895696598,1.0238589288956965,75.57481602616517
Perplexity,1,-0.12581698575017755,0.8741830142498225,74.82203389830508
Perplexity,1,-0.015659505276493877,0.9843404947235062,84.5075075075075
Perplexity,1,0.00718351016421697,1.007183510164217,77.44636296840558
Perplexity,1,0.024062341352939415,1.0240623413529395,76.09493670886074
Perplexity,1,0.007607559465581758,1.0076075594655818,77.08510638297872
Perplexity,1,-0.03178708986218123,0.9682129101378187,74.70903954802259
Perplexity,1,-0.005787952201499358,0.9942120477985006,78.50032938076417
Perplexity,1,0.014740015897180018,1.01474001589718,78.39163372859026
Perplexity,1,-0.013400204280700836,0.9865997957192991,79.39905933429812
Perplexity,1,-0.018595035985310367,0.9814049640146897,78.89384220654266
Perplexity,1,0.06260419693324085,1.062604196933241,79.28581765557163
Perplexity,1,-0.047330384263462616,0.9526696157365374,85.29946524064171
Perplexity,1,-0.017473173555495606,0.9825268264445044,79.7290934645116
Perplexity,1,-0.10156345065245449,0.8984365493475455,78.59685695958945
Perplexity,1,0.02704849817257059,1.0270484981725705,79.65600843288826
Perplexity,1,0.04141322299234427,1.0414132229923443,85.22326203208556
Perplexity,1,0.027424341629829225,1.0274243416298292,78.36232394366196
Perplexity,1,0.04588362437306144,1.0458836243730614,80.32634730538922
Perplexity,1,0.02203533723817805,1.022035337238178,78.76762491444217
Perplexity,1,0.017125769547670613,1.0171257695476705,79.31464174454828
Perplexity,1,0.023697353349400672,1.0236973533494007,78.20809859154929
Perplexity,1,-0.013365421597663844,0.9866345784023361,80.10329341317366
Perplexity,1,0.059416393129820104,1.0594163931298202,79.71773584905661
Perplexity,1,-0.01742860325070784,0.9825713967492922,79.19704049844236
Perplexity,1,-0.07311759625775964,0.9268824037422404,78.57700205338809
Perplexity,1,0.04248918068092254,1.0424891806809224,79.58528301886793
Perplexity,1,0.0925351389975741,1.0925351389975742,81.51733333333333
Perplexity,1,-0.04800755596453156,0.9519924440354685,81.29466666666667
Perplexity,1,-0.00508155647964283,0.9949184435203572,91.79268292682926
Perplexity,1,-0.03427210053590136,0.9657278994640986,91.79268292682926
Perplexity,1,-0.019029162506375843,0.9809708374936241,97.84751773049645
Perplexity,1,0.0023046485889829014,1.0023046485889828,87.87121212121211
Perplexity,1,-0.062090422639058444,0.9379095773609416,87.82070707070709
Perplexity,1,-0.013882683563364365,0.9861173164366356,88.50627615062761
Perplexity,1,-0.07329836931911936,0.9267016306808806,88.35355648535565
Perplexity,1,-0.0284113818970739,0.9715886181029261,85.67608286252354
Perplexity,1,-0.059303482699324374,0.9406965173006756,91.34177215189872
Perplexity,1,-0.05295303497300722,0.9470469650269928,91.28987341772152
Perplexity,1,-0.08599553403290999,0.9140044659670901,85.56120527306967
Perplexity,1,0.060967729436631694,1.0609677294366318,85.99562937062937
Perplexity,1,0.025452954236977576,1.0254529542369775,85.95891608391611
Perplexity,1,-0.09587320217282472,0.9041267978271753,79.9449152542373
Perplexity,1,-0.02984137970239378,0.9701586202976062,79.90042372881358
Perplexity,1,-0.0335219299951537,0.9664780700048463,91.26146788990826
Perplexity,1,-0.03454720640842984,0.9654527935915702,91.19839449541286
Perplexity,1,-0.07234417562782419,0.9276558243721758,81.63537906137184
Perplexity,1,0.03771928606842276,1.0377192860684228,81.60649819494586
Perplexity,1,-0.019793189275399952,0.9802068107246,86.72055427251732
Perplexity,1,0.02340744547447568,1.0234074454744757,86.69168591224019
Perplexity,1,0.02633778825832136,1.0263377882583213,87.04746835443038
Perplexity,1,0.06877226558354435,1.0687722655835443,87.03270042194092
Perplexity,1,-0.09074361388715718,0.9092563861128429,94.71885521885521
Perplexity,1,0.08693010557124778,1.0869301055712477,94.71717171717172
Perplexity,1,0.06344076369456152,1.0634407636945615,98.03999999999999
Perplexity,1,0.028653299616775332,1.0286532996167754,94.24999999999999
Perplexity,1,0.11917961146170582,1.1191796114617059,94.22041420118343
Perplexity,1,0.010248929896361565,1.0102489298963615,93.40780141843972
Perplexity,1,0.04107394580351091,1.041073945803511,93.34751773049645
Perplexity,1,-0.03692069906339798,0.963079300936602,94.205
Perplexity,1,0.05671787039759141,1.0567178703975915,94.205
Percentage,2,0.008391298486120724,2.0083912984861207,97.61122881355931
Percentage,2,-0.02256000724280233,1.9774399927571977,97.41026871401151
Percentage,2,0.1058469599157938,2.1058469599157936,96.89898477157361
Percentage,2,-0.01523998322704159,1.9847600167729584,97.7212962962963
Percentage,2,0.0004430663804258814,2.000443066380426,96.77100646352723
Percentage,2,-0.009863997866306422,1.9901360021336936,97.53438030560272
Percentage,2,-0.03778354566182407,1.962216454338176,97.0914362176628
Percentage,2,0.026563620026521413,2.0265636200265216,98.02330398757121
Percentage,2,0.03692048018663655,2.0369204801866365,96.96226415094338
Percentage,2,0.017718626386936265,2.0177186263869364,97.90019714144898
Percentage,2,-0.11802891307224678,1.8819710869277533,97.6589756592292
Percentage,2,0.05039985017115426,2.0503998501711544,98.05370101596517
Percentage,2,-0.01751191749115469,1.9824880825088453,97.55603864734302
Percentage,2,-0.060816170594465306,1.9391838294055348,97.93695150115474
Percentage,2,0.030164047952548734,2.0301640479525487,97.71228652751422
Percentage,2,0.028142471018693146,2.0281424710186933,97.61332728921124
Percentage,2,-0.05215368511406683,1.947846314885933,95.34662576687114
Percentage,2,0.12362178394162826,2.123621783941628,95.3547215496368
Percentage,2,-0.06048132746878252,1.9395186725312175,96.77255639097744
Percentage,2,-0.0866501352192228,1.9133498647807772,95.67971808927173
Percentage,2,-0.05770857131491584,1.942291428685084,96.71271338724169
Percentage,2,0.07103999214450318,2.0710399921445033,96.87544169611307
Percentage,2,-0.008792836285175791,1.9912071637148243,94.75169204737732
Percentage,2,-0.018602834392409586,1.9813971656075904,95.66436363636365
Percentage,2,-0.0031078860566663698,1.9968921139433335,96.81477561388654
Percentage,2,-0.029830695395815256,1.9701693046041848,96.42669432918396
Percentage,2,-0.03451317066635353,1.9654868293336465,94.81406249999999
Percentage,2,-0.03206077469027193,1.967939225309728,98.41742654508612
Percentage,2,0.035397776173371115,2.035397776173371,96.38288486987207
Percentage,2,0.051022794283582876,2.051022794283583,96.54815618221258
Percentage,2,-0.05275462809913886,1.947245371900861,95.13581183611532
Percentage,2,0.01196139858691956,2.0119613985869194,96.50187265917603
Percentage,2,0.03941036206245431,2.0394103620624544,98.15253456221197
Percentage,2,-0.05408759747530578,1.9459124025246943,95.16666666666667
Percentage,2,-0.02512832960085979,1.9748716703991402,98.42564559216385
Percentage,2,-0.05190320811553957,1.9480967918844605,98.18959868959868
Percentage,2,-0.06455142715086185,1.9354485728491382,97.73686770428016
Percentage,2,0.005093143439500077,2.0050931434395003,97.51065719360568
Percentage,2,-0.03680661856650626,1.9631933814334936,95.3638601674052
Percentage,2,0.03155645445722735,2.0315564544572275,95.35251291686237
Percentage,2,-0.0014710961307651735,1.9985289038692349,97.82431271477662
Percentage,2,0.02063136776024972,2.0206313677602497,95.5597600369174
Percentage,2,-0.014614145630993572,1.9853858543690064,97.61568938193344
Percentage,2,-0.03174986912945116,1.968250130870549,95.07408301158301
Percentage,2,-0.004533656755339065,1.9954663432446609,95.54061810154528
Percentage,2,-0.0002498065138297851,1.9997501934861701,95.07603686635944
Percentage,2,-0.035292774725831,1.964707225274169,95.28419384057972
Percentage,2,0.021329772755508253,2.021329772755508,95.27710320901994
Percentage,2,0.03732974279882344,2.0373297427988235,92.47701149425288
Percentage,2,0.007904135266546321,2.0079041352665463,92.7035901926445
Percentage,2,0.08567454442507802,2.085674544425078,93.16949152542371
Percentage,2,-0.03161695048253579,1.9683830495174641,93.31885758998433
Percentage,2,0.02602982091005516,2.0260298209100553,96.16047297297298
Percentage,2,-0.020436740026453043,1.9795632599735469,96.09555382215291
Percentage,2,0.011731475183762972,2.011731475183763,96.39886363636364
Percentage,2,-0.04149746697910423,1.9585025330208958,92.03271889400922
Percentage,2,0.05575616886823834,2.055756168868238,96.32475317348377
Percentage,2,0.008801045287862864,2.008801045287863,92.28825021132714
Percentage,2,0.05961222497865837,2.0596122249786584,95.75
Percentage,2,-0.06330477884118789,1.9366952211588122,92.75143325143326
Percentage,2,-0.024675760460038727,1.9753242395399613,92.92721758908264
Percentage,2,-0.04462829001390357,1.9553717099860963,93.99505588993979
Percentage,2,-0.02659709326457505,1.9734029067354248,93.93267504488331
Percentage,2,-0.03463048485929122,1.9653695151407087,94.19458544839253
Percentage,2,-0.006027046714364641,1.9939729532856354,94.24309504467911
Percentage,2,-0.0008623571863921359,1.9991376428136078,95.55918367346938
Percentage,2,-0.002049243234828127,1.997950756765172,95.54950869236583
Percentage,2,-0.027776193675591365,1.9722238063244086,97.22863247863249
Percentage,2,0.00937125889443342,2.0093712588944332,95.85047759000734
Percentage,2,0.04378077477654507,2.043780774776545,95.82316655243316
Percentage,2,-0.04511377829944615,1.9548862217005538,93.65337152930806
Percentage,2,4.44312500960888e-05,2.000044431250096,93.72623574144487
Percentage,2,-0.0037035444587940817,1.996296455541206,93.98481821813822
Percentage,2,0.023417731711188123,2.0234177317111883,93.92661122661123
Percentage,2,-0.0031929292386882373,1.9968070707613117,97.5
Percentage,2,-0.0007832401797502891,1.9992167598202497,91.44983050847458
Percentage,2,-0.04955478911140659,1.9504452108885935,91.16412490922295
Percentage,2,0.0010851919529820666,2.001085191952982,90.7352501867065
Percentage,2,-0.04609422446495547,1.9539057755350446,90.36301369863011
Percentage,2,0.025785212408203924,2.025785212408204,91.09894459102902
Percentage,2,-0.00516094671432608,1.994839053285674,94.17988552739165
Percentage,2,0.0019929208807332372,2.0019929208807334,90.37101449275362
Percentage,2,-0.04455951835451469,1.9554404816454853,94.09803179409538
Percentage,2,0.04018787899708445,2.0401878789970844,90.78913963328633
Percentage,2,0.03461569544660871,2.034615695446609,93.64121435142594
Percentage,2,0.04307619645249039,2.0430761964524904,93.59451476793248
Percentage,2,0.11136930404565877,2.1113693040456587,89.97386895475819
Percentage,2,-0.002625969114653683,1.9973740308853463,94.73818181818181
Percentage,2,0.06017014179039035,2.0601701417903904,93.76384493670886
Percentage,2,-0.0061913903211960886,1.993808609678804,93.69530102790013
Percentage,2,0.019704364792014897,2.0197043647920148,93.16394779771615
Percentage,2,0.01826687138064678,2.018266871380647,93.19459219858156
Percentage,2,0.013229588167923715,2.0132295881679236,94.51694915254238
Percentage,2,0.03291280892601905,2.032912808926019,92.1861001317523
Percentage,2,-0.015196819016962305,1.9848031809830378,91.20143884892087
Percentage,2,0.0020466140790738364,2.002046614079074,91.51160092807424
Percentage,2,0.02676548236709056,2.0267654823670904,91.9693661971831
Percentage,2,0.08739269500192454,2.0873926950019244,91.56620839363241
Percentage,2,-0.04211783344912059,1.9578821665508794,91.82552918537522
Percentage,2,-0.09030663101914566,1.9096933689808544,91.28037383177572
Percentage,2,-0.024204274557384928,1.975795725442615,91.58281998631075
Percentage,2,0.004496421649039312,2.0044964216490393,91.18903724525651
Percentage,2,0.008748854660184508,2.0087488546601846,90.8754716981132
Percentage,2,0.004610889289336711,2.004610889289337,90.56006006006007
Percentage,2,0.059139506133939146,2.0591395061339393,90.35487288135594
Percentage,2,0.048802489639194,2.048802489639194,88.49661016949153
Percentage,2,-0.0024633952475647983,1.9975366047524352,89.20454545454545
Percentage,2,-0.023477356137609345,1.9765226438623906,87.14583333333333
Percentage,2,-0.017300444069125294,1.9826995559308747,85.39086294416244
Percentage,2,-0.01781520764912991,1.9821847923508702,84.01890756302521
Percentage,2,-0.011279973691406911,1.9887200263085931,98.84957627118642
Percentage,2,-0.07863252807714975,1.9213674719228502,98.85434322033898
Percentage,2,-0.02305203718213114,1.9769479628178688,98.17106598984773
Percentage,2,-0.02124400106479831,1.9787559989352017,98.1756345177665
Percentage,2,-0.009444019284898022,1.9905559807151019,98.74088291746641
Percentage,2,-0.01271500062100617,1.9872849993789938,98.74232245681382
Percentage,2,0.03360035708137684,2.0336003570813768,81.35365853658537
Percentage,2,-0.026597167798149596,1.9734028322018504,80.58662900188325
Percentage,2,-0.021928885071544113,1.978071114928456,80.41520979020979
Percentage,2,0.02709693773340202,2.027096937733402,81.26666666666668
Percentage,2,-0.011765742337211603,1.9882342576627885,98.13019390581718
Percentage,2,0.01082273634228378,2.0108227363422837,81.33383233532933
Percentage,2,0.0334667849178053,2.033466784917805,98.13157894736841
Percentage,2,0.021098474738902747,2.0210984747389027,98.9314814814815
Percentage,2,0.0125081223992158,2.0125081223992156,98.93564814814816
Percentage,2,-0.009822077883790983,1.990177922116209,98.33229259589652
Percentage,2,0.03409470515466036,2.0340947051546605,98.33630686886707
Percentage,2,0.008777497063250022,2.00877749706325,98.82852292020374
Percentage,2,-0.025242637553087418,1.9747573624469126,96.33961437335671
Percentage,2,-0.00754045934995051,1.9924595406500496,98.82979626485569
Percentage,2,-0.06090646886612655,1.9390935311338735,96.34750219106049
Percentage,2,-0.04807779870734563,1.9519222012926543,97.77040816326532
Percentage,2,-0.0941454018389267,1.9058545981610733,97.77551020408164
Percentage,2,-0.03399656908034559,1.9660034309196543,93.61446360153256
Percentage,2,0.06677727108154419,2.066777271081544,77.45253164556961
Percentage,2,-0.027824441999662664,1.9721755580003373,77.38221709006929
Percentage,2,0.03937704085513507,2.0393770408551353,93.61877394636014
Percentage,2,-0.00017249271114008454,1.9998275072888598,98.28301886792453
Percentage,2,-0.0350274411545767,1.9649725588454232,95.73181049069373
Percentage,2,0.06691397575639543,2.0669139757563952,98.2842493847416
Percentage,2,0.029110292428657106,2.029110292428657,95.73942470389171
Percentage,2,-0.08759002826400554,1.9124099717359944,96.43785310734462
Percentage,2,0.052070109909334486,2.0520701099093346,93.21152073732718
Percentage,2,-0.053739574761162624,1.9462604252388374,96.45117029862793
Percentage,2,-0.008895697329131565,1.9911043026708684,93.21566820276497
Percentage,2,0.03340567108419475,2.0334056710841946,93.92863397548162
Percentage,2,-0.01499265802995899,1.985007341970041,77.46209386281589
Percentage,2,0.05594720278086038,2.0559472027808603,74.84174311926607
Percentage,2,0.03806318802565811,2.0380631880256583,93.92994746059544
Percentage,2,-0.07884378052434877,1.9211562194756513,74.573417721519
Percentage,2,-0.02362170782168903,1.976378292178311,95.8703125
Percentage,2,0.014103686661068236,2.0141036866610684,95.88320312500001
Percentage,2,-0.028749934063252103,1.971250065936748,96.67619420516836
Percentage,2,-0.010813825309056908,1.9891861746909432,93.530853761623
Percentage,2,0.0399892455694476,2.0399892455694477,96.6832419733751
Percentage,2,0.01583906533417277,2.015839065334173,93.51690617075234
Percentage,2,-0.04603095175774299,1.953969048242257,76.52542372881356
Percentage,2,0.008730318467681849,2.008730318467682,94.29279661016949
Percentage,2,-0.03061348175549361,1.9693865182445065,96.12063732928681
Percentage,2,-0.06075961796143934,1.9392403820385606,94.29661016949153
Percentage,2,-0.05650279250010329,1.9434972074998966,96.74072727272727
Percentage,2,0.014347776855045923,2.014347776855046,96.12746585735965
Percentage,2,-0.0014056852996781086,1.9985943147003218,96.75272727272728
Percentage,2,0.0002715904279212833,2.0002715904279214,93.91195741195743
Percentage,2,-0.05731045239362081,1.9426895476063792,94.5215179968701
Percentage,2,-0.00919647749937878,1.9908035225006213,96.2189265536723
Percentage,2,-0.051858380387454564,1.9481416196125454,93.91564291564293
Percentage,2,-0.046319691678331436,1.9536803083216685,94.5226917057903
Percentage,2,-0.0082563378395219,1.991743662160478,96.2305790960452
Percentage,2,-0.06916952256602484,1.930830477433975,94.14632297194845
Percentage,2,0.03346336331835558,2.0334633633183556,94.13381349507203
Percentage,2,0.12434414256364545,2.1243441425636456,99.17659243915071
Percentage,2,0.02294116245453689,2.022941162454537,99.17892283790783
Percentage,2,-0.0521451569497753,1.9478548430502247,99.10497782158698
Percentage,2,-0.013559275707574238,1.9864407242924258,98.83088235294117
Percentage,2,-0.0777718971791119,1.922228102820888,99.10571710202069
Percentage,2,-0.01888081906461107,1.981119180935389,98.77826086956523
Percentage,2,0.025365696778469216,2.025365696778469,98.83012170385396
Percentage,2,0.029469238309288628,2.0294692383092885,91.1563255439162
Percentage,2,-0.05158713769292163,1.9484128623070784,71.5439330543933
Percentage,2,0.014957282674331232,2.0149572826743314,98.77898550724638
Percentage,2,0.0578204012502723,2.057820401250272,91.16357775987109
Percentage,2,0.08775457925495485,2.087754579254955,99.19787131107886
Percentage,2,-0.03503974413493552,1.9649602558650645,99.20004837929366
Percentage,2,-0.043210000603964176,1.9567899993960358,99.129792147806
Percentage,2,0.0027207934560197888,2.0027207934560196,91.62658700522778
Percentage,2,-0.14640450862841908,1.8535954913715809,98.82275611967361
Percentage,2,-0.026551700057544272,1.9734482999424556,93.27697841726619
Percentage,2,-0.013548748465605942,1.986451251534394,91.63890963405525
Percentage,2,-0.02296709937689437,1.9770329006231055,99.13048498845265
Percentage,2,-0.07919366140812611,1.9208063385918739,98.87405123339659
Percentage,2,-0.012277555386482626,1.9877224446135173,98.8234360834089
Percentage,2,-0.03883043100278409,1.961169568997216,90.80031201248049
Percentage,2,0.037874152922906135,2.0378741529229063,98.87333965844402
Percentage,2,-0.045923740871138145,1.9540762591288618,93.2841726618705
Percentage,2,-0.014117256488062058,1.985882743511938,90.80733229329172
Percentage,2,-0.011647396255920152,1.9883526037440797,97.79020664869722
Percentage,2,0.028378571066225985,2.028378571066226,97.80004699248121
Percentage,2,-0.12729523001830392,1.872704769981696,91.2822463768116
Percentage,2,-0.017031246789800027,1.9829687532102,97.80427631578948
Percentage,2,0.037980757463683824,2.037980757463684,91.29420289855072
Percentage,2,-0.018084411861328382,1.9819155881386716,97.79761904761905
Percentage,2,-0.07634684831939709,1.923653151680603,97.4412171507607
Percentage,2,0.01632990862919787,2.016329908629198,96.50657585720995
Percentage,2,0.016834345312175442,2.0168343453121755,96.46947316592811
Percentage,2,-0.01352446959786642,1.9864755304021335,97.44260027662517
Percentage,2,-0.057989785364586516,1.9420102146354135,69.68434343434345
Percentage,2,-0.03703375727635414,1.9629662427236458,96.20197876447877
Percentage,2,-0.015687825446821346,1.9843121745531787,97.4408910454345
Percentage,2,-0.04377664278791431,1.9562233572120857,91.98039215686275
Percentage,2,-0.09600891741764742,1.9039910825823525,96.50728041333959
Percentage,2,-0.03846433994655816,1.961535660053442,96.24101382488479
Percentage,2,-0.0030871967235887848,1.9969128032764112,97.88865368331922
Percentage,2,-0.02535300336457774,1.9746469966354223,69.0724852071006
Percentage,2,-0.003778641956920139,1.9962213580430799,97.90216431095406
Percentage,2,0.004182898948146191,2.0041828989481463,96.47168882323977
Percentage,2,0.04482877501821603,2.044828775018216,91.98692810457516
Percentage,2,0.11019120617257781,2.1101912061725776,97.44618438464931
Percentage,2,0.0365889420063203,2.03658894200632,96.20125482625483
Percentage,2,-0.07021642732744143,1.9297835726725585,98.77564102564105
Percentage,2,-0.1328472473651151,1.867152752634885,97.90613957597174
Percentage,2,-0.004723108433465663,1.9952768915665344,92.35254237288136
Percentage,2,0.0035694217628981723,2.003569421762898,97.89563928873835
Percentage,2,-0.058093665291728804,1.9419063347082712,96.23341013824884
Percentage,2,0.013601606860103725,2.013601606860104,96.68631346578367
Percentage,2,-0.03834697939343984,1.96165302060656,96.65966774342408
Percentage,2,0.020133486639081852,2.020133486639082,91.63469675599437
Percentage,2,-0.016275908648591433,1.9837240913514085,97.55742821473157
Percentage,2,0.019873129536231923,2.019873129536232,97.56268980477223
Percentage,2,-0.08715975970527162,1.9128402402947284,98.77777777777781
Percentage,2,-0.021923343754964977,1.978076656245035,92.36372881355933
Percentage,2,-0.00742980032362728,1.9925701996763727,85.10152284263958
Percentage,2,-0.07124373625499657,1.9287562637450035,96.43321769297484
Percentage,2,0.09411691291133654,2.0941169129113364,91.6410437235543
Percentage,2,-0.027038670604776195,1.9729613293952237,96.68697571743928
Percentage,2,0.0694985864504188,2.0694985864504187,97.56242197253431
Percentage,2,-0.033217104556002235,1.9667828954439979,97.5639913232104
Percentage,2,-0.011498557774050164,1.98850144222595,96.66174434702353
Percentage,2,0.05919509558550099,2.059195095585501,85.09390862944161
Percentage,2,0.01519134225138965,2.0151913422513896,92.01945910290237
Percentage,2,0.009602717514493032,2.009602717514493,96.40511775362319
Percentage,2,0.01329717240881087,2.013297172408811,96.42606244579359
Percentage,2,-0.06830789381204334,1.9316921061879566,92.03034300791558
Percentage,2,-0.019477673681906556,1.9805223263180936,96.4044384057971
Percentage,2,-0.04782228269408484,1.9521777173059152,67.91919191919192
Percentage,2,0.009870682615715764,2.0098706826157158,89.23050847457627
Percentage,2,-0.027199906520175107,1.9728000934798249,89.2372881355932
Percentage,2,-0.0022029560749874263,1.9977970439250126,94.96238177128117
Percentage,2,-0.003864628163047109,1.996135371836953,94.84739676840215
Percentage,2,-0.0018185192452506605,1.9981814807547493,94.969475494411
Percentage,2,-0.001737356095576495,1.9982626439044235,94.69961977186313
Percentage,2,-0.032618905319179915,1.9673810946808201,94.85143626570915
Percentage,2,-0.05270013977782672,1.9472998602221734,94.57955046275892
Percentage,2,-0.03321781546768128,1.9667821845323188,94.70468948035487
Percentage,2,0.05357691703218242,2.0535769170321823,95.21303818034119
Percentage,2,0.01870809032324264,2.018708090323243,94.58087263111501
Percentage,2,0.02934776802960078,2.029347768029601,95.11505922165821
Percentage,2,0.06899839581521738,2.0689983958152176,94.96044746304436
Percentage,2,-0.05897154665865816,1.9410284533413418,95.21974004874086
Percentage,2,0.02549762107409107,2.025497621074091,95.1188663282572
Percentage,2,-0.053753705260137265,1.9462462947398627,94.96524170994809
Percentage,2,-0.016716629943344396,1.9832833700566557,94.85779625779627
Percentage,2,0.024211992138532784,2.024211992138533,96.35454545454546
Percentage,2,0.08071726335682121,2.080717263356821,94.85904365904368
Percentage,2,-0.039108247123759425,1.9608917528762406,96.35818181818182
Percentage,2,-0.004739812679692135,1.995260187320308,99.33410138248847
Percentage,2,0.05781184019774587,2.0578118401977457,99.33087557603687
Percentage,2,-0.07449040596826861,1.9255095940317313,99.35257985257986
Percentage,2,0.01810564573532806,2.018105645735328,99.49037487335359
Percentage,2,-0.015413907519894222,1.9845860924801058,99.34971334971335
Percentage,2,-0.04408474857350281,1.9559152514264972,98.7233570159858
Percentage,2,0.007331541153680433,2.0073315411536803,98.72024866785081
Percentage,2,0.029746293092341197,2.0297462930923413,99.49154051647373
Percentage,2,-0.0456049881163105,1.9543950118836895,99.49037487335359
Percentage,2,0.018999489092337063,2.0189994890923373,98.80705229793978
Percentage,2,0.008668499481004866,2.0086684994810047,87.90922619047619
Percentage,2,-0.06209066530013572,1.9379093346998644,98.8477626459144
Percentage,2,0.07767064334700614,2.0776706433470062,87.91071428571429
Percentage,2,0.054495133491007264,2.0544951334910073,98.80427892234549
Percentage,2,-0.042996337394455894,1.957003662605544,99.49154051647373
Percentage,2,-0.0293315441365423,1.9706684558634577,83.92857142857142
Percentage,2,0.03853901168737841,2.0385390116873783,99.5
Percentage,2,-0.024772452369143605,1.9752275476308565,98.92396907216495
Percentage,2,-0.09198593026113094,1.908014069738869,99.5
Percentage,2,0.05244410562003635,2.052444105620036,83.94537815126051
Percentage,2,0.0004390711482886518,2.0004390711482887,98.84678988326849
Percentage,2,0.09535130954824587,2.0953513095482457,98.92310996563575
Percentage,2,0.01787335615844931,2.017873356158449,92.47099767981439
Percentage,2,0.009549624469150643,2.009549624469151,92.47563805104409
Percentage,2,0.14372502406970658,2.1437250240697066,97.12753510140405
Percentage,2,-0.008593367297571586,1.9914066327024285,97.12558502340094
Percentage,2,-0.04759078824384397,1.952409211756156,97.35507757404795
Percentage,2,0.011459898978462398,2.0114598989784622,96.82248115147361
Percentage,2,0.05678774515105331,2.0567877451510532,97.35331452750351
Percentage,2,-0.05825600720932144,1.9417439927906786,95.24489023467069
Percentage,2,-0.04541325546527282,1.9545867445347271,94.75654008438819
Percentage,2,0.022488854918821476,2.0224888549188216,96.54724111866969
Percentage,2,-0.1598672695841814,1.8401327304158186,94.8546255506608
Percentage,2,-0.05463393289911531,1.9453660671008848,95.24224072672219
Percentage,2,0.039774204122103474,2.0397742041221036,94.33931484502446
Percentage,2,-0.029336995807654805,1.9706630041923452,94.7535864978903
Percentage,2,-0.08132415663455274,1.9186758433654472,97.08530405405406
Percentage,2,0.09627833292146533,2.0962783329214654,96.81973954763536
Percentage,2,-0.07052675786366341,1.9294732421363365,96.54421768707483
Percentage,2,-0.026168277347995303,1.9738317226520048,97.33409090909092
Percentage,2,-0.01863657496453477,1.9813634250354653,94.84544618215271
Percentage,2,0.004157219698885069,2.004157219698885,95.3630417007359
Percentage,2,-0.018475260095197423,1.9815247399048026,97.10008445945948
Percentage,2,-0.004048253928355497,1.9959517460716445,91.2489406779661
Percentage,2,0.0028747289537954896,2.0028747289537954,96.47020408163266
Percentage,2,-0.004333821438321143,1.995666178561679,94.3364600326264
Percentage,2,0.004663692034662083,2.004663692034662,97.34734848484848
Percentage,2,-0.11894628439081799,1.881053715609182,90.98198198198199
Percentage,2,0.02205323488837818,2.022053234888378,96.77296105804555
Percentage,2,-0.07022283489905183,1.929777165100948,94.85205580029368
Percentage,2,-0.10833227556145307,1.891667724438547,94.97428797468356
Percentage,2,0.06906739532456034,2.06906739532456,91.25
Percentage,2,-0.0642757639599553,1.9357242360400446,96.4726530612245
Percentage,2,0.008993455297710453,2.0089934552977105,94.84544618215271
Percentage,2,-0.03862807435324394,1.961371925646756,94.42863475177306
Percentage,2,-0.03392331079352236,1.9660766892064776,95.3630417007359
Percentage,2,0.024182738429107925,2.024182738429108,95.76836158192089
Percentage,2,-0.05241124795957541,1.9475887520404247,91.01351351351352
Percentage,2,0.01863371377074911,2.018633713770749,96.77516531961794
Percentage,2,0.019034623812150462,2.0190346238121504,94.97349683544304
Percentage,2,0.05822239569680735,2.0582223956968075,94.42774822695034
Percentage,2,-0.016810661024852548,1.9831893389751474,95.76836158192089
Percentage,2,0.05232911266821053,2.0523291126682106,93.01745718050066
Percentage,2,0.08603473533710325,2.0860347353371034,93.01581027667983
Percentage,2,0.07933411397102327,2.079334113971023,92.37952243125905
Percentage,2,0.02930384783956974,2.0293038478395697,92.67703656189865
Percentage,2,0.022458303596450208,2.02245830359645,92.37771345875541
Percentage,2,0.14247274803629703,2.142472748036297,89.5909090909091
Percentage,2,0.11160879793987782,2.1116087979398777,92.02494729444834
Percentage,2,-0.0383308642054387,1.9616691357945613,92.67447081462474
Percentage,2,0.04618045181391447,2.0461804518139144,92.0221363316936
Percentage,2,0.030097961603178403,2.0300979616031785,89.60160427807486
Percentage,2,0.0036133730749160434,2.003613373074916,92.69225352112677
Percentage,2,0.007665614906107551,2.0076656149061076,82.70209580838323
Percentage,2,0.024389255623115686,2.024389255623116,92.34976043805612
Percentage,2,0.04686792386647997,2.04686792386648,91.97118380062305
Percentage,2,0.010938493082581727,2.0109384930825818,92.70457746478874
Percentage,2,0.01698968572798835,2.0169896857279883,82.70359281437126
Percentage,2,0.06960701570713206,2.069607015707132,91.61584905660378
Percentage,2,0.015886012171368438,2.0158860121713684,91.98481308411215
Percentage,2,0.02725112408565408,2.027251124085654,92.35181382614647
Percentage,2,0.04951150482897173,2.049511504828972,91.61811320754715
Percentage,2,0.0816631208029211,2.0816631208029213,82.65333333333334
Percentage,2,0.06135204646001986,2.0613520464600197,82.656
Percentage,2,0.018860747641344634,2.0188607476413445,83.39024390243902
Percentage,2,0.010390772698803199,2.0103907726988033,83.39024390243902
Percentage,2,-0.061180178892570686,1.9388198211074292,57.18439716312056
Percentage,2,0.014603127205177577,2.0146031272051776,71.16414141414144
Percentage,2,-0.05185848799729114,1.9481415120027088,71.16666666666669
Percentage,2,-0.05120197207578789,1.948798027924212,73.06694560669456
Percentage,2,0.03252544637345256,2.0325254463734526,73.07112970711296
Percentage,2,-0.005028859178787732,1.9949711408212123,80.99058380414313
Percentage,2,0.023610474801468422,2.0236104748014685,74.61772151898735
Percentage,2,-0.03134815586889995,1.9686518441311,74.6227848101266
Percentage,2,0.06006020037380815,2.060060200373808,80.99435028248588
Percentage,2,0.007188609002811729,2.007188609002812,80.92482517482516
Percentage,2,0.05938641635168092,2.059386416351681,80.92569930069929
Percentage,2,0.033672024509091285,2.0336720245090913,78.52542372881356
Percentage,2,0.008262451929933107,2.0082624519299332,78.52542372881356
Percentage,2,-0.023926370555536078,1.9760736294444639,75.13073394495412
Percentage,2,0.0015753788824432015,2.001575378882443,75.13188073394495
Percentage,2,0.04140052427433103,2.041400524274331,78.88447653429603
Percentage,2,0.034882886707697985,2.034882886707698,78.88447653429603
Percentage,2,-0.05977923262518711,1.9402207673748129,77.22632794457274
Percentage,2,0.05128410263729728,2.051284102637297,77.25057736720554
Percentage,2,-0.01069539707375541,1.9893046029262447,77.47257383966245
Percentage,2,0.04076318605019386,2.040763186050194,77.48101265822784
Percentage,2,-0.034874413070528076,1.965125586929472,67.02693602693603
Percentage,2,0.03189276438282875,2.0318927643828286,67.02188552188552
Percentage,2,-0.039829594141310105,1.96017040585869,50.0
Percentage,2,0.006467841582961757,2.0064678415829618,68.6094674556213
Percentage,2,-0.014901490335982476,1.9850985096640175,68.62130177514793
Percentage,2,-0.014278628342970426,1.9857213716570297,59.00000000000001
Percentage,2,-0.028329362179545327,1.9716706378204547,59.00000000000001
Percentage,2,-0.007678954812525448,1.9923210451874747,50.0
Percentage,2,-0.08703173450837459,1.9129682654916254,50.0
